sno,rank,quota,institute,course,alloted_category,candidate_category,remarks
1,1750,All India,"Government Medical College, Aurangabad,Government Medical College, Aurangabad, Maharashtra, 431001",M.D. (PAEDIATRICS),Open,OBC,Allotted
2,2515,All India,"Sawai Man Singh Medical College, JAIPUR,Sawai Man Singh Medical College, JLN Marg, Jaipur-302004, Rajasthan, 302004",M.D. (GENERAL MEDICINE),Open,General,Allotted
3,3138,All India,"Sawai Man Singh Medical College, JAIPUR,Sawai Man Singh Medical College, JLN Marg, Jaipur-302004, Rajasthan, 302004",M.D. (GENERAL MEDICINE),OBC,OBC,Allotted
4,3459,All India,"Govt. Medical College, Baroda,Govt. Medical College, Baroda, Gujarat, 390001",M.D. (RADIO- DIAGNOSIS),Open,General,Allotted
5,6438,All India,"SHYAM SHAH MEDICAL COLLEGE,deanmcrewa@rediffmail.com, Madhya Pradesh, 486001",M.D. (RADIO- DIAGNOSIS),Open,General,Allotted
6,7442,All India,"GOA MEDICAL COLLEGE,Bambolim, Goa, Goa, 403202",M.D. (GENERAL MEDICINE),EWS,EWS,Allotted
7,7555,All India,"JAWAHAR LAL NEHRU MEDICAL COLLEGE, AJMER,NEAR PATEL STADIUM, AJMER, Rajasthan, 305001",M.D. (RADIO- DIAGNOSIS),OBC,OBC,Allotted
8,7990,All India,"JAWAHARLAL NEHRU MEDICAL COLLEGE, ALIGARH MUSLIM UNIVERSITY STATE UTTAR,JAWAHARLAL NEHRU MEDICAL COLLEGE, ALIGARH MUSLIM UNIVERSITY STATE UTTAR, Uttar Pradesh, 202002",M.D. (GENERAL MEDICINE),OBC,OBC,Allotted
9,8070,All India,"Pandit Dindayal Upadhyay Medical College, RAJKOT,Pandit Dindayal Upadhyay Medical College, RAJKOT, Gujarat, 360001",M.D. (GENERAL MEDICINE),OBC,OBC,Allotted
10,8134,All India,"Government Medical College Kota,Government Medical College Kota, Rajasthan, 324005",M.D. (PAEDIATRICS),Open,General,Allotted
11,8151,All India,"GOVERNMENT VELLORE MEDICAL COLLEGE,GOVERNMENT VELLORE MEDICAL COLLEGE, Tamil Nadu, 632011",M.D. (PAEDIATRICS),Open,EWS,Allotted
12,9333,All India,"JAWAHARLAL NEHRU MEDICAL COLLEGE, ALIGARH MUSLIM UNIVERSITY STATE UTTAR,JAWAHARLAL NEHRU MEDICAL COLLEGE, ALIGARH MUSLIM UNIVERSITY STATE UTTAR, Uttar Pradesh, 202002",M.S. (ORTHOPAEDICS),Open,General,Allotted
13,9852,All India,"Gauhati Medical College, Guwahati,Gauhati Medical College, Guwahati, Assam, 781032","M.D. (DERM.,VENE. and LEPROSY)/ (DERMATOLOGY)/(SKIN and VENEREAL DISEASES)/(VENEREOL OGY)",OBC,OBC,Allotted
14,9952,All India,"Mahatma Gandhi Memorial Medical College, Jamshedpur,Mahatma Gandhi Memorial Medical College, Jamshedpur, Jharkhand, 831020",M.D. (GENERAL MEDICINE),OBC,OBC,Allotted
15,9964,Management/Paid Seats Quota,"JSS Medical College, Mysuru,JSS Medical Institutions Campus Sri Shivarathreeshwara Nagar Bannimantap Mysuru, Karnataka, 570015","M.D. (DERM.,VENE. and LEPROSY)/ (DERMATOLOGY)/(SKIN and VENEREAL DISEASES)/(VENEREOL OGY)",Open,General,Allotted
16,11359,All India,"Seth Gordhandas Sunderdas Medical College, MUMBAI,Seth Gordhandas Sunderdas Medical College, Acharya Donde Marg Parel MUMBAI, Maharashtra, 400012",M.D. (PAEDIATRICS),OBC,OBC,Allotted
17,12224,All India,"ESIC Medical College & Hospital, Faridabad,NH3 NIT FARIDABAD, Haryana, 121001",M.D. (Tuberculosis and Respiratory diseases)/Pulmonary Medicine /M.D. (Respiratory Medicine),Open,General,Allotted
18,12226,DNB Quota,"Manipal Hospital, Karnataka,71 11th main opposite to Malleshwaram railway station Malleshwaram Bengaluru 560003, Karnataka, 560003",(NBEMS) GENERAL MEDICINE,Open,OBC,Allotted
19,12373,All India,"Bangalore Medical College and Research Institute,Bangalore Medical College and Research Institute, Karnataka, 560002",M.S. (GENERAL SURGERY),Open,EWS,Allotted
20,12777,All India,"Government Kilpauk Medical College,Government Kilpauk Medical College Poonthamalli main roadl, Kilpauk, Chennai 10, Tamil Nadu, 600010",M.D. (Obst. and Gynae)/MS (Obstetrics and Gynaecology),Open,General,Allotted
21,13102,All India,"SWAMI RAMANAND TEERTH RURAL GOVERNMENT MEDICAL COLLEGE AMBAJOGAI,SWAMI RAMANAND TEERTH RURAL GOVERNMENT MEDICAL COLLEGE AMBAJOGAI, Maharashtra, 431517",M.D. (PAEDIATRICS),Open,General,Allotted
22,13322,All India,"INDIRA GANDHI GOVT.MEDICAL COLLEGE NAGPUR,INDIRA GANDHI GOVT.MEDICAL COLLEGE NAGPUR, Maharashtra, 440018",M.D. (PAEDIATRICS),OBC,OBC,Allotted
23,13538,All India,"GADAG INSTITUTE OF MEDICAL SCIENCES GADAG,Gadag Institute of Medical Sciences Mallasamudra Gadag-582103, Karnataka, 582103",M.D. (PAEDIATRICS),Open,OBC,Allotted
24,13690,All India,"Government Medical College, Aurangabad,Government Medical College, Aurangabad, Maharashtra, 431001",M.S. (GENERAL SURGERY),OBC,OBC,Allotted
25,14290,DNB Quota,"Shri Balaji Institute of Medical Sceince,,MOWA, RAIPUR, Chhattisgarh, 492001",(NBEMS) GENERAL MEDICINE,Open,General,Allotted
26,14294,All India,"North Bengal Medical College,North Bengal Medical College, West Bengal, 734012",M.D. (PAEDIATRICS),Open,General,Allotted
27,14391,All India,"Midnapore Medical College and Hospital,Midnapore Medical College and Hospital, West Bengal, 721101",M.S. (GENERAL SURGERY),Open,General,Allotted
28,14526,DNB Quota,"OZONE Institute of Medical Sciences,Telangana,OZONE INSTITUTE OF MEDICAL SCIENCES PVT LTD, GREEN HILLS COLONY, ROAD NO 4, KOTHAPET, HYDERABAD, TEL, Telangana, 500035",(NBEMS) GENERAL MEDICINE,Open,EWS,Allotted
29,14822,DNB Quota,"Max Super Specialty Hospital, (A unit of Balaji Medical and Diagnostic Research Centre) ,Max Super Specialty Hospital -108A IP Extension Patparganj New Delhi, Delhi (NCT), 110092",(NBEMS) PAEDIATRICS,Open,OBC,Allotted
30,14928,All India,"INSTITUTE OF MEDICAL SCIENCES, BANARAS HINDU UNIVERSITY,INSTITUTE OF MEDICAL SCIENCES, BANARAS HINDU UNIVERSITY, Uttar Pradesh, 221005",M.S. (ORTHOPAEDICS),OBC,OBC,Allotted
31,15350,All India,"S.V. Medical College, Tirupathi ,S.V. Medical College, Tirupathi, Andhra Pradesh, 517507",M.S. (ORTHOPAEDICS),Open,General,Allotted
32,15574,All India,"RAJIV GANDHI INSTITUTE OF MEDICAL SCIENCES,RAJIV GANDHI INSTITUTE OF MEDICAL SCIENCES ADILABAD -504001 TELANGANA STATE, Telangana, 504001",M.S. (ORTHOPAEDICS),Open,General,Allotted
33,15737,All India,"JAWAHARLAL NEHRU MEDICAL COLLEGE, BHAGALPUR,JAWAHARLAL NEHRU MEDICAL COLLEGE, BHAGALPUR, Bihar, 812001",M.S. (ORTHOPAEDICS),Open,General,Allotted
34,15941,DNB Quota,"Raja Sukhdev Singh DH Poonch, Jammu and Kashmir,RAJA SUKDEV SINGH DISTRIC HOSPITAL POONCH, Jammu And Kashmir, 185101",(NBEMS) GENERAL MEDICINE,Open,OBC,Allotted
35,16018,All India,"DARBHANGA MEDICAL COLLEGE,Sheetal Prasad Marg, Laheriasarai, Darbhanga, Bihar, Bihar, 846003",M.D. (Obst. and Gynae)/MS (Obstetrics and Gynaecology),Open,General,Allotted
36,16177,DNB Quota,"Sir Ganga Ram Hospital, ,Rajinder Nagar, New Delhi, Delhi (NCT), 110060",(NBEMS) Paediatric Surgery (Direct 6 Years Course),Open,OBC,Allotted
37,16339,DNB Quota,"General Hospital, ,4th T Block, Beside Rajiv Gandhi University of Health Sciences Jayanagar,, Karnataka, 560041",(NBEMS-DIPLOMA) RADIO-DIAGNOSIS,Open,OBC,Allotted
38,16354,All India,"Jorhat Medical College & Hospital,Jorhat Medical College & Hospital, Assam, 785001",M.D. (Obst. and Gynae)/MS (Obstetrics and Gynaecology),OBC,OBC,Allotted
39,17136,All India,"Government Medical College, Cuddalore District,Govt. Medical College and Hospital, Cuddalore District Erstwhile Rajah Muthiah Medical College, Tamil Nadu, 608002",M.S. (GENERAL SURGERY),Open,OBC,Allotted
40,17504,All India,"Kakatiya Medical College,Kakatiya Medical College, Telangana, 506007",M.D. (Tuberculosis and Respiratory diseases)/Pulmonary Medicine /M.D. (Respiratory Medicine),EWS,EWS,Allotted
41,17508,All India,"Atal Bihari Vajpayee Government Medical College, Vidisha,NH 86 INFRONT OF KHEL PARISAR SANCHI ROAD VIDISHA MP, Madhya Pradesh, 464001",M.S. (ORTHOPAEDICS),OBC,OBC,Allotted
42,17628,DNB Quota,"Civil Hospital GURDASPUR, Punjab,smodhgsp@gmail.com, Punjab, 143521",(NBEMS) PAEDIATRICS,Open,OBC,Allotted
43,17650,All India,"KING GEORGES MEDICAL UNIVERSITY,KING GEORGES MEDICAL UNIVERSITY, Shahmeena Road, Chowk, Lucknow-226003, Uttar Pradesh, 226003",M.S. (OPHTHALMOLOGY),Open,OBC,Allotted
44,17889,All India,"Government Medical College, Latur,Government Medical College, Old Railway station Near Marwadi Rajasthani High-School Latur, Maharashtra, 413512",M.S. (GENERAL SURGERY),OBC,OBC,Allotted
45,18013,All India,"Rajmata Shrimati Devendra Kumari Singhdeo Government Medical College, Ambikapur,Kanyaparisar Road Gangapur Ambikapur District Surguja, Chhattisgarh, 497001",M.D. (Obst. and Gynae)/MS (Obstetrics and Gynaecology),EWS,EWS,Allotted
46,18256,All India,"CHENGALPATTU MEDICAL COLLEGE, CHENGALPATTU,CHENGALPATTU MEDICAL COLLEGE, CHENGALPATTU, Tamil Nadu, 603001",M.S. (E.N.T.),Open,OBC,Allotted
47,18648,DNB Quota,"Venkateshwar Hospital, ,Sector- 18 A, Dwarka, New Delhi, Delhi (NCT), 110075",(NBEMS) GENERAL SURGERY,Open,General,Allotted
48,18703,DNB Quota,"Shri Lal Bahadur Shastri Government Medical College and Hospital , ,VPO- Bhangrotu, MC- Ner Chowk, District- Mandi, Himachal Pradesh, 175021",(NBEMS) PAEDIATRICS,EWS,EWS,Allotted
49,18929,All India,"Govt. Doon Medical College, Dehradun,Govt. Doon Medical College Dehrakhas, Patel Nagar Dehradun 248001, Uttarakhand, 248001",M.S. (GENERAL SURGERY),OBC,OBC,Allotted
50,19235,All India,"JHALAWAR MEDICAL COLLEGE,JHALAWAR MEDICAL COLLEGE, JHALAWAR, Rajasthan, 326001",M.D. (Obst. and Gynae)/MS (Obstetrics and Gynaecology),EWS,EWS,Allotted
51,19240,All India,"INSTITUTE OF MEDICAL SCIENCES, BANARAS HINDU UNIVERSITY,INSTITUTE OF MEDICAL SCIENCES, BANARAS HINDU UNIVERSITY, Uttar Pradesh, 221005",M.D. (ANAESTHESIOLOGY),Open,General,Allotted
52,19243,All India,"Jawaharlal Institute of Medical Sciences, Manipur,Jawaharlal Nehru Institute of Medical Sciences, Porompat, Imphal -East, Manipur-795005, Manipur, 795005",M.S. (GENERAL SURGERY),Open,OBC,Allotted
53,19438,All India,"RAICHUR INSTITUTE OF MEDICAL SCIENCES,RAICHUR INSTITUTE OF MEDICAL SCIENCES, Karnataka, 584102",M.S. (GENERAL SURGERY),Open,OBC,Allotted
54,19588,All India,"Midnapore Medical College and Hospital,Midnapore Medical College and Hospital, West Bengal, 721101",M.S. (GENERAL SURGERY),OBC,OBC,Allotted
55,20196,All India,"Tirunelveli Medical College,TIRUNELVELI MEDICAL COLLEGE, HIGHGROUND, TIRUNELVELI-11, Tamil Nadu, 627011",M.D. (ANAESTHESIOLOGY),Open,OBC,Allotted
56,20673,All India,"IPGME&R and SSKM Hospital Kolkata,244, Acharya J. C. Bose Road, Kolkata-700020, West Bengal, 700020",M.D. (Emergency and Critical Care)/M.D. (Emergency Medicine),EWS,EWS,Allotted
57,20960,All India,"STANLEY MEDICAL COLLEGE,STANLEY MEDICAL COLLEGE NO.1, OLD JAIL ROAD, CHENNAI-600001, Tamil Nadu, 600001",M.D. (Emergency and Critical Care)/M.D. (Emergency Medicine),OBC,OBC,Allotted
58,20980,All India,"Government Erode Medical College- Formerly IRT-Perundurai Medical College,GOVERNMENT ERODE MEDICAL COLLEGE AND HOSPITAL PERUNDURAI SANATORIUM POST ERODE DISTRICT, Tamil Nadu, 638053",M.D. (Emergency and Critical Care)/M.D. (Emergency Medicine),OBC,OBC,Allotted
59,21114,All India,"Government Medical College, Nagpur,Government Medical College, Nagpur, Maharashtra, 440003",M.D. (ANAESTHESIOLOGY),Open,OBC,Allotted
60,21790,All India,"CHHATTISGARH INSTITUTE OF MEDICAL SCIENCES,CHHATTISGARH INSTITUTE OF MEDICAL SCIENCES, Chhattisgarh, 495001",M.D. (PSYCHIATRY),Open,General,Allotted
61,21978,All India,"PATNA MEDICAL COLLEGE, PATNA,PATNA MEDICAL COLLEGE, PATNA, Bihar, 800004",M.S. (OPHTHALMOLOGY),Open,OBC,Allotted
62,22233,DNB Quota,"St. Stephen`s Hospital, ,Tis Hazari, Delhi (NCT), 110054",(NBEMS) ORTHOPAEDICS,Open,General,Allotted
63,22486,All India,"Kasturba Hospital, Daryaganj,Delhi,Daryaganj,Delhi",DIP.IN GYNAE. and OBST.,Open,OBC,Allotted
64,22490,All India,"R G KAR MEDICAL COLLEGE, West Bengal,R G KAR MEDICAL COLLEGE,1 KHUDIRAM BOSE SARANI,KOLKATA, West Bengal, West Bengal, 700004",M.S. (OPHTHALMOLOGY),Open,General,Allotted
65,22607,All India,"Karnataka Institute of Medical Sciences, Hubballi,Karnataka Institute of Medical Sciences, Hubballi, Karnataka, 580021",M.D. (PREVENTIVE and SOCIAL MEDICINE)/ COMMUNITY MEDICINE,Open,OBC,Allotted
66,22677,Management/Paid Seats Quota,"AMRITA SCHOOL OF MEDICINE,Kochi,AMRITA SCHOOL OF MEDICINE,Kochi, Kerala, 682041",M.D. (GENERAL MEDICINE),Open,General,Allotted
67,23048,All India,"Karnataka Institute of Medical Sciences, Hubballi,Karnataka Institute of Medical Sciences, Hubballi, Karnataka, 580021",M.D. (PSYCHIATRY),Open,General,Allotted
68,23591,DNB Quota,"GMERS Medical College and Hospital, ,GMERS MEDICAL COLLEGE, NEAR GUJARAT HIGH COURT, S.G HIGH WAY, SOLA, AHMEDABAD, Gujarat, 380060",(NBEMS) ORTHOPAEDICS,Open,General,Allotted
69,23832,DNB Quota,"Hindu Rao Hospital, ,SUBZI MANDI, MALKA GANJ, DELHI-110007, Delhi (NCT), 110007",(NBEMS) ORTHOPAEDICS,OBC,OBC,Allotted
70,24116,All India,"MANDYA INSTITUTE OF MEDICAL SCIENCES,MANDYA INSTITUTE OF MEDICAL SCIENCES MANDYA, Karnataka, 571401",M.D. (GENERAL MEDICINE),SC,SC,Allotted
71,24144,DNB Quota,"Government Headquarters Hospital, ,Udumalai Road, Pollachi, Tamil Nadu, Tamil Nadu, 642001",(NBEMS) GENERAL SURGERY,Open,OBC,Allotted
72,24155,All India,"Kakatiya Medical College,Kakatiya Medical College, Telangana, 506007",M.D. (ANAESTHESIOLOGY),OBC,OBC,Allotted
73,24292,DNB Quota,"Oriana Hospital, Uttar Pradesh,6,7,8, Ravindrapuri Varanasi, Uttar Pradesh, 221005",(NBEMS) ORTHOPAEDICS,Open,OBC,Allotted
74,24886,DNB Quota,"Holy Spirit Hospital, ,Mahakali Caves Road Andheri East Mumbai, Maharashtra, 400093",(NBEMS) ORTHOPAEDICS,Open,General,Allotted
75,26260,All India,"M. P. SHAH GOVERNMENT MEDICAL COLLEGE,M. P. SHAH GOVERNMENT MEDICAL COLLEGE, Gujarat, 361008",DIP.IN GYNAE. and OBST.,Open,OBC,Allotted
76,26380,DNB Quota,"Down Town Hospital, G S Road, ,G S Road, Dispur, Guwahati-781006, Assam, 781006",(NBEMS) GENERAL SURGERY,Open,General,Allotted
77,26545,DNB Quota,"Sir Hurkisondas Nurrotumdas Hospital and Research Centre, ,Prarthana Samaj, Raja Ram Mohan Roy road, Girgaon, MUMBAI, Maharashtra, 400004",(NBEMS) GENERAL SURGERY,Open,General,Allotted
78,26633,DNB Quota,"Apollo BGS Hospital,,Apollo BGS Hospitals, Adhichunchangiri Road, Kuvempunagar, Mysore, Karnataka, 570023",(NBEMS) Emergency Medicine,Open,General,Allotted
79,26637,All India,"GADAG INSTITUTE OF MEDICAL SCIENCES GADAG,Gadag Institute of Medical Sciences Mallasamudra Gadag-582103, Karnataka, 582103",M.D. (ANAESTHESIOLOGY),OBC,OBC,Allotted
80,27680,All India,"GAJRA RAJA MEDICAL COLLEGE GWALIOR,GAJRA RAJA MEDICAL COLLEGE GWALIOR, Madhya Pradesh, 474009",M.D. (ANAESTHESIOLOGY),Open,OBC,Allotted
81,27962,All India,"CHENGALPATTU MEDICAL COLLEGE, CHENGALPATTU,CHENGALPATTU MEDICAL COLLEGE, CHENGALPATTU, Tamil Nadu, 603001",M.D. (FORENSIC MEDICINE),Open,General,Allotted
82,28316,All India,"Sardar Patel Medical College, Bikaner,Sardar Patel Medical College, Bikaner, Rajasthan, 334003",M.D. (ANAESTHESIOLOGY),Open,General,Allotted
83,28996,DNB Quota,"Guru Gobind Singh Govt. Hospital, Delhi,F-Block, Raghubir Nagar, New Delhi, Delhi (NCT), 110027",(NBEMS-DIPLOMA) PAEDIATRICS,OBC,OBC,Allotted
84,29075,DNB Quota,"Meenakshi Mission Hospital and Research Centre, ,Lake Area, Melur Road, Madurai, Tamil Nadu, 625107",(NBEMS) Neuro Surgery (Direct 6 Years Course),Open,OBC,Allotted
85,29172,All India,"Late Baliram Kashyap Memorial Govt Medical Dimrapal,Late Baliram Kashyap Memorial Govt Medical Dimrapal, Chhattisgarh, 494001",M.S. (OPHTHALMOLOGY),Open,General,Allotted
86,29345,All India,"Government Medical College, Latur,Government Medical College, Old Railway station Near Marwadi Rajasthani High-School Latur, Maharashtra, 413512",M.D. (ANAESTHESIOLOGY),OBC,OBC,Allotted
87,29825,All India,"Mahatma Gandhi Memorial Medical College, Jamshedpur,Mahatma Gandhi Memorial Medical College, Jamshedpur, Jharkhand, 831020",M.S. (E.N.T.),Open,General,Allotted
88,30149,DNB Quota,"Narayana Hrudayalaya Hospital, (NH-Narayana Health City, Bangalore) ,#258 Bommasandra Industrial Area, Bangalore, Karnataka, 560099",(NBEMS) ANAESTHESIOLOGY,Open,General,Allotted
89,30416,All India,"Government Medical College, Bettiah,Government Medical College Bettiah West Champaran Bihar, Bihar, 845438",M.D. (RADIO- DIAGNOSIS),SC,SC,Allotted
90,30784,DNB Quota,"Krishna Institute of Medical Sciences Ltd, ,Dargamitta, Nellore, Andhra Pradesh, 524003",(NBEMS) GENERAL SURGERY,Open,OBC,Allotted
91,30790,DNB Quota,"Fortis Hospital, ,Sector-62, Phase VIII, Mohali- 160062, Punjab, 160062",(NBEMS) Cardio Vascular and Thoracic Surgery (Direct 6 Years Course),Open,EWS,Allotted
92,30884,DNB Quota,"General Hospital, Dist.Belgaum, Karnataka,GENERAL HOSPITAL AND MCH FALLS ROAD GOKAK DIST BELGAUM KARNATAKA, Karnataka, 591307",(NBEMS-DIPLOMA) Obstetrics and Gynaecology,Open,OBC,Allotted
93,31112,All India,"Government Medical College, Nizamabad, Telangana State,Government Medical College, Nizamabad, Telangana State, Telangana, 503001",M.D. (ANAESTHESIOLOGY),Open,OBC,Allotted
94,31115,All India,"MADURAI MEDICAL COLLEGE,MADURAI MEDICAL COLLEGE, Tamil Nadu, 625020",M.D. (Emergency and Critical Care)/M.D. (Emergency Medicine),EWS,EWS,Allotted
95,31209,DNB Quota,"District Hospital, Dharwad,dsdharwad at gmail dot com, Karnataka, 580001",(NBEMS) GENERAL SURGERY,OBC,OBC,Allotted
96,31995,All India,"LATE SHRI LAKHI RAM AGRAWAL MEMORIAL GOVT.MEDICAL COLLEGE,LATE SHRI LAKHI RAM AGRAWAL MEMORIAL GOVT.MEDICAL COLLEGE, Chhattisgarh, 496001",M.S. (E.N.T.),Open,General,Allotted
97,32007,DNB Quota,"Rajiv Gandhi Medical College and Chhatrapati Shivaji Maharaj Hospital, ,RAJIV GANDHI MEDICAL COLLEGE,THANE BELAPUR ROAD, KALWA, THANE, Maharashtra, 400605",(NBEMS) OPHTHALMOLOGY,Open,EWS,Allotted
98,32223,All India,"Calcutta School Of Tropical Medicine,Calcutta School Of Tropical Medicine, West Bengal, 700073",M.D. (TROPICAL MEDICINE),OBC,OBC,Allotted
99,32488,DNB Quota,"K.G. Hospital and PG Medical Institute ,,No:5, Arts College Road, Coimbatore - 641018, Tamil Nadu, 641018",(NBEMS) Cardio Vascular and Thoracic Surgery (Direct 6 Years Course),Open,OBC,Allotted
100,32592,All India,"Grant Medical College, Maharashtra,Grant Medical College, Maharashtra, Maharashtra, 400008",M.D. (PATHOLOGY),EWS,EWS,Allotted
101,32636,All India,"Midnapore Medical College and Hospital,Midnapore Medical College and Hospital, West Bengal, 721101",M.D. (GENERAL MEDICINE),SC,SC,Allotted
102,32790,DNB Quota,"Apollo Hospital, ,APOLLO HOSPITALS BANGALORE A UNIT OF IMPERIAL HOSPITALS AND RESEARCH CENTRE LIMITED 154/11 Opp IIM B, Karnataka, 560076",(NBEMS) ANAESTHESIOLOGY,Open,General,Allotted
103,32891,All India,"LATE SHRI LAKHI RAM AGRAWAL MEMORIAL GOVT.MEDICAL COLLEGE,LATE SHRI LAKHI RAM AGRAWAL MEMORIAL GOVT.MEDICAL COLLEGE, Chhattisgarh, 496001",M.D. (ANAESTHESIOLOGY),Open,General,Allotted
104,33068,DNB Quota,"ANURADHA SUPERSPECIALITY EYE HOSPITAL LLP, Maharashtra,9652-53-71, 100 FT Road, Gandhi Colony, Ganesh Mandir Bylane, Vishrambhag, Sangli, Maharashtra, 416415",(NBEMS) OPHTHALMOLOGY,Open,General,Allotted
105,33079,DNB Quota,"ESI Hospital, ,IG ESI HOSPITAL JHILMIL DELHI - 95, Delhi (NCT), 110095",(NBEMS-DIPLOMA) Tuberculosis and CHEST DISEASES,OBC,OBC,Allotted
106,33150,All India,"College of Medicine and JNM Hospital, WBUHS,Block A, Post Office Kalyani, Near Silpanchal Station, Block A2, District Nadia, West Bengal, West Bengal, 741235",M.S. (E.N.T.),OBC,OBC,Allotted
107,33154,All India,"Bankura Sammilani Medical College,Bankura Sammilani Medical College, West Bengal, 722102",M.S. (E.N.T.),OBC,OBC,Allotted
108,33241,DNB Quota,"Paediatric Surgery Centre and P.G. Institute, Maharashtra,8750 Vishrambag Sangli, Maharashtra, 416415",(NBEMS) Paediatric Surgery (Direct 6 Years Course),Open,EWS,Allotted
109,33246,All India,"North Bengal Medical College,North Bengal Medical College, West Bengal, 734012",M.D. (ANAESTHESIOLOGY),Open,General,Allotted
110,33314,DNB Quota,"Meenakshi Hospital, ,244-2, Trichy Main Road, Near New Bus stand, Thanjavur, Tamil Nadu, 613005",(NBEMS) ANAESTHESIOLOGY,Open,OBC,Allotted
111,33771,All India,"Govt. Medical College, Bhavnagar,Near. S.T. Bus Stand,Jail Road, Bhavnagar-364001, Gujarat, 364001",M.S. (ORTHOPAEDICS),SC,SC,Allotted
112,33992,All India,"IPGME&R and SSKM Hospital Kolkata,244, Acharya J. C. Bose Road, Kolkata-700020, West Bengal, 700020",M.D. (Radiotherapy/ Radiation Oncology),Open,General,Allotted
113,34075,DNB Quota,"Indira Gandhi Medical College and Research Institute, Pondicherry,Vazhudavour Road, Kadirkamam, Puducherry, 605009",(NBEMS) ANAESTHESIOLOGY,Open,General,Allotted
114,34182,All India,"GANDHI MEDICAL COLLEGE,GANDHI MEDICAL COLLEGE, Telangana, 500003",M.D. (Hospital Administration),Open,OBC,Allotted
115,34395,All India,"B.J.Government Medical College, Pune,B.J.Government Medical College, Pune, Maharashtra, 411001",M.D. (PATHOLOGY),OBC,OBC,Allotted
116,34529,DNB Quota,"Manipal Hospital, ,#98, Rustom Bagh, HAL Airport Road, Bengaluru, Karnataka, 560017",(NBEMS) OPHTHALMOLOGY,Open,OBC,Allotted
117,34535,All India,"Indira Gandhi Medical College Shimla,Indira Gandhi Medical College Shimla, Himachal Pradesh, 171001",M.D. (ANAESTHESIOLOGY),OBC,OBC,Allotted
118,34541,DNB Quota,"Apollo Specialty Hospital, ,NO. 320, PADMA COMPLEX, MOUNT ROAD, CHENNAI, Tamil Nadu, 600035",(NBEMS) RADIATION ONCOLOGY,Open,General,Allotted
119,34546,All India,"Rajmata Shrimati Devendra Kumari Singhdeo Government Medical College, Ambikapur,Kanyaparisar Road Gangapur Ambikapur District Surguja, Chhattisgarh, 497001",M.D. (ANAESTHESIOLOGY),OBC,OBC,Allotted
120,34919,DNB Quota,"Sri Sathya Sai General Hospital, ,MAINROAD, PRASANTHI NILAYAM, PUTTAPARTHI, DISTRRICT ANATAPURAM, Andhra Pradesh, 515134",(NBEMS) FAMILY MEDICINE,Open,OBC,Allotted
121,34941,DNB Quota,"Dr. Ramesh Cardiac and Multi Speciality Hospital,,Collector office road, Nagarampalem, Guntur , AP, Andhra Pradesh, 522004",(NBEMS-DIPLOMA) Obstetrics and Gynaecology,Open,OBC,Allotted
122,34973,All India,"R G KAR MEDICAL COLLEGE, West Bengal,R G KAR MEDICAL COLLEGE,1 KHUDIRAM BOSE SARANI,KOLKATA, West Bengal, West Bengal, 700004",M.D. (Radiotherapy/ Radiation Oncology),Open,General,Allotted
123,35451,All India,"IPGME&R and SSKM Hospital Kolkata,244, Acharya J. C. Bose Road, Kolkata-700020, West Bengal, 700020",M.D. (ANAESTHESIOLOGY),OBC,OBC,Allotted
124,35576,DNB Quota,"Mahatma Gandhi Cancer Hospital and Research Institute,,Plot No.1\7, MVP COLONY, VISAKHAPATNAM, Andhra Pradesh, 530017",(NBEMS) RADIATION ONCOLOGY,Open,OBC,Allotted
125,35580,DNB Quota,"AMAR HOSPITAL, Karnataka ,Amar Hospital, Julai Nagar, Gangavathi, Karnataka, 583227",(NBEMS-DIPLOMA) PAEDIATRICS,Open,EWS,Allotted
126,35754,All India,"Government Medical College, Datia,Near 29 Batallion, National Highway 44, Dist Datia, Madhya Pradesh Pin - 475661, Madhya Pradesh, 475661",M.D. (PATHOLOGY),Open,General,Allotted
127,35862,All India,"GOVERNMENT MEDICAL COLLEGE KADAPA (FORMERLY RAJIV GANDHI INSTITUTE OF MEDICAL SCIENCES, KADAPA),GOVERNMENT MEDICAL COLLEGE KADAPA (FORMERLY RAJIV GANDHI INSTITUTE OF MEDICAL SCIENCES, KADAPA), Andhra Pradesh, 516002",M.D. (PSYCHIATRY),OBC,OBC,Allotted
128,35936,DNB Quota,"Fortis Hospital, ,Mundian Kalan, Chandigarh Road, Ludhiana-141015, Punjab, 141015",(NBEMS) ANAESTHESIOLOGY,Open,General,Allotted
129,36007,DNB Quota,"Down Town Hospital, G S Road, ,G S Road, Dispur, Guwahati-781006, Assam, 781006",(NBEMS) Otorhinolaryngology (E.N.T.),Open,General,Allotted
130,36156,All India,"Bangalore Medical College and Research Institute,Bangalore Medical College and Research Institute, Karnataka, 560002",M.S. (GENERAL SURGERY),SC,SC,Allotted
131,36342,DNB Quota,"HealthCare Global Specialty Hospital, (Formerly Bangalore Institute of Oncology) ,HCG Towers, No. 8, P Kalinga Rao Road, Sampangi Ram Nagar, Bangalore, Karnataka, 560027",(NBEMS) RADIATION ONCOLOGY,Open,OBC,Allotted
132,36611,DNB Quota,"Gujarat Institute of Mental Health Hospital, ,Hospital for Mental Health, Outside Delhi Gate, Shahibug, Ahmedabad, Gujarat, 380004",(NBEMS) PSYCHIATRY,OBC,OBC,Allotted
133,36674,All India,"GADAG INSTITUTE OF MEDICAL SCIENCES GADAG,Gadag Institute of Medical Sciences Mallasamudra Gadag-582103, Karnataka, 582103",M.S. (OPHTHALMOLOGY),EWS,EWS,Allotted
134,37111,All India,"Agartala Government Medical College,Agartala Government Medical College, Tripura, 799006",M.D. (Radiotherapy/ Radiation Oncology),Open,OBC,Allotted
135,37145,All India,"TATA MEMORIAL CENTRE, MUMBAI,OFFICE OF THE DIRECTOR ACADEMICS, 13TH FLOOR, HOMI BHABHA BLOCK, TATA MEMORIAL HOSPITAL, PAREL, MUMB, Maharashtra, 400012",M.D. IN TRANSFUSION MEDICINE/ IMMUNO- HAEMATOLOGY and BLOOD TRANSFUSION,Open,General,Allotted
136,37289,DNB Quota,"Indus International Hospital, ,CHANDIGARH-AMBALA ROAD NH-22, DERABASSI, Punjab, 140507",(NBEMS) ANAESTHESIOLOGY,Open,OBC,Allotted
137,37592,DNB Quota,"Kothari Medical and Research Institute, ,NH-15, Jaisalmer road, Bikaner, Rajasthan, 334004",(NBEMS) ANAESTHESIOLOGY,Open,EWS,Allotted
138,37619,All India,"PATNA MEDICAL COLLEGE, PATNA,PATNA MEDICAL COLLEGE, PATNA, Bihar, 800004",M.D. (PHYSICAL MED. and REHABILITATION),Open,General,Allotted
139,37828,All India,"Kodagu Institute of Medical Sciences, Karnataka,Kodagu Institute of Medical Sciences Madikeri Kodagu, Karnataka, 571201",M.D. (Obst. and Gynae)/MS (Obstetrics and Gynaecology),SC,SC,Allotted
140,37896,DNB Quota,"Dr. Kothari`s Eye Hospital,,Patel Circle, Udaipur, Rajasthan, 313001",(NBEMS) OPHTHALMOLOGY,Open,General,Allotted
141,38247,DNB Quota,"Shri Vinoba Bhave Civil Hospital,,S R Delkar Marg, Saily Road, Silvassa, Dadra And Nagar Haveli, 396230",(NBEMS) ANAESTHESIOLOGY,Open,General,Allotted
142,38295,All India,"Grant Medical College, Maharashtra,Grant Medical College, Maharashtra, Maharashtra, 400008",M.D. IN TRANSFUSION MEDICINE/ IMMUNO- HAEMATOLOGY and BLOOD TRANSFUSION,Open,General,Allotted
143,39094,All India,"MYSORE MEDICAL COLLEGE AND RESEARCH INSTITUTE,MYSORE MEDICAL COLLEGE AND RESEARCH INSTITUTE, Karnataka, 570001",M.S. (GENERAL SURGERY),SC,SC,Allotted
144,39103,DNB Quota,"Cosmos Hospital, Uttar Pradesh,PREM NAGAR POST KAZIPURA KANTH ROAD MORADABAD, Uttar Pradesh, 244001",(NBEMS) ANAESTHESIOLOGY,Open,EWS,Allotted
145,39242,DNB Quota,"FIMS HOSPITAL(FRANK INSTITUTE OF MEDICAL SCIENCES), Haryana,Sonipat- Bahalgarh Road, Sonipat-NCR, Sonipat, Haryana, 131001",(NBEMS-DIPLOMA) PAEDIATRICS,Open,OBC,Allotted
146,39512,All India,"Government Medical College, Datia,Near 29 Batallion, National Highway 44, Dist Datia, Madhya Pradesh Pin - 475661, Madhya Pradesh, 475661",M.D. (Obst. and Gynae)/MS (Obstetrics and Gynaecology),SC,SC,Allotted
147,39707,DNB Quota,"Civil Hospital, Punjab,chhsp1234@gmail.com, Punjab, 146001",(NBEMS-DIPLOMA) PAEDIATRICS,Open,OBC,Allotted
148,39845,DNB Quota,"Sir Ganga Ram Hospital, ,Rajinder Nagar, New Delhi, Delhi (NCT), 110060",(NBEMS) Hospital Administration,Open,General,Allotted
149,40165,DNB Quota,"Capitol Hospital,,jalandhar pathankot road NH 44 Near Reru Chowk Jalandhar, Punjab, 144012",(NBEMS) RADIATION ONCOLOGY,Open,General,Allotted
150,40365,DNB Quota,"Civil Hospital, ,Medical Superintendent Office, Civil Hospital, Dawrpui, Aizawl, Mizoram, 796001",(NBEMS) ANAESTHESIOLOGY,Open,OBC,Allotted
151,40808,Management/Paid Seats Quota,"SRI DEVARAJ URS MEDICAL COLLEGE, TAMAKA,Tamaka, Kolar, Karnataka, 563103",M.D. (Obst. and Gynae)/MS (Obstetrics and Gynaecology),Open,OBC,Allotted
152,41248,All India,"Government Medical College Kozhikode,Government Medical College Kozhikode principalmcc@gmail.com, Kerala, 673008",M.D. (PATHOLOGY),OBC,OBC,Allotted
153,41651,Delhi University Quota,"Lady Hardinge Medical College,Lady Hardinge Medical College, Delhi (NCT), 110001",M.S. (GENERAL SURGERY),SC,SC,Allotted
154,41848,DNB Quota,"Bhima Bhoi Medical College and Hospital, Balangir,At-Laltikra Po-Rajendra College, Balangir, Odisha, 767002",(NBEMS-DIPLOMA) RADIO-DIAGNOSIS,SC,SC,Allotted
155,41889,DNB Quota,"DISTRICT HOSPITAL , Chhattisgarh,Room No. 122 - Government District Hospital Near Mandi Gate Pandari, Raipur, Chhattisgarh, 492001, , Chhattisgarh, 492001",(NBEMS-DIPLOMA) ANAESTHESIOLOGY,Open,EWS,Allotted
156,42878,All India,"MEDICAL COLLEGE, KOLKATA,MEDICAL COLLEGE, KOLKATA, West Bengal, 700073",DIPLOMA IN OPHTHALMOLOGY/DOM S,Open,EWS,Allotted
157,42883,All India,"ESIC MEDICAL COLLEGE, JOKA,ESI-PGIMSR & ESIC MEDICAL COLLEGE, JOKA, KOLKATA, WEST BENGAL, West Bengal, 700104",M.S. (ORTHOPAEDICS),SC,SC,Allotted
158,43025,All India,"B. J. MEDICAL COLLEGE, Ahmedabad,B.J. Medical College, New Civil Hospital Asarwa,Ahmedabad-380016,Gujarat,India, Gujarat, 380016",M.D. (PATHOLOGY),EWS,EWS,Allotted
159,43203,All India,"MADURAI MEDICAL COLLEGE,MADURAI MEDICAL COLLEGE, Tamil Nadu, 625020",M.D. IN TRANSFUSION MEDICINE/ IMMUNO- HAEMATOLOGY and BLOOD TRANSFUSION,OBC,OBC,Allotted
160,43252,All India,"GOVT. MEDICAL COLLEGE, AMRITSAR,GOVT. MEDICAL COLLEGE,CIRCULAR ROAD, AMRITSAR, Punjab, 143001",M.S. (ORTHOPAEDICS),SC,SC,Allotted
161,43272,All India,"Kakatiya Medical College,Kakatiya Medical College, Telangana, 506007",M.D. (ANAESTHESIOLOGY),SC,SC,Allotted
162,43326,All India,"Burdwan Medical College, West Bengal,Burdwan Medical College, West Bengal, West Bengal, 713104",M.D. (Radiotherapy/ Radiation Oncology),OBC,OBC,Allotted
163,43786,All India,"Karwar Institute of Medical Sciences, Karnataka,MG Road, Karnataka, 581301",M.S. (GENERAL SURGERY),SC,SC,Allotted
164,43906,All India,"Kidwai Memorial Institute of Oncolgy,Kidwai Memorial Institute of Oncolgy, Karnataka, 560029",DIP. IN MEDICAL RADIO- THERAPY,Open,OBC,Allotted
165,44030,All India,"JHALAWAR MEDICAL COLLEGE,JHALAWAR MEDICAL COLLEGE, JHALAWAR, Rajasthan, 326001",M.D. (PATHOLOGY),Open,General,Allotted
166,44052,All India,"Atal Bihari Vajpayee Government Medical College, Vidisha,NH 86 INFRONT OF KHEL PARISAR SANCHI ROAD VIDISHA MP, Madhya Pradesh, 464001",M.D. (PREVENTIVE and SOCIAL MEDICINE)/ COMMUNITY MEDICINE,Open,General,Allotted
167,44054,All India,"Rajiv Gandhi Institute of Medical Sciences Srikakulam,Government Medical College Srikakulam Balaga Srikakulam Town Srikakulam District, Andhra Pradesh, 532001",M.S. (ORTHOPAEDICS),SC,SC,Allotted
168,44143,All India,"LOKMANYA TILAK MEDICAL COLLEGE MUMBAI,LOKMANYA TILAK MEDICAL COLLEGE MUMBAI, Maharashtra, 400022",PG Diploma in Psychological Medicine / Psychiatric Medicine,OBC,OBC,Allotted
169,44377,All India,"NETAJI SUBHASH CHANDRA BOSE MEDICAL COLLEGE, JABALPUR ,NETAJI SUBHASH CHANDRA BOSE MEDICAL COLLEGE, NAGPUR ROAD JABALPUR, Madhya Pradesh, 482003",M.S. (GENERAL SURGERY),SC,SC,Allotted
170,44423,All India,"Bangalore Medical College and Research Institute,Bangalore Medical College and Research Institute, Karnataka, 560002",M.D. (PATHOLOGY),EWS,EWS,Allotted
171,44575,DNB Quota,"Government Medical College and Associated Hospital,,JANGLAT MANDI ANANTNAG, JAMMU AND KASHMIR 192101, Jammu And Kashmir, 192101",(NBEMS) DERMATOLOGY and VENEREOLOGY and LEPROSY,SC,SC,Allotted
172,44691,All India,"Rajendra Institute of Medical Sciences, Ranchi,Rajendra Institute of Medical Sciences, Ranchi, Jharkhand, 834009",M.S. (OPHTHALMOLOGY),SC,SC,Allotted
173,44961,All India,"DARBHANGA MEDICAL COLLEGE,Sheetal Prasad Marg, Laheriasarai, Darbhanga, Bihar, Bihar, 846003",DIPLOMA IN ANAESTHESIOLOGY,Open,OBC,Allotted
174,45190,DNB Quota,"Walsh S.D.H., West Bengal,22A, T.C Goswami Street, Serampore, Hooghly, West Bengal, 712201",(NBEMS) Obstetrics and Gynaecology,SC,SC,Allotted
175,45312,Management/Paid Seats Quota,"Sri Lakshmi narayana institute of medical sciences,puducherry,Sri Lakshmi narayana institute of medical sciences,puducherry, Puducherry, 605502",M.D. (RADIO- DIAGNOSIS),Open,OBC,Allotted
176,45859,DNB Quota,"Renee Hospital, Karimnagar, Telangana,H. No 3-7-1 and 3-7-02, Indira Nagar, Karimnagar-505001, Telangana, Telangana, 505001",(NBEMS-DIPLOMA) ANAESTHESIOLOGY,Open,OBC,Allotted
177,46013,All India,"Agartala Government Medical College,Agartala Government Medical College, Tripura, 799006",M.D. (PATHOLOGY),Open,General,Allotted
178,46906,All India,"M. P. SHAH GOVERNMENT MEDICAL COLLEGE,M. P. SHAH GOVERNMENT MEDICAL COLLEGE, Gujarat, 361008",M.S. (OPHTHALMOLOGY),SC,SC,Allotted
179,47064,All India,"University College of Medical Sciences,University College of Medical Sciences, Delhi (NCT), 110095",M.D. (FORENSIC MEDICINE),Open,General,Allotted
180,47360,All India,"ESI-POST GRADUATE INSTITUTE OF MEDICAL SCIENCES AND RESEARCH, BASAIDARAPUR, NEW DELHI,ESI-POST GRADUATE INSTITUTE OF MEDICAL SCIENCES AND RESEARCH, BASAIDARAPUR, NEW DELHI, Delhi (NCT), 110015",M.D. (PATHOLOGY),OBC,OBC,Allotted
181,47363,Management/Paid Seats Quota,"AARUPADAI VEEDU MEDICAL COLLEGE AND HOSPITAL,PONDY - CUDDALORE MAIN ROAD, KIRUMAMPAKKAM, BAHOUR COMMUNE PANCHAYAT, PUDUCHERRY, Puducherry, 607402",M.D. (GENERAL MEDICINE),Open,OBC,Allotted
182,47596,DNB Quota,"Indira Gandhi Institute of Medical Sciences, ,Indira Gandhi Institute of Medical College, Sheikhpura, Bihar, 800014",(NBEMS) Emergency Medicine,SC,SC,Allotted
183,48245,DNB Quota,"HealthCare Global Specialty Hospital, (Formerly Bangalore Institute of Oncology) ,HCG Towers, No. 8, P Kalinga Rao Road, Sampangi Ram Nagar, Bangalore, Karnataka, 560027",(NBEMS) PATHOLOGY,Open,General,Allotted
184,48626,DNB Quota,"General Hospital, ,SECTOR-6, PANCHKULA, HARYANA-134108, Haryana, 134108",(NBEMS) ORTHOPAEDICS,SC,SC,Allotted
185,48712,DNB Quota,"Diamond Harbour Government Medical College And Hospital, ,Harindanga, New Town, Word No- 4, P.O and P.S- Diamond Harbour, Dist- South 24 Parganas, West Bengal, West Bengal, 743331",(NBEMS-DIPLOMA) ANAESTHESIOLOGY,Open,OBC,Allotted
186,49894,All India,"JHALAWAR MEDICAL COLLEGE,JHALAWAR MEDICAL COLLEGE, JHALAWAR, Rajasthan, 326001",M.D. (ANAESTHESIOLOGY),SC,SC,Allotted
187,51149,All India,"CALCUTTA NATIONAL MEDICAL COLLEGE,CALCUTTA NATIONAL MEDICAL COLLEGE 32, Gorachand Road, Kolkata 700014, West Bengal, 700014",DIPLOMA IN ANAESTHESIOLOGY,OBC,OBC,Allotted
188,51569,All India,"Dr. Rajendra Prasad Government Medical College, Tanda,Dr. Rajendra Prasad Government Medical College, Tanda, Himachal Pradesh, 176002",M.D. (ANAESTHESIOLOGY),SC,SC,Allotted
189,52210,All India,"Bangalore Medical College and Research Institute,Bangalore Medical College and Research Institute, Karnataka, 560002",M.D. (PATHOLOGY),OBC,OBC,Allotted
190,52212,DNB Quota,"Fortis Hospitals Limited Fortis Escorts Hospital, Punjab,Majitha Verka Bypass Road Amritsar, Punjab, 143004",(NBEMS-DIPLOMA) ANAESTHESIOLOGY,Open,EWS,Allotted
191,52495,Management/Paid Seats Quota,"JSS Medical College, Mysuru,JSS Medical Institutions Campus Sri Shivarathreeshwara Nagar Bannimantap Mysuru, Karnataka, 570015",M.S. (OPHTHALMOLOGY),Open,General,Allotted
192,52543,All India,"NETAJI SUBHASH CHANDRA BOSE MEDICAL COLLEGE, JABALPUR ,NETAJI SUBHASH CHANDRA BOSE MEDICAL COLLEGE, NAGPUR ROAD JABALPUR, Madhya Pradesh, 482003",M.D. (ANAESTHESIOLOGY),SC,SC,Allotted
193,52797,All India,"Grant Medical College, Maharashtra,Grant Medical College, Maharashtra, Maharashtra, 400008",M.D. IN TRANSFUSION MEDICINE/ IMMUNO- HAEMATOLOGY and BLOOD TRANSFUSION,Open,OBC,Allotted
194,52882,DNB Quota,"Mahathma Eye Hospital, ,No. 6, Seshapuram, Tennur, Tiruchirappalli - 620017, Tamilnadu, Tamil Nadu, 620017",(NBEMS-DIPLOMA) OPHTHALMOLOGY,Open,OBC,Allotted
195,53052,All India,"Silchar Medical College, Silchar,Silchar Medical College, Silchar, Assam, 788014",M.D. (PATHOLOGY),Open,General,Allotted
196,53121,DNB Quota,"Rajiv Gandhi Government General Hospital, Principal Medical Officer General hospital, ,Rajiv Gandhi Government General Hospital, near bijli ghar circle, ALWAR, Rajasthan, 301001",(NBEMS-DIPLOMA) OPHTHALMOLOGY,Open,OBC,Allotted
197,53317,All India,"GMC Bharat Ratna Late Shri Atal Bihari Vajpayee Memorial Medical College, Chhattisgarh ,BHARAT RATNA LATE SHRI ATAL BIHARI VAJPAYEE MEMORIAL MEDICAL COLLEGE, PENDRI, RAJNANDGAON, CHHATTIS, Chhattisgarh, 491441",M.S. (OPHTHALMOLOGY),SC,SC,Allotted
198,53567,DNB Quota,"Charak Hospital and Research Center, Uttar Pradesh,Hardoi Road, Dubagga, Lucknow, Uttar Pradesh, 226003",(NBEMS-DIPLOMA) ANAESTHESIOLOGY,Open,General,Allotted
199,53924,All India,"GOVT MEDICAL COLLEGE, ANANTAPURAMU,GOVT MEDICAL COLLEGE, ANANTAPURAMU, Andhra Pradesh, 515001",M.D. (PREVENTIVE and SOCIAL MEDICINE)/ COMMUNITY MEDICINE,OBC,OBC,Allotted
200,54023,Management/Paid Seats Quota,"Pravara Rural Medical College, Loni,Dr. Balasaheb Vikhe Patil Rural Medical College (Formerly Called As Rural Medical College, Loni), Maharashtra, 413736",M.D. (ANAESTHESIOLOGY),Open,General,Allotted
201,55492,All India,"Jorhat Medical College & Hospital,Jorhat Medical College & Hospital, Assam, 785001",M.S. (OPHTHALMOLOGY),SC,SC,Allotted
202,56330,All India,"NIZAMS INSTITUTE OF MEDICAL SCIENCES,NIZAMS INSTITUTE OF MEDICAL SCIENCES PANJAGUTTA HYDERABAD, Telangana, 500082",M.D. (BIOCHEMISTRY),Open,OBC,Allotted
203,56332,All India,"Ravindra Nath Tagore Medical College, Udaipur,Ravindra Nath Tagore Medical College, Udaipur, Rajasthan, 313001",M.D. (Radiotherapy/ Radiation Oncology),SC,SC,Allotted
204,56345,All India,"Dr. Sampurnanand Medical College (SNMC), JODHPUR,Dr. Sampurnanand Medical College (SNMC), JODHPUR, Rajasthan, 342001",M.D. IN TRANSFUSION MEDICINE/ IMMUNO- HAEMATOLOGY and BLOOD TRANSFUSION,Open,General,Allotted
205,57108,All India,"University College of Medical Sciences,University College of Medical Sciences, Delhi (NCT), 110095",M.D. (MICROBIOLOGY),OBC,OBC,Allotted
206,57248,All India,"Regional Institute of Medical Sciences, Imphal,Regional Institute of Medical Sciences, Imphal, Lamphelpat, Manipur, 795004",M.D. Sports Medicine,SC,SC,Allotted
207,57326,DNB Quota,"Charak Hospital and Research Center, Uttar Pradesh,Hardoi Road, Dubagga, Lucknow, Uttar Pradesh, 226003",(NBEMS-DIPLOMA) ANAESTHESIOLOGY,Open,OBC,Allotted
208,57417,All India,"Sawai Man Singh Medical College, JAIPUR,Sawai Man Singh Medical College, JLN Marg, Jaipur-302004, Rajasthan, 302004",M.D. (BIOCHEMISTRY),Open,EWS,Allotted
209,57444,All India,"PATNA MEDICAL COLLEGE, PATNA,PATNA MEDICAL COLLEGE, PATNA, Bihar, 800004",M.D. (PATHOLOGY),OBC,OBC,Allotted
210,57453,All India,"NETAJI SUBHASH CHANDRA BOSE MEDICAL COLLEGE, JABALPUR ,NETAJI SUBHASH CHANDRA BOSE MEDICAL COLLEGE, NAGPUR ROAD JABALPUR, Madhya Pradesh, 482003",M.D. (Radiotherapy/ Radiation Oncology),SC,SC,Allotted
211,57572,All India,"Pt. Jawahar Lal Nehru Memorial Medical College, RAIPUR,Pt. Jawahar Lal Nehru Memorial Medical College, RAIPUR, Chhattisgarh, 492001",M.D. (PATHOLOGY),OBC,OBC,Allotted
212,57924,All India,"Seth Gordhandas Sunderdas Medical College, MUMBAI,Seth Gordhandas Sunderdas Medical College, Acharya Donde Marg Parel MUMBAI, Maharashtra, 400012",M.D. (FORENSIC MEDICINE),Open,General,Allotted
213,58092,All India,"Government Medical College Kota,Government Medical College Kota, Rajasthan, 324005",M.D. IN TRANSFUSION MEDICINE/ IMMUNO- HAEMATOLOGY and BLOOD TRANSFUSION,Open,General,Allotted
214,59538,DNB Quota,"Government Head Quarters Hospital,,NO.5 RAILWAY ROAD, KANCHIPURAM., Tamil Nadu, 631501",(NBEMS-DIPLOMA) Obstetrics and Gynaecology,SC,SC,Allotted
215,59630,All India,"JAWAHARLAL NEHRU MEDICAL COLLEGE, ALIGARH MUSLIM UNIVERSITY STATE UTTAR,JAWAHARLAL NEHRU MEDICAL COLLEGE, ALIGARH MUSLIM UNIVERSITY STATE UTTAR, Uttar Pradesh, 202002",M.D. (MICROBIOLOGY),Open,General,Allotted
216,59733,DNB Quota,"Alexis Multispecialty Hospital,232, Mankapur Square, Koradi road, NAGPUR, Maharashtra, 440030",(NBEMS-DIPLOMA) ANAESTHESIOLOGY,Open,OBC,Allotted
217,60139,Management/Paid Seats Quota,"Sri Lakshmi narayana institute of medical sciences,puducherry,Sri Lakshmi narayana institute of medical sciences,puducherry, Puducherry, 605502",M.D. (GENERAL MEDICINE),Open,OBC,Allotted
218,60357,DNB Quota,"District Hospital, ,DISTRICT SUREGEON DISTRICT HOSPITAL SETOR-11 NAVANAGAR BAGALKOTE KARNATAKA, Karnataka, 587103",(NBEMS-DIPLOMA) Otorhinolaryngology (E.N.T.),Open,General,Allotted
219,60551,DNB Quota,"Central Hospital, ,SOUTH EAST CENTRAL RAILWAY, OPPOSITE GOLF GROUND, BILASPUR, Chhattisgarh, 495004",(NBEMS-DIPLOMA) ANAESTHESIOLOGY,OBC,OBC,Allotted
220,60581,All India,"Ravindra Nath Tagore Medical College, Udaipur,Ravindra Nath Tagore Medical College, Udaipur, Rajasthan, 313001",M.D. IN TRANSFUSION MEDICINE/ IMMUNO- HAEMATOLOGY and BLOOD TRANSFUSION,Open,OBC,Allotted
221,60629,All India,"North Bengal Medical College,North Bengal Medical College, West Bengal, 734012",M.D. (PATHOLOGY),OBC,OBC,Allotted
222,61061,All India,"DARBHANGA MEDICAL COLLEGE,Sheetal Prasad Marg, Laheriasarai, Darbhanga, Bihar, Bihar, 846003",DIPLOMA IN ANAESTHESIOLOGY,EWS,EWS,Allotted
223,61105,DNB Quota,"FIMS HOSPITAL(FRANK INSTITUTE OF MEDICAL SCIENCES), Haryana,Sonipat- Bahalgarh Road, Sonipat-NCR, Sonipat, Haryana, 131001",(NBEMS-DIPLOMA) ANAESTHESIOLOGY,Open,OBC,Allotted
224,61315,DNB Quota,"General Hospital,,General Hospital Arakalagud Road, Holenarasipura Taluk, Hassan District, Karnataka, 573211",(NBEMS-DIPLOMA) ANAESTHESIOLOGY,OBC,OBC,Allotted
225,61338,DNB Quota,"Employee State Insurance Corporation Model Hospital,,Bharat Nagar, Ludhiana, Punjab, 141001",(NBEMS-DIPLOMA) Obstetrics and Gynaecology,SC,SC,Allotted
226,61850,Management/Paid Seats Quota,"SRI DEVARAJ URS MEDICAL COLLEGE, TAMAKA,Tamaka, Kolar, Karnataka, 563103",M.S. (ORTHOPAEDICS),Open,EWS,Allotted
227,62001,All India,"Pandit Dindayal Upadhyay Medical College, RAJKOT,Pandit Dindayal Upadhyay Medical College, RAJKOT, Gujarat, 360001",M.D. (Radiotherapy/ Radiation Oncology),SC,SC,Allotted
228,62131,All India,"Sawai Man Singh Medical College, JAIPUR,Sawai Man Singh Medical College, JLN Marg, Jaipur-302004, Rajasthan, 302004",M.D. IN TRANSFUSION MEDICINE/ IMMUNO- HAEMATOLOGY and BLOOD TRANSFUSION,OBC,OBC,Allotted
229,63075,DNB Quota,"Pandit Raghunath Murmu Medical College and Hospital , Orissa,AT-RANGAMATIA, PO- SHAMAKHUNTA, PS-BARIPADA SADAR, BARIPADA, MAYURBHANJ, Odisha, 757107",(NBEMS-DIPLOMA) Otorhinolaryngology (E.N.T.),SC,SC,Allotted
230,63096,DNB Quota,"General Hospital, ,General Hospital Kanakapura near KSRTC garage Melekote Kanakpura taluk Ramanagara district, Karnataka, 562117",(NBEMS-DIPLOMA) ANAESTHESIOLOGY,Open,General,Allotted
231,63541,All India,"Pandit Bhagwat Dayal Sharma Post Graduate Institute of Medical Sciences, Rohtak,Pandit Bhagwat Dayal Sharma Post Graduate Institute of Medical Sciences, Rohtak, Haryana, 124001",M.D. (FORENSIC MEDICINE),Open,OBC,Allotted
232,63699,All India,"CALCUTTA NATIONAL MEDICAL COLLEGE,CALCUTTA NATIONAL MEDICAL COLLEGE 32, Gorachand Road, Kolkata 700014, West Bengal, 700014",M.D. (PREVENTIVE and SOCIAL MEDICINE)/ COMMUNITY MEDICINE,Open,General,Allotted
233,63951,DNB Quota,"Bhagyoday Tirth Chikitsalay, Sagar, Madhya Pradesh,khurai road ,Sagar M.P., Madhya Pradesh, 470002",(NBEMS-DIPLOMA) FAMILY MEDICINE,Open,OBC,Allotted
234,64558,All India,"Shrikrishna Medical College & Hospital, Muzaffarpur,Shrikrishna Medical College & Hospital, Muzaffarpur, Bihar, 842004",M.D. (PATHOLOGY),OBC,OBC,Allotted
235,64832,DNB Quota,"Government Medical College, ,Government Medical College, Karan Nagar, Srinagar, Jammu And Kashmir, 190010",(NBEMS) IMMUNO- HAEMATOLOGY AND BLOOD TRANSFUSION,Open,General,Allotted
236,64848,All India,"Rajmata Shrimati Devendra Kumari Singhdeo Government Medical College, Ambikapur,Kanyaparisar Road Gangapur Ambikapur District Surguja, Chhattisgarh, 497001",M.D. (PATHOLOGY),OBC,OBC,Allotted
237,65287,DNB Quota,"Area Hospital,nuzvidhospitalattherateofyahoodotcom, Andhra Pradesh, 521201",(NBEMS-DIPLOMA) ANAESTHESIOLOGY,EWS,EWS,Allotted
238,65371,All India,"GAJRA RAJA MEDICAL COLLEGE GWALIOR,GAJRA RAJA MEDICAL COLLEGE GWALIOR, Madhya Pradesh, 474009",M.S. (ORTHOPAEDICS),ST,ST,Allotted
239,65426,DNB Quota,"Government Medical College and Bangur Hospital, Nh62 Sumerpur Road Village Ramasiya Pali Rajasthan , Rajasthan-306401,Government Medical College and Bangur Hospital Nh62 Sumerpur Road Village Ramasiya Pali Rajasthan Ra, Rajasthan, 306401",(NBEMS-DIPLOMA) FAMILY MEDICINE,Open,OBC,Allotted
240,65702,All India,"GOVT. MEDICAL COLLEGE, THIRUVANANTHAPURAM,GOVT. MEDICAL COLLEGE, THIRUVANANTHAPURAM, Kerala, 695011",M.D. (FORENSIC MEDICINE),OBC,OBC,Allotted
241,66037,Management/Paid Seats Quota,"K S Hegde Medical Academy, Mangaluru,K S Hegde Medical Academy, Nithyanandanagar, Deralakatte, Mangaluru, Karnataka, 575018",M.S. (OPHTHALMOLOGY),Open,General,Allotted
242,66085,DNB Quota,"Tata Medical Center, ,14 MAJOR ARTERIAL ROAD EW NEWTOWN RAJARHAT KOLKATA 700160, West Bengal, 700160",(NBEMS) IMMUNO- HAEMATOLOGY AND BLOOD TRANSFUSION,Open,SC,Allotted
243,66124,DNB Quota,"Government DB General Medical Hosptal,Churu, Nayabass, Churu",(NBEMS-DIPLOMA) OPHTHALMOLOGY,Open,OBC,Allotted
244,66222,All India,"B. J. MEDICAL COLLEGE, Ahmedabad,B.J. Medical College, New Civil Hospital Asarwa,Ahmedabad-380016,Gujarat,India, Gujarat, 380016",M.D. IN TRANSFUSION MEDICINE/ IMMUNO- HAEMATOLOGY and BLOOD TRANSFUSION,OBC,OBC,Allotted
245,66807,DNB Quota,"Venugram Hospital, Belagavi, Karnataka,CTS 785, 2nd Cross, Hindu Nagar, Near 3rd Railway Gate, Belagavi, Karnataka, 590006",(NBEMS-DIPLOMA) FAMILY MEDICINE,Open,OBC,Allotted
246,66824,All India,"North Bengal Medical College,North Bengal Medical College, West Bengal, 734012",M.D. (PATHOLOGY),OBC,OBC,Allotted
247,67298,All India,"Lala Lajpat Rai Memorial Medical College, MEERUT,Lala Lajpat Rai Memorial Medical College, MEERUT, Uttar Pradesh, 250004",MD/MS (Anatomy),Open,General,Allotted
248,68248,All India,"R G KAR MEDICAL COLLEGE, West Bengal,R G KAR MEDICAL COLLEGE,1 KHUDIRAM BOSE SARANI,KOLKATA, West Bengal, West Bengal, 700004",M.D. (PREVENTIVE and SOCIAL MEDICINE)/ COMMUNITY MEDICINE,Open,General,Allotted
249,68866,DNB Quota,"ROURKELA GOVT HOSPITAL , Orissa,ROURKELA GOVT HOSPITAL , RAGHUNATHPALLI ROURKELA , SUNDARGARH ODISAH, Odisha, 769004",(NBEMS-DIPLOMA) OPHTHALMOLOGY,OBC,OBC,Allotted
250,68941,All India,"MEDICAL COLLEGE, KOLKATA,MEDICAL COLLEGE, KOLKATA, West Bengal, 700073",DIPLOMA IN OPHTHALMOLOGY/DOM S,SC,SC,Allotted
251,69073,All India,"Dr Ram Manohar Lohia Institute of Medical Sciences, Lucknow,Dr Ram Manohar Lohia Institute of Medical Sciences, Lucknow, Uttar Pradesh, 226010",M.D. (PHARMACOLOGY),Open,General,Allotted
252,69119,All India,"Kakatiya Medical College,Kakatiya Medical College, Telangana, 506007",M.D. (PHARMACOLOGY),Open,General,Allotted
253,69335,DNB Quota,"Dr. B L Kapur Memorial Hospital,Pusa Road New Delhi, Delhi (NCT), 110005",(NBEMS) IMMUNO- HAEMATOLOGY AND BLOOD TRANSFUSION,Open,OBC,Allotted
254,69798,DNB Quota,"Artemis Health Institute, ,Sector 51, Gurugram, Haryana -122001, Haryana, 122001",(NBEMS) IMMUNO- HAEMATOLOGY AND BLOOD TRANSFUSION,Open,General,Allotted
255,70057,All India,"The National Institute of Health and Family Welfare,The National Institute of Health and Family Welfare, Delhi (NCT), 110067",M.D. (COMMUNITY HEALTH and ADMN.),SC,SC,Allotted
256,70434,DNB Quota,"Mal SSH, West Bengal,Mal Super Speciality Hospital, Mal, Jalpaiguri, West Bengal, 735221",(NBEMS-DIPLOMA) OPHTHALMOLOGY,Open,General,Allotted
257,71222,DNB Quota,"Bhima Bhoi Medical College and Hospital, Balangir,At-Laltikra Po-Rajendra College, Balangir, Odisha, 767002",(NBEMS-DIPLOMA) Otorhinolaryngology (E.N.T.),OBC,OBC,Allotted
258,71334,All India,"Atal Bihari Vajpayee Government Medical College, Vidisha,NH 86 INFRONT OF KHEL PARISAR SANCHI ROAD VIDISHA MP, Madhya Pradesh, 464001",M.D. (PREVENTIVE and SOCIAL MEDICINE)/ COMMUNITY MEDICINE,OBC,OBC,Allotted
259,71666,All India,"Jawaharlal Institute of Medical Sciences, Manipur,Jawaharlal Nehru Institute of Medical Sciences, Porompat, Imphal -East, Manipur-795005, Manipur, 795005",M.D. (PATHOLOGY),OBC,OBC,Allotted
260,71891,All India,"THANJAVUR MEDICAL COLLEGE, THANJAVUR,THANJAVUR MEDICAL COLLEGE, THANJAVUR, Tamil Nadu, 613004",M.D. (PHYSIOLOGY),Open,OBC,Allotted
261,72980,DNB Quota,"General Hospital, ,General Hospital Mehsana, Opp S T Bus Station, Raj Mahel Road, Gujarat, 384001",(NBEMS) PATHOLOGY,OBC,OBC,Allotted
262,73049,All India,"Jorhat Medical College & Hospital,Jorhat Medical College & Hospital, Assam, 785001",M.D. (PATHOLOGY),SC,SC,Allotted
263,74001,DNB Quota,"APL and ANR Area, Andhra Pradesh,Area Hospital, Gudiwada OPP Head Post office Road, Fire station road, Gudiwada, Andhra Pradesh, 521301",(NBEMS-DIPLOMA) FAMILY MEDICINE,Open,General,Allotted
264,74162,All India,"GANDHI MEDICAL COLLEGE,GANDHI MEDICAL COLLEGE, Telangana, 500003",M.D. (FORENSIC MEDICINE),SC,SC,Allotted
265,74580,All India,"Dr. Rajendra Prasad Government Medical College, Tanda,Dr. Rajendra Prasad Government Medical College, Tanda, Himachal Pradesh, 176002",MD/MS (Anatomy),Open,SC,Allotted
266,74971,Management/Paid Seats Quota,"Sri Ramachandra Medical College and Research Institute,Sri Ramachandra Medical College and Research Institute, Tamil Nadu, 600116",M.D. Sports Medicine,Open,General,Allotted
267,75449,All India,"Government Medical College, Siddipet,SURVEY NO 54 GOVERNMENT MEDICAL COLLEGE ENSANPALLY SIDDIPET 502114, Telangana, 502114",M.D. (PREVENTIVE and SOCIAL MEDICINE)/ COMMUNITY MEDICINE,SC,SC,Allotted
268,75456,DNB Quota,"Bhavsinhji and Maharani Rupaliba General Hospital, ,Near S. T. Bus Stand, Opp. Bhutnath Temple, Hospital Road, Porbandar, Gujarat, 360575",(NBEMS-DIPLOMA) ANAESTHESIOLOGY,SC,SC,Allotted
269,76199,All India,"BELAGAVI INSTITUTE OF MEDICAL SCIENCES, BELAGAVI,BELAGAVI INSTITUTE OF MEDICAL SCIENCES, BELAGAVI, Karnataka, 590001",M.D. (PREVENTIVE and SOCIAL MEDICINE)/ COMMUNITY MEDICINE,Open,OBC,Allotted
270,76228,All India,"ESI-POST GRADUATE INSTITUTE OF MEDICAL SCIENCES AND RESEARCH, BASAIDARAPUR, NEW DELHI,ESI-POST GRADUATE INSTITUTE OF MEDICAL SCIENCES AND RESEARCH, BASAIDARAPUR, NEW DELHI, Delhi (NCT), 110015",M.D. (MICROBIOLOGY),OBC,OBC,Allotted
271,76889,All India,"Government Medical College, Siddipet,SURVEY NO 54 GOVERNMENT MEDICAL COLLEGE ENSANPALLY SIDDIPET 502114, Telangana, 502114",M.D. (FORENSIC MEDICINE),Open,General,Allotted
272,76927,Management/Paid Seats Quota,"Mahatma Gandhi Medical College and Research Institute, Pondicherry,SBV Pondicherry Campus, Pillaiyarkuppam, Pondicherry, Puducherry, 607402",M.D. (Obst. and Gynae)/MS (Obstetrics and Gynaecology),Open,General,Allotted
273,77058,DNB Quota,"Govt. Medical College and Hospital,,,Government Medical College Hospital Chandigarh, Chandigarh, 160030",(NBEMS) Hospital Administration,Open,OBC,Allotted
274,77233,All India,"GOVERNMENT MEDICAL COLLEGE, AZAMGARH,Chakrapan Pur, Azamgarh (U.P.), Uttar Pradesh, 276128",M.D. (PREVENTIVE and SOCIAL MEDICINE)/ COMMUNITY MEDICINE,Open,General,Allotted
275,78145,All India,"BPS Govt. Medical College for Women, Khanpur Kalan Sonepat,BPS Govt. Medical College for Women, Khanpur Kalan Sonepat, Haryana, 131305",M.D. (PHARMACOLOGY),Open,General,Allotted
276,78266,All India,"Seth Gordhandas Sunderdas Medical College, MUMBAI,Seth Gordhandas Sunderdas Medical College, Acharya Donde Marg Parel MUMBAI, Maharashtra, 400012",M.D. (MICROBIOLOGY),OBC,OBC,Allotted
277,78594,DNB Quota,"APL and ANR Area, Andhra Pradesh,Area Hospital, Gudiwada OPP Head Post office Road, Fire station road, Gudiwada, Andhra Pradesh, 521301",(NBEMS-DIPLOMA) FAMILY MEDICINE,OBC,OBC,Allotted
278,79137,Management/Paid Seats Quota,"Rajarajeswari Medical College and Hospital,No. 202, Kambipura, Mysore Road, Bengaluru, Karnataka, 560074",M.D. (ANAESTHESIOLOGY),Open,OBC,Allotted
279,79291,All India,"B. J. MEDICAL COLLEGE, Ahmedabad,B.J. Medical College, New Civil Hospital Asarwa,Ahmedabad-380016,Gujarat,India, Gujarat, 380016",M.S. (OPHTHALMOLOGY),ST,ST,Allotted
280,79573,All India,"Guru Gobind Singh Medical College,Guru Gobind Singh Medical College, Punjab, 151203",M.D. (MICROBIOLOGY),Open,General,Allotted
281,79671,Management/Paid Seats Quota,"SRM MEDICAL COLLEGE HOSPITAL AND RESEARCH CENTRE, SRM INSTITUTE OF SCIENCE AND TECHNOLOGY,SRM MEDICAL COLLEGE HOSPITAL AND RESEARCH CENTRE,SRM IST, KATTANKULATHUR , CHENGALPATTU DIST, Tamil Nadu, 603203",M.S. (OPHTHALMOLOGY),Open,General,Allotted
282,79853,All India,"Andhra Medical College,Andhra Medical College, Andhra Pradesh, 530002",M.D. (PHYSIOLOGY),Open,OBC,Allotted
283,80251,Non-Resident Indian,"JSS Medical College, Mysuru,JSS Medical Institutions Campus Sri Shivarathreeshwara Nagar Bannimantap Mysuru, Karnataka, 570015",M.D. (RADIO- DIAGNOSIS),Open,General,Allotted
284,80280,Management/Paid Seats Quota,"Jawaharlal Nehru Medical College, Sawangi (Meghe), Wardha-,Jawaharlal Nehru Medical College, Sawangi (Meghe), Wardha-442107, Maharashtra, 442107",M.S. (E.N.T.),Open,General,Allotted
285,80488,All India,"VIJANAGARA INSTITUTE OF MEDICAL SCIENCES BALLARI,VIJANAGARA INSTITUTE OF MEDICAL SCIENCES BALLARI, Karnataka, 583104",M.D. (PHARMACOLOGY),Open,OBC,Allotted
286,80635,All India,"CALCUTTA NATIONAL MEDICAL COLLEGE,CALCUTTA NATIONAL MEDICAL COLLEGE 32, Gorachand Road, Kolkata 700014, West Bengal, 700014",M.D. (PHARMACOLOGY),Open,General,Allotted
287,80758,Non-Resident Indian,"JSS Medical College, Mysuru,JSS Medical Institutions Campus Sri Shivarathreeshwara Nagar Bannimantap Mysuru, Karnataka, 570015",M.D. (PAEDIATRICS),Open,General,Allotted
288,80788,DNB Quota,"General Hospital, ,OLD SABJI MANDI HINDUAN GATE KARAULI, Rajasthan, 322241",(NBEMS-DIPLOMA) FAMILY MEDICINE,OBC,OBC,Allotted
289,80944,Management/Paid Seats Quota,"SRI SIDDHARTHA MEDICAL COLLEGE, TUMKUR,SRI SIDDHARTHA MEDICAL COLLEGE, TUMKUR, Karnataka, 572107",M.S. (GENERAL SURGERY),Open,General,Allotted
290,81005,Non-Resident Indian,"Hamdard Institute of Medical Sciences and Research,HIMSR, Jamia Hamdard, Guru Ravidas Marg, Hamdard Nagar, New Delhi, Delhi (NCT), 110062",M.D. (RADIO- DIAGNOSIS),Open,General,Allotted
291,81226,Management/Paid Seats Quota,"DR. D. Y. PATIL MEDICAL COLLEGE, PUNE,Dr. D. Y. Patil Medical College, Hospital and Research Centre, Sant Tukaram Nagar, Pimpri, Pune., Maharashtra, 411018",M.S. (ORTHOPAEDICS),Open,General,Allotted
292,81404,Non-Resident Indian,"A.C.S. Medical College and Hospital,A.C.S. Medical College and Hospital, Tamil Nadu, 600077",M.D. (GENERAL MEDICINE),Open,OBC,Allotted
293,81851,All India,"LATE SHRI LAKHI RAM AGRAWAL MEMORIAL GOVT.MEDICAL COLLEGE,LATE SHRI LAKHI RAM AGRAWAL MEMORIAL GOVT.MEDICAL COLLEGE, Chhattisgarh, 496001",M.D. (PREVENTIVE and SOCIAL MEDICINE)/ COMMUNITY MEDICINE,Open,General,Allotted
294,82013,DNB Quota,"Main Hospital , Telangana,MAIN HOSPITAL, THE SINGARENI COLLERIES COMPANY LIMITED, KOTHAGUDEM, BHADRADRI KOTHAGUDEM DISTRICT, T, Telangana, 507101",(NBEMS) PATHOLOGY,OBC,OBC,Allotted
295,82273,All India,"BHOPAL MEMORIAL HOSPITAL AND RESEARCH CENTRE, BHOPAL,Raisen By pass Road, Bhopal- 462038 (M.P.), Madhya Pradesh, 462038",M.D. (MICROBIOLOGY),Open,General,Allotted
296,82509,Management/Paid Seats Quota,"Bharati Vidyapeeth Deemed to be University Medical College,Pune,Bharati Vidyapeeth Deemed to be University Medical College, Dhankawadi, Pune Satara Road, Pune, Maharashtra, 411043",M.D. (ANAESTHESIOLOGY),Open,General,Allotted
297,82603,DNB Quota,"GMERS Medical College and Hospital, ,paddoc road, near majewadi gate, junagadh, Gujarat, 362001",(NBEMS) MICROBIOLOGY,Open,General,Allotted
298,83175,Management/Paid Seats Quota,"Pravara Rural Medical College, Loni,Dr. Balasaheb Vikhe Patil Rural Medical College (Formerly Called As Rural Medical College, Loni), Maharashtra, 413736",M.D. (Radiotherapy/ Radiation Oncology),Open,OBC,Allotted
299,84562,DNB Quota,"St. Stephen`s Hospital, ,Tis Hazari, Delhi (NCT), 110054",(NBEMS) COMMUNITY MEDICINE,Open,General,Allotted
300,85075,All India,"Government Medical College Srinagar,Administrative Block Government Medical College Karan Nagar Srinagar, Jammu And Kashmir, 190010",M.D. (PREVENTIVE and SOCIAL MEDICINE)/ COMMUNITY MEDICINE,OBC,OBC,Allotted
301,85728,All India,"Uttar Pradesh University of Medical Sciences, Saifai, Etawah,Uttar Pradesh University of Medical Sciences, Saifai, Etawah, Uttar Pradesh, 206130",M.D. (MICROBIOLOGY),Open,General,Allotted
302,86305,All India,"BELAGAVI INSTITUTE OF MEDICAL SCIENCES, BELAGAVI,BELAGAVI INSTITUTE OF MEDICAL SCIENCES, BELAGAVI, Karnataka, 590001",M.D. (PHARMACOLOGY),OBC,OBC,Allotted
303,86873,All India,"Osmania Medical Collge,5-1-876, Turrebaz Khan Rd, Troop Bazaar, Koti, Hyderabad, Telangana, Telangana, 500095",M.D. (PHYSIOLOGY),SC,SC,Allotted
304,87151,Management/Paid Seats Quota,"Mahatma Gandhi Medical College and Research Institute, Pondicherry,SBV Pondicherry Campus, Pillaiyarkuppam, Pondicherry, Puducherry, 607402",M.S. (OPHTHALMOLOGY),Open,General,Allotted
305,87234,All India,"B. J. MEDICAL COLLEGE, Ahmedabad,B.J. Medical College, New Civil Hospital Asarwa,Ahmedabad-380016,Gujarat,India, Gujarat, 380016",M.D. (ANAESTHESIOLOGY),ST,ST,Allotted
306,87280,All India,"INDIRA GANDHI GOVT.MEDICAL COLLEGE NAGPUR,INDIRA GANDHI GOVT.MEDICAL COLLEGE NAGPUR, Maharashtra, 440018",M.D. (PREVENTIVE and SOCIAL MEDICINE)/ COMMUNITY MEDICINE,OBC,OBC,Allotted
307,87440,All India,"GADAG INSTITUTE OF MEDICAL SCIENCES GADAG,Gadag Institute of Medical Sciences Mallasamudra Gadag-582103, Karnataka, 582103",M.D. (PHARMACOLOGY),SC,SC,Allotted
308,87475,All India,"Mahatma Gandhi Memorial Medical College, Indore,Mahatma Gandhi Memorial Medical College, Indore, Madhya Pradesh, 452001",M.D. (PHYSIOLOGY),Open,General,Allotted
309,87960,All India,"Osmania Medical Collge,5-1-876, Turrebaz Khan Rd, Troop Bazaar, Koti, Hyderabad, Telangana, Telangana, 500095",DIPLOMA IN PUBLIC HEALTH,Open,OBC,Allotted
310,88158,DNB Quota,"Civil Hospital, Gurugram , Haryana,Civil Hospital Sector-10, Gurugram, Haryana, Haryana, 122001",(NBEMS-DIPLOMA) FAMILY MEDICINE,SC,SC,Allotted
311,88248,All India,"Dr.V.M.Govt.Medical College,Solapur, Maharasthtra,In front of district court civil chowk Dr.V.M.Govt.Medical College,Solapur, Maharasthtra, Maharashtra, 413003",M.D. (PREVENTIVE and SOCIAL MEDICINE)/ COMMUNITY MEDICINE,OBC,OBC,Allotted
312,88355,Management/Paid Seats Quota,"Vinayaka Missions Kirupananda Variyar Medical College and Hospital, Salem,Sankari Main Road, NH-47, Seeragapadi, Salem, Tamil Nadu, 636308",M.D. IN TRANSFUSION MEDICINE/ IMMUNO- HAEMATOLOGY and BLOOD TRANSFUSION,Open,General,Allotted
313,89212,Non-Resident Indian,"VINAYAKA MISSIONS MEDICAL COLLEGE AND HOSPITAL, KARAIKAL,KEEZHAKASAKUDIMEDU, KOTTUCHERRY (POST), KARAIKAL, UT of PUDUCHERRY, Puducherry, 609609",M.D. (RADIO- DIAGNOSIS),Open,General,Allotted
314,89509,All India,"Pt. Jawahar Lal Nehru Memorial Medical College, RAIPUR,Pt. Jawahar Lal Nehru Memorial Medical College, RAIPUR, Chhattisgarh, 492001",M.D. (PREVENTIVE and SOCIAL MEDICINE)/ COMMUNITY MEDICINE,OBC,OBC,Allotted
315,89759,All India,"Agartala Government Medical College,Agartala Government Medical College, Tripura, 799006",M.D. (PREVENTIVE and SOCIAL MEDICINE)/ COMMUNITY MEDICINE,Open,General,Allotted
316,89970,DNB Quota,"Dr. Ram Manohar Lohia Institute of Medical Sciences, Vibhuti khand, ,Dr Ram Manohar Lohia Institute of Medical Sciences, Lucknow, Vibhuti Khand, Gomti Nagar, Lucknow, Uttar Pradesh, 226010",(NBEMS) FORENSIC MEDICINE,Open,General,Allotted
317,90440,All India,"Kakatiya Medical College,Kakatiya Medical College, Telangana, 506007",DIPLOMA IN PUBLIC HEALTH,Open,OBC,Allotted
318,91287,Management/Paid Seats Quota,"Rajarajeswari Medical College and Hospital,No. 202, Kambipura, Mysore Road, Bengaluru, Karnataka, 560074",M.S. (ORTHOPAEDICS),Open,General,Allotted
319,91312,All India,"DARBHANGA MEDICAL COLLEGE,Sheetal Prasad Marg, Laheriasarai, Darbhanga, Bihar, Bihar, 846003",M.D. (PREVENTIVE and SOCIAL MEDICINE)/ COMMUNITY MEDICINE,OBC,OBC,Allotted
320,91352,All India,"Gulbarga Institute Of Medical Sciences, Kalaburagi,VEERESH NAGAR SEDAM ROAD KALABURAGI, Karnataka, 585105",M.D. (PHARMACOLOGY),Open,General,Allotted
321,92650,All India,"Gvernment Medical College,Haldwani,Government Medical College, Haldwani, Uttarakhand, 263139",M.D. (MICROBIOLOGY),Open,General,Allotted
322,93204,All India,"Karnataka Institute of Medical Sciences, Hubballi,Karnataka Institute of Medical Sciences, Hubballi, Karnataka, 580021",M.D. (PREVENTIVE and SOCIAL MEDICINE)/ COMMUNITY MEDICINE,SC,SC,Allotted
323,93290,All India,"Government Medical College, Aurangabad,Government Medical College, Aurangabad, Maharashtra, 431001",M.D. (ANAESTHESIOLOGY),ST,ST,Allotted
324,94038,All India,"Govt. Bundelkhand Medical College Sagar M.P.,Govt. Bundelkhand Medical College Sagar M.P., Madhya Pradesh, 470001",M.D. (FORENSIC MEDICINE),Open,General,Allotted
325,94168,DNB Quota,"INFECTIOUS DISEASES AND BELIAGHATA GENERAL HOSPITAL, West Bengal,57 BELIAGHATA MAIN ROAD, KOLKATA, West Bengal, 700010",(NBEMS) GENERAL MEDICINE,ST,ST,Allotted
326,94192,DNB Quota,"ESIC MEDICAL COLLEGE AND HOSPITAL, Bihar,ESIC Medical College and Hospital,Ara Danapur Road, Sikandarpur, Bihta, Patna, Bihar, 801103",(NBEMS) MICROBIOLOGY,Open,General,Allotted
327,94233,DNB Quota,"Sheth Vadilal Sarabhai General Hospital and Sheth Chinai Prasuti Hospital, Gujarat,SHETH VADILAL SARABHAI GENERAL HOSPITAL AND SHETH CHINAI PRASUTI HOSPITAL ELLISBRIDGE AHMEDABAD, Gujarat, 380006",(NBEMS) ORTHOPAEDICS,ST,ST,Allotted
328,94439,All India,"Government Medical College, Jalgaon,Jilha Peth, Government Hospital Campus, Jalgaon, Maharashtra, 425001",M.D. (PREVENTIVE and SOCIAL MEDICINE)/ COMMUNITY MEDICINE,OBC,OBC,Allotted
329,94547,Management/Paid Seats Quota,"Meenakshi Medical College Hospital and Research Institute, Kanchipuram,Meenakshi Medical College Hospital and Research Institute, Kanchipuram, Tamil Nadu, 631552",M.S. (OPHTHALMOLOGY),Open,General,Allotted
330,95107,All India,"Agartala Government Medical College,Agartala Government Medical College, Tripura, 799006",M.D. (PREVENTIVE and SOCIAL MEDICINE)/ COMMUNITY MEDICINE,OBC,OBC,Allotted
331,95922,Management/Paid Seats Quota,"DR D Y PATIL MEDICAL COLLEGE, NAVI MUMBAI,DR D Y PATIL MEDICAL COLLEGE, NAVI MUMBAI, Maharashtra, 400706",M.S. (ORTHOPAEDICS),Open,General,Allotted
332,96594,DNB Quota,"Government Medical College and Associated Hospital,,JANGLAT MANDI ANANTNAG, JAMMU AND KASHMIR 192101, Jammu And Kashmir, 192101",(NBEMS) COMMUNITY MEDICINE,OBC,OBC,Allotted
333,96766,All India,"College of Medicine and JNM Hospital, WBUHS,Block A, Post Office Kalyani, Near Silpanchal Station, Block A2, District Nadia, West Bengal, West Bengal, 741235",M.D. (PREVENTIVE and SOCIAL MEDICINE)/ COMMUNITY MEDICINE,Open,General,Allotted
334,97023,All India,"GOVT. MEDICAL COLLEGE, AMRITSAR,GOVT. MEDICAL COLLEGE,CIRCULAR ROAD, AMRITSAR, Punjab, 143001",M.D. (MICROBIOLOGY),Open,OBC,Allotted
335,97228,Management/Paid Seats Quota,"Sri Lakshmi narayana institute of medical sciences,puducherry,Sri Lakshmi narayana institute of medical sciences,puducherry, Puducherry, 605502",M.S. (OPHTHALMOLOGY),Open,General,Allotted
336,97314,All India,"GOVT MEDICAL COLLEGE, ANANTAPURAMU,GOVT MEDICAL COLLEGE, ANANTAPURAMU, Andhra Pradesh, 515001",M.D. (ANAESTHESIOLOGY),ST,ST,Allotted
337,97534,All India,"Maharaja Krushna Chandra Gajapati Medical College , Brahmapur,Maharaja Krushna Chandra Gajapati Medical College , Brahmapur, Odisha, 760004",M.D. (PHARMACOLOGY),Open,General,Allotted
338,97680,All India,"University College of Medical Sciences,University College of Medical Sciences, Delhi (NCT), 110095",MD/MS (Anatomy),Open,General,Allotted
339,97871,DNB Quota,"Associated Hospital Government Medical College, ,Kanth Bagh Baramulla, Jammu And Kashmir, 193103",(NBEMS) COMMUNITY MEDICINE,Open,General,Allotted
340,97932,All India,"SHIMOGA INSTITUTE OF MEDICAL SCIENCES,SHIMOGA INSTITUTE OF MEDICAL SCIENCES, Karnataka, 577201",M.D. (FORENSIC MEDICINE),Open,OBC,Allotted
341,97948,DNB Quota,"Central Hospital, Gandhinagar, ,CENTRAL HOSPITAL, GANDHINAGAR, GANDHINAGAR COLONY, KANKE ROAD, RANCHI, Jharkhand, 834008",(NBEMS-DIPLOMA) OPHTHALMOLOGY,SC,SC,Allotted
342,98685,All India,"Lady Hardinge Medical College,Lady Hardinge Medical College, Delhi (NCT), 110001",MD/MS (Anatomy),OBC,OBC,Allotted
343,100046,All India,"GOVT MEDICAL COLLEGE, ANANTAPURAMU,GOVT MEDICAL COLLEGE, ANANTAPURAMU, Andhra Pradesh, 515001",M.D. (PSYCHIATRY),ST,ST,Allotted
344,100436,All India,"SWAMI RAMANAND TEERTH RURAL GOVERNMENT MEDICAL COLLEGE AMBAJOGAI,SWAMI RAMANAND TEERTH RURAL GOVERNMENT MEDICAL COLLEGE AMBAJOGAI, Maharashtra, 431517",M.D. (PREVENTIVE and SOCIAL MEDICINE)/ COMMUNITY MEDICINE,OBC,OBC,Allotted
345,100620,All India,"Government Medical College, Nalgonda,Office of the Principal, Government Medical College Nalgonda, Near RTC Bus Stand, Gollaguda, Nalgon, Telangana, 508001",M.D. (PHARMACOLOGY),Open,SC,Allotted
346,100852,All India,"University College of Medical Sciences,University College of Medical Sciences, Delhi (NCT), 110095",MD/MS (Anatomy),Open,OBC,Allotted
347,101347,All India,"Pandit Dindayal Upadhyay Medical College, RAJKOT,Pandit Dindayal Upadhyay Medical College, RAJKOT, Gujarat, 360001",M.D. (Radiotherapy/ Radiation Oncology),ST,ST,Allotted
348,101540,All India,"Government Medical College, Surat,Government Medical College, Majuragate, Surat., Gujarat, 395001",M.D. (FORENSIC MEDICINE),Open,General,Allotted
349,101620,All India,"Grant Medical College, Maharashtra,Grant Medical College, Maharashtra, Maharashtra, 400008",M.D. (FORENSIC MEDICINE),Open,General,Allotted
350,101647,Management/Paid Seats Quota,"Meenakshi Medical College Hospital and Research Institute, Kanchipuram,Meenakshi Medical College Hospital and Research Institute, Kanchipuram, Tamil Nadu, 631552",M.D. (ANAESTHESIOLOGY),Open,OBC,Allotted
351,102153,All India,"Mahatma Gandhi Memorial Medical College, Indore,Mahatma Gandhi Memorial Medical College, Indore, Madhya Pradesh, 452001",M.D. (MICROBIOLOGY),OBC,OBC,Allotted
352,102225,Non-Resident Indian,"Institute of Medical Sciences and SUM Hospital, Bhubaneswar,Institute of Medical Sciences and SUM Hospital K 8 Kalinga Nagar PO Mahalaxmi Vihar Bhubaneswar, Odisha, 751029",M.D. (PAEDIATRICS),Open,General,Allotted
353,102494,All India,"College of Medicine & Sagore Dutta Hospital,College of Medicine & Sagore Dutta Hospital, West Bengal, 700058",M.D. (MICROBIOLOGY),Open,General,Allotted
354,102655,DNB Quota,"Apollomedics Superspeciality Hospital,KBC 31, Sector B, LDA Colony, Kanpur Road, Lucknow, Uttar Pradesh, 226012",(NBEMS) MICROBIOLOGY,Open,General,Allotted
355,102818,All India,"Gulbarga Institute Of Medical Sciences, Kalaburagi,VEERESH NAGAR SEDAM ROAD KALABURAGI, Karnataka, 585105",M.D. (MICROBIOLOGY),Open,OBC,Allotted
356,103180,All India,"Government Medical College,Churu,Civil Line, Shekhawat Colony, Churu-331001, Rajasthan, 331001",M.D. (PATHOLOGY),ST,ST,Allotted
357,104003,All India,"Govt. Doon Medical College, Dehradun,Govt. Doon Medical College Dehrakhas, Patel Nagar Dehradun 248001, Uttarakhand, 248001",M.D. (BIOCHEMISTRY),Open,OBC,Allotted
358,105124,All India,"B. J. MEDICAL COLLEGE, Ahmedabad,B.J. Medical College, New Civil Hospital Asarwa,Ahmedabad-380016,Gujarat,India, Gujarat, 380016",MD/MS (Anatomy),Open,General,Allotted
359,106088,All India,"LATE SHRI LAKHI RAM AGRAWAL MEMORIAL GOVT.MEDICAL COLLEGE,LATE SHRI LAKHI RAM AGRAWAL MEMORIAL GOVT.MEDICAL COLLEGE, Chhattisgarh, 496001",M.D. (BIOCHEMISTRY),Open,OBC,Allotted
360,106353,Management/Paid Seats Quota,"Santosh Medical College and Hospital, Ghaziabad, NCR Delhi,Santosh Medical College and Hospital, Ghaziabad, Delhi NCR, Uttar Pradesh, 201009",M.D. (ANAESTHESIOLOGY),Open,General,Allotted
361,106547,Management/Paid Seats Quota,"AARUPADAI VEEDU MEDICAL COLLEGE AND HOSPITAL,PONDY - CUDDALORE MAIN ROAD, KIRUMAMPAKKAM, BAHOUR COMMUNE PANCHAYAT, PUDUCHERRY, Puducherry, 607402",M.D. (ANAESTHESIOLOGY),Open,General,Allotted
362,106972,All India,"Calcutta School Of Tropical Medicine,Calcutta School Of Tropical Medicine, West Bengal, 700073",M.D. (MICROBIOLOGY),OBC,OBC,Allotted
363,107304,Management/Paid Seats Quota,"Mahatma Gandhi Medical College and Research Institute, Pondicherry,SBV Pondicherry Campus, Pillaiyarkuppam, Pondicherry, Puducherry, 607402",M.D. (PSYCHIATRY),Open,General,Allotted
364,107360,All India,"Veer Chandra Singh Garhwali Govt. Institute of Medical Science & Research,Veer Chandra Singh Garhwali Govt. Institute of Medical Science and Research, Srinagar Garhwal, Uttarakhand, 246174",M.D. (PHARMACOLOGY),Open,General,Allotted
365,107422,All India,"Murshidabad Medical College and Hospital,Station Road, Berhampore, Murshidabad, West Bengal, 742101",M.D. (PREVENTIVE and SOCIAL MEDICINE)/ COMMUNITY MEDICINE,OBC,OBC,Allotted
366,107664,All India,"S.V. Medical College, Tirupathi ,S.V. Medical College, Tirupathi, Andhra Pradesh, 517507",M.D. (BIOCHEMISTRY),OBC,OBC,Allotted
367,107987,All India,"Pt. Jawahar Lal Nehru Memorial Medical College, RAIPUR,Pt. Jawahar Lal Nehru Memorial Medical College, RAIPUR, Chhattisgarh, 492001",M.D. (PATHOLOGY),ST,ST,Allotted
368,108251,All India,"B.J.Government Medical College, Pune,B.J.Government Medical College, Pune, Maharashtra, 411001",M.D. (FORENSIC MEDICINE),Open,General,Allotted
369,108452,All India,"INDIRA GANDHI GOVT.MEDICAL COLLEGE NAGPUR,INDIRA GANDHI GOVT.MEDICAL COLLEGE NAGPUR, Maharashtra, 440018",M.D. (FORENSIC MEDICINE),Open,General,Allotted
370,108516,All India,"Karwar Institute of Medical Sciences, Karnataka,MG Road, Karnataka, 581301",M.D. (FORENSIC MEDICINE),Open,OBC,Allotted
371,108554,All India,"NSC Government Medical College, Khandwa (MP),LUV KUSH NAGAR,MUNDI NAGAR, KHANDWA, Madhya Pradesh, 450001",M.D. (PREVENTIVE and SOCIAL MEDICINE)/ COMMUNITY MEDICINE,OBC,OBC,Allotted
372,108708,All India,"Atal Bihari Vajpayee Government Medical College, Vidisha,NH 86 INFRONT OF KHEL PARISAR SANCHI ROAD VIDISHA MP, Madhya Pradesh, 464001",M.D. (MICROBIOLOGY),Open,General,Allotted
373,108908,All India,"GOVT. MEDICAL COLLEGE AND HOSPITAL, CHANDIGARH,GOVT. MEDICAL COLLEGE AND HOSPITAL, CHANDIGARH, Chandigarh, 160030",M.D. (BIOCHEMISTRY),Open,EWS,Allotted
374,109004,Management/Paid Seats Quota,"A.C.S. Medical College and Hospital,A.C.S. Medical College and Hospital, Tamil Nadu, 600077",M.D. (PSYCHIATRY),Open,OBC,Allotted
375,109119,DNB Quota,"Imambara District Hospital,,AKHANBAZAR ROAD, CHINSURA, HOOGHLY, West Bengal, 712101",(NBEMS-DIPLOMA) Otorhinolaryngology (E.N.T.),SC,SC,Allotted
376,109661,All India,"SWAMI RAMANAND TEERTH RURAL GOVERNMENT MEDICAL COLLEGE AMBAJOGAI,SWAMI RAMANAND TEERTH RURAL GOVERNMENT MEDICAL COLLEGE AMBAJOGAI, Maharashtra, 431517",M.D. (MICROBIOLOGY),Open,OBC,Allotted
377,110106,All India,"Government Medical College, Nagpur,Government Medical College, Nagpur, Maharashtra, 440003",M.D. (MICROBIOLOGY),EWS,EWS,Allotted
378,110183,All India,"Moti Lal Nehru Medical College,Moti Lal Nehru Medical College, Uttar Pradesh, 211001",M.D. (FORENSIC MEDICINE),OBC,OBC,Allotted
379,110472,All India,"Govt. Medical College, Bhavnagar,Near. S.T. Bus Stand,Jail Road, Bhavnagar-364001, Gujarat, 364001",M.D. (PHYSIOLOGY),Open,General,Allotted
380,110848,Management/Paid Seats Quota,"M.M. Institute of Medical Sciences and Research, Ambala,M.M. Institute of Medical Sciences and Research, Ambala, Haryana, 133207",M.D. (PATHOLOGY),Open,General,Allotted
381,111011,Management/Paid Seats Quota,"KRISHNA INSTITUTE OF MEDICAL SCIENCES, KARAD,KRISHNA INSTITUTE OF MEDICAL SCIENCES, KARAD, Maharashtra, 415110",M.D. (PATHOLOGY),Open,General,Allotted
382,111346,Management/Paid Seats Quota,"Shri Sathya Sai Medical College and Research Institute,Kancheepuram,Shri Sathya Sai Nagar, SBV Chennai Campus, Ammapettai, Chengalpattu District, Tamil Nadu, 603108",M.D. (ANAESTHESIOLOGY),Open,General,Allotted
383,111360,DNB Quota,"Rajiv Gandhi Government General Hospital, Principal Medical Officer General hospital, ,Rajiv Gandhi Government General Hospital, near bijli ghar circle, ALWAR, Rajasthan, 301001",(NBEMS-DIPLOMA) FAMILY MEDICINE,SC,SC,Allotted
384,111373,All India,"SHYAM SHAH MEDICAL COLLEGE,deanmcrewa@rediffmail.com, Madhya Pradesh, 486001",M.D. (MICROBIOLOGY),Open,General,Allotted
385,112484,All India,"NALANDA MEDICAL COLLEGE,PATNA,NALANDA MEDICAL COLLEGE,PATNA, OLD BYPASS KANKARBAGH, Bihar, 800026",M.D. (BIOCHEMISTRY),SC,SC,Allotted
386,113375,All India,"Government Medical College, Aurangabad,Government Medical College, Aurangabad, Maharashtra, 431001",M.D. (MICROBIOLOGY),Open,General,Allotted
387,113524,DNB Quota,"Sri Krishna Medical College and Hospital, ,Uma Nagar Muzaffarpur Bihar 842004, Bihar, 842004",(NBEMS) FORENSIC MEDICINE,Open,General,Allotted
388,113706,All India,"B.J.Government Medical College, Pune,B.J.Government Medical College, Pune, Maharashtra, 411001",M.D. (FORENSIC MEDICINE),Open,General,Allotted
389,113747,All India,"GOA MEDICAL COLLEGE,Bambolim, Goa, Goa, 403202",DIP. IN FORENSIC MEDICINE,OBC,OBC,Allotted
390,114204,All India,"Government Medical College Kota,Government Medical College Kota, Rajasthan, 324005",M.D. (BIOCHEMISTRY),Open,General,Allotted
391,114631,All India,"Dr. Sampurnanand Medical College (SNMC), JODHPUR,Dr. Sampurnanand Medical College (SNMC), JODHPUR, Rajasthan, 342001",M.D. (PHYSIOLOGY),EWS,EWS,Allotted
392,114947,Management/Paid Seats Quota,"Jawaharlal Nehru Medical College, Sawangi (Meghe), Wardha-,Jawaharlal Nehru Medical College, Sawangi (Meghe), Wardha-442107, Maharashtra, 442107",M.D. (PATHOLOGY),Open,General,Allotted
393,115021,DNB Quota,"Ispat General Hospital,,Ispat General Hospital Rourkela Steel Plant SAIL Rourkela 769005, Odisha, 769005",(NBEMS) OPHTHALMOLOGY,ST,ST,Allotted
394,115031,All India,"Baba Raghav Das Medical College,Baba Raghav Das Medical College, Gorakhpur, Uttar Pradesh, 273013",MD/MS (Anatomy),OBC,OBC,Allotted
395,115174,All India,"BPS Govt. Medical College for Women, Khanpur Kalan Sonepat,BPS Govt. Medical College for Women, Khanpur Kalan Sonepat, Haryana, 131305",M.D. (PHYSIOLOGY),Open,General,Allotted
396,115664,All India,"RAJIV GANDHI MEDICAL COLLEGE KALWA THANE,RAJIV GANDHI MEDICAL COLLEGE,THANE BELAPUR ROAD, KALWA, THANE, Maharashtra, 400605",M.D. (FORENSIC MEDICINE),Open,OBC,Allotted
397,116040,All India,"GOVT MEDICAL COLLEGE, ANANTAPURAMU,GOVT MEDICAL COLLEGE, ANANTAPURAMU, Andhra Pradesh, 515001",M.D. (FORENSIC MEDICINE),EWS,EWS,Allotted
398,116104,All India,"Dr.V.M.Govt.Medical College,Solapur, Maharasthtra,In front of district court civil chowk Dr.V.M.Govt.Medical College,Solapur, Maharasthtra, Maharashtra, 413003",M.D. (FORENSIC MEDICINE),Open,OBC,Allotted
399,116508,Management/Paid Seats Quota,"SRI SIDDHARTHA MEDICAL COLLEGE, TUMKUR,SRI SIDDHARTHA MEDICAL COLLEGE, TUMKUR, Karnataka, 572107",M.D. (ANAESTHESIOLOGY),Open,General,Allotted
400,116638,DNB Quota,"Government Kamaraj Hospital, ,SP KOIL STREET,CHIDAMBARM,CUDDALORE DISTRICT, Tamil Nadu, 608001",(NBEMS-DIPLOMA) PAEDIATRICS,ST,ST,Allotted
401,117285,Management/Paid Seats Quota,"Pravara Rural Medical College, Loni,Dr. Balasaheb Vikhe Patil Rural Medical College (Formerly Called As Rural Medical College, Loni), Maharashtra, 413736",M.D. (Radiotherapy/ Radiation Oncology),Open,General,Allotted
402,117717,All India,"Dr.V.M.Govt.Medical College,Solapur, Maharasthtra,In front of district court civil chowk Dr.V.M.Govt.Medical College,Solapur, Maharasthtra, Maharashtra, 413003",M.D. (FORENSIC MEDICINE),OBC,OBC,Allotted
403,118279,All India,"Jawaharlal Institute of Medical Sciences, Manipur,Jawaharlal Nehru Institute of Medical Sciences, Porompat, Imphal -East, Manipur-795005, Manipur, 795005",M.D. (FORENSIC MEDICINE),Open,OBC,Allotted
404,118906,All India,"Government Medical College, Miraj,Government Medical College, Miraj, Maharashtra, 416410",M.D. (MICROBIOLOGY),Open,General,Allotted
405,118933,All India,"NETAJI SUBHASH CHANDRA BOSE MEDICAL COLLEGE, JABALPUR ,NETAJI SUBHASH CHANDRA BOSE MEDICAL COLLEGE, NAGPUR ROAD JABALPUR, Madhya Pradesh, 482003",M.D. (PHARMACOLOGY),Open,General,Allotted
406,119020,Management/Paid Seats Quota,"MGM Medical College, Navi Mumbai,MGM Medical College, Sector1, Plot 1-2, Kamothe, Navi Mumbai-, Maharashtra, 410209",M.D. IN TRANSFUSION MEDICINE/ IMMUNO- HAEMATOLOGY and BLOOD TRANSFUSION,Open,General,Allotted
407,119146,DNB Quota,"General Hospital, ,OLD SABJI MANDI HINDUAN GATE KARAULI, Rajasthan, 322241",(NBEMS-DIPLOMA) FAMILY MEDICINE,SC,SC,Allotted
408,119159,All India,"EMPLOYEES STATE INSURANCE CORPORATION MEDICAL COLLEGE AND PGIMSR,EMPLOYEES STATE INSURANCE CORPORATION MEDICAL COLLEGE AND PGIMSR, Karnataka, 560010",MD/MS (Anatomy),Open,OBC,Allotted
409,119230,All India,"IPGME&R and SSKM Hospital Kolkata,244, Acharya J. C. Bose Road, Kolkata-700020, West Bengal, 700020",MD/MS (Anatomy),Open,General,Allotted
410,119632,All India,"Rajmata Shrimati Devendra Kumari Singhdeo Government Medical College, Ambikapur,Kanyaparisar Road Gangapur Ambikapur District Surguja, Chhattisgarh, 497001",M.D. (MICROBIOLOGY),Open,General,Allotted
411,119689,DNB Quota,"Wenlock District Hospital, ,HAMPANAKATTA MANGALORE, Karnataka, 575001",(NBEMS) IMMUNO- HAEMATOLOGY AND BLOOD TRANSFUSION,SC,SC,Allotted
412,119740,All India,"RAJIV GANDHI INSTITUTE OF MEDICAL SCIENCES,RAJIV GANDHI INSTITUTE OF MEDICAL SCIENCES ADILABAD -504001 TELANGANA STATE, Telangana, 504001",M.D. (FORENSIC MEDICINE),OBC,OBC,Allotted
413,119756,DNB Quota,"Government Medical College and Associated Hospital,,JANGLAT MANDI ANANTNAG, JAMMU AND KASHMIR 192101, Jammu And Kashmir, 192101",(NBEMS-DIPLOMA) FAMILY MEDICINE,SC,SC,Allotted
414,119840,All India,"LOKMANYA TILAK MEDICAL COLLEGE MUMBAI,LOKMANYA TILAK MEDICAL COLLEGE MUMBAI, Maharashtra, 400022",DIPLOMA IN PUBLIC HEALTH,SC,SC,Allotted
415,120501,All India,"Sawai Man Singh Medical College, JAIPUR,Sawai Man Singh Medical College, JLN Marg, Jaipur-302004, Rajasthan, 302004",MD/MS (Anatomy),Open,General,Allotted
416,120555,Non-Resident Indian,"DR. D. Y. PATIL MEDICAL COLLEGE, PUNE,Dr. D. Y. Patil Medical College, Hospital and Research Centre, Sant Tukaram Nagar, Pimpri, Pune., Maharashtra, 411018",M.D. (RADIO- DIAGNOSIS),Open,General,Allotted
417,121167,DNB Quota,"Government Medical College and Associated Hospital,,JANGLAT MANDI ANANTNAG, JAMMU AND KASHMIR 192101, Jammu And Kashmir, 192101",(NBEMS) PHARMACOLOGY,Open,General,Allotted
418,121198,Non-Resident Indian,"Mahatma Gandhi Medical College and Research Institute, Pondicherry,SBV Pondicherry Campus, Pillaiyarkuppam, Pondicherry, Puducherry, 607402",M.S. (ORTHOPAEDICS),Open,OBC,Allotted
419,121264,All India,"GOVERNMENT MEDICAL COLLEGE CHANDRAPUR, MAHARASHTRA,TB Hospital Campus, Ram Nagar, Chandrapur - 442401, Maharashtra, 442401",M.D. (FORENSIC MEDICINE),Open,OBC,Allotted
420,121538,All India,"GOVERNMENT MEDICAL COLLEGE CHANDRAPUR, MAHARASHTRA,TB Hospital Campus, Ram Nagar, Chandrapur - 442401, Maharashtra, 442401",M.D. (FORENSIC MEDICINE),Open,General,Allotted
421,121561,All India,"Government Medical College, Aurangabad,Government Medical College, Aurangabad, Maharashtra, 431001",M.D. (FORENSIC MEDICINE),SC,SC,Allotted
422,121596,Non-Resident Indian,"KALINGA INSTITUTE OF MEDICAL SCIENCES,KALINGA INSTITUTE OF MEDICAL SCIENCES, Odisha, 751024",M.D. (ANAESTHESIOLOGY),Open,SC,Allotted
423,121639,Non-Resident Indian,"SHRI. B. M. PATIL MEDICAL COLLEGE HOSPITAL AND RESEARCH CENTRE,SHRI. B. M. PATIL MEDICAL COLLEGE HOSPITAL AND RESEARCH CENTRE, SOLAPUR ROAD, VIJAYAPURA, Karnataka, 586103",M.S. (GENERAL SURGERY),Open,General,Allotted
424,121711,All India,"Murshidabad Medical College and Hospital,Station Road, Berhampore, Murshidabad, West Bengal, 742101",M.D. (PHYSIOLOGY),Open,General,Allotted
425,121771,All India,"Calcutta School Of Tropical Medicine,Calcutta School Of Tropical Medicine, West Bengal, 700073",M.D. (TROPICAL MEDICINE),ST,ST,Allotted
426,121836,All India,"Government Medical College, Bettiah,Government Medical College Bettiah West Champaran Bihar, Bihar, 845438",M.D. (BIOCHEMISTRY),Open,General,Allotted
427,122017,All India,"Seth Gordhandas Sunderdas Medical College, MUMBAI,Seth Gordhandas Sunderdas Medical College, Acharya Donde Marg Parel MUMBAI, Maharashtra, 400012",M.D. (PHYSIOLOGY),Open,General,Allotted
428,122683,All India,"TOPIWALA NATIONAL MEDICAL COLLEGE,TOPIWALA NATIONAL MEDICAL COLLEGE B Y L Nair Ch Hospital, Dr. A.L. Nair Rd, Mumbai Central, Mumbai, Maharashtra, 400008",M.D. (PHYSIOLOGY),Open,General,Allotted
429,122790,Management/Paid Seats Quota,"Mahatma Gandhi Medical College and Research Institute, Pondicherry,SBV Pondicherry Campus, Pillaiyarkuppam, Pondicherry, Puducherry, 607402",M.D. (PATHOLOGY),Open,General,Allotted
430,122862,All India,"Hinduhridayasamrat Balasaheb Thackeray Medical College and Dr. R. N. Cooper Municipal General Hospital, Maharashtra,HBT Medical College and Dr R N Cooper Municipal General Hospital, Bhaktivedanta Swami Rd, JVPD Schem, Maharashtra, 400056",M.D. (PREVENTIVE and SOCIAL MEDICINE)/ COMMUNITY MEDICINE,ST,ST,Allotted
431,123052,All India,"Gulbarga Institute Of Medical Sciences, Kalaburagi,VEERESH NAGAR SEDAM ROAD KALABURAGI, Karnataka, 585105",M.D. (PREVENTIVE and SOCIAL MEDICINE)/ COMMUNITY MEDICINE,SC,SC,Allotted
432,123137,All India,"Pandit Dindayal Upadhyay Medical College, RAJKOT,Pandit Dindayal Upadhyay Medical College, RAJKOT, Gujarat, 360001",M.D. (MICROBIOLOGY),ST,ST,Allotted
433,123509,All India,"Shri Lal Bahadur Shastri Government Medical College and Hospital , ,VPO- Bhangrotu, MC- Ner Chowk, District- Mandi, Himachal Pradesh, 175021",M.D. (MICROBIOLOGY),OBC,OBC,Allotted
434,123644,All India,"Sher-i-Kashmir Institute of Medical Sciences, Srinagar,J&K ,SKIMS, SOURA, SRINAGAR-190011, Jammu And Kashmir, 190011",M.D. (Hospital Administration),SC,SC,Allotted
435,124148,DNB Quota,"Associated Hospital Government Medical College, ,Kanth Bagh Baramulla, Jammu And Kashmir, 193103",(NBEMS-DIPLOMA) FAMILY MEDICINE,SC,SC,Allotted
436,124491,All India,"CHHATTISGARH INSTITUTE OF MEDICAL SCIENCES,CHHATTISGARH INSTITUTE OF MEDICAL SCIENCES, Chhattisgarh, 495001",M.D. (PHARMACOLOGY),SC,SC,Allotted
437,124876,All India,"Government Medical College, Dungarpur,Government Medical College and Associated Group of Hospital, Village Thana, Dungarpur, Rajasthan, 314001",M.D. (PHARMACOLOGY),Open,General,Allotted
438,125746,All India,"GOVERNMENT MEDICAL COLLEGE CHANDRAPUR, MAHARASHTRA,TB Hospital Campus, Ram Nagar, Chandrapur - 442401, Maharashtra, 442401",M.D. (PHARMACOLOGY),Open,General,Allotted
439,126472,All India,"JAWAHARLAL NEHRU MEDICAL COLLEGE, BHAGALPUR,JAWAHARLAL NEHRU MEDICAL COLLEGE, BHAGALPUR, Bihar, 812001",M.D. (PHYSICAL MED. and REHABILITATION),ST,ST,Allotted
440,126478,All India,"Jorhat Medical College & Hospital,Jorhat Medical College & Hospital, Assam, 785001",M.D. (FORENSIC MEDICINE),OBC,OBC,Allotted
441,126801,Management/Paid Seats Quota,"Kasturba Medical College Mangalore, Manipal Academy of Higher Education, Mangalore,Kasturba Medical College Mangalore, Manipal Academy of Higher Education, Mangalore, Karnataka, 575001",M.D. (PATHOLOGY),Open,EWS,Allotted
442,127687,DNB Quota,"APL and ANR Area, Andhra Pradesh,Area Hospital, Gudiwada OPP Head Post office Road, Fire station road, Gudiwada, Andhra Pradesh, 521301",(NBEMS-DIPLOMA) FAMILY MEDICINE,SC,SC,Allotted
443,127726,DNB Quota,"IGM Hospital , ,IGM Chowmuhani, Agartala, Tripura West, Tripura, 799001",(NBEMS-DIPLOMA) FAMILY MEDICINE,SC,SC,Allotted
444,128059,All India,"Indira Gandhi Institute of Medical Sciences, Patna,Indira Gandhi Institute of Medical Sciences, Patna, Bihar, 800014",M.D. (PREVENTIVE and SOCIAL MEDICINE)/ COMMUNITY MEDICINE,SC,SC,Allotted
445,128146,All India,"Rangaraya Medical College,Rangaraya Medical College Beside SP Office , Pithapuram Road, Kakinada, Andhra Pradesh, 533003",M.D. (MICROBIOLOGY),SC,SC,Allotted
446,128319,All India,"Indira Gandhi Medical College Shimla,Indira Gandhi Medical College Shimla, Himachal Pradesh, 171001",M.D. (PHARMACOLOGY),SC,SC,Allotted
447,128650,Non-Resident Indian,"M.M. Institute of Medical Sciences and Research, Ambala,M.M. Institute of Medical Sciences and Research, Ambala, Haryana, 133207",M.D. (GENERAL MEDICINE),Open,General,Allotted
448,129167,Management/Paid Seats Quota,"Bharati Vidyapeeth (Deemed to be University) Medical College and Hospital, Sangli,Bharati Vidyapeeth (Deemed to be University) Medical College and Hospital, Sangli, Maharashtra, 416416",M.D. (PREVENTIVE and SOCIAL MEDICINE)/ COMMUNITY MEDICINE,Open,General,Allotted
449,129390,All India,"Jorhat Medical College & Hospital,Jorhat Medical College & Hospital, Assam, 785001",M.D. (MICROBIOLOGY),Open,General,Allotted
450,129823,All India,"Seth Gordhandas Sunderdas Medical College, MUMBAI,Seth Gordhandas Sunderdas Medical College, Acharya Donde Marg Parel MUMBAI, Maharashtra, 400012",M.D. (PHYSIOLOGY),Open,General,Allotted
451,130281,All India,"Gandhi Medical College, Bhopal,Gandhi Medical College, Bhopal, Madhya Pradesh, 462001",M.D. (PHYSIOLOGY),SC,SC,Allotted
452,130402,All India,"VARDHMAN INSTITUTE OF MEDICAL SCIENCES, NALANDA,BMIMS CAMPUS, PAWAPURI, NALANDA, Bihar, 803115",M.D. (PHYSIOLOGY),Open,General,Allotted
453,130468,All India,"Agartala Government Medical College,Agartala Government Medical College, Tripura, 799006",M.D. (PHARMACOLOGY),OBC,OBC,Allotted
454,131456,All India,"Government Medical College, Nagpur,Government Medical College, Nagpur, Maharashtra, 440003",M.D. (MICROBIOLOGY),OBC,OBC,Allotted
455,131711,All India,"JAWAHAR LAL NEHRU MEDICAL COLLEGE, AJMER,NEAR PATEL STADIUM, AJMER, Rajasthan, 305001",M.D. (BIOCHEMISTRY),Open,EWS,Allotted
456,131932,DNB Quota,"GMERS Medical College and General Hospital, ,Kharvad medan Sipor road Vadnagar, Gujarat, 384355",(NBEMS) MICROBIOLOGY,Open,General,Allotted
457,132315,All India,"GOA MEDICAL COLLEGE,Bambolim, Goa, Goa, 403202",DIP. IN FORENSIC MEDICINE,SC,SC PwD,Allotted
458,132587,All India,"NIL RATAN SIRCAR MEDICAL COLLEGE,NIL RATAN SIRCAR MEDICAL COLLEGE, 138 AJC BOSE ROAD, KOLKATA-700014., West Bengal, 700014",M.D. (MICROBIOLOGY),SC,SC,Allotted
459,132931,All India,"COIMBATORE MEDICAL COLLEGE,COIMBATORE MEDICAL COLLEGE, Tamil Nadu, 641014",M.D. (PHYSIOLOGY),SC,SC,Allotted
460,132976,All India,"DARBHANGA MEDICAL COLLEGE,Sheetal Prasad Marg, Laheriasarai, Darbhanga, Bihar, Bihar, 846003",M.D. (PHYSIOLOGY),OBC,OBC,Allotted
461,133607,All India,"Govt. Medical College, Bhavnagar,Near. S.T. Bus Stand,Jail Road, Bhavnagar-364001, Gujarat, 364001",M.D. (MICROBIOLOGY),SC,SC,Allotted
462,134327,All India,"Govt. Medical College, Jammu,Govt. Medical College, Bakshi Nagar, Jamu, Jammu And Kashmir, 180001",M.D. (PHYSIOLOGY),Open,General,Allotted
463,134339,All India,"Dr.V.M.Govt.Medical College,Solapur, Maharasthtra,In front of district court civil chowk Dr.V.M.Govt.Medical College,Solapur, Maharasthtra, Maharashtra, 413003",M.D. (PHARMACOLOGY),OBC,OBC,Allotted
464,134998,All India,"Andhra Medical College,Andhra Medical College, Andhra Pradesh, 530002",M.D. (PHYSIOLOGY),Open,SC,Allotted
465,135598,All India,"Assam Medical College,Assam Medical College, Assam, 786002",M.D. (PREVENTIVE and SOCIAL MEDICINE)/ COMMUNITY MEDICINE,SC,SC,Allotted
466,135624,All India,"Agartala Government Medical College,Agartala Government Medical College, Tripura, 799006",M.D. (FORENSIC MEDICINE),OBC,OBC,Allotted
467,136022,All India,"Gulbarga Institute Of Medical Sciences, Kalaburagi,VEERESH NAGAR SEDAM ROAD KALABURAGI, Karnataka, 585105",M.D. (PHARMACOLOGY),OBC,OBC,Allotted
468,136035,Management/Paid Seats Quota,"MGM Medical College, Navi Mumbai,MGM Medical College, Sector1, Plot 1-2, Kamothe, Navi Mumbai-, Maharashtra, 410209",M.D. IN TRANSFUSION MEDICINE/ IMMUNO- HAEMATOLOGY and BLOOD TRANSFUSION,Open,General,Allotted
469,136048,All India,"GOA MEDICAL COLLEGE,Bambolim, Goa, Goa, 403202",M.D. (MICROBIOLOGY),SC,SC,Allotted
470,136372,All India,"Baba Raghav Das Medical College,Baba Raghav Das Medical College, Gorakhpur, Uttar Pradesh, 273013",M.D. (PATHOLOGY),ST,ST,Allotted
471,137073,Management/Paid Seats Quota,"MGM Medical College, Navi Mumbai,MGM Medical College, Sector1, Plot 1-2, Kamothe, Navi Mumbai-, Maharashtra, 410209",M.D. IN TRANSFUSION MEDICINE/ IMMUNO- HAEMATOLOGY and BLOOD TRANSFUSION,Open,OBC,Allotted
472,137240,All India,"Bangalore Medical College and Research Institute,Bangalore Medical College and Research Institute, Karnataka, 560002",MD/MS (Anatomy),Open,General,Allotted
473,137689,All India,"Andhra Medical College,Andhra Medical College, Andhra Pradesh, 530002",M.D. (BIOCHEMISTRY),Open,General,Allotted
474,137993,DNB Quota,"District Hospital, Sagar, Madhya Pradesh,shivaji ward tilli road sagar, Madhya Pradesh, 470002",(NBEMS-DIPLOMA) PAEDIATRICS,ST,ST,Allotted
475,137994,All India,"Late Baliram Kashyap Memorial Govt Medical Dimrapal,Late Baliram Kashyap Memorial Govt Medical Dimrapal, Chhattisgarh, 494001",M.D. (FORENSIC MEDICINE),OBC,OBC,Allotted
476,138044,DNB Quota,"Ranaghat Sub Division Hospital, West Bengal,Jagpur Road, West Bengal, 741255",(NBEMS-DIPLOMA) PAEDIATRICS,ST,ST,Allotted
477,138371,DNB Quota,"Government Multi Specialty Hospital, ,Director Health and Family Welfare Govt. Multi Speciality Hospital Sector 16 Chandigarh, Chandigarh, 160016",(NBEMS-DIPLOMA) FAMILY MEDICINE,ST,ST,Allotted
478,138388,All India,"Tezpur Medical College,Tumuki, Bihaguri, Tezpur, Sonitpur, Assam, Assam, 784010",M.D. (MICROBIOLOGY),Open,General,Allotted
479,138735,All India,"Andhra Medical College,Andhra Medical College, Andhra Pradesh, 530002",M.D. (BIOCHEMISTRY),Open,General,Allotted
480,138798,All India,"Seth Gordhandas Sunderdas Medical College, MUMBAI,Seth Gordhandas Sunderdas Medical College, Acharya Donde Marg Parel MUMBAI, Maharashtra, 400012",M.D. (PHYSIOLOGY),Open,General,Allotted
481,138978,All India,"MEDICAL COLLEGE, KOLKATA,MEDICAL COLLEGE, KOLKATA, West Bengal, 700073",M.D. (FORENSIC MEDICINE),SC,SC,Allotted
482,139002,All India,"VSS INSTITUTE OF MEDICAL SCIENCES AND RESEARCH,BURLA,VSS INSTITUTE OF MEDICAL SCIENCES AND RESEARCH,BURLA, Odisha, 768017",M.D. (PHARMACOLOGY),OBC,OBC,Allotted
483,140436,Management/Paid Seats Quota,"Jawaharlal Nehru Medical College, Sawangi (Meghe), Wardha-,Jawaharlal Nehru Medical College, Sawangi (Meghe), Wardha-442107, Maharashtra, 442107",M.D. (PATHOLOGY),Open,OBC,Allotted
484,140584,All India,"Atal Bihari Vajpayee Government Medical College, Vidisha,NH 86 INFRONT OF KHEL PARISAR SANCHI ROAD VIDISHA MP, Madhya Pradesh, 464001",M.D. (BIOCHEMISTRY),Open,General,Allotted
485,140850,All India,"MANDYA INSTITUTE OF MEDICAL SCIENCES,MANDYA INSTITUTE OF MEDICAL SCIENCES MANDYA, Karnataka, 571401",M.D. (BIOCHEMISTRY),Open,OBC,Allotted
486,141215,All India,"B.J.Government Medical College, Pune,B.J.Government Medical College, Pune, Maharashtra, 411001",M.D. (PHYSIOLOGY),Open,General,Allotted
487,141353,All India,"Sarojini Naidu Medical College, AGRA,Sarojini Naidu Medical College, AGRA, Uttar Pradesh, 282002",M.D. (PREVENTIVE and SOCIAL MEDICINE)/ COMMUNITY MEDICINE,ST,ST,Allotted
488,141445,All India,"NETAJI SUBHASH CHANDRA BOSE MEDICAL COLLEGE, JABALPUR ,NETAJI SUBHASH CHANDRA BOSE MEDICAL COLLEGE, NAGPUR ROAD JABALPUR, Madhya Pradesh, 482003",M.D. (PHYSIOLOGY),Open,General,Allotted
489,141584,All India,"Calcutta School Of Tropical Medicine,Calcutta School Of Tropical Medicine, West Bengal, 700073",DIPLOMA IN CLINICAL PATHOLOGY,EWS,EWS,Allotted
490,141893,All India,"VSS INSTITUTE OF MEDICAL SCIENCES AND RESEARCH,BURLA,VSS INSTITUTE OF MEDICAL SCIENCES AND RESEARCH,BURLA, Odisha, 768017",M.D. (PHARMACOLOGY),SC,SC,Allotted
491,142191,Management/Paid Seats Quota,"SRI SIDDHARTHA MEDICAL COLLEGE, TUMKUR,SRI SIDDHARTHA MEDICAL COLLEGE, TUMKUR, Karnataka, 572107",M.D. (PATHOLOGY),Open,General,Allotted
492,142399,Management/Paid Seats Quota,"Institute of Medical Sciences and SUM Hospital, Bhubaneswar,Institute of Medical Sciences and SUM Hospital K 8 Kalinga Nagar PO Mahalaxmi Vihar Bhubaneswar, Odisha, 751029",M.D. (MICROBIOLOGY),Open,OBC,Allotted
493,142466,All India,"RAICHUR INSTITUTE OF MEDICAL SCIENCES,RAICHUR INSTITUTE OF MEDICAL SCIENCES, Karnataka, 584102",M.D. (PHARMACOLOGY),OBC,OBC,Allotted
494,142515,All India,"JHALAWAR MEDICAL COLLEGE,JHALAWAR MEDICAL COLLEGE, JHALAWAR, Rajasthan, 326001",M.D. (BIOCHEMISTRY),Open,General,Allotted
495,142585,All India,"Andhra Medical College,Andhra Medical College, Andhra Pradesh, 530002",M.D. (BIOCHEMISTRY),OBC,OBC,Allotted
496,142705,All India,"NIL RATAN SIRCAR MEDICAL COLLEGE,NIL RATAN SIRCAR MEDICAL COLLEGE, 138 AJC BOSE ROAD, KOLKATA-700014., West Bengal, 700014",M.D. (FORENSIC MEDICINE),OBC,OBC,Allotted
497,142881,Management/Paid Seats Quota,"Shri Sathya Sai Medical College and Research Institute,Kancheepuram,Shri Sathya Sai Nagar, SBV Chennai Campus, Ammapettai, Chengalpattu District, Tamil Nadu, 603108",M.D. (PATHOLOGY),Open,OBC,Allotted
498,143075,All India,"B. J. MEDICAL COLLEGE, Ahmedabad,B.J. Medical College, New Civil Hospital Asarwa,Ahmedabad-380016,Gujarat,India, Gujarat, 380016",M.D. (FORENSIC MEDICINE),SC,SC,Allotted
499,143883,Management/Paid Seats Quota,"DR D Y PATIL MEDICAL COLLEGE, NAVI MUMBAI,DR D Y PATIL MEDICAL COLLEGE, NAVI MUMBAI, Maharashtra, 400706",M.D. IN TRANSFUSION MEDICINE/ IMMUNO- HAEMATOLOGY and BLOOD TRANSFUSION,Open,General,Allotted
500,144103,All India,"Sawai Man Singh Medical College, JAIPUR,Sawai Man Singh Medical College, JLN Marg, Jaipur-302004, Rajasthan, 302004",MD/MS (Anatomy),OBC,OBC,Allotted
501,144108,All India,"Regional Institute of Medical Sciences, Imphal,Regional Institute of Medical Sciences, Imphal, Lamphelpat, Manipur, 795004",M.D. (BIOCHEMISTRY),SC,SC,Allotted
502,144407,All India,"JAWAHARLAL NEHRU MEDICAL COLLEGE, BHAGALPUR,JAWAHARLAL NEHRU MEDICAL COLLEGE, BHAGALPUR, Bihar, 812001",MD/MS (Anatomy),Open,General,Allotted
503,144414,Management/Paid Seats Quota,"M.M. Institute of Medical Sciences and Research, Ambala,M.M. Institute of Medical Sciences and Research, Ambala, Haryana, 133207",M.D. (FORENSIC MEDICINE),Open,General,Allotted
504,144890,All India,"Government Medical College, Aurangabad,Government Medical College, Aurangabad, Maharashtra, 431001",M.D. (BIOCHEMISTRY),OBC,OBC,Allotted
505,145078,All India,"Sher-i-Kashmir Institute of Medical Sciences, Srinagar,J&K ,SKIMS, SOURA, SRINAGAR-190011, Jammu And Kashmir, 190011",DIP.IN IMMUNO- HAEMATOLOGY and BLOOD TRANSFUSION,SC,SC,Allotted
506,145157,All India,"R G KAR MEDICAL COLLEGE, West Bengal,R G KAR MEDICAL COLLEGE,1 KHUDIRAM BOSE SARANI,KOLKATA, West Bengal, West Bengal, 700004",M.D. (MICROBIOLOGY),OBC,OBC,Allotted
507,145158,All India,"Karwar Institute of Medical Sciences, Karnataka,MG Road, Karnataka, 581301",MD/MS (Anatomy),Open,General,Allotted
508,145587,All India,"Grant Medical College, Maharashtra,Grant Medical College, Maharashtra, Maharashtra, 400008",M.D. (BIOCHEMISTRY),Open,General,Allotted
509,145648,DNB Quota,"Associated Hospital Government Medical College, ,Government Medical College Chack Sajjan Kathua, Jammu And Kashmir, 184101",(NBEMS) PHYSIOLOGY,Open,General,Allotted
510,145659,Management/Paid Seats Quota,"Rajarajeswari Medical College and Hospital,No. 202, Kambipura, Mysore Road, Bengaluru, Karnataka, 560074",M.D. (MICROBIOLOGY),Open,General,Allotted
511,145730,All India,"Govt. Medical College Akola,Govt. Medical College Akola, Maharashtra, 444001",M.D. (PHARMACOLOGY),OBC,OBC,Allotted
512,146183,All India,"Agartala Government Medical College,Agartala Government Medical College, Tripura, 799006",M.D. (BIOCHEMISTRY),Open,General,Allotted
513,146203,Management/Paid Seats Quota,"Bharati Vidyapeeth (Deemed to be University) Medical College and Hospital, Sangli,Bharati Vidyapeeth (Deemed to be University) Medical College and Hospital, Sangli, Maharashtra, 416416",M.D. (PREVENTIVE and SOCIAL MEDICINE)/ COMMUNITY MEDICINE,Open,OBC,Allotted
514,146665,Management/Paid Seats Quota,"VINAYAKA MISSIONS MEDICAL COLLEGE AND HOSPITAL, KARAIKAL,KEEZHAKASAKUDIMEDU, KOTTUCHERRY (POST), KARAIKAL, UT of PUDUCHERRY, Puducherry, 609609",M.D. (PATHOLOGY),Open,General,Allotted
515,146735,All India,"GAJRA RAJA MEDICAL COLLEGE GWALIOR,GAJRA RAJA MEDICAL COLLEGE GWALIOR, Madhya Pradesh, 474009",MD/MS (Anatomy),Open,General,Allotted
516,147383,Management/Paid Seats Quota,"A.C.S. Medical College and Hospital,A.C.S. Medical College and Hospital, Tamil Nadu, 600077",M.D. (PATHOLOGY),Open,General,Allotted
517,147735,All India,"Pandit Bhagwat Dayal Sharma Post Graduate Institute of Medical Sciences, Rohtak,Pandit Bhagwat Dayal Sharma Post Graduate Institute of Medical Sciences, Rohtak, Haryana, 124001",MD/MS (Anatomy),Open,OBC,Allotted
518,147835,All India,"Pt. Jawahar Lal Nehru Memorial Medical College, RAIPUR,Pt. Jawahar Lal Nehru Memorial Medical College, RAIPUR, Chhattisgarh, 492001",M.D. (BIOCHEMISTRY),OBC,OBC,Allotted
519,147927,Non-Resident Indian,"SRM MEDICAL COLLEGE HOSPITAL AND RESEARCH CENTRE, SRM INSTITUTE OF SCIENCE AND TECHNOLOGY,SRM MEDICAL COLLEGE HOSPITAL AND RESEARCH CENTRE,SRM IST, KATTANKULATHUR , CHENGALPATTU DIST, Tamil Nadu, 603203",M.S. (OPHTHALMOLOGY),Open,OBC,Allotted
520,148594,All India,"RAJIV GANDHI INSTITUTE OF MEDICAL SCIENCES,RAJIV GANDHI INSTITUTE OF MEDICAL SCIENCES ADILABAD -504001 TELANGANA STATE, Telangana, 504001",M.D. (PHYSIOLOGY),Open,GNYes,Allotted
521,148662,All India,"Government Medical College, Aurangabad,Government Medical College, Aurangabad, Maharashtra, 431001",M.D. (MICROBIOLOGY),SC,SC,Allotted
522,148677,All India,"PATNA MEDICAL COLLEGE, PATNA,PATNA MEDICAL COLLEGE, PATNA, Bihar, 800004",M.D. (PHARMACOLOGY),SC,SC,Allotted
523,148707,All India,"Govt. Medical College Akola,Govt. Medical College Akola, Maharashtra, 444001",M.D. (BIOCHEMISTRY),Open,General,Allotted
524,148780,All India,"Rajarshee Chhatrapati Shahu Maharaj Government Medical College, Kolhapur,R.K. Nagar Road, Shenda Park, Kolhapur, Maharashtra, Maharashtra, 416012",M.D. (BIOCHEMISTRY),Open,General,Allotted
525,148893,All India,"B. J. MEDICAL COLLEGE, Ahmedabad,B.J. Medical College, New Civil Hospital Asarwa,Ahmedabad-380016,Gujarat,India, Gujarat, 380016",MD/MS (Anatomy),Open,General,Allotted
526,148921,All India,"Lady Hardinge Medical College,Lady Hardinge Medical College, Delhi (NCT), 110001",M.D. (PHYSIOLOGY),EWS,EWS,Allotted
527,149141,All India,"Jorhat Medical College & Hospital,Jorhat Medical College & Hospital, Assam, 785001",M.D. (PHYSIOLOGY),Open,General,Allotted
528,149493,All India,"Dr. Rajendra Prasad Government Medical College, Tanda,Dr. Rajendra Prasad Government Medical College, Tanda, Himachal Pradesh, 176002",M.D. (BIOCHEMISTRY),ST,ST,Allotted
529,149742,Non-Resident Indian,"SHRI. B. M. PATIL MEDICAL COLLEGE HOSPITAL AND RESEARCH CENTRE,SHRI. B. M. PATIL MEDICAL COLLEGE HOSPITAL AND RESEARCH CENTRE, SOLAPUR ROAD, VIJAYAPURA, Karnataka, 586103",M.D. (PATHOLOGY),Open,General,Allotted
530,150100,Management/Paid Seats Quota,"A.C.S. Medical College and Hospital,A.C.S. Medical College and Hospital, Tamil Nadu, 600077",M.D. (MICROBIOLOGY),Open,SC,Allotted
531,150411,Non-Resident Indian,"SRM MEDICAL COLLEGE HOSPITAL AND RESEARCH CENTRE, SRM INSTITUTE OF SCIENCE AND TECHNOLOGY,SRM MEDICAL COLLEGE HOSPITAL AND RESEARCH CENTRE,SRM IST, KATTANKULATHUR , CHENGALPATTU DIST, Tamil Nadu, 603203",M.S. (E.N.T.),Open,General,Allotted
532,150874,All India,"Kakatiya Medical College,Kakatiya Medical College, Telangana, 506007",M.D. (FORENSIC MEDICINE),ST,ST,Allotted
533,150924,All India,"Agartala Government Medical College,Agartala Government Medical College, Tripura, 799006",M.D. (PHYSIOLOGY),Open,General,Allotted
534,150961,Non-Resident Indian,"M.M. Institute of Medical Sciences and Research, Ambala,M.M. Institute of Medical Sciences and Research, Ambala, Haryana, 133207",M.S. (OPHTHALMOLOGY),Open,General,Allotted
535,151100,Management/Paid Seats Quota,"Vinayaka Missions Kirupananda Variyar Medical College and Hospital, Salem,Sankari Main Road, NH-47, Seeragapadi, Salem, Tamil Nadu, 636308",M.D. (PHARMACOLOGY),Open,OBC,Allotted
536,151681,All India,"GADAG INSTITUTE OF MEDICAL SCIENCES GADAG,Gadag Institute of Medical Sciences Mallasamudra Gadag-582103, Karnataka, 582103",M.D. (BIOCHEMISTRY),Open,General,Allotted
537,152351,All India,"Burdwan Medical College, West Bengal,Burdwan Medical College, West Bengal, West Bengal, 713104",M.D. (BIOCHEMISTRY),Open,General,Allotted
538,152729,All India,"Government medical college patiala.,Government medical college patiala., Punjab, 147001",M.D. (PHYSIOLOGY),SC,SC,Allotted
539,153538,All India,"Uttar Pradesh University of Medical Sciences, Saifai, Etawah,Uttar Pradesh University of Medical Sciences, Saifai, Etawah, Uttar Pradesh, 206130",MD/MS (Anatomy),Open,General,Allotted
540,153607,Management/Paid Seats Quota,"Jawaharlal Nehru Medical College, Belagavi,Jawaharlal Nehru Medical College, Belagavi, Karnataka, 590010",M.D. (FORENSIC MEDICINE),Open,OBC,Allotted
541,154283,All India,"Tezpur Medical College,Tumuki, Bihaguri, Tezpur, Sonitpur, Assam, Assam, 784010",M.D. (MICROBIOLOGY),SC,SC,Allotted
542,154571,All India,"Bankura Sammilani Medical College,Bankura Sammilani Medical College, West Bengal, 722102",M.D. (PHARMACOLOGY),OBC,OBC,Allotted
543,155670,All India,"PATNA MEDICAL COLLEGE, PATNA,PATNA MEDICAL COLLEGE, PATNA, Bihar, 800004",MD/MS (Anatomy),OBC,OBC,Allotted
544,155762,All India,"Seth Gordhandas Sunderdas Medical College, MUMBAI,Seth Gordhandas Sunderdas Medical College, Acharya Donde Marg Parel MUMBAI, Maharashtra, 400012",MD/MS (Anatomy),Open,General,Allotted
545,156884,All India,"IPGME&R and SSKM Hospital Kolkata,244, Acharya J. C. Bose Road, Kolkata-700020, West Bengal, 700020",M.D. (PHYSIOLOGY),Open,General,Allotted
546,156953,DNB Quota,"Associated Hospital Government Medical College, ,Government Medical College Chack Sajjan Kathua, Jammu And Kashmir, 184101",(NBEMS) PHARMACOLOGY,OBC,OBC,Allotted
547,156982,All India,"Rajendra Institute of Medical Sciences, Ranchi,Rajendra Institute of Medical Sciences, Ranchi, Jharkhand, 834009",MD/MS (Anatomy),OBC,OBC,Allotted
548,157014,All India,"Midnapore Medical College and Hospital,Midnapore Medical College and Hospital, West Bengal, 721101",M.D. (PHARMACOLOGY),OBC,OBC,Allotted
549,157128,All India,"Indira Gandhi Medical College Shimla,Indira Gandhi Medical College Shimla, Himachal Pradesh, 171001",M.D. (PREVENTIVE and SOCIAL MEDICINE)/ COMMUNITY MEDICINE,EWS,EWS,Allotted
550,157250,All India,"PATNA MEDICAL COLLEGE, PATNA,PATNA MEDICAL COLLEGE, PATNA, Bihar, 800004",M.D. (BIOCHEMISTRY),SC,SC,Allotted
551,157310,All India,"ANUGRAH NARAYAN MAGADH MEDICAL COLLEGE,ANUGRAH NARAYAN MAGADH MEDICAL COLLEGE, Bihar, 823001",M.D. (PHARMACOLOGY),SC,SC,Allotted
552,157315,All India,"Mahatma Gandhi Memorial Medical College, Indore,Mahatma Gandhi Memorial Medical College, Indore, Madhya Pradesh, 452001",M.D. (BIOCHEMISTRY),OBC,OBC,Allotted
553,157799,All India,"GOVERNMENT MEDICAL COLLEGE, AZAMGARH,Chakrapan Pur, Azamgarh (U.P.), Uttar Pradesh, 276128",MD/MS (Anatomy),OBC,OBC,Allotted
554,158036,All India,"JAWAHAR LAL NEHRU MEDICAL COLLEGE, AJMER,NEAR PATEL STADIUM, AJMER, Rajasthan, 305001",M.D. (MICROBIOLOGY),SC,SC,Allotted
555,158237,All India,"Government Medical College, Nagpur,Government Medical College, Nagpur, Maharashtra, 440003",MD/MS (Anatomy),OBC,OBC,Allotted
556,158273,All India,"DARBHANGA MEDICAL COLLEGE,Sheetal Prasad Marg, Laheriasarai, Darbhanga, Bihar, Bihar, 846003",MD/MS (Anatomy),OBC,OBC,Allotted
557,158353,DNB Quota,"Government Medical College and Associated Hospital,,JANGLAT MANDI ANANTNAG, JAMMU AND KASHMIR 192101, Jammu And Kashmir, 192101",(NBEMS) COMMUNITY MEDICINE,SC,SC,Allotted
558,158555,All India,"Mahatma Gandhi Memorial Medical College, Indore,Mahatma Gandhi Memorial Medical College, Indore, Madhya Pradesh, 452001",MD/MS (Anatomy),Open,General,Allotted
559,158682,All India,"Government Medical College, Gondia,Nehru Chowk, KTS General Hospital Campus, Govt. Medical College, Gondia. 441601. Maharashtra., Maharashtra, 441601",M.D. (BIOCHEMISTRY),OBC,OBC,Allotted
560,158756,DNB Quota,"District Hospital , Jammu and Kashmir ,Court road pulwama, Jammu And Kashmir, 192301",(NBEMS-DIPLOMA) PAEDIATRICS,ST,ST,Allotted
561,158772,All India,"Government Medical College, Datia,Near 29 Batallion, National Highway 44, Dist Datia, Madhya Pradesh Pin - 475661, Madhya Pradesh, 475661",M.D. (PHYSIOLOGY),Open,OBC,Allotted
562,159419,All India,"Govt. Doon Medical College, Dehradun,Govt. Doon Medical College Dehrakhas, Patel Nagar Dehradun 248001, Uttarakhand, 248001",MD/MS (Anatomy),SC,SC,Allotted
563,160729,All India,"Shri Vasantrao Naik Govt Medical College Yavatmal,Shri Vasantrao Naik Govt Medical College Yavatmal, Maharashtra, 445001",M.D. (MICROBIOLOGY),OBC,OBC,Allotted
564,160959,DNB Quota,"Government General Hospital, ,GOVERNMENT GENERAL HOSPITAL, ALANPUR LINK ROAD SAWAI MADHOPUR 322001, Rajasthan, 322001",(NBEMS-DIPLOMA) FAMILY MEDICINE,ST,ST,Allotted
565,161170,All India,"DARBHANGA MEDICAL COLLEGE,Sheetal Prasad Marg, Laheriasarai, Darbhanga, Bihar, Bihar, 846003",M.D. (MICROBIOLOGY),SC,SC,Allotted
566,161386,All India,"Rangaraya Medical College,Rangaraya Medical College Beside SP Office , Pithapuram Road, Kakinada, Andhra Pradesh, 533003",M.D. (PREVENTIVE and SOCIAL MEDICINE)/ COMMUNITY MEDICINE,EWS,EWS,Allotted
567,161578,Management/Paid Seats Quota,"Santosh Medical College and Hospital, Ghaziabad, NCR Delhi,Santosh Medical College and Hospital, Ghaziabad, Delhi NCR, Uttar Pradesh, 201009",DIPLOMA IN PUBLIC HEALTH,Open,OBC,Allotted
568,161691,All India,"SHIMOGA INSTITUTE OF MEDICAL SCIENCES,SHIMOGA INSTITUTE OF MEDICAL SCIENCES, Karnataka, 577201",M.D. (PHYSIOLOGY),Open,General,Allotted
569,162064,All India,"Mahatma Gandhi Institute of Medical Sciences, Wardha,Mahatma Gandhi Institute of Medical Sciences, Sevagram, Wardha, Maharashtra, 442102",M.D. (PHYSIOLOGY),Open,OBC,Allotted
570,162185,All India,"Government Medical College, Baramati,Plot No P-107 Opposite Women Hospital Baramati MIDC Area Baramati Tehsil Baramati Dist Pune, Maharashtra, 413133",M.D. (PHYSIOLOGY),Open,General,Allotted
571,162322,All India,"Andhra Medical College,Andhra Medical College, Andhra Pradesh, 530002",M.D. (PHYSIOLOGY),SC,SC,Allotted
572,162621,All India,"Assam Medical College,Assam Medical College, Assam, 786002",M.D. (PHYSIOLOGY),Open,General,Allotted
573,162869,All India,"JHALAWAR MEDICAL COLLEGE,JHALAWAR MEDICAL COLLEGE, JHALAWAR, Rajasthan, 326001",MD/MS (Anatomy),Open,General,Allotted
574,162923,All India,"Bangalore Medical College and Research Institute,Bangalore Medical College and Research Institute, Karnataka, 560002",M.D. (FORENSIC MEDICINE),EWS,EWS,Allotted
575,162963,All India,"DR. SHANKARRAO CHAVAN GOVERNMENT MEDICAL COLLEGE, NANDED,DR. SHANKARRAO CHAVAN GOVERNMENT MEDICAL COLLEGE, VISHNUPURI, NANDED, Maharashtra, 431606",M.D. (BIOCHEMISTRY),Open,General,Allotted
576,163192,Management/Paid Seats Quota,"Chettinad Hospital and Research Institute,Rajiv Gandhi Salai, Kelambakkam, Chengalpattu District, Tamil Nadu, 603103",MD/MS (Anatomy),Open,OBC,Allotted
577,163486,All India,"Government Medical College, Datia,Near 29 Batallion, National Highway 44, Dist Datia, Madhya Pradesh Pin - 475661, Madhya Pradesh, 475661",M.D. (BIOCHEMISTRY),Open,General,Allotted
578,164111,All India,"Bankura Sammilani Medical College,Bankura Sammilani Medical College, West Bengal, 722102",M.D. (PHYSIOLOGY),Open,General,Allotted
579,164304,All India,"Sardar Patel Medical College, Bikaner,Sardar Patel Medical College, Bikaner, Rajasthan, 334003",M.D. (BIOCHEMISTRY),OBC,OBC,Allotted
580,164373,All India,"MANDYA INSTITUTE OF MEDICAL SCIENCES,MANDYA INSTITUTE OF MEDICAL SCIENCES MANDYA, Karnataka, 571401",M.D. (PHYSIOLOGY),Open,General,Allotted
581,165223,Management/Paid Seats Quota,"DR. D. Y. PATIL MEDICAL COLLEGE, PUNE,Dr. D. Y. Patil Medical College, Hospital and Research Centre, Sant Tukaram Nagar, Pimpri, Pune., Maharashtra, 411018",M.D. (MICROBIOLOGY),Open,General,Allotted
582,165288,All India,"Uttar Pradesh University of Medical Sciences, Saifai, Etawah,Uttar Pradesh University of Medical Sciences, Saifai, Etawah, Uttar Pradesh, 206130",MD/MS (Anatomy),SC,SC,Allotted
583,165356,All India,"DARBHANGA MEDICAL COLLEGE,Sheetal Prasad Marg, Laheriasarai, Darbhanga, Bihar, Bihar, 846003",M.D. (MICROBIOLOGY),SC,SC,Allotted
584,165476,All India,"Dr. Sampurnanand Medical College (SNMC), JODHPUR,Dr. Sampurnanand Medical College (SNMC), JODHPUR, Rajasthan, 342001",MD/MS (Anatomy),Open,General,Allotted
585,165889,All India,"North Bengal Medical College,North Bengal Medical College, West Bengal, 734012",M.D. (PHYSIOLOGY),Open,General,Allotted
586,165957,All India,"DR. SHANKARRAO CHAVAN GOVERNMENT MEDICAL COLLEGE, NANDED,DR. SHANKARRAO CHAVAN GOVERNMENT MEDICAL COLLEGE, VISHNUPURI, NANDED, Maharashtra, 431606",M.D. (BIOCHEMISTRY),Open,OBC,Allotted
587,166359,All India,"BIDAR INSTITUTE OF MEDICAL SCIENCES, BIDAR,BIDAR INSTITUTE OF MEDICAL SCIENCES, BIDAR, Karnataka, 585401",M.D. (PHYSIOLOGY),Open,General,Allotted
588,166396,All India,"Government Medical College, Miraj,Government Medical College, Miraj, Maharashtra, 416410",M.D. (PHYSIOLOGY),Open,General,Allotted
589,166623,Management/Paid Seats Quota,"Shri Sathya Sai Medical College and Research Institute,Kancheepuram,Shri Sathya Sai Nagar, SBV Chennai Campus, Ammapettai, Chengalpattu District, Tamil Nadu, 603108",M.D. (MICROBIOLOGY),Open,General,Allotted
590,166715,Management/Paid Seats Quota,"Bharati Vidyapeeth (Deemed to be University) Medical College and Hospital, Sangli,Bharati Vidyapeeth (Deemed to be University) Medical College and Hospital, Sangli, Maharashtra, 416416",M.D. (PREVENTIVE and SOCIAL MEDICINE)/ COMMUNITY MEDICINE,Open,OBC,Allotted
591,167218,Management/Paid Seats Quota,"MGM Medical College, Aurangabad,MGM Medical College, Aurangabad, Maharashtra, 431003",M.D. (MICROBIOLOGY),Open,General,Allotted
592,167503,Management/Paid Seats Quota,"Bharati Vidyapeeth (Deemed to be University) Medical College and Hospital, Sangli,Bharati Vidyapeeth (Deemed to be University) Medical College and Hospital, Sangli, Maharashtra, 416416",M.D. (PREVENTIVE and SOCIAL MEDICINE)/ COMMUNITY MEDICINE,Open,General,Allotted
593,167849,All India,"Mahatma Gandhi Memorial Medical College, Jamshedpur,Mahatma Gandhi Memorial Medical College, Jamshedpur, Jharkhand, 831020",M.D. (PHYSIOLOGY),OBC,OBC,Allotted
594,168038,All India,"Assam Medical College,Assam Medical College, Assam, 786002",MD/MS (Anatomy),Open,General,Allotted
595,168128,All India,"Government Medical College, Gondia,Nehru Chowk, KTS General Hospital Campus, Govt. Medical College, Gondia. 441601. Maharashtra., Maharashtra, 441601",M.D. (PHARMACOLOGY),SC,SC,Allotted
596,168513,All India,"Karnataka Institute of Medical Sciences, Hubballi,Karnataka Institute of Medical Sciences, Hubballi, Karnataka, 580021",M.D. (PHYSIOLOGY),OBC,OBC,Allotted
597,168624,All India,"DARBHANGA MEDICAL COLLEGE,Sheetal Prasad Marg, Laheriasarai, Darbhanga, Bihar, Bihar, 846003",M.D. (PHARMACOLOGY),EWS,EWS,Allotted
598,168669,All India,"Seth Gordhandas Sunderdas Medical College, MUMBAI,Seth Gordhandas Sunderdas Medical College, Acharya Donde Marg Parel MUMBAI, Maharashtra, 400012",M.D. (PHYSIOLOGY),OBC,OBC,Allotted
599,168998,All India,"College of Medicine & Sagore Dutta Hospital,College of Medicine & Sagore Dutta Hospital, West Bengal, 700058",M.D. (PREVENTIVE and SOCIAL MEDICINE)/ COMMUNITY MEDICINE,ST,ST,Allotted
600,169552,All India,"Karnataka Institute of Medical Sciences, Hubballi,Karnataka Institute of Medical Sciences, Hubballi, Karnataka, 580021",M.D. (PATHOLOGY),ST,ST,Allotted
601,170665,All India,"DR. SHANKARRAO CHAVAN GOVERNMENT MEDICAL COLLEGE, NANDED,DR. SHANKARRAO CHAVAN GOVERNMENT MEDICAL COLLEGE, VISHNUPURI, NANDED, Maharashtra, 431606",M.D. (PREVENTIVE and SOCIAL MEDICINE)/ COMMUNITY MEDICINE,ST,ST,Allotted
602,170701,All India,"GOVERNMENT MEDICAL COLLEGE CHANDRAPUR, MAHARASHTRA,TB Hospital Campus, Ram Nagar, Chandrapur - 442401, Maharashtra, 442401",M.D. (PHARMACOLOGY),ST,ST,Allotted
603,171001,Management/Paid Seats Quota,"Bharati Vidyapeeth (Deemed to be University) Medical College and Hospital, Sangli,Bharati Vidyapeeth (Deemed to be University) Medical College and Hospital, Sangli, Maharashtra, 416416",M.D. (PHARMACOLOGY),Open,SC,Allotted
604,171027,All India,"Silchar Medical College, Silchar,Silchar Medical College, Silchar, Assam, 788014",MD/MS (Anatomy),Open,General,Allotted
605,171248,All India,"GOVERNMENT MEDICAL COLLEGE CHANDRAPUR, MAHARASHTRA,TB Hospital Campus, Ram Nagar, Chandrapur - 442401, Maharashtra, 442401",M.D. (BIOCHEMISTRY),Open,General,Allotted
606,171488,All India,"NALANDA MEDICAL COLLEGE,PATNA,NALANDA MEDICAL COLLEGE,PATNA, OLD BYPASS KANKARBAGH, Bihar, 800026",M.D. (BIOCHEMISTRY),SC,SC,Allotted
607,171764,All India,"Maharaja Krushna Chandra Gajapati Medical College , Brahmapur,Maharaja Krushna Chandra Gajapati Medical College , Brahmapur, Odisha, 760004",MD/MS (Anatomy),Open,OBC,Allotted
608,171911,All India,"GOVT MEDICAL COLLEGE, ANANTAPURAMU,GOVT MEDICAL COLLEGE, ANANTAPURAMU, Andhra Pradesh, 515001",MD/MS (Anatomy),Open,General,Allotted
609,172249,All India,"MANDYA INSTITUTE OF MEDICAL SCIENCES,MANDYA INSTITUTE OF MEDICAL SCIENCES MANDYA, Karnataka, 571401",M.D. (PATHOLOGY),ST,ST,Allotted
610,172345,All India,"NSC Government Medical College, Khandwa (MP),LUV KUSH NAGAR,MUNDI NAGAR, KHANDWA, Madhya Pradesh, 450001",M.D. (MICROBIOLOGY),SC,SC,Allotted
611,172406,All India,"Gulbarga Institute Of Medical Sciences, Kalaburagi,VEERESH NAGAR SEDAM ROAD KALABURAGI, Karnataka, 585105",M.D. (BIOCHEMISTRY),Open,OBC,Allotted
612,172490,All India,"Seth Gordhandas Sunderdas Medical College, MUMBAI,Seth Gordhandas Sunderdas Medical College, Acharya Donde Marg Parel MUMBAI, Maharashtra, 400012",MD/MS (Anatomy),Open,General,Allotted
613,172577,Management/Paid Seats Quota,"M.M. Institute of Medical Sciences and Research, Ambala,M.M. Institute of Medical Sciences and Research, Ambala, Haryana, 133207",M.D. (PHYSIOLOGY),Open,General,Allotted
614,173552,All India,"Assam Medical College,Assam Medical College, Assam, 786002",M.D. (PHARMACOLOGY),EWS,EWS,Allotted
615,174129,All India,"Atal Bihari Vajpayee Government Medical College, Vidisha,NH 86 INFRONT OF KHEL PARISAR SANCHI ROAD VIDISHA MP, Madhya Pradesh, 464001",M.D. (BIOCHEMISTRY),OBC,OBC,Allotted
616,174275,DNB Quota,"Govt. Medical College, ,Govt. Medical College, B-5 Medical Enclave, Maheshpura Bakshi Nagar, Jammu, Jammu And Kashmir, 180001",(NBEMS) BIOCHEMISTRY,Open,ST,Allotted
617,174362,All India,"Government Medical College, Gondia,Nehru Chowk, KTS General Hospital Campus, Govt. Medical College, Gondia. 441601. Maharashtra., Maharashtra, 441601",M.D. (PREVENTIVE and SOCIAL MEDICINE)/ COMMUNITY MEDICINE,ST,ST,Allotted
618,174591,All India,"GADAG INSTITUTE OF MEDICAL SCIENCES GADAG,Gadag Institute of Medical Sciences Mallasamudra Gadag-582103, Karnataka, 582103",MD/MS (Anatomy),Open,OBC,Allotted
619,174655,All India,"Hinduhridayasamrat Balasaheb Thackeray Medical College and Dr. R. N. Cooper Municipal General Hospital, Maharashtra,HBT Medical College and Dr R N Cooper Municipal General Hospital, Bhaktivedanta Swami Rd, JVPD Schem, Maharashtra, 400056",MD/MS (Anatomy),Open,General,Allotted
620,174755,Management/Paid Seats Quota,"Kasturba Medical College Manipal, Manipal Academy Of Higher Education, Manipal,Kasturba Medical College Manipal, Manipal Academy Of Higher Education, Manipal, Karnataka, 576104",M.D. (PHARMACOLOGY),Open,General,Allotted
621,175087,All India,"BPS Govt. Medical College for Women, Khanpur Kalan Sonepat,BPS Govt. Medical College for Women, Khanpur Kalan Sonepat, Haryana, 131305",M.D. (FORENSIC MEDICINE),ST,ST,Allotted
622,175221,Management/Paid Seats Quota,"AMRITA SCHOOL OF MEDICINE,Kochi,AMRITA SCHOOL OF MEDICINE,Kochi, Kerala, 682041",M.D. (PHYSIOLOGY),Open,General,Allotted
623,175288,DNB Quota,"Govt. District Civil Hospital, ,DIS GOVT HOSPITAL, SRI GANGANAGAR, Rajasthan, 335001",(NBEMS-DIPLOMA) OPHTHALMOLOGY,ST,ST,Allotted
624,175442,All India,"Kodagu Institute of Medical Sciences, Karnataka,Kodagu Institute of Medical Sciences Madikeri Kodagu, Karnataka, 571201",M.D. (BIOCHEMISTRY),Open,General,Allotted
625,176032,All India,"Assam Medical College,Assam Medical College, Assam, 786002",M.D. (PHYSIOLOGY),OBC,OBC,Allotted
626,176359,All India,"Government Medical College, Nizamabad, Telangana State,Government Medical College, Nizamabad, Telangana State, Telangana, 503001",MD/MS (Anatomy),Open,General,Allotted
627,176493,All India,"B.J.Government Medical College, Pune,B.J.Government Medical College, Pune, Maharashtra, 411001",MD/MS (Anatomy),SC,SC,Allotted
628,176545,All India,"Burdwan Medical College, West Bengal,Burdwan Medical College, West Bengal, West Bengal, 713104",MD/MS (Anatomy),Open,General,Allotted
629,176795,All India,"GOVERNMENT MEDICAL COLLEGE CHANDRAPUR, MAHARASHTRA,TB Hospital Campus, Ram Nagar, Chandrapur - 442401, Maharashtra, 442401",MD/MS (Anatomy),Open,General,Allotted
630,177023,DNB Quota,"College of Medicine and JNM Hospital,,Kalyani, Silpanchal, West Bengal, 741235",(NBEMS) BIOCHEMISTRY,Open,GNYes,Allotted
631,177140,All India,"Shri Vasantrao Naik Govt Medical College Yavatmal,Shri Vasantrao Naik Govt Medical College Yavatmal, Maharashtra, 445001",MD/MS (Anatomy),Open,OBC PwD,Allotted
632,177305,All India,"Agartala Government Medical College,Agartala Government Medical College, Tripura, 799006",M.D. (PHARMACOLOGY),SC,SC,Allotted
633,177338,All India,"Silchar Medical College, Silchar,Silchar Medical College, Silchar, Assam, 788014",M.D. (PHYSIOLOGY),OBC,OBC,Allotted
634,177491,All India,"Govt. Bundelkhand Medical College Sagar M.P.,Govt. Bundelkhand Medical College Sagar M.P., Madhya Pradesh, 470001",M.D. (BIOCHEMISTRY),OBC,OBC,Allotted
635,177631,DNB Quota,"Southern Railway Head Quarter Hospital, ,Ayanavaram, Tamil Nadu, 600023",(NBEMS) PATHOLOGY,ST,ST,Allotted
636,177635,All India,"Government Medical College, Ratlam,Gram Banjali, Sailana Road, NH927A, Madhya Pradesh 457001, India, Madhya Pradesh, 457001",M.D. (PHYSIOLOGY),Open,General,Allotted
637,177654,All India,"SWAMI RAMANAND TEERTH RURAL GOVERNMENT MEDICAL COLLEGE AMBAJOGAI,SWAMI RAMANAND TEERTH RURAL GOVERNMENT MEDICAL COLLEGE AMBAJOGAI, Maharashtra, 431517",M.D. (BIOCHEMISTRY),Open,General,Allotted
638,177826,All India,"KING GEORGES MEDICAL UNIVERSITY,KING GEORGES MEDICAL UNIVERSITY, Shahmeena Road, Chowk, Lucknow-226003, Uttar Pradesh, 226003",M.D. (PHARMACOLOGY),ST,ST,Allotted
639,178498,All India,"Dr.V.M.Govt.Medical College,Solapur, Maharasthtra,In front of district court civil chowk Dr.V.M.Govt.Medical College,Solapur, Maharasthtra, Maharashtra, 413003",MD/MS (Anatomy),Open,General,Allotted
640,179466,All India,"SHYAM SHAH MEDICAL COLLEGE,deanmcrewa@rediffmail.com, Madhya Pradesh, 486001",MD/MS (Anatomy),SC,SC,Allotted
641,179583,All India,"Rajmata Shrimati Devendra Kumari Singhdeo Government Medical College, Ambikapur,Kanyaparisar Road Gangapur Ambikapur District Surguja, Chhattisgarh, 497001",MD/MS (Anatomy),Open,General,Allotted
642,179606,All India,"BELAGAVI INSTITUTE OF MEDICAL SCIENCES, BELAGAVI,BELAGAVI INSTITUTE OF MEDICAL SCIENCES, BELAGAVI, Karnataka, 590001",M.D. (PHYSIOLOGY),SC,SC,Allotted
643,179713,All India,"GOVERNMENT MEDICAL COLLEGE CHANDRAPUR, MAHARASHTRA,TB Hospital Campus, Ram Nagar, Chandrapur - 442401, Maharashtra, 442401",MD/MS (Anatomy),Open,GNYes,Allotted
644,179824,All India,"Government Medical College, Aurangabad,Government Medical College, Aurangabad, Maharashtra, 431001",MD/MS (Anatomy),Open,General,Allotted
645,180082,All India,"DARBHANGA MEDICAL COLLEGE,Sheetal Prasad Marg, Laheriasarai, Darbhanga, Bihar, Bihar, 846003",MD/MS (Anatomy),SC,SC,Allotted
646,180213,All India,"Government Medical College, Nalgonda,Office of the Principal, Government Medical College Nalgonda, Near RTC Bus Stand, Gollaguda, Nalgon, Telangana, 508001",M.D. (PHYSIOLOGY),OBC,OBC,Allotted
647,180644,All India,"GOVT MEDICAL COLLEGE, ANANTAPURAMU,GOVT MEDICAL COLLEGE, ANANTAPURAMU, Andhra Pradesh, 515001",M.D. (MICROBIOLOGY),SC,SC,Allotted
648,180966,All India,"Dr. Yashwant Singh Parmar Government Medical College Nahan,Near DC Sirmaur residence at Nahan, Himachal Pradesh, 173001",M.D. (PREVENTIVE and SOCIAL MEDICINE)/ COMMUNITY MEDICINE,EWS,EWS,Allotted
649,181478,All India,"Seth Gordhandas Sunderdas Medical College, MUMBAI,Seth Gordhandas Sunderdas Medical College, Acharya Donde Marg Parel MUMBAI, Maharashtra, 400012",MD/MS (Anatomy),OBC,OBC,Allotted
650,182146,All India,"Gulbarga Institute Of Medical Sciences, Kalaburagi,VEERESH NAGAR SEDAM ROAD KALABURAGI, Karnataka, 585105",M.D. (PHYSIOLOGY),Open,General,Allotted
651,182232,All India,"PATNA MEDICAL COLLEGE, PATNA,PATNA MEDICAL COLLEGE, PATNA, Bihar, 800004",M.D. (PHYSIOLOGY),SC,SC,Allotted
652,182529,All India,"Mahatma Gandhi Memorial Medical College, Indore,Mahatma Gandhi Memorial Medical College, Indore, Madhya Pradesh, 452001",M.D. (PHYSIOLOGY),OBC,OBC,Allotted
653,182875,All India,"Jorhat Medical College & Hospital,Jorhat Medical College & Hospital, Assam, 785001",MD/MS (Anatomy),Open,General,Allotted
654,183052,All India,"Gulbarga Institute Of Medical Sciences, Kalaburagi,VEERESH NAGAR SEDAM ROAD KALABURAGI, Karnataka, 585105",MD/MS (Anatomy),Open,General,Allotted
655,183139,All India,"Mahatma Gandhi Memorial Medical College, Indore,Mahatma Gandhi Memorial Medical College, Indore, Madhya Pradesh, 452001",M.D. (PHYSIOLOGY),OBC,OBC,Allotted
656,183315,All India,"Government Medical College, Miraj,Government Medical College, Miraj, Maharashtra, 416410",MD/MS (Anatomy),Open,General,Allotted
657,183400,All India,"Uttar Pradesh University of Medical Sciences, Saifai, Etawah,Uttar Pradesh University of Medical Sciences, Saifai, Etawah, Uttar Pradesh, 206130",MD/MS (Anatomy),OBC,OBC,Allotted
658,183404,All India,"NALANDA MEDICAL COLLEGE,PATNA,NALANDA MEDICAL COLLEGE,PATNA, OLD BYPASS KANKARBAGH, Bihar, 800026",MD/MS (Anatomy),SC,SC,Allotted
659,184119,DNB Quota,"Government Medical College and Associated Hospital,,JANGLAT MANDI ANANTNAG, JAMMU AND KASHMIR 192101, Jammu And Kashmir, 192101",(NBEMS-DIPLOMA) FAMILY MEDICINE,ST,ST,Allotted
660,184202,All India,"Gulbarga Institute Of Medical Sciences, Kalaburagi,VEERESH NAGAR SEDAM ROAD KALABURAGI, Karnataka, 585105",MD/MS (Anatomy),Open,General,Allotted
661,184280,Management/Paid Seats Quota,"Kasturba Medical College Mangalore, Manipal Academy of Higher Education, Mangalore,Kasturba Medical College Mangalore, Manipal Academy of Higher Education, Mangalore, Karnataka, 575001",MD/MS (Anatomy),Open,OBC,Allotted
662,184299,All India,"Sawai Man Singh Medical College, JAIPUR,Sawai Man Singh Medical College, JLN Marg, Jaipur-302004, Rajasthan, 302004",MD/MS (Anatomy),EWS,EWS,Allotted
663,184351,All India,"SHYAM SHAH MEDICAL COLLEGE,deanmcrewa@rediffmail.com, Madhya Pradesh, 486001",M.D. (PHYSIOLOGY),SC,SC,Allotted
664,184395,All India,"JAWAHARLAL NEHRU MEDICAL COLLEGE, BHAGALPUR,JAWAHARLAL NEHRU MEDICAL COLLEGE, BHAGALPUR, Bihar, 812001",M.D. (PHYSIOLOGY),SC,SC,Allotted
665,184613,Management/Paid Seats Quota,"Santosh Medical College and Hospital, Ghaziabad, NCR Delhi,Santosh Medical College and Hospital, Ghaziabad, Delhi NCR, Uttar Pradesh, 201009",M.D. (BIOCHEMISTRY),Open,General,Allotted
666,185210,All India,"Govt. Bundelkhand Medical College Sagar M.P.,Govt. Bundelkhand Medical College Sagar M.P., Madhya Pradesh, 470001",M.D. (PHYSIOLOGY),OBC,OBC,Allotted
667,185251,All India,"Seth Gordhandas Sunderdas Medical College, MUMBAI,Seth Gordhandas Sunderdas Medical College, Acharya Donde Marg Parel MUMBAI, Maharashtra, 400012",M.D. (MICROBIOLOGY),EWS,EWS,Allotted
668,185268,All India,"Andhra Medical College,Andhra Medical College, Andhra Pradesh, 530002",M.D. (PHYSIOLOGY),SC,SC,Allotted
669,185681,All India,"Rajendra Institute of Medical Sciences, Ranchi,Rajendra Institute of Medical Sciences, Ranchi, Jharkhand, 834009",M.D. (PHYSIOLOGY),SC,SC,Allotted
670,185748,All India,"Government medical college patiala.,Government medical college patiala., Punjab, 147001",MD/MS (Anatomy),OBC,OBC,Allotted
671,186050,All India,"ANUGRAH NARAYAN MAGADH MEDICAL COLLEGE,ANUGRAH NARAYAN MAGADH MEDICAL COLLEGE, Bihar, 823001",MD/MS (Anatomy),SC,SC,Allotted
672,186262,All India,"Shri Atal Bihari Vajpayee Medical College & Research Institute, Bengaluru,Opposite to Shivajinagar Bus stop, Shivajinagar, Bengaluru., Karnataka, 560001",MD/MS (Anatomy),OBC,OBC,Allotted
673,186270,DNB Quota,"FAKIR MOHAN MEDICAL COLLEGE AND HOSPITAL , Orissa,AT-Remuna Post-Remuna Dist-Balasore, Odisha, 756019",(NBEMS-DIPLOMA) Otorhinolaryngology (E.N.T.),ST,ST,Allotted
674,186380,DNB Quota,"Sher-I-Kashmir Institute of Medical Sciences, ,Principal SKIMS Medical College Hospital Bemina Srinagar, Jammu And Kashmir, 190018",(NBEMS) PHYSIOLOGY,OBC,OBC,Allotted
675,186454,All India,"MEDICAL COLLEGE, KOLKATA,MEDICAL COLLEGE, KOLKATA, West Bengal, 700073",MD/MS (Anatomy),OBC,OBC,Allotted
676,186535,All India,"Government Medical College, Ratlam,Gram Banjali, Sailana Road, NH927A, Madhya Pradesh 457001, India, Madhya Pradesh, 457001",M.D. (PHYSIOLOGY),OBC,OBC,Allotted
677,186596,All India,"Ravindra Nath Tagore Medical College, Udaipur,Ravindra Nath Tagore Medical College, Udaipur, Rajasthan, 313001",MD/MS (Anatomy),SC,SC,Allotted
678,186618,All India,"Gulbarga Institute Of Medical Sciences, Kalaburagi,VEERESH NAGAR SEDAM ROAD KALABURAGI, Karnataka, 585105",M.D. (PHYSIOLOGY),Open,General,Allotted
679,186667,All India,"Government Medical College Srinagar,Administrative Block Government Medical College Karan Nagar Srinagar, Jammu And Kashmir, 190010",M.D. (PHYSIOLOGY),OBC,OBC,Allotted
680,186941,All India,"Kodagu Institute of Medical Sciences, Karnataka,Kodagu Institute of Medical Sciences Madikeri Kodagu, Karnataka, 571201",MD/MS (Anatomy),Open,General,Allotted
681,187189,All India,"LOKMANYA TILAK MEDICAL COLLEGE MUMBAI,LOKMANYA TILAK MEDICAL COLLEGE MUMBAI, Maharashtra, 400022",M.D. (PHYSIOLOGY),OBC,OBC,Allotted
682,187220,All India,"Mahatma Gandhi Memorial Medical College, Indore,Mahatma Gandhi Memorial Medical College, Indore, Madhya Pradesh, 452001",M.D. (FORENSIC MEDICINE),ST,ST,Allotted
683,187300,All India,"Burdwan Medical College, West Bengal,Burdwan Medical College, West Bengal, West Bengal, 713104",MD/MS (Anatomy),OBC,OBC,Allotted
684,187315,All India,"JAWAHAR LAL NEHRU MEDICAL COLLEGE, AJMER,NEAR PATEL STADIUM, AJMER, Rajasthan, 305001",M.D. (BIOCHEMISTRY),SC,SC,Allotted
685,187509,All India,"Government Medical College Srinagar,Administrative Block Government Medical College Karan Nagar Srinagar, Jammu And Kashmir, 190010",MD/MS (Anatomy),OBC,OBC,Allotted
686,187799,All India,"RAICHUR INSTITUTE OF MEDICAL SCIENCES,RAICHUR INSTITUTE OF MEDICAL SCIENCES, Karnataka, 584102",MD/MS (Anatomy),Open,General,Allotted
687,187937,All India,"NETAJI SUBHASH CHANDRA BOSE MEDICAL COLLEGE, JABALPUR ,NETAJI SUBHASH CHANDRA BOSE MEDICAL COLLEGE, NAGPUR ROAD JABALPUR, Madhya Pradesh, 482003",M.D. (FORENSIC MEDICINE),ST,ST,Allotted
688,187966,Management/Paid Seats Quota,"MGM Medical College, Aurangabad,MGM Medical College, Aurangabad, Maharashtra, 431003",M.D. (BIOCHEMISTRY),Open,OBC,Allotted
689,188068,All India,"Mahatma Gandhi Memorial Medical College, Jamshedpur,Mahatma Gandhi Memorial Medical College, Jamshedpur, Jharkhand, 831020",MD/MS (Anatomy),SC,SC,Allotted
690,188339,All India,"Mahatma Gandhi Memorial Medical College, Indore,Mahatma Gandhi Memorial Medical College, Indore, Madhya Pradesh, 452001",M.D. (PHYSIOLOGY),SC,SC,Allotted
691,188375,Management/Paid Seats Quota,"Mahatma Gandhi Medical College and Research Institute, Pondicherry,SBV Pondicherry Campus, Pillaiyarkuppam, Pondicherry, Puducherry, 607402",MD/MS (Anatomy),Open,OBC,Allotted
692,188475,Management/Paid Seats Quota,"Santosh Medical College and Hospital, Ghaziabad, NCR Delhi,Santosh Medical College and Hospital, Ghaziabad, Delhi NCR, Uttar Pradesh, 201009",M.D. (PHYSIOLOGY),Open,General,Allotted
693,188737,DNB Quota,"District Hospital, ,DISTRICT HOSPITAL NEAR SANGAM CIRCLE DR RAJ KUMAR ROAD BALLARI-583101 KARNATAKA, Karnataka, 583101",(NBEMS-DIPLOMA) ANAESTHESIOLOGY,ST,ST,Allotted
694,188870,All India,"NIL RATAN SIRCAR MEDICAL COLLEGE,NIL RATAN SIRCAR MEDICAL COLLEGE, 138 AJC BOSE ROAD, KOLKATA-700014., West Bengal, 700014",MD/MS (Anatomy),OBC,OBC,Allotted
695,189051,Management/Paid Seats Quota,"Hamdard Institute of Medical Sciences and Research,HIMSR, Jamia Hamdard, Guru Ravidas Marg, Hamdard Nagar, New Delhi, Delhi (NCT), 110062",MD/MS (Anatomy),Open,General,Allotted
696,189078,All India,"Guru Gobind Singh Medical College,Guru Gobind Singh Medical College, Punjab, 151203",M.D. (PHYSIOLOGY),SC,SC,Allotted
697,189763,All India,"VIJANAGARA INSTITUTE OF MEDICAL SCIENCES BALLARI,VIJANAGARA INSTITUTE OF MEDICAL SCIENCES BALLARI, Karnataka, 583104",MD/MS (Anatomy),Open,General,Allotted
698,189920,All India,"Rajiv Gandhi Institute of Medical Sciences Srikakulam,Government Medical College Srikakulam Balaga Srikakulam Town Srikakulam District, Andhra Pradesh, 532001",M.D. (PHYSIOLOGY),SC,SC,Allotted
699,190277,Management/Paid Seats Quota,"SHRI. B. M. PATIL MEDICAL COLLEGE HOSPITAL AND RESEARCH CENTRE,SHRI. B. M. PATIL MEDICAL COLLEGE HOSPITAL AND RESEARCH CENTRE, SOLAPUR ROAD, VIJAYAPURA, Karnataka, 586103",M.D. (BIOCHEMISTRY),Open,OBC,Allotted
700,190509,All India,"RUHS COLLEGE OF MEDICAL SCIENCES,RUHS COLLEGE OF MEDICAL SCIENCES, Rajasthan, 302033",MD/MS (Anatomy),SC,SC,Allotted
701,190650,All India,"Atal Bihari Vajpayee Government Medical College, Vidisha,NH 86 INFRONT OF KHEL PARISAR SANCHI ROAD VIDISHA MP, Madhya Pradesh, 464001",M.D. (PHYSIOLOGY),SC,SC,Allotted
702,190686,All India,"VSS INSTITUTE OF MEDICAL SCIENCES AND RESEARCH,BURLA,VSS INSTITUTE OF MEDICAL SCIENCES AND RESEARCH,BURLA, Odisha, 768017",MD/MS (Anatomy),OBC,OBC,Allotted
703,190814,Management/Paid Seats Quota,"DR D Y PATIL MEDICAL COLLEGE, NAVI MUMBAI,DR D Y PATIL MEDICAL COLLEGE, NAVI MUMBAI, Maharashtra, 400706",MD/MS (Anatomy),Open,General,Allotted
704,190891,All India,"Kodagu Institute of Medical Sciences, Karnataka,Kodagu Institute of Medical Sciences Madikeri Kodagu, Karnataka, 571201",MD/MS (Anatomy),OBC,OBC,Allotted
705,191077,All India,"Government Medical College, Ratlam,Gram Banjali, Sailana Road, NH927A, Madhya Pradesh 457001, India, Madhya Pradesh, 457001",MD/MS (Anatomy),OBC,OBC,Allotted
706,191171,All India,"Karwar Institute of Medical Sciences, Karnataka,MG Road, Karnataka, 581301",M.D. (MICROBIOLOGY),SC,SC,Allotted
707,191495,DNB Quota,"Associated Hospital Government Medical College, ,Government Medical College Chack Sajjan Kathua, Jammu And Kashmir, 184101",(NBEMS) Anatomy,SC,SC,Allotted
708,191553,Management/Paid Seats Quota,"Bharati Vidyapeeth Deemed to be University Medical College,Pune,Bharati Vidyapeeth Deemed to be University Medical College, Dhankawadi, Pune Satara Road, Pune, Maharashtra, 411043",M.D. (PHYSIOLOGY),Open,General,Allotted
709,191651,All India,"HASSAN INSTITUTE OF MEDICAL SCIENCES, HASSAN,HASSAN INSTITUTE OF MEDICAL SCIENCES, HASSAN, Karnataka, 573201",M.D. (PHYSIOLOGY),SC,SC,Allotted
710,191803,Management/Paid Seats Quota,"SHRI. B. M. PATIL MEDICAL COLLEGE HOSPITAL AND RESEARCH CENTRE,SHRI. B. M. PATIL MEDICAL COLLEGE HOSPITAL AND RESEARCH CENTRE, SOLAPUR ROAD, VIJAYAPURA, Karnataka, 586103",M.D. (PHYSIOLOGY),Open,General,Allotted
711,191869,Management/Paid Seats Quota,"Bharati Vidyapeeth (Deemed to be University) Medical College and Hospital, Sangli,Bharati Vidyapeeth (Deemed to be University) Medical College and Hospital, Sangli, Maharashtra, 416416",M.D. (PHYSIOLOGY),Open,General,Allotted
712,192038,Management/Paid Seats Quota,"MGM Medical College, Aurangabad,MGM Medical College, Aurangabad, Maharashtra, 431003",M.D. (PHYSIOLOGY),Open,SC,Allotted
713,192244,All India,"SHYAM SHAH MEDICAL COLLEGE,deanmcrewa@rediffmail.com, Madhya Pradesh, 486001",MD/MS (Anatomy),OBC,OBC,Allotted
714,192265,DNB Quota,"Associated Hospital Government Medical College, ,Government Medical College Chack Sajjan Kathua, Jammu And Kashmir, 184101",(NBEMS) Anatomy,OBC,OBC,Allotted
715,193412,Management/Paid Seats Quota,"SBKS Medical College and Research Centre, Vadodara,SBKS Medical Institute and Research Centre, Sumandeep Vidyapeeth, Piparia, Waghodia Rd, Vadodara, Gujarat, 391760",MD/MS (Anatomy),Open,OBC,Allotted
716,193793,Management/Paid Seats Quota,"Bharati Vidyapeeth (Deemed to be University) Medical College and Hospital, Sangli,Bharati Vidyapeeth (Deemed to be University) Medical College and Hospital, Sangli, Maharashtra, 416416",M.D. (BIOCHEMISTRY),Open,General,Allotted
717,194009,Management/Paid Seats Quota,"A.C.S. Medical College and Hospital,A.C.S. Medical College and Hospital, Tamil Nadu, 600077",MD/MS (Anatomy),Open,OBC,Allotted
718,194080,Management/Paid Seats Quota,"MGM Medical College, Navi Mumbai,MGM Medical College, Sector1, Plot 1-2, Kamothe, Navi Mumbai-, Maharashtra, 410209",M.D. (BIOCHEMISTRY),Open,General,Allotted
719,194323,All India,"GAJRA RAJA MEDICAL COLLEGE GWALIOR,GAJRA RAJA MEDICAL COLLEGE GWALIOR, Madhya Pradesh, 474009",MD/MS (Anatomy),SC,SC,Allotted
720,194604,All India,"R G KAR MEDICAL COLLEGE, West Bengal,R G KAR MEDICAL COLLEGE,1 KHUDIRAM BOSE SARANI,KOLKATA, West Bengal, West Bengal, 700004",M.D. (BIOCHEMISTRY),SC,SC,Allotted
721,194871,Management/Paid Seats Quota,"Kasturba Medical College Mangalore, Manipal Academy of Higher Education, Mangalore,Kasturba Medical College Mangalore, Manipal Academy of Higher Education, Mangalore, Karnataka, 575001",M.D. (BIOCHEMISTRY),Open,General,Allotted
722,194876,Management/Paid Seats Quota,"Bharati Vidyapeeth Deemed to be University Medical College,Pune,Bharati Vidyapeeth Deemed to be University Medical College, Dhankawadi, Pune Satara Road, Pune, Maharashtra, 411043",M.D. (BIOCHEMISTRY),Open,OBC,Allotted
723,195100,All India,"NIL RATAN SIRCAR MEDICAL COLLEGE,NIL RATAN SIRCAR MEDICAL COLLEGE, 138 AJC BOSE ROAD, KOLKATA-700014., West Bengal, 700014",M.D. (FORENSIC MEDICINE),ST,ST,Allotted
724,195237,All India,"Jawaharlal Institute of Medical Sciences, Manipur,Jawaharlal Nehru Institute of Medical Sciences, Porompat, Imphal -East, Manipur-795005, Manipur, 795005",M.D. (BIOCHEMISTRY),SC,SC,Allotted
725,195284,Management/Paid Seats Quota,"SBKS Medical College and Research Centre, Vadodara,SBKS Medical Institute and Research Centre, Sumandeep Vidyapeeth, Piparia, Waghodia Rd, Vadodara, Gujarat, 391760",MD/MS (Anatomy),Open,OBC,Allotted
726,195315,Management/Paid Seats Quota,"M.M. Institute of Medical Sciences and Research, Ambala,M.M. Institute of Medical Sciences and Research, Ambala, Haryana, 133207",M.D. (BIOCHEMISTRY),Open,General,Allotted
727,195378,DNB Quota,"Associated Hospital Government Medical College, ,Government Medical College Chack Sajjan Kathua, Jammu And Kashmir, 184101",(NBEMS) PHARMACOLOGY,SC,SC,Allotted
728,195637,All India,"Karwar Institute of Medical Sciences, Karnataka,MG Road, Karnataka, 581301",M.D. (BIOCHEMISTRY),SC,SC PwD,Allotted
729,196433,All India,"Government Medical College, Ratlam,Gram Banjali, Sailana Road, NH927A, Madhya Pradesh 457001, India, Madhya Pradesh, 457001",M.D. (BIOCHEMISTRY),SC,SC,Allotted
730,196513,All India,"GOVERNMENT MEDICAL COLLEGE KADAPA (FORMERLY RAJIV GANDHI INSTITUTE OF MEDICAL SCIENCES, KADAPA),GOVERNMENT MEDICAL COLLEGE KADAPA (FORMERLY RAJIV GANDHI INSTITUTE OF MEDICAL SCIENCES, KADAPA), Andhra Pradesh, 516002",M.D. (PREVENTIVE and SOCIAL MEDICINE)/ COMMUNITY MEDICINE,ST,ST,Allotted
731,196573,All India,"Mahatma Gandhi Memorial Medical College, Indore,Mahatma Gandhi Memorial Medical College, Indore, Madhya Pradesh, 452001",MD/MS (Anatomy),SC,SC,Allotted
732,196582,Management/Paid Seats Quota,"M.M. Institute of Medical Sciences and Research, Ambala,M.M. Institute of Medical Sciences and Research, Ambala, Haryana, 133207",M.D. (BIOCHEMISTRY),Open,General,Allotted
733,196811,Management/Paid Seats Quota,"Hamdard Institute of Medical Sciences and Research,HIMSR, Jamia Hamdard, Guru Ravidas Marg, Hamdard Nagar, New Delhi, Delhi (NCT), 110062",MD/MS (Anatomy),Open,OBC,Allotted
734,196840,All India,"Government Medical College Suryapet Telangana,Amaravadi Nagar Thallagadda Suryapet, Telangana, 508213",MD/MS (Anatomy),SC,SC,Allotted
735,197028,Management/Paid Seats Quota,"Meenakshi Medical College Hospital and Research Institute, Kanchipuram,Meenakshi Medical College Hospital and Research Institute, Kanchipuram, Tamil Nadu, 631552",M.D. (BIOCHEMISTRY),Open,OBC,Allotted
736,197061,All India,"GMC Bharat Ratna Late Shri Atal Bihari Vajpayee Memorial Medical College, Chhattisgarh ,BHARAT RATNA LATE SHRI ATAL BIHARI VAJPAYEE MEMORIAL MEDICAL COLLEGE, PENDRI, RAJNANDGAON, CHHATTIS, Chhattisgarh, 491441",M.D. (PREVENTIVE and SOCIAL MEDICINE)/ COMMUNITY MEDICINE,ST,ST,Allotted
737,197366,All India,"Govt. Bundelkhand Medical College Sagar M.P.,Govt. Bundelkhand Medical College Sagar M.P., Madhya Pradesh, 470001",M.D. (BIOCHEMISTRY),SC,SC,Allotted
738,197603,Management/Paid Seats Quota,"SHRI. B. M. PATIL MEDICAL COLLEGE HOSPITAL AND RESEARCH CENTRE,SHRI. B. M. PATIL MEDICAL COLLEGE HOSPITAL AND RESEARCH CENTRE, SOLAPUR ROAD, VIJAYAPURA, Karnataka, 586103",MD/MS (Anatomy),Open,General,Allotted
739,197838,All India,"Bankura Sammilani Medical College,Bankura Sammilani Medical College, West Bengal, 722102",M.D. (BIOCHEMISTRY),SC,SC,Allotted
740,198221,Management/Paid Seats Quota,"MGM Medical College, Aurangabad,MGM Medical College, Aurangabad, Maharashtra, 431003",M.D. (PHYSIOLOGY),Open,OBC,Allotted
741,198251,All India,"Shri Vasantrao Naik Govt Medical College Yavatmal,Shri Vasantrao Naik Govt Medical College Yavatmal, Maharashtra, 445001",M.D. (BIOCHEMISTRY),SC,SC,Allotted
742,198369,All India,"LATE SHRI LAKHI RAM AGRAWAL MEMORIAL GOVT.MEDICAL COLLEGE,LATE SHRI LAKHI RAM AGRAWAL MEMORIAL GOVT.MEDICAL COLLEGE, Chhattisgarh, 496001",M.D. (PHYSIOLOGY),SC,SC,Allotted
743,198410,Management/Paid Seats Quota,"K S Hegde Medical Academy, Mangaluru,K S Hegde Medical Academy, Nithyanandanagar, Deralakatte, Mangaluru, Karnataka, 575018",M.D. (PHYSIOLOGY),Open,OBC,Allotted
744,198598,Management/Paid Seats Quota,"JSS Medical College, Mysuru,JSS Medical Institutions Campus Sri Shivarathreeshwara Nagar Bannimantap Mysuru, Karnataka, 570015",M.D. (PHYSIOLOGY),Open,OBC,Allotted
745,198718,All India,"CHHATTISGARH INSTITUTE OF MEDICAL SCIENCES,CHHATTISGARH INSTITUTE OF MEDICAL SCIENCES, Chhattisgarh, 495001",M.D. (BIOCHEMISTRY),ST,ST,Allotted
746,198737,All India,"Government Medical College, Pali Rajasthan.,NH-62,Sumerpur Road,Village Ramasiya,Hemawas,Pali, Rajasthan, Rajasthan, 306401",M.D. (PHYSIOLOGY),SC,SC,Allotted
747,198947,All India,"Rajarshee Chhatrapati Shahu Maharaj Government Medical College, Kolhapur,R.K. Nagar Road, Shenda Park, Kolhapur, Maharashtra, Maharashtra, 416012",M.D. (MICROBIOLOGY),ST,ST,Allotted
748,199008,Management/Paid Seats Quota,"DR. D. Y. PATIL MEDICAL COLLEGE, PUNE,Dr. D. Y. Patil Medical College, Hospital and Research Centre, Sant Tukaram Nagar, Pimpri, Pune., Maharashtra, 411018",MD/MS (Anatomy),Open,General,Allotted
749,199041,All India,"DR. SHANKARRAO CHAVAN GOVERNMENT MEDICAL COLLEGE, NANDED,DR. SHANKARRAO CHAVAN GOVERNMENT MEDICAL COLLEGE, VISHNUPURI, NANDED, Maharashtra, 431606",M.D. (PHYSIOLOGY),SC,SC PwD,Allotted
750,199381,All India,"Shaheed Hasan Khan Mewati Government Medical College,Shaheed Hasan Khan Mewati Government Medical College, Haryana, 122107",MD/MS (Anatomy),SC,SC,Allotted
751,199576,All India,"Jorhat Medical College & Hospital,Jorhat Medical College & Hospital, Assam, 785001",M.D. (PHYSIOLOGY),SC,SC,Allotted
752,199602,Management/Paid Seats Quota,"K S Hegde Medical Academy, Mangaluru,K S Hegde Medical Academy, Nithyanandanagar, Deralakatte, Mangaluru, Karnataka, 575018",M.D. (PHYSIOLOGY),Open,OBC,Allotted
753,199622,Management/Paid Seats Quota,"Bharati Vidyapeeth Deemed to be University Medical College,Pune,Bharati Vidyapeeth Deemed to be University Medical College, Dhankawadi, Pune Satara Road, Pune, Maharashtra, 411043",MD/MS (Anatomy),Open,OBC,Allotted
754,199627,All India,"Government Medical College Srinagar,Administrative Block Government Medical College Karan Nagar Srinagar, Jammu And Kashmir, 190010",MD/MS (Anatomy),SC,SC,Allotted
755,199628,All India,"SHIMOGA INSTITUTE OF MEDICAL SCIENCES,SHIMOGA INSTITUTE OF MEDICAL SCIENCES, Karnataka, 577201",MD/MS (Anatomy),SC,SC,Allotted
756,199908,All India,"MYSORE MEDICAL COLLEGE AND RESEARCH INSTITUTE,MYSORE MEDICAL COLLEGE AND RESEARCH INSTITUTE, Karnataka, 570001",MD/MS (Anatomy),SC,SC,Allotted
757,199983,All India,"Government Medical College, Surat,Government Medical College, Majuragate, Surat., Gujarat, 395001",MD/MS (Anatomy),SC,SC,Allotted
758,200061,All India,"BIDAR INSTITUTE OF MEDICAL SCIENCES, BIDAR,BIDAR INSTITUTE OF MEDICAL SCIENCES, BIDAR, Karnataka, 585401",MD/MS (Anatomy),SC,SC,Allotted
759,200207,All India,"Maharaja Krushna Chandra Gajapati Medical College , Brahmapur,Maharaja Krushna Chandra Gajapati Medical College , Brahmapur, Odisha, 760004",M.D. (FORENSIC MEDICINE),ST,ST,Allotted
760,200302,Management/Paid Seats Quota,"KRISHNA INSTITUTE OF MEDICAL SCIENCES, KARAD,KRISHNA INSTITUTE OF MEDICAL SCIENCES, KARAD, Maharashtra, 415110",MD/MS (Anatomy),Open,OBC,Allotted
761,200314,All India,"Shri Vasantrao Naik Govt Medical College Yavatmal,Shri Vasantrao Naik Govt Medical College Yavatmal, Maharashtra, 445001",M.D. (PREVENTIVE and SOCIAL MEDICINE)/ COMMUNITY MEDICINE,EWS,EWS,Allotted
762,200411,Management/Paid Seats Quota,"MGM Medical College, Navi Mumbai,MGM Medical College, Sector1, Plot 1-2, Kamothe, Navi Mumbai-, Maharashtra, 410209",M.D. (PHYSIOLOGY),Open,General,Allotted
