sno,rank,quota,institute,course,alloted_category,candidate_category,remarks
1,58,Delhi University Quota,"Lady Hardinge Medical College,Lady Hardinge Medical College, Delhi (NCT), 110001",M.S. (GENERAL SURGERY),Open,GN,Allotted
2,396,All India,"Sawai Man Singh Medical College, JAIPUR,Sawai Man Singh Medical College, JAIPUR, Rajasthan, 302004","M.D. (DERM.,VENE. and LEPROSY)/ (DERMATOLOGY)/(SKIN and VENEREAL DISEASES)/(VENEREOLOGY)",Open,GN,Allotted
3,1620,All India,"TATA MEMORIAL CENTRE, MUMBAI,TATA MEMORIAL CENTRE, MUMBAI, Maharashtra, 400012",M.D. (RADIO-DIAGNOSIS),Open,GN,Allotted
4,2239,All India,"Osmania Medical Collge,Osmania Medical Collge, Telangana, 500095",M.D. (RADIO-DIAGNOSIS),Open,GN,Allotted
5,3538,All India,"Grant Medical College, Maharashtra,Grant Medical College, Maharashtra, Maharashtra, 400008",M.D. (GENERAL MEDICINE),OBC,OBC,Allotted
6,3651,All India,"MYSORE MEDICAL COLLEGE AND RESEARCH INSTITUTE,MYSORE MEDICAL COLLEGE AND RESEARCH INSTITUTE, Karnataka, 570001",M.D. (RADIO-DIAGNOSIS),Open,GN,Allotted
7,3684,All India,"Government Medical College, Surat,Government Medical College, Majuragate, Surat., Gujarat, 395001",M.D. (RADIO-DIAGNOSIS),Open,OBC,Allotted
8,3705,All India,"Gandhi Medical College, Bhopal,Gandhi Medical College, Bhopal, Madhya Pradesh, 462001",M.D. (GENERAL MEDICINE),Open,GN,Allotted
9,3717,All India,"Maulana Azad Medical College,Maulana Azad Medical College, Delhi (NCT), 110002",M.D. (Obst. and Gynae)/MS (Obstetrics and Gynaecology),Open,GN,Allotted
10,3988,All India,"VIJANAGARA INSTITUTE OF MEDICAL SCIENCES BALLARI,VIJANAGARA INSTITUTE OF MEDICAL SCIENCES BALLARI, Karnataka, 583104",M.D. (GENERAL MEDICINE),Open,GN,Allotted
11,4232,All India,"North Bengal Medical College,North Bengal Medical College, West Bengal, 734012",M.D. (GENERAL MEDICINE),Open,GN,Allotted
12,4299,All India,"M. P. SHAH GOVERNMENT MEDICAL COLLEGE,M. P. SHAH GOVERNMENT MEDICAL COLLEGE, Gujarat, 361008",M.D. (GENERAL MEDICINE),Open,GN,Allotted
13,4443,All India,"B. J. MEDICAL COLLEGE, Ahmedabad,B.J. Medical College, New Civil Hospital Asarwa,Ahmedabad-380016,Gujarat,India, Gujarat, 380016","M.D. (DERM.,VENE. and LEPROSY)/ (DERMATOLOGY)/(SKIN and VENEREAL DISEASES)/(VENEREOLOGY)",Open,EWS,Allotted
14,4541,All India,"Mahatma Gandhi Memorial Medical College, Indore,Mahatma Gandhi Memorial Medical College, Indore, Madhya Pradesh, 452001",M.D. (RADIO-DIAGNOSIS),Open,OBC,Allotted
15,4667,All India,"Ravindra Nath Tagore Medical College, Udaipur,Ravindra Nath Tagore Medical College, Udaipur, Rajasthan, 313001",M.D. (GENERAL MEDICINE),Open,GN,Allotted
16,4673,All India,"Vardhman Mahavir Medical College, , New Delhi,Vardhman Mahavir Medical College, , New Delhi, Delhi (NCT), 110029",M.S. (ORTHOPAEDICS),Open,GN,Allotted
17,5214,All India,"GOVT. MEDICAL COLLEGE AND HOSPITAL, CHANDIGARH,GOVT. MEDICAL COLLEGE AND HOSPITAL, CHANDIGARH, Chandigarh, 160030",M.D. (PAEDIATRICS),Open,EWS,Allotted
18,5225,All India,"GUNTUR MEDICAL COLLEGE,GUNTUR MEDICAL COLLEGE, Andhra Pradesh, 522004",M.D. (GENERAL MEDICINE),OBC,OBC,Allotted
19,5489,All India,"Bangalore Medical College and Research Institute,Bangalore Medical College and Research Institute, Karnataka, 560002",M.D. (PAEDIATRICS),Open,OBC,Allotted
20,5837,All India,"Sardar Patel Medical College, Bikaner,Sardar Patel Medical College, Bikaner, Rajasthan, 334003",M.D. (GENERAL MEDICINE),Open,GN,Allotted
21,5908,DNB Quota,"Instt. of Nuclear Medicine and Allied Sciences,,Institute of Nuclear Medicine and Allied Sciences, Ministry of Defence, Lucknow Road, Timarpur, Delh, Delhi (NCT), 110054",(NBEMS) RADIO-DIAGNOSIS,Open,OBC,Allotted
22,6204,All India,"Ravindra Nath Tagore Medical College, Udaipur,Ravindra Nath Tagore Medical College, Udaipur, Rajasthan, 313001",M.D. (GENERAL MEDICINE),OBC,OBC,Allotted
23,6556,All India,"Indira Gandhi Medical College Shimla,Indira Gandhi Medical College Shimla, Himachal Pradesh, 171001",M.D. (RADIO-DIAGNOSIS),OBC,OBC,Allotted
24,6595,DNB Quota,"Dharamshila Narayana Superspeciality Hospital, ,Dharamshila Marg, Vasundhara Enclave, Dharamshila Narayana Superspeciality Hospital, Delhi 110096, Delhi (NCT), 110096",(NBEMS) RADIO-DIAGNOSIS,Open,GN,Allotted
25,6615,All India,"MADRAS MEDICAL COLLEGE,EVR PERIYAR SALAI, CHENNAI-03, Tamil Nadu, 600003",M.D. (Tuberculosis and Respiratory diseases)/Pulmonary Medicine /M.D. (Respiratory Medicine),Open,GN,Allotted
26,6628,All India,"Srirama Chandra Bhanja Medical College, CUTTACK,Srirama Chandra Bhanja Medical College, CUTTACK, Odisha, 753007",M.D. (PAEDIATRICS),Open,GN,Allotted
27,6685,All India,"CHHATTISGARH INSTITUTE OF MEDICAL SCIENCES,CHHATTISGARH INSTITUTE OF MEDICAL SCIENCES, Chhattisgarh, 495001","M.D. (DERM.,VENE. and LEPROSY)/ (DERMATOLOGY)/(SKIN and VENEREAL DISEASES)/(VENEREOLOGY)",Open,GN,Allotted
28,6815,All India,"GUNTUR MEDICAL COLLEGE,GUNTUR MEDICAL COLLEGE, Andhra Pradesh, 522004","M.D. (DERM.,VENE. and LEPROSY)/ (DERMATOLOGY)/(SKIN and VENEREAL DISEASES)/(VENEREOLOGY)",Open,OBC,Allotted
29,6848,All India,"Sawai Man Singh Medical College, JAIPUR,Sawai Man Singh Medical College, JAIPUR, Rajasthan, 302004",M.S. (GENERAL SURGERY),Open,GN,Allotted
30,6911,All India,"Government Medical College, Nagpur,Government Medical College, Nagpur, Maharashtra, 440003",M.S. (ORTHOPAEDICS),Open,GN,Allotted
31,7057,All India,"Government Medical College, Nizamabad, Telangana State,Government Medical College, Nizamabad, Telangana State, Telangana, 503001",M.D. (GENERAL MEDICINE),OBC,OBC,Allotted
32,7084,All India,"Bankura Sammilani Medical College,Bankura Sammilani Medical College, West Bengal, 722102",M.D. (RADIO-DIAGNOSIS),OBC,OBC,Allotted
33,7085,All India,"NALANDA MEDICAL COLLEGE,PATNA,NALANDA MEDICAL COLLEGE,PATNA, Bihar, 800026",M.D. (GENERAL MEDICINE),OBC,OBC,Allotted
34,7274,DNB Quota,"Max Super Specialty Hospital, (A unit of Balaji Medical and Diagnostic Research Centre) ,Max Super Specialty Hospital -108A IP Extension Patparganj New Delhi, Delhi (NCT), 110092",(NBEMS) RADIO-DIAGNOSIS,Open,GN,Allotted
35,7346,All India,"Jawaharlal Institute of Medical Sciences, Manipur,Jawaharlal Nehru Institute of Medical Sciences, Porompat, Imphal -East, Manipur-795005, Manipur, 795005",M.D. (GENERAL MEDICINE),Open,OBC,Allotted
36,7396,All India,"Bangalore Medical College and Research Institute,Bangalore Medical College and Research Institute, Karnataka, 560002",M.S. (ORTHOPAEDICS),Open,GN,Allotted
37,7538,All India,"JAWAHARLAL NEHRU MEDICAL COLLEGE, BHAGALPUR,JAWAHARLAL NEHRU MEDICAL COLLEGE, BHAGALPUR, Bihar, 812001",M.D. (GENERAL MEDICINE),Open,GN,Allotted
38,7656,DNB Quota,"Kiran Multi Super Speciality Hospital and Research Center, ,Kiran Multi Super Speciality Hospital Centre, Near Sumul Dairy, Vastadevdi Road, Surat, Gujarat, 395004",(NBEMS) RADIO-DIAGNOSIS,Open,GN,Allotted
39,7893,All India,"VIJANAGARA INSTITUTE OF MEDICAL SCIENCES BALLARI,VIJANAGARA INSTITUTE OF MEDICAL SCIENCES BALLARI, Karnataka, 583104","M.D. (DERM.,VENE. and LEPROSY)/ (DERMATOLOGY)/(SKIN and VENEREAL DISEASES)/(VENEREOLOGY)",Open,OBC,Allotted
40,8138,All India,"Sawai Man Singh Medical College, JAIPUR,Sawai Man Singh Medical College, JAIPUR, Rajasthan, 302004",M.D. (Obst. and Gynae)/MS (Obstetrics and Gynaecology),Open,GN,Allotted
41,8141,All India,"Gandhi Medical College, Bhopal,Gandhi Medical College, Bhopal, Madhya Pradesh, 462001",M.D. (PAEDIATRICS),Open,GN,Allotted
42,8167,All India,"Mahatma Gandhi Memorial Medical College, Indore,Mahatma Gandhi Memorial Medical College, Indore, Madhya Pradesh, 452001",M.D. (PAEDIATRICS),Open,GN,Allotted
43,8170,All India,"Sawai Man Singh Medical College, JAIPUR,Sawai Man Singh Medical College, JAIPUR, Rajasthan, 302004",M.S. (GENERAL SURGERY),Open,GN,Allotted
44,8282,All India,"Sanjay Gandhi Postgarduate Institute of Medical Sciences,Sanjay Gandhi Postgarduate Institute of Medical Sciences, Uttar Pradesh, 226014",M.D. (Emergency and Critical Care)/M.D. (Emergency Medicine),Open,GN,Allotted
45,8523,DNB Quota,"Durgapur Steel Plant Hospital, ,J M Sengupta Road, B Zone, Durgapur, Dist- Paschim Bardhaman, West Bengal, 713205",(NBEMS) GENERAL MEDICINE,Open,GN,Allotted
46,8589,All India,"PGIMER, DR. RML Hospital,PGIMER, DR. RML Hospital, Delhi (NCT), 110001",M.D. (Obst. and Gynae)/MS (Obstetrics and Gynaecology),OBC,OBC,Allotted
47,8752,All India,"Sarojini Naidu Medical College, AGRA,Sarojini Naidu Medical College, AGRA, Uttar Pradesh, 282002",M.D. (PAEDIATRICS),Open,GN,Allotted
48,8807,All India,"JAWAHARLAL NEHRU MEDICAL COLLEGE, ALIGARH MUSLIM UNIVERSITY STATE UTTAR,JAWAHARLAL NEHRU MEDICAL COLLEGE, ALIGARH MUSLIM UNIVERSITY STATE UTTAR, Uttar Pradesh, 202002",M.S. (ORTHOPAEDICS),Open,GN,Allotted
49,8884,All India,"Koppal Institute of Medical Sciences Koppal, Karnataka,Gangavati Road Kiddidal Gate koppal, Karnataka, 583231",M.D. (PAEDIATRICS),Open,GN,Allotted
50,8979,All India,"Kasturba Hospital, Daryaganj,Delhi,Daryaganj,Delhi",M.D. (Obst. and Gynae)/MS (Obstetrics and Gynaecology),Open,GN,Allotted
51,9002,All India,"Sarojini Naidu Medical College, AGRA,Sarojini Naidu Medical College, AGRA, Uttar Pradesh, 282002",M.D. (Tuberculosis and Respiratory diseases)/Pulmonary Medicine /M.D. (Respiratory Medicine),Open,GN,Allotted
52,9036,All India,"Murshidabad Medical College and Hospital,Station Road, Berhampore, Murshidabad, West Bengal, 742101",M.S. (GENERAL SURGERY),Open,GN,Allotted
53,9117,All India,"GOVT. MEDICAL COLLEGE, AMRITSAR,GOVT. MEDICAL COLLEGE,CIRCULAR ROAD, AMRITSAR, Punjab, 143001",M.D. (GENERAL MEDICINE),EWS,EWS,Allotted
54,9168,All India,"GOVERNMENT VELLORE MEDICAL COLLEGE,GOVERNMENT VELLORE MEDICAL COLLEGE, Tamil Nadu, 632011",M.D. (GENERAL MEDICINE),EWS,EWS,Allotted
55,9290,All India,"S.V. Medical College, Tirupathi ,S.V. Medical College, Tirupathi, Andhra Pradesh, 517507",M.D. (Obst. and Gynae)/MS (Obstetrics and Gynaecology),Open,GN,Allotted
56,9292,All India,"Guru Gobind Singh Medical College,Guru Gobind Singh Medical College, Punjab, 151203",M.D. (GENERAL MEDICINE),EWS,EWS,Allotted
57,9358,DNB Quota,"Breach Candy Hospital, ,60-A, Bhulabhai Desai Road, Mumbai- 400 026., Maharashtra, 400026",(NBEMS) GENERAL MEDICINE,Open,GN,Allotted
58,9378,DNB Quota,"Kalpana Chawla Govt Medical College, ,Model Town, Karnal, Haryana, 132001",(NBEMS) GENERAL MEDICINE,Open,GN,Allotted
59,9740,All India,"Govt. Bundelkhand Medical College Sagar M.P.,Govt. Bundelkhand Medical College Sagar M.P., Madhya Pradesh, 470001",M.D. (PAEDIATRICS),OBC,OBC,Allotted
60,9807,All India,"Vardhman Mahavir Medical College, , New Delhi,Vardhman Mahavir Medical College, , New Delhi, Delhi (NCT), 110029",M.S. (GENERAL SURGERY),OBC,OBC,Allotted
61,9817,All India,"Bankura Sammilani Medical College,Bankura Sammilani Medical College, West Bengal, 722102",M.D. (GENERAL MEDICINE),OBC,OBC,Allotted
62,9827,All India,"Ravindra Nath Tagore Medical College, Udaipur,Ravindra Nath Tagore Medical College, Udaipur, Rajasthan, 313001",M.D. (Obst. and Gynae)/MS (Obstetrics and Gynaecology),Open,OBC,Allotted
63,9829,DNB Quota,"Dr. B L Kapur Memorial Hospital,Pusa Road New Delhi, Delhi (NCT), 110005",(NBEMS) GENERAL MEDICINE,Open,GN,Allotted
64,9836,DNB Quota,"Jaipur Golden Hospital, ,2 INSTITUTIONAL AREA, SECTOR-3, ROHINI, Delhi (NCT), 110085",(NBEMS) GENERAL MEDICINE,Open,OBC,Allotted
65,9838,All India,"Osmania Medical Collge,Osmania Medical Collge, Telangana, 500095",M.S. (GENERAL SURGERY),Open,GN,Allotted
66,9951,All India,"Srirama Chandra Bhanja Medical College, CUTTACK,Srirama Chandra Bhanja Medical College, CUTTACK, Odisha, 753007",M.D. (PAEDIATRICS),EWS,EWS,Allotted
67,10122,DNB Quota,"Moolchand Khairatiram Hospital and Ayurvedic Research Institute,,,Lajpat Nagar-III, New Delhi-110024, Delhi (NCT), 110024",(NBEMS) GENERAL MEDICINE,Open,GN,Allotted
68,10145,All India,"GOVT. MEDICAL COLLEGE AND HOSPITAL, CHANDIGARH,GOVT. MEDICAL COLLEGE AND HOSPITAL, CHANDIGARH, Chandigarh, 160030",M.D. (Obst. and Gynae)/MS (Obstetrics and Gynaecology),Open,GN,Allotted
69,10474,All India,"Grant Medical College, Maharashtra,Grant Medical College, Maharashtra, Maharashtra, 400008",M.S. (GENERAL SURGERY),OBC,OBC,Allotted
70,10538,All India,"Government medical college patiala.,Government medical college patiala., Punjab, 147001",M.D. (Obst. and Gynae)/MS (Obstetrics and Gynaecology),Open,GN,Allotted
71,10554,All India,"Burdwan Medical College, West Bengal,Burdwan Medical College, West Bengal, West Bengal, 713104",M.S. (GENERAL SURGERY),Open,GN,Allotted
72,10694,All India,"Baba Raghav Das Medical College,Baba Raghav Das Medical College, Uttar Pradesh, 273013",M.D. (PAEDIATRICS),OBC,OBC,Allotted
73,10702,All India,"Bangalore Medical College and Research Institute,Bangalore Medical College and Research Institute, Karnataka, 560002",M.D. (Obst. and Gynae)/MS (Obstetrics and Gynaecology),OBC,OBC,Allotted
74,10797,All India,"Grant Medical College, Maharashtra,Grant Medical College, Maharashtra, Maharashtra, 400008",M.D. (PSYCHIATRY),Open,GN,Allotted
75,10861,All India,"MEDICAL COLLEGE, KOLKATA,MEDICAL COLLEGE, KOLKATA, West Bengal, 700073","M.D. (DERM.,VENE. and LEPROSY)/ (DERMATOLOGY)/(SKIN and VENEREAL DISEASES)/(VENEREOLOGY)",EWS,EWS,Allotted
76,10942,DNB Quota,"Max Super Specialty Hospital, (A unit of Balaji Medical and Diagnostic Research Centre) ,Max Super Specialty Hospital -108A IP Extension Patparganj New Delhi, Delhi (NCT), 110092",(NBEMS) GENERAL MEDICINE,Open,GN,Allotted
77,10943,All India,"Government Medical College, Latur,Government Medical College, Old Railway station Near Marwadi Rajasthani High-School Latur, Maharashtra, 413512","M.D. (DERM.,VENE. and LEPROSY)/ (DERMATOLOGY)/(SKIN and VENEREAL DISEASES)/(VENEREOLOGY)",EWS,EWS,Allotted
78,10949,DNB Quota,"Ayushman Hospital and Health Services, Dwarka, Delhi,Ayushman Hospital and Health Services, Sector-10 Dwarka, New Delhi-110075, Delhi (NCT), 110075",(NBEMS) GENERAL MEDICINE,Open,GN,Allotted
79,11007,All India,"STANLEY MEDICAL COLLEGE,STANLEY MEDICAL COLLEGE NO.1, OLD JAIL ROAD, CHENNAI-600001, Tamil Nadu, 600001",M.S. (GENERAL SURGERY),Open,GN,Allotted
80,11136,All India,"GOVERNMENT VELLORE MEDICAL COLLEGE,GOVERNMENT VELLORE MEDICAL COLLEGE, Tamil Nadu, 632011",M.S. (GENERAL SURGERY),Open,GN,Allotted
81,11155,DNB Quota,"St. Stephen`s Hospital, ,Tis Hazari, Delhi (NCT), 110054",(NBEMS) PAEDIATRICS,Open,GN,Allotted
82,11227,All India,"Koppal Institute of Medical Sciences Koppal, Karnataka,Gangavati Road Kiddidal Gate koppal, Karnataka, 583231",M.D. (Obst. and Gynae)/MS (Obstetrics and Gynaecology),Open,GN,Allotted
83,11347,All India,"COIMBATORE MEDICAL COLLEGE,COIMBATORE MEDICAL COLLEGE, Tamil Nadu, 641014",M.S. (GENERAL SURGERY),Open,OBC,Allotted
84,11387,All India,"Government Medical College Srinagar,Administrative Department Government Medical College Karan Nagar Srinagar, Jammu And Kashmir, 190010",M.D. (Obst. and Gynae)/MS (Obstetrics and Gynaecology),Open,GN,Allotted
85,11460,All India,"IPGME&R and SSKM Hospital Kolkata,IPGME&R and SSKM Hospital Kolkata, West Bengal, 700020",M.D. (ANAESTHESIOLOGY),Open,GN,Allotted
86,11494,All India,"Government Medical College, Nizamabad, Telangana State,Government Medical College, Nizamabad, Telangana State, Telangana, 503001",M.S. (GENERAL SURGERY),Open,GN,Allotted
87,11507,All India,"Moti Lal Nehru Medical College,Moti Lal Nehru Medical College, Uttar Pradesh, 211001",M.D. (Tuberculosis and Respiratory diseases)/Pulmonary Medicine /M.D. (Respiratory Medicine),Open,GN,Allotted
88,11615,DNB Quota,"ESIC Hospital, Sri Maa Anandmayee Marg,,ESIC Hospital, Sri Maa Anandmayee Marg, Okhla Phase I, New Delhi, Delhi (NCT), 110020",(NBEMS) GENERAL MEDICINE,Open,GN,Allotted
89,11646,All India,"GOVERNMENT MEDICAL COLLEGE KADAPA (FORMERLY RAJIV GANDHI INSTITUTE OF MEDICAL SCIENCES, KADAPA),GOVERNMENT MEDICAL COLLEGE KADAPA (FORMERLY RAJIV GANDHI INSTITUTE OF MEDICAL SCIENCES, KADAPA), Andhra Pradesh, 516002",M.D. (Obst. and Gynae)/MS (Obstetrics and Gynaecology),OBC,OBC,Allotted
90,11663,All India,"GAJRA RAJA MEDICAL COLLEGE GWALIOR,GAJRA RAJA MEDICAL COLLEGE GWALIOR, Madhya Pradesh, 474009",M.D. (PAEDIATRICS),EWS,EWS,Allotted
91,11670,All India,"Vardhman Mahavir Medical College, , New Delhi,Vardhman Mahavir Medical College, , New Delhi, Delhi (NCT), 110029",M.D. Sports Medicine,Open,GN,Allotted
92,11671,All India,"Government Medical College, Nagpur,Government Medical College, Nagpur, Maharashtra, 440003",M.S. (ORTHOPAEDICS),OBC,OBC,Allotted
93,11918,All India,"Dr.V.M.Govt.Medical College,Solapur, Maharasthtra,In front of district court civil chowk Dr.V.M.Govt.Medical College,Solapur, Maharasthtra, Maharashtra, 413003",M.S. (GENERAL SURGERY),Open,GN,Allotted
94,11934,All India,"Mahatma Gandhi Memorial Medical College, Jamshedpur,Mahatma Gandhi Memorial Medical College, Jamshedpur, Jharkhand, 831020",M.S. (ORTHOPAEDICS),Open,GN,Allotted
95,11979,DNB Quota,"Yashoda Super Speciality Hospital, Uttar Pradesh,H-1, 24,26,27, KAUSHAMBI, NEAR DABUR CHOWK, GHAZIABAD, Uttar Pradesh, 201010",(NBEMS) GENERAL MEDICINE,Open,OBC,Allotted
96,11995,All India,"Maulana Azad Medical College,Maulana Azad Medical College, Delhi (NCT), 110002",M.D. (ANAESTHESIOLOGY),Open,GN,Allotted
97,11997,All India,"Government Erode Medical College- Formerly IRT-Perundurai Medical College,GOVERNMENT ERODE MEDICAL COLLEGE AND HOSPITAL PERUNDURAI SANATORIUM POST ERODE DISTRICT, Tamil Nadu, 638053",M.S. (GENERAL SURGERY),OBC,OBC,Allotted
98,12054,All India,"NETAJI SUBHASH CHANDRA BOSE MEDICAL COLLEGE, JABALPUR ,NETAJI SUBHASH CHANDRA BOSE MEDICAL COLLEGE, NAGPUR ROAD JABALPUR, Madhya Pradesh, 482003",M.S. (ORTHOPAEDICS),Open,GN,Allotted
99,12119,All India,"Government medical college patiala.,Government medical college patiala., Punjab, 147001",M.D. (Tuberculosis and Respiratory diseases)/Pulmonary Medicine /M.D. (Respiratory Medicine),Open,GN,Allotted
100,12182,All India,"Dr.V.M.Govt.Medical College,Solapur, Maharasthtra,In front of district court civil chowk Dr.V.M.Govt.Medical College,Solapur, Maharasthtra, Maharashtra, 413003",M.S. (GENERAL SURGERY),Open,GN,Allotted
101,12203,DNB Quota,"Shri Lal Bahadur Shastri Government Medical College and Hospital , ,VPO- Bhangrotu, MC- Ner Chowk, District- Mandi, Himachal Pradesh, 175021",(NBEMS) GENERAL MEDICINE,OBC,OBC,Allotted
102,12204,All India,"DARBHANGA MEDICAL COLLEGE,Sheetal Prasad Marg, Laheriasarai, Darbhanga, Bihar, Bihar, 846003",M.S. (ORTHOPAEDICS),OBC,OBC,Allotted
103,12277,DNB Quota,"Rainbow Hospital For Women and Children, Telangana,Saraswathi Nagar Colony, Mansoorabad Village, LB Nagar, Telangana, 500070",(NBEMS) PAEDIATRICS,Open,GN,Allotted
104,12326,All India,"GOVT. MEDICAL COLLEGE, AMRITSAR,GOVT. MEDICAL COLLEGE,CIRCULAR ROAD, AMRITSAR, Punjab, 143001",M.S. (GENERAL SURGERY),Open,GN,Allotted
105,12380,All India,"JAWAHAR LAL NEHRU MEDICAL COLLEGE, AJMER,NEAR PATEL STADIUM, AJMER, Rajasthan, 305001",M.D. (Emergency and Critical Care)/M.D. (Emergency Medicine),Open,GN,Allotted
106,12416,All India,"GANDHI MEDICAL COLLEGE,GANDHI MEDICAL COLLEGE, Telangana, 500003",M.S. (ORTHOPAEDICS),OBC,OBC,Allotted
107,12460,All India,"University College of Medical Sciences,University College of Medical Sciences, Delhi (NCT), 110095",M.D. (Obst. and Gynae)/MS (Obstetrics and Gynaecology),EWS,EWS,Allotted
108,12491,All India,"Government Medical College, Siddipet,SURVEY NO 54 GOVERNMENT MEDICAL COLLEGE ENSANPALLY SIDDIPET 502114, Telangana, 502114",M.D. (Obst. and Gynae)/MS (Obstetrics and Gynaecology),OBC,OBC,Allotted
109,12494,All India,"Jawaharlal Institute of Medical Sciences, Manipur,Jawaharlal Nehru Institute of Medical Sciences, Porompat, Imphal -East, Manipur-795005, Manipur, 795005",M.D. (Tuberculosis and Respiratory diseases)/Pulmonary Medicine /M.D. (Respiratory Medicine),OBC,OBC,Allotted
110,12543,All India,"S.V. Medical College, Tirupathi ,S.V. Medical College, Tirupathi, Andhra Pradesh, 517507",M.S. (GENERAL SURGERY),Open,OBC,Allotted
111,12564,All India,"M. P. SHAH GOVERNMENT MEDICAL COLLEGE,M. P. SHAH GOVERNMENT MEDICAL COLLEGE, Gujarat, 361008",M.S. (GENERAL SURGERY),Open,GN,Allotted
112,12641,DNB Quota,"ESIC Dental College and Hospital,,Sector-17, Rohini, Delhi (NCT), 110089",(NBEMS) PAEDIATRICS,Open,EWS,Allotted
113,12671,All India,"Lala Lajpat Rai Memorial Medical College, MEERUT,Lala Lajpat Rai Memorial Medical College, MEERUT, Uttar Pradesh, 250004",DIP. IN DERM. VENEREOLOGY and LEPROSY/DERMATOLOGY /VENEREOLOGY and DERMATOLOGY/LEPROSY/VENEREAL DISEASE and LEPROSY,Open,GN,Allotted
114,12698,DNB Quota,"SETH V. C. GANDHI and M. A. VORA MUNICIPAL GENERAL HOSPITAL (RAJAWADI HOSPITAL), Maharashtra,hospital.rajawadi@gmail.com, Maharashtra, 400077",(NBEMS) GENERAL MEDICINE,OBC,OBC,Allotted
115,12699,All India,"GOVT. MEDICAL COLLEGE AND HOSPITAL, CHANDIGARH,GOVT. MEDICAL COLLEGE AND HOSPITAL, CHANDIGARH, Chandigarh, 160030",M.D. (ANAESTHESIOLOGY),Open,GN,Allotted
116,12709,All India,"Maharaja Krushna Chandra Gajapati Medical College , Brahmapur,Maharaja Krushna Chandra Gajapati Medical College , Brahmapur, Odisha, 760004",M.S. (GENERAL SURGERY),Open,GN,Allotted
117,12718,All India,"Mahatma Gandhi Institute of Medical Sciences, Wardha,Mahatma Gandhi Institute of Medical Sciences, Sevagram, Wardha, Maharashtra, 442102",M.S. (ORTHOPAEDICS),EWS,EWS,Allotted
118,12729,All India,"Grant Medical College, Maharashtra,Grant Medical College, Maharashtra, Maharashtra, 400008",M.S. (GENERAL SURGERY),OBC,OBC,Allotted
119,12749,All India,"Mahatma Gandhi Memorial Medical College, Indore,Mahatma Gandhi Memorial Medical College, Indore, Madhya Pradesh, 452001",M.S. (ORTHOPAEDICS),EWS,EWS,Allotted
120,12760,DNB Quota,"Lilavati Hospital and Research Centre, ,Lilavati Hospital And Research Centre A-791, Bandra Reclamation, Bandra - West, Mumbai, Maharashtra, 400050",(NBEMS-DIPLOMA) RADIO-DIAGNOSIS,Open,GN,Allotted
121,12777,DNB Quota,"Sahyadri Narayana Multispecialty Hospital, Harakere,,NT ROAD, HARAKERE , SHIMOGA, Karnataka, 577202",(NBEMS) GENERAL MEDICINE,Open,OBC,Allotted
122,12854,DNB Quota,"Dr. Radhakrishnan Govt. Medical College , ,Dr. Radhakrishnan Govt. Medical College Hamirpur HP, Himachal Pradesh, 177001",(NBEMS) GENERAL MEDICINE,Open,GN,Allotted
123,12886,All India,"Government Medical College, Latur,Government Medical College, Old Railway station Near Marwadi Rajasthani High-School Latur, Maharashtra, 413512",M.S. (GENERAL SURGERY),OBC,OBC,Allotted
124,12956,All India,"Jawaharlal Institute of Medical Sciences, Manipur,Jawaharlal Nehru Institute of Medical Sciences, Porompat, Imphal -East, Manipur-795005, Manipur, 795005",M.S. (GENERAL SURGERY),Open,GN,Allotted
125,12973,DNB Quota,"District Hospital, ,District Hospital Next to Sainik School second gate Athani Road, Vijayapura Karnataka 586103, Karnataka, 586103",(NBEMS) GENERAL MEDICINE,OBC,OBC,Allotted
126,12996,All India,"B. J. MEDICAL COLLEGE, Ahmedabad,B.J. Medical College, New Civil Hospital Asarwa,Ahmedabad-380016,Gujarat,India, Gujarat, 380016",M.S. (OPHTHALMOLOGY),Open,GN,Allotted
127,13091,DNB Quota,"Autonomous State Medical College and Allied Pandit Ram Prasad Bismil Memorial Hospital, ,ASMC, JIGNERA, kanth road, shahjahanpur, Uttar Pradesh, 242001",(NBEMS) GENERAL MEDICINE,Open,GN,Allotted
128,13092,DNB Quota,"Yashoda Super Speciality Hospital, ,Nalgonda X Roads, Malakpet, Hyderabad, Telangana, 500036",(NBEMS) PAEDIATRICS,Open,OBC,Allotted
129,13115,DNB Quota,"Central Hospital, ,SOUTH EAST CENTRAL RAILWAY, OPPOSITE GOLF GROUND, BILASPUR, Chhattisgarh, 495004",(NBEMS) GENERAL MEDICINE,Open,GN,Allotted
130,13160,DNB Quota,"KMC Hospital and Research Centre, ,KMC Hospital and Research Centre 187, Baghpat Road, Meerut, Uttar Pradesh, 250002",(NBEMS) GENERAL MEDICINE,Open,GN,Allotted
131,13168,DNB Quota,"St. Stephen`s Hospital, ,Tis Hazari, Delhi (NCT), 110054",(NBEMS) Obstetrics and Gynaecology,Open,GN,Allotted
132,13217,All India,"Sher-i-Kashmir Institute of Medical Sciences, Srinagar,J&K ,SKIMS, SOURA, SRINAGAR-190011, Jammu And Kashmir, 190011",M.S. (ORTHOPAEDICS),Open,GN,Allotted
133,13249,DNB Quota,"Kannur Medical College Hospital, ,Anjarakandy Integrated Campus Anjarakandy PO Kannur, Kerala, 670612",(NBEMS) PAEDIATRICS,Open,GN,Allotted
134,13262,DNB Quota,"District Hospital, ,District hospital chitradurga, B D road beside DHO office Chitradurga, Karnataka, 577501",(NBEMS) GENERAL MEDICINE,Open,OBC,Allotted
135,13285,All India,"Pandit Bhagwat Dayal Sharma Post Graduate Institute of Medical Sciences, Rohtak,Pandit Bhagwat Dayal Sharma Post Graduate Institute of Medical Sciences, Rohtak, Haryana, 124001",M.D. (ANAESTHESIOLOGY),Open,GN,Allotted
136,13312,All India,"Grant Medical College, Maharashtra,Grant Medical College, Maharashtra, Maharashtra, 400008",M.S. (OPHTHALMOLOGY),Open,GN,Allotted
137,13572,All India,"Grant Medical College, Maharashtra,Grant Medical College, Maharashtra, Maharashtra, 400008",M.S. (OPHTHALMOLOGY),Open,GN,Allotted
138,13654,DNB Quota,"Mohandai Oswal Hospital, ,Mohandai Oswal Hospital, Sherpur Byepass, G T Road, Ludhiana-141009, Punjab, 141009",(NBEMS) GENERAL MEDICINE,Open,GN,Allotted
139,13946,DNB Quota,"Durgapur Steel Plant Hospital, ,J M Sengupta Road, B Zone, Durgapur, Dist- Paschim Bardhaman, West Bengal, 713205",(NBEMS) GENERAL MEDICINE,OBC,OBC,Allotted
140,13947,All India,"Govt. Medical College Akola,Govt. Medical College Akola, Maharashtra, 444001",M.D. (Obst. and Gynae)/MS (Obstetrics and Gynaecology),OBC,OBC,Allotted
141,13961,DNB Quota,"Kamla Nehru Memorial Hospital, 1, ,1, HASHIMPUR ROAD, PRAYAGRAJ, Uttar Pradesh, 211002",(NBEMS) Obstetrics and Gynaecology,Open,GN,Allotted
142,13967,All India,"Government medical college patiala.,Government medical college patiala., Punjab, 147001",M.S. (GENERAL SURGERY),OBC,OBC,Allotted
143,14024,All India,"Government medical college patiala.,Government medical college patiala., Punjab, 147001",M.S. (OPHTHALMOLOGY),Open,GN,Allotted
144,14045,All India,"Osmania Medical Collge,Osmania Medical Collge, Telangana, 500095",M.S. (OPHTHALMOLOGY),Open,GN,Allotted
145,14085,All India,"JAWAHAR LAL NEHRU MEDICAL COLLEGE, AJMER,NEAR PATEL STADIUM, AJMER, Rajasthan, 305001",M.D. (PSYCHIATRY),Open,GN,Allotted
146,14125,DNB Quota,"Maharaja Agarsen Hospital, ,., Delhi (NCT), 110026",(NBEMS) PAEDIATRICS,Open,GN,Allotted
147,14174,DNB Quota,"Dr. B L Kapur Memorial Hospital,Pusa Road New Delhi, Delhi (NCT), 110005",(NBEMS) Obstetrics and Gynaecology,Open,GN,Allotted
148,14188,DNB Quota,"Max Super Specialty Hospital, ,1,2, Press Enclave Road, Saket, New Delhi, Delhi (NCT), 110017",(NBEMS) Respiratory Medicine,Open,GN,Allotted
149,14259,All India,"Maulana Azad Medical College,Maulana Azad Medical College, Delhi (NCT), 110002",M.D. (ANAESTHESIOLOGY),OBC,OBC,Allotted
150,14343,All India,"Rangaraya Medical College,Rangaraya Medical College Beside SP Office , Pithapuram Road, Kakinada, Andhra Pradesh, 533003",M.S. (OPHTHALMOLOGY),Open,GN,Allotted
151,14365,DNB Quota,"Fortis Hospital, Sector B, ,SECTOR-B1, VASANT KUNJ NEW DELHI, Delhi (NCT), 110070",(NBEMS) PAEDIATRICS,Open,GN,Allotted
152,14421,DNB Quota,"Darbhanga Medical College Hospital,Sheetal Prasad Marg, Laheriasarai, Darbhanga, Bihar, Bihar, 846003",(NBEMS) DERMATOLOGY and VENEREOLOGY and LEPROSY,EWS,EWS,Allotted
153,14462,DNB Quota,"Manipal Hospital,,Sector 5, Vidhyadhar Nagar, Jaipur, Rajasthan, 302013",(NBEMS) ORTHOPAEDICS,Open,GN,Allotted
154,14526,All India,"SHYAM SHAH MEDICAL COLLEGE,deanmcrewa@rediffmail.com, Madhya Pradesh, 486001",M.D. (Obst. and Gynae)/MS (Obstetrics and Gynaecology),OBC,OBC,Allotted
155,14561,All India,"INSTITUTE OF MEDICAL SCIENCES, BANARAS HINDU UNIVERSITY,INSTITUTE OF MEDICAL SCIENCES, BANARAS HINDU UNIVERSITY, Uttar Pradesh, 221005",M.S. (OPHTHALMOLOGY),OBC,OBC,Allotted
156,14601,All India,"JAWAHARLAL NEHRU MEDICAL COLLEGE, ALIGARH MUSLIM UNIVERSITY STATE UTTAR,JAWAHARLAL NEHRU MEDICAL COLLEGE, ALIGARH MUSLIM UNIVERSITY STATE UTTAR, Uttar Pradesh, 202002",M.S. (OPHTHALMOLOGY),Open,GN,Allotted
157,14619,DNB Quota,"Fortis Hospital, Sector B, ,SECTOR-B1, VASANT KUNJ NEW DELHI, Delhi (NCT), 110070",(NBEMS) Respiratory Medicine,Open,GN,Allotted
158,14626,DNB Quota,"Peerless Hospital and B K Roy Research Centre, ,360, Panchasayar, Kolkata - 700 -094, West Bengal, 700094",(NBEMS-DIPLOMA) RADIO-DIAGNOSIS,Open,GN,Allotted
159,14648,All India,"Bankura Sammilani Medical College,Bankura Sammilani Medical College, West Bengal, 722102",M.S. (GENERAL SURGERY),OBC,OBC,Allotted
160,14658,DNB Quota,"Apollo Hospital, ,Plotno-251,Sainik school Road,Unit-15 Apollo Hospitals , Bhubaneswar, Odisha, 751005",(NBEMS) ORTHOPAEDICS,Open,OBC,Allotted
161,14692,All India,"PGIMER, DR. RML Hospital,PGIMER, DR. RML Hospital, Delhi (NCT), 110001",M.S. (E.N.T.),OBC,OBC,Allotted
162,14710,All India,"Moti Lal Nehru Medical College,Moti Lal Nehru Medical College, Uttar Pradesh, 211001",M.D. (Tuberculosis and Respiratory diseases)/Pulmonary Medicine /M.D. (Respiratory Medicine),OBC,OBC,Allotted
163,14740,All India,"Sher-i-Kashmir Institute of Medical Sciences, Srinagar,J&K ,SKIMS, SOURA, SRINAGAR-190011, Jammu And Kashmir, 190011",M.S. (GENERAL SURGERY),OBC,OBC,Allotted
164,14764,All India,"Bankura Sammilani Medical College,Bankura Sammilani Medical College, West Bengal, 722102",M.D. (Obst. and Gynae)/MS (Obstetrics and Gynaecology),EWS,EWS,Allotted
165,14787,All India,"GOVT. MEDICAL COLLEGE, AMRITSAR,GOVT. MEDICAL COLLEGE,CIRCULAR ROAD, AMRITSAR, Punjab, 143001",M.D. (Tuberculosis and Respiratory diseases)/Pulmonary Medicine /M.D. (Respiratory Medicine),OBC,OBC,Allotted
166,14796,All India,"Indira Gandhi Medical College Shimla,Indira Gandhi Medical College Shimla, Himachal Pradesh, 171001",M.D. (Obst. and Gynae)/MS (Obstetrics and Gynaecology),OBC,OBC,Allotted
167,14840,DNB Quota,"C.S.I. Holdsworth Memorial Hospital, ,P.B.No. 38, Sawday Road, Mandi Mohalla, Mysuru, Karnataka, 570001",(NBEMS) PAEDIATRICS,Open,OBC,Allotted
168,14910,All India,"INSTITUTE OF MEDICAL SCIENCES, BANARAS HINDU UNIVERSITY,INSTITUTE OF MEDICAL SCIENCES, BANARAS HINDU UNIVERSITY, Uttar Pradesh, 221005",M.D. (ANAESTHESIOLOGY),Open,GN,Allotted
169,14930,All India,"MADURAI MEDICAL COLLEGE,MADURAI MEDICAL COLLEGE, Tamil Nadu, 625020",M.D. (ANAESTHESIOLOGY),Open,OBC,Allotted
170,15031,All India,"Pandit Bhagwat Dayal Sharma Post Graduate Institute of Medical Sciences, Rohtak,Pandit Bhagwat Dayal Sharma Post Graduate Institute of Medical Sciences, Rohtak, Haryana, 124001",M.S. (OPHTHALMOLOGY),OBC,OBC,Allotted
171,15047,All India,"B. J. MEDICAL COLLEGE, Ahmedabad,B.J. Medical College, New Civil Hospital Asarwa,Ahmedabad-380016,Gujarat,India, Gujarat, 380016",M.D. (ANAESTHESIOLOGY),Open,GN,Allotted
172,15144,DNB Quota,"Max Super Specialty Hospital, (Formerly- Pushpanjali Crosslay Hospital) ,W-3, Sector- 1, Vaishali, Ghaziabad, Uttar Pradesh, 201012",(NBEMS) PAEDIATRICS,Open,OBC,Allotted
173,15247,All India,"Murshidabad Medical College and Hospital,Station Road, Berhampore, Murshidabad, West Bengal, 742101",M.D. (Obst. and Gynae)/MS (Obstetrics and Gynaecology),EWS,EWS,Allotted
174,15320,DNB Quota,"Jaiprakash Hospital and Research Centre Pvt. Ltd, Odisha,,JAIPRAKASH HOSPITAL AND RESEARCH CENTER PVT. LTD., DANDIAPALI, ROURKELA, Odisha, 769004",(NBEMS) Obstetrics and Gynaecology,Open,OBC,Allotted
175,15383,All India,"CHENGALPATTU MEDICAL COLLEGE, CHENGALPATTU,CHENGALPATTU MEDICAL COLLEGE, CHENGALPATTU, Tamil Nadu, 603001",M.D. (ANAESTHESIOLOGY),Open,OBC,Allotted
176,15386,DNB Quota,"Autonomous State Medical College and Allied Pandit Ram Prasad Bismil Memorial Hospital, ,ASMC, JIGNERA, kanth road, shahjahanpur, Uttar Pradesh, 242001",(NBEMS-DIPLOMA) RADIO-DIAGNOSIS,OBC,OBC,Allotted
177,15396,DNB Quota,"Sarvodaya Hospital and Research Centre, ,YMCA road Sector 08 Faridabad, Haryana, 121006",(NBEMS) PAEDIATRICS,Open,GN,Allotted
178,15409,DNB Quota,"Amar Hospital, ,#8, Bank Colony, Income Tax Office Road, Patiala, Punjab, 147001",(NBEMS-DIPLOMA) RADIO-DIAGNOSIS,Open,GN,Allotted
179,15425,All India,"Maharashtra Post Graduate Institute of Medical Education and Research, Nashik,Maharashtra Post Graduation Institute Of Medical Education and Research Civil Hospital campus Trimba, Maharashtra, 422002",M.S. (GENERAL SURGERY),EWS,EWS,Allotted
180,15498,All India,"IPGME&R and SSKM Hospital Kolkata,IPGME&R and SSKM Hospital Kolkata, West Bengal, 700020",M.D. (Obst. and Gynae)/MS (Obstetrics and Gynaecology),OBC,OBC,Allotted
181,15549,All India,"Government Medical College, Surat,Government Medical College, Majuragate, Surat., Gujarat, 395001",M.S. (E.N.T.),Open,GN,Allotted
182,15618,DNB Quota,"Jupiter Hospital, ,Eastern Express Highway, Thane West, Maharashtra, 400601",(NBEMS) Respiratory Medicine,Open,GN,Allotted
183,15642,All India,"INSTITUTE OF MEDICAL SCIENCES, BANARAS HINDU UNIVERSITY,INSTITUTE OF MEDICAL SCIENCES, BANARAS HINDU UNIVERSITY, Uttar Pradesh, 221005",M.S. (OPHTHALMOLOGY),OBC,OBC,Allotted
184,15648,DNB Quota,"Apollo BGS Hospital,,Apollo BGS Hospitals, Adhichunchangiri Road, Kuvempunagar, Mysore, Karnataka, 570023",(NBEMS) Emergency Medicine,Open,OBC,Allotted
185,15663,All India,"Gwalior Mansik Arogyashala, Madhya Pradesh,Gwalior Mansik Arogyashala Jail Rd, Gwalior, Madhya Pradesh 474012, Madhya Pradesh, 474012",M.D. (PSYCHIATRY),Open,GN,Allotted
186,15702,All India,"Gandhi Medical College, Bhopal,Gandhi Medical College, Bhopal, Madhya Pradesh, 462001",M.D. (ANAESTHESIOLOGY),Open,GN,Allotted
187,15707,All India,"Govt. Medical College, Jammu,Govt. Medical College, Bakshi Nagar, Jamu, Jammu And Kashmir, 180001",M.S. (ORTHOPAEDICS),OBC,OBC,Allotted
188,15816,All India,"Sawai Man Singh Medical College, JAIPUR,Sawai Man Singh Medical College, JAIPUR, Rajasthan, 302004",M.S. (E.N.T.),OBC,OBC,Allotted
189,15863,DNB Quota,"Andhra Hospital (Vijayawada), ,CVR Complex, Governorpet, Vijayawada-520002, Krishna District, Andhra Pradesh, 520002",(NBEMS) PAEDIATRICS,Open,GN,Allotted
190,15876,DNB Quota,"Apollo Specialty Hospital, ,NO. 320, PADMA COMPLEX, MOUNT ROAD, CHENNAI, Tamil Nadu, 600035",(NBEMS) RADIATION ONCOLOGY,Open,OBC,Allotted
191,15891,DNB Quota,"Sadhu Vaswani Missions ,7-9 Lane No 1 Koregaon Park Pune 411001, Maharashtra, 411001",(NBEMS) GENERAL SURGERY,Open,OBC,Allotted
192,15908,DNB Quota,"Venkateshwar Hospital, ,Sector- 18 A, Dwarka, New Delhi, Delhi (NCT), 110075",(NBEMS) GENERAL SURGERY,Open,GN,Allotted
193,15927,DNB Quota,"Apollo Hospital, ,LOTUS TOWER, G S ROAD, GUWAHATI, Assam, 781005",(NBEMS) PAEDIATRICS,Open,GN,Allotted
194,15947,All India,"INSTITUTE OF MEDICAL SCIENCES, BANARAS HINDU UNIVERSITY,INSTITUTE OF MEDICAL SCIENCES, BANARAS HINDU UNIVERSITY, Uttar Pradesh, 221005",M.D. (ANAESTHESIOLOGY),Open,OBC,Allotted
195,15979,DNB Quota,"College of Medicine and JNM Hospital,,Kalyani, Silpanchal, West Bengal, 741235",(NBEMS) Respiratory Medicine,Open,GN,Allotted
196,16047,All India,"Rajendra Institute of Medical Sciences, Ranchi,Rajendra Institute of Medical Sciences, Ranchi, Jharkhand, 834009",M.S. (OPHTHALMOLOGY),Open,GN,Allotted
197,16093,DNB Quota,"Government Medical College and Associated Hospital,,JANGLAT MANDI ANANTNAG, JAMMU AND KASHMIR 192101, Jammu And Kashmir, 192101",(NBEMS-DIPLOMA) RADIO-DIAGNOSIS,Open,GN,Allotted
198,16132,All India,"INSTITUTE OF MEDICAL SCIENCES, BANARAS HINDU UNIVERSITY,INSTITUTE OF MEDICAL SCIENCES, BANARAS HINDU UNIVERSITY, Uttar Pradesh, 221005",M.D. (ANAESTHESIOLOGY),Open,GN,Allotted
199,16152,DNB Quota,"C.S.I. Kalyani General Hospital,, ,15, DR RADHAKRISHNAN SALAI, MYLAPORE, CHENNAI, Tamil Nadu, 600004",(NBEMS) Obstetrics and Gynaecology,Open,OBC,Allotted
200,16204,All India,"Chittaranjan Seva Sadan Hospital,37, S.P. MUKHERJEE ROAD, KOLKATA, West Bengal, 700026",M.D. (Obst. and Gynae)/MS (Obstetrics and Gynaecology),OBC,OBC,Allotted
201,16209,DNB Quota,"Jaipur Golden Hospital, ,2 INSTITUTIONAL AREA, SECTOR-3, ROHINI, Delhi (NCT), 110085",(NBEMS) GENERAL SURGERY,Open,EWS,Allotted
202,16313,All India,"GOVERNMENT VILLUPURAM MEDICAL COLLEGE, VILLUPURAM,GOVERNMENT VILLUPURAM MEDICAL COLLEGE VILLUPURAM TRICHY TRUNK ROAD MUNDIYAMPAKKAM VILLUPURAM DISTR, Tamil Nadu, 605601",M.D. (Emergency and Critical Care)/M.D. (Emergency Medicine),EWS,EWS,Allotted
203,16345,All India,"Indira Gandhi Institute of Medical Sciences, Patna,Indira Gandhi Institute of Medical Sciences, Patna, Bihar, 800014",M.D. (ANAESTHESIOLOGY),Open,OBC,Allotted
204,16361,DNB Quota,"District Hospital, ,District Hospital Next to Sainik School second gate Athani Road, Vijayapura Karnataka 586103, Karnataka, 586103",(NBEMS) PAEDIATRICS,Open,OBC,Allotted
205,16463,DNB Quota,"Santosh Hospital, ,No.6/1, Promenade Road, Bangalore.560 005, Karnataka, 560005",(NBEMS) Obstetrics and Gynaecology,Open,GN,Allotted
206,16472,All India,"GOVT MEDICAL COLLEGE,THRISSUR,GOVT MEDICAL COLLEGE,THRISSUR, Kerala, 680596",M.S. (OPHTHALMOLOGY),Open,OBC,Allotted
207,16480,All India,"MEDICAL COLLEGE, KOLKATA,MEDICAL COLLEGE, KOLKATA, West Bengal, 700073",DIPLOMA IN ORTHOPAEDICS,Open,OBC,Allotted
208,16497,All India,"Pandit Dindayal Upadhyay Medical College, RAJKOT,Pandit Dindayal Upadhyay Medical College, RAJKOT, Gujarat, 360001",M.S. (OPHTHALMOLOGY),Open,GN,Allotted
209,16536,DNB Quota,"Government Head Quarters Hospital, ,NO 1 RAMAMOORTHY ROAD VIRUDHUNAGAR, Tamil Nadu, 626001",(NBEMS) GENERAL MEDICINE,EWS,EWS,Allotted
210,16583,All India,"Regional Institute of Ophthalmology,RIO Prev Known as Nehru Institute of Ophthalmology and Research Centre Civil Lines Sitapur, Uttar Pradesh, 261001",M.S. (OPHTHALMOLOGY),Open,GN,Allotted
211,16597,DNB Quota,"Shifaa Hospital, ,NO 332, QUEENS ROAD, SHIVAJINAGAR, Karnataka, 560052",(NBEMS) Obstetrics and Gynaecology,Open,GN,Allotted
212,16680,All India,"KING GEORGES MEDICAL UNIVERSITY,KING GEORGES MEDICAL UNIVERSITY, Shahmeena Road, Chowk, Lucknow-226003, Uttar Pradesh, 226003",M.D. (ANAESTHESIOLOGY),Open,EWS,Allotted
213,16684,All India,"GOVT. MEDICAL COLLEGE, AMRITSAR,GOVT. MEDICAL COLLEGE,CIRCULAR ROAD, AMRITSAR, Punjab, 143001",M.S. (E.N.T.),Open,GN,Allotted
214,16720,DNB Quota,"Ganga Medical Centre and Hospital,,313 Mettupalayam Road Coimbatore 641043, Tamil Nadu, 641043",(NBEMS) ORTHOPAEDICS,Open,OBC,Allotted
215,16770,DNB Quota,"P.D. Hinduja National Hospital and Medical Research Centre, ,Veer Savarkar Marg, Mahim, Maharashtra, 400016",(NBEMS) GENERAL SURGERY,Open,OBC,Allotted
216,16778,DNB Quota,"Associated Hospital Govt. Medical College, ,Makeshift Campus, Near Bus Stand, Doda City, Doda, Jammu and Kashmir, Jammu And Kashmir, 182202",(NBEMS) GENERAL MEDICINE,EWS,EWS,Allotted
217,16846,All India,"Tirunelveli Medical College,TIRUNELVELI MEDICAL COLLEGE, HIGHGROUND, TIRUNELVELI-11, Tamil Nadu, 627011",M.D. (ANAESTHESIOLOGY),Open,OBC,Allotted
218,16871,All India,"THANJAVUR MEDICAL COLLEGE, THANJAVUR,THANJAVUR MEDICAL COLLEGE, THANJAVUR, Tamil Nadu, 613004",M.S. (OPHTHALMOLOGY),OBC,OBC,Allotted
219,16953,All India,"Sawai Man Singh Medical College, JAIPUR,Sawai Man Singh Medical College, JAIPUR, Rajasthan, 302004",M.D. (GENERAL MEDICINE),SC,SC,Allotted
220,16974,DNB Quota,"GMERS Medical College and General Hospital , ,GMERS MEDICAL COLLEGE , Hadiyol-Gadhoda Road, Near-Government Polytechnic, Hiimmatnagar, Gujarat, 383001",(NBEMS) GENERAL SURGERY,OBC,OBC,Allotted
221,17103,DNB Quota,"Mata Chanan Devi Hospital,, ,C-1 JANAKPURI, Delhi (NCT), 110058",(NBEMS) ORTHOPAEDICS,Open,OBC,Allotted
222,17177,All India,"B. J. MEDICAL COLLEGE, Ahmedabad,B.J. Medical College, New Civil Hospital Asarwa,Ahmedabad-380016,Gujarat,India, Gujarat, 380016",M.S. (OPHTHALMOLOGY),OBC,OBC,Allotted
223,17216,All India,"NETAJI SUBHASH CHANDRA BOSE MEDICAL COLLEGE, JABALPUR ,NETAJI SUBHASH CHANDRA BOSE MEDICAL COLLEGE, NAGPUR ROAD JABALPUR, Madhya Pradesh, 482003",M.S. (OPHTHALMOLOGY),Open,GN,Allotted
224,17267,DNB Quota,"NEOTIA GETWEL HEALTHCARE CENTRE, ,Uttorayon, Behind City Centre, Matigara, Siliguri, West Bengal, 734010",(NBEMS) PAEDIATRICS,Open,GN,Allotted
225,17275,DNB Quota,"Mata Chanan Devi Hospital,, ,C-1 JANAKPURI, Delhi (NCT), 110058",(NBEMS) GENERAL SURGERY,Open,EWS,Allotted
226,17355,Delhi University Quota,"INSTITUTE OF HUMAN BEHAVIOUR AND ALLIED SCIENCES,Institute of Human Behaviour and Allied Sciences, Dilshad Garden, New Delhi, Delhi 110095, India, Delhi (NCT), 110095",M.D. (PSYCHIATRY),Open,GN,Allotted
227,17358,DNB Quota,"Fortis Hospital,,B-22, Sector 62, Noida, Uttar Pradesh, Uttar Pradesh, 201301",(NBEMS) Emergency Medicine,Open,OBC,Allotted
228,17462,DNB Quota,"Max Super Specialty Hospital, (Formerly- Pushpanjali Crosslay Hospital) ,W-3, Sector- 1, Vaishali, Ghaziabad, Uttar Pradesh, 201012",(NBEMS) Emergency Medicine,Open,OBC,Allotted
229,17482,All India,"MYSORE MEDICAL COLLEGE AND RESEARCH INSTITUTE,MYSORE MEDICAL COLLEGE AND RESEARCH INSTITUTE, Karnataka, 570001",M.D. (ANAESTHESIOLOGY),Open,OBC,Allotted
230,17565,All India,"GANDHI MEDICAL COLLEGE,GANDHI MEDICAL COLLEGE, Telangana, 500003",M.D. (ANAESTHESIOLOGY),Open,GN,Allotted
231,17661,All India,"GOVT. MEDICAL COLLEGE, AMRITSAR,GOVT. MEDICAL COLLEGE,CIRCULAR ROAD, AMRITSAR, Punjab, 143001",DIPLOMA IN CHILD HEALTH/ PAEDIATRICS,OBC,OBC,Allotted
232,17711,All India,"Bankura Sammilani Medical College,Bankura Sammilani Medical College, West Bengal, 722102",M.D. (ANAESTHESIOLOGY),Open,GN,Allotted
233,17728,DNB Quota,"Dr. B L Kapur Memorial Hospital,Pusa Road New Delhi, Delhi (NCT), 110005",(NBEMS) GENERAL SURGERY,Open,GN,Allotted
234,17786,DNB Quota,"Fortis Escorts Hospital,,Fortis escorts hospital ,neelam bata road, faridabad, Haryana, 121002",(NBEMS) GENERAL SURGERY,Open,OBC,Allotted
235,17866,DNB Quota,"Holy Spirit Hospital, ,Mahakali Caves Road Andheri East Mumbai, Maharashtra, 400093",(NBEMS) GENERAL SURGERY,Open,GN,Allotted
236,17915,All India,"Government Medical College, Miraj,Government Medical College, Miraj, Maharashtra, 416410",M.S. (OPHTHALMOLOGY),Open,GN,Allotted
237,17922,DNB Quota,"Lilavati Hospital and Research Centre, ,Lilavati Hospital And Research Centre A-791, Bandra Reclamation, Bandra - West, Mumbai, Maharashtra, 400050",(NBEMS) GENERAL SURGERY,Open,EWS,Allotted
238,17938,DNB Quota,"Apollo Hospital, Village Lingiadih,,Apollo Hospitals Bilaspur Seepat Road Lingyadih Village Bilaspur, Chhattisgarh, 495006",(NBEMS) GENERAL SURGERY,Open,GN,Allotted
239,17958,All India,"Chamarajanagar Institute of Medical Sciences, Karnataka,CHAMARAJANAGAR INSTITUTE OF MEDICAL SCIENCES, SY. NO 124, YEDAPURA VILLAGE KASABA HOBLI, CHAMARAJANA, Karnataka, 571313",M.S. (E.N.T.),EWS,EWS,Allotted
240,18029,DNB Quota,"Vadamalayan Hospital,,Registered Office - 15, Jawahar Road, Chokkikulam, Madurai - 625002. 9A, Vallabhai Road, Chokkikula, Tamil Nadu, 625002",(NBEMS) Emergency Medicine,Open,OBC,Allotted
241,18059,All India,"Government Medical College, Cuddalore District,Govt. Medical College and Hospital, Cuddalore District Erstwhile Rajah Muthiah Medical College Annam, Tamil Nadu, 608002",DIPLOMA IN CHILD HEALTH/ PAEDIATRICS,Open,OBC,Allotted
242,18106,DNB Quota,"Advanced Medicare and Research Institute (AMRI),,p-4&5, CIT scheme, Block-A, Gariahat Road, Kolkata-700029, West Bengal, West Bengal, 700029",(NBEMS) ANAESTHESIOLOGY,Open,GN,Allotted
243,18156,All India,"KING GEORGES MEDICAL UNIVERSITY,KING GEORGES MEDICAL UNIVERSITY, Shahmeena Road, Chowk, Lucknow-226003, Uttar Pradesh, 226003",M.D. (ANAESTHESIOLOGY),OBC,OBC,Allotted
244,18210,All India,"INSTITUTE OF MEDICAL SCIENCES, BANARAS HINDU UNIVERSITY,INSTITUTE OF MEDICAL SCIENCES, BANARAS HINDU UNIVERSITY, Uttar Pradesh, 221005",M.D. (Radiotherapy/ Radiation Oncology),Open,GN,Allotted
245,18211,DNB Quota,"BIG Apollo Spectra Hospitals,Shitla Mandir Road, Agamkuan, Patna, Bihar, 800007",(NBEMS) GENERAL SURGERY,Open,GN,Allotted
246,18224,All India,"ESI-POST GRADUATE INSTITUTE OF MEDICAL SCIENCES AND RESEARCH, BASAIDARAPUR, NEW DELHI,ESI-POST GRADUATE INSTITUTE OF MEDICAL SCIENCES AND RESEARCH, BASAIDARAPUR, NEW DELHI, Delhi (NCT), 110015",M.D. (ANAESTHESIOLOGY),OBC,OBC,Allotted
247,18359,All India,"SHYAM SHAH MEDICAL COLLEGE,deanmcrewa@rediffmail.com, Madhya Pradesh, 486001",M.S. (OPHTHALMOLOGY),Open,GN,Allotted
248,18369,DNB Quota,"Narayana Netralaya, Narayana Health City Narayana Hrudayalaya Campus ,258 A, Narayana Health City, Bommasandra, Hosur Road, Anekal Taluk, Bangalore, Karnataka, 560099",(NBEMS) OPHTHALMOLOGY,Open,GN,Allotted
249,18509,DNB Quota,"Government Medical College, ,COLLECTORATE BEHIND, RAMANATHAPURAM., Tamil Nadu, 623503",(NBEMS) PAEDIATRICS,EWS,EWS,Allotted
250,18511,All India,"GANDHI MEDICAL COLLEGE,GANDHI MEDICAL COLLEGE, Telangana, 500003","M.D. (DERM.,VENE. and LEPROSY)/ (DERMATOLOGY)/(SKIN and VENEREAL DISEASES)/(VENEREOLOGY)",SC,SC,Allotted
251,18516,All India,"Sarojini Naidu Medical College, AGRA,Sarojini Naidu Medical College, AGRA, Uttar Pradesh, 282002",DIP. IN T.B. and CHEST DISEASES,Open,OBC,Allotted
252,18522,DNB Quota,"Anand Charitable Trusts Anand Hospital, Maharashtra,Anand Hospital, Phulewadi Road, Vaijapur Dist. Aurangabad, Maharashtra, 423701",(NBEMS-DIPLOMA) PAEDIATRICS,Open,GN,Allotted
253,18646,All India,"Dr Ram Manohar Lohia Institute of Medical Sciences, Lucknow,Dr Ram Manohar Lohia Institute of Medical Sciences, Lucknow, Uttar Pradesh, 226010",M.D. (ANAESTHESIOLOGY),Open,GN,Allotted
254,18653,DNB Quota,"Dr. R N Cooper Municipal General Hospital, (Associated with H B T (Hinduhridayasamrat Balasaheb Thackeray) medical College) ,HBTMC AND DR.R.N.COOPER HOSPITAL U 15 BHAKTI VEDANTA ROAD JVPD SCHEME VILE PARLE WEST MUMBAI, Maharashtra, 400056",(NBEMS-DIPLOMA) Tuberculosis and CHEST DISEASES,OBC,OBC,Allotted
255,18798,All India,"Pandit Bhagwat Dayal Sharma Post Graduate Institute of Medical Sciences, Rohtak,Pandit Bhagwat Dayal Sharma Post Graduate Institute of Medical Sciences, Rohtak, Haryana, 124001",M.D. (ANAESTHESIOLOGY),Open,EWS,Allotted
256,18860,All India,"TOPIWALA NATIONAL MEDICAL COLLEGE,TOPIWALA NATIONAL MEDICAL COLLEGE, Maharashtra, 400008",M.D. (ANAESTHESIOLOGY),OBC,OBC,Allotted
257,18889,All India,"JAWAHARLAL NEHRU MEDICAL COLLEGE, BHAGALPUR,JAWAHARLAL NEHRU MEDICAL COLLEGE, BHAGALPUR, Bihar, 812001",M.D. (PSYCHIATRY),Open,EWS,Allotted
258,18931,DNB Quota,"Kannur Medical College Hospital, ,Anjarakandy Integrated Campus Anjarakandy PO Kannur, Kerala, 670612",(NBEMS) ORTHOPAEDICS,Open,EWS,Allotted
259,18940,DNB Quota,"Ruby Hall Clinic, ,GRANT MEDICAL FOUNDATION, 40 SASSOON ROAD, PUNE 411001, Maharashtra, 411001",(NBEMS) ORTHOPAEDICS,Open,OBC,Allotted
260,18964,All India,"Grant Medical College, Maharashtra,Grant Medical College, Maharashtra, Maharashtra, 400008",M.S. (OPHTHALMOLOGY),OBC,OBC,Allotted
261,18968,DNB Quota,"Aravind Eye Hospital and Postgraduate Institute of Ophthalmology, ,371, Periyakulam Road, Theni, Tamil Nadu, 625531",(NBEMS) OPHTHALMOLOGY,Open,GN,Allotted
262,19160,All India,"Pandit Bhagwat Dayal Sharma Post Graduate Institute of Medical Sciences, Rohtak,Pandit Bhagwat Dayal Sharma Post Graduate Institute of Medical Sciences, Rohtak, Haryana, 124001",M.D. (ANAESTHESIOLOGY),Open,EWS,Allotted
263,19212,All India,"Andhra Medical College,Andhra Medical College, Andhra Pradesh, 530002",M.D. (ANAESTHESIOLOGY),OBC,OBC,Allotted
264,19249,DNB Quota,"GENERAL HOSPITAL MORBI,GENERAL HOSPITAL MORBI, GANDHI CHOKE NEAR TOWN HALL MORBI, Gujarat, 363641",(NBEMS-DIPLOMA) PAEDIATRICS,Open,GN,Allotted
265,19321,DNB Quota,"Max Super Specialty Hospital,,Malsi, Mussoorie Diversion Road, Uttarakhand, 248001",(NBEMS) ORTHOPAEDICS,Open,OBC,Allotted
266,19338,IP University Quota,"Vardhman Mahavir Medical College, , New Delhi,Vardhman Mahavir Medical College, , New Delhi, Delhi (NCT), 110029",M.D. (Obst. and Gynae)/MS (Obstetrics and Gynaecology),Open,GN,Allotted
267,19375,DNB Quota,"Associated Hospital Govt. Medical College, ,Makeshift Campus, Near Bus Stand, Doda City, Doda, Jammu and Kashmir, Jammu And Kashmir, 182202",(NBEMS) PAEDIATRICS,OBC,OBC,Allotted
268,19447,All India,"LOKMANYA TILAK MEDICAL COLLEGE MUMBAI,LOKMANYA TILAK MEDICAL COLLEGE MUMBAI, Maharashtra, 400022",M.S. (E.N.T.),OBC,OBC,Allotted
269,19470,All India,"DR. SHANKARRAO CHAVAN GOVERNMENT MEDICAL COLLEGE, NANDED,DR. SHANKARRAO CHAVAN GOVERNMENT MEDICAL COLLEGE, VISHNUPURI, NANDED, Maharashtra, 431606",M.D. (PSYCHIATRY),Open,GN,Allotted
270,19486,All India,"DARBHANGA MEDICAL COLLEGE,Sheetal Prasad Marg, Laheriasarai, Darbhanga, Bihar, Bihar, 846003",M.S. (E.N.T.),Open,GN,Allotted
271,19530,DNB Quota,"Shri Ganapati Nethralaya, ,Near Janata high school, Jalna, Maharashtra, 431203",(NBEMS) OPHTHALMOLOGY,Open,GN,Allotted
272,19567,All India,"Indira Gandhi Institute of Medical Sciences, Patna,Indira Gandhi Institute of Medical Sciences, Patna, Bihar, 800014",M.S. (E.N.T.),OBC,OBC,Allotted
273,19578,Delhi University Quota,"University College of Medical Sciences,University College of Medical Sciences, Delhi (NCT), 110095",M.D. (ANAESTHESIOLOGY),OBC,OBC,Allotted
274,19632,All India,"Kakatiya Medical College,Kakatiya Medical College, Telangana, 506007",M.D. (ANAESTHESIOLOGY),OBC,OBC,Allotted
275,19669,DNB Quota,"Government General Hospital, ,Government General Hospital Thiruvananthapuram, Vanchiyoor PO Thiruvananthapuram Kerala, Kerala, 695035",(NBEMS) GENERAL SURGERY,OBC,OBC,Allotted
276,19674,All India,"GOVT MEDICAL COLLEGE, ANANTAPURAMU,GOVT MEDICAL COLLEGE, ANANTAPURAMU, Andhra Pradesh, 515001",M.S. (OPHTHALMOLOGY),Open,GN,Allotted
277,19723,DNB Quota,"Apollo Gleneagles Hospital, ,58 Canal Circular Road Kolkata 700054, West Bengal, 700054",(NBEMS) ORTHOPAEDICS,Open,GN,Allotted
278,19729,DNB Quota,"Yashoda Super Specialty Hospitals, ,IIIM,NEHRU NAGAR,GHAZIABAD, Uttar Pradesh, 201001",(NBEMS) Emergency Medicine,Open,EWS,Allotted
279,19742,All India,"IPGME&R and SSKM Hospital Kolkata,IPGME&R and SSKM Hospital Kolkata, West Bengal, 700020",M.D. (Radiotherapy/ Radiation Oncology),Open,GN,Allotted
280,19778,All India,"SHYAM SHAH MEDICAL COLLEGE,deanmcrewa@rediffmail.com, Madhya Pradesh, 486001",M.D. (PSYCHIATRY),OBC,OBC,Allotted
281,19871,DNB Quota,"The Calcutta Medical Research Institute, ,The Calcutta Medical Research Institute 7 by 2 Diamond Harbour Road Kolkata 700027, West Bengal, 700027",(NBEMS) ORTHOPAEDICS,Open,EWS,Allotted
282,19875,DNB Quota,"Krishna Institute of Medical Sciences, ,academics@kimshospitals.com, Telangana, 500003",(NBEMS) Emergency Medicine,Open,OBC,Allotted
283,19887,DNB Quota,"Dr. R N Cooper Municipal General Hospital, (Associated with H B T (Hinduhridayasamrat Balasaheb Thackeray) medical College) ,HBTMC AND DR.R.N.COOPER HOSPITAL U 15 BHAKTI VEDANTA ROAD JVPD SCHEME VILE PARLE WEST MUMBAI, Maharashtra, 400056",(NBEMS-DIPLOMA) Obstetrics and Gynaecology,Open,GN,Allotted
284,19894,All India,"Sri Bhausaheb Hire Government Medical College,Sri Bhausaheb Hire Government Medical College, Maharashtra, 424311",M.D. (PSYCHIATRY),Open,OBC,Allotted
285,19930,DNB Quota,"Kerala Institute of Medical Sciences, ,PB NO.1, ANAYARA PO, TRIVANDRUM, Kerala, 695024",(NBEMS) ORTHOPAEDICS,Open,OBC,Allotted
286,19960,All India,"Sawai Man Singh Medical College, JAIPUR,Sawai Man Singh Medical College, JAIPUR, Rajasthan, 302004",M.D. (TROPICAL MEDICINE),OBC,OBC,Allotted
287,20021,All India,"Andhra Medical College,Andhra Medical College, Andhra Pradesh, 530002",M.S. (OPHTHALMOLOGY),OBC,OBC,Allotted
288,20129,DNB Quota,"Deen Dayal Upadhyay Hospital, ,DDU HOSPITAL, SHAHEED MANGAL PANDEY MARG, NANAK PURA, HARI NAGAR, NEW DELHI, DELHI-110064, Delhi (NCT), 110064",(NBEMS) ANAESTHESIOLOGY,Open,GN,Allotted
289,20146,All India,"Government Medical College, Siddipet,SURVEY NO 54 GOVERNMENT MEDICAL COLLEGE ENSANPALLY SIDDIPET 502114, Telangana, 502114",M.D. (PSYCHIATRY),Open,GN,Allotted
290,20154,DNB Quota,"Tomo Riba Institute of Health and Medical Sciences,,TRIHMS. Old Assembly Block. Near Rajiv Gandhi Stadium. Naharlagun-791110. Arunachal Pradesh, Arunachal Pradesh, 791110",(NBEMS-DIPLOMA) RADIO-DIAGNOSIS,OBC,OBC,Allotted
291,20176,DNB Quota,"Dhanwantri Hospital and Research Centre,67/56-A, Near Mandara BUs stand, new sanganer road, mansarovar, jaipur-302020, Rajasthan, 302020",(NBEMS) ORTHOPAEDICS,Open,OBC,Allotted
292,20256,DNB Quota,"Walsh S.D.H., West Bengal,22A, T.C Goswami Street, Serampore, Hooghly, West Bengal, 712201",(NBEMS) Obstetrics and Gynaecology,OBC,OBC,Allotted
293,20315,DNB Quota,"Peerless Hospital and B K Roy Research Centre, ,360, Panchasayar, Kolkata - 700 -094, West Bengal, 700094",(NBEMS) Emergency Medicine,Open,GN,Allotted
294,20370,All India,"Government Medical College, Siddipet,SURVEY NO 54 GOVERNMENT MEDICAL COLLEGE ENSANPALLY SIDDIPET 502114, Telangana, 502114",M.S. (OPHTHALMOLOGY),Open,OBC,Allotted
295,20430,DNB Quota,"Jaslok Hospital and Research Centre, ,15, Dr. G. Deshmukh Marg, Mumbai - 400026, Maharashtra, 400026",(NBEMS) ORTHOPAEDICS,Open,GN,Allotted
296,20441,DNB Quota,"Sankara Eye Hospital, ,No.1, Third Cross Street, Sri Sankara Nagar, Pammal, Chennai, Tamil Nadu, 600075",(NBEMS) OPHTHALMOLOGY,Open,GN,Allotted
297,20463,All India,"VIJANAGARA INSTITUTE OF MEDICAL SCIENCES BALLARI,VIJANAGARA INSTITUTE OF MEDICAL SCIENCES BALLARI, Karnataka, 583104",M.D. (ANAESTHESIOLOGY),OBC,OBC,Allotted
298,20498,All India,"Gandhi Medical College, Bhopal,Gandhi Medical College, Bhopal, Madhya Pradesh, 462001",M.S. (OPHTHALMOLOGY),OBC,OBC,Allotted
299,20547,DNB Quota,"Government Medical College & Attached Hospital Bharatpur,GOVERNMENT MEDICAL COLLEGE BHARATPUR VILLAGE RAMPURA NH 21, Rajasthan, 321001",(NBEMS-DIPLOMA) Obstetrics and Gynaecology,Open,GN,Allotted
300,20578,All India,"Rangaraya Medical College,Rangaraya Medical College Beside SP Office , Pithapuram Road, Kakinada, Andhra Pradesh, 533003",M.D. (ANAESTHESIOLOGY),Open,OBC,Allotted
301,20681,All India,"Regional Institute of Ophthalmology,RIO Prev Known as Nehru Institute of Ophthalmology and Research Centre Civil Lines Sitapur, Uttar Pradesh, 261001",M.S. (OPHTHALMOLOGY),Open,GN,Allotted
302,20687,DNB Quota,"Jupiter Hospital, ,Eastern Express Highway, Thane West, Maharashtra, 400601",(NBEMS) ORTHOPAEDICS,Open,EWS,Allotted
303,20758,All India,"Kakatiya Medical College,Kakatiya Medical College, Telangana, 506007",M.S. (OPHTHALMOLOGY),OBC,OBC,Allotted
304,20908,All India,"Government Medical College Kota,Government Medical College Kota, Rajasthan, 324005",M.S. (E.N.T.),OBC,OBC,Allotted
305,20914,All India,"NALANDA MEDICAL COLLEGE,PATNA,NALANDA MEDICAL COLLEGE,PATNA, Bihar, 800026",M.D. (ANAESTHESIOLOGY),Open,GN,Allotted
306,20983,DNB Quota,"Sir Ganga Ram Hospital, ,Rajinder Nagar, New Delhi, Delhi (NCT), 110060",(NBEMS) Hospital Administration,Open,OBC,Allotted
307,20985,DNB Quota,"Narayana Hrudayalaya Surgical Hospital, ,CAH/1, 3rd Phase, Devanur, Mysore, Karnataka, 570019",(NBEMS-DIPLOMA) Obstetrics and Gynaecology,Open,OBC,Allotted
308,20988,All India,"Mahatma Gandhi Institute of Medical Sciences, Wardha,Mahatma Gandhi Institute of Medical Sciences, Sevagram, Wardha, Maharashtra, 442102",M.S. (E.N.T.),Open,GN,Allotted
309,21096,DNB Quota,"Andhra Hospital (Vijayawada), ,CVR Complex, Governorpet, Vijayawada-520002, Krishna District, Andhra Pradesh, 520002",(NBEMS) GENERAL SURGERY,Open,OBC,Allotted
310,21105,All India,"Sawai Man Singh Medical College, JAIPUR,Sawai Man Singh Medical College, JAIPUR, Rajasthan, 302004",M.D. (ANAESTHESIOLOGY),Open,GN,Allotted
311,21133,All India,"Rajiv Gandhi Institute of Medical Sciences Srikakulam,Rajiv Gandhi Institute of Medical Sciences Srikakulam, Andhra Pradesh, 532001",M.S. (E.N.T.),Open,GN,Allotted
312,21195,DNB Quota,"Associated Hospital Govt. Medical College, ,Makeshift Campus, Near Bus Stand, Doda City, Doda, Jammu and Kashmir, Jammu And Kashmir, 182202",(NBEMS) GENERAL SURGERY,Open,OBC,Allotted
313,21204,DNB Quota,"KIMS Al Shifa Hospital, ,KIMS Al Shifa Healthcare Pvt Ltd. PB No 26 . Ootty Road. Perinthalmanna, Malappuram district, Ke, Kerala, 679322",(NBEMS) ORTHOPAEDICS,Open,EWS,Allotted
314,21352,All India,"Ganesh Shankar Vidyarthi Memorial Medical College,Ganesh Shankar Vidyarthi Memorial Medical College, Uttar Pradesh, 208002",M.S. (E.N.T.),OBC,OBC,Allotted
315,21361,All India,"Government Medical College, Surat,Government Medical College, Majuragate, Surat., Gujarat, 395001",M.S. (E.N.T.),OBC,OBC,Allotted
316,21455,All India,"NETAJI SUBHASH CHANDRA BOSE MEDICAL COLLEGE, JABALPUR ,NETAJI SUBHASH CHANDRA BOSE MEDICAL COLLEGE, NAGPUR ROAD JABALPUR, Madhya Pradesh, 482003",M.D. (ANAESTHESIOLOGY),Open,GN,Allotted
317,21488,All India,"Regional Institute of Ophthalmology,RIO Prev Known as Nehru Institute of Ophthalmology and Research Centre Civil Lines Sitapur, Uttar Pradesh, 261001",M.S. (OPHTHALMOLOGY),Open,GN,Allotted
318,21502,All India,"Government Medical College, Miraj,Government Medical College, Miraj, Maharashtra, 416410",M.S. (E.N.T.),Open,GN,Allotted
319,21509,DNB Quota,"Shree Narayana Hospital, ,Near Ganj Mandi, Behind Sector 5, Devendra Nagar, Pandri, Raipur, Chhattisgarh, 492001",(NBEMS) ORTHOPAEDICS,Open,OBC,Allotted
320,21542,DNB Quota,"Johal Multispeciality Hospital,Hoshiarpur Road Rama Mandi Jalandhar Punjab 144005, Punjab, 144005",(NBEMS) GENERAL SURGERY,Open,GN,Allotted
321,21574,DNB Quota,"Autonomous State Medical college Society and S.N.M District Hospital, ,DAULATTAPUR JALESAR ROAD NARKHI FIROZABAD, Uttar Pradesh, 283203",(NBEMS-DIPLOMA) Obstetrics and Gynaecology,OBC,OBC,Allotted
322,21597,DNB Quota,"Bhabha Atomic Research Centre and Hospital, ,Anushaktinagar, Mumbai, Maharashtra, 400094",(NBEMS-DIPLOMA) Obstetrics and Gynaecology,EWS,EWS,Allotted
323,21661,All India,"KING GEORGES MEDICAL UNIVERSITY,KING GEORGES MEDICAL UNIVERSITY, Shahmeena Road, Chowk, Lucknow-226003, Uttar Pradesh, 226003",M.D. (ANAESTHESIOLOGY),OBC,OBC,Allotted
324,21697,All India,"B. J. MEDICAL COLLEGE, Ahmedabad,B.J. Medical College, New Civil Hospital Asarwa,Ahmedabad-380016,Gujarat,India, Gujarat, 380016",M.D. (ANAESTHESIOLOGY),OBC,OBC,Allotted
325,21806,All India,"NIL RATAN SIRCAR MEDICAL COLLEGE,NIL RATAN SIRCAR MEDICAL COLLEGE, 138 AJC BOSE ROAD, KOLKATA-700014., West Bengal, 700014",M.D. (ANAESTHESIOLOGY),OBC,OBC,Allotted
326,21870,All India,"Kodagu Institute of Medical Sciences, Karnataka,Kodagu Institute of Medical Sciences Madikeri Kodagu, Karnataka, 571201",M.D. (ANAESTHESIOLOGY),Open,OBC,Allotted
327,21879,All India,"B.J.Government Medical College, Pune,B.J.Government Medical College, Pune, Maharashtra, 411001",M.S. (E.N.T.),OBC,OBC,Allotted
328,21886,All India,"SHIMOGA INSTITUTE OF MEDICAL SCIENCES,SHIMOGA INSTITUTE OF MEDICAL SCIENCES, Karnataka, 577201",M.D. (ANAESTHESIOLOGY),OBC,OBC,Allotted
329,21915,All India,"Assam Medical College,Assam Medical College, Assam, 786002",DIPLOMA IN CHILD HEALTH/ PAEDIATRICS,Open,GN,Allotted
330,21977,All India,"CALCUTTA NATIONAL MEDICAL COLLEGE,CALCUTTA NATIONAL MEDICAL COLLEGE 32, Gorachand Road, Kolkata 700014, West Bengal, 700014","M.D. (DERM.,VENE. and LEPROSY)/ (DERMATOLOGY)/(SKIN and VENEREAL DISEASES)/(VENEREOLOGY)",SC,SC,Allotted
331,22398,All India,"Government Medical College, Aurangabad,Government Medical College, Aurangabad, Maharashtra, 431001",M.D. (ANAESTHESIOLOGY),Open,GN,Allotted
332,22429,DNB Quota,"Pandit Madan Mohan Malaviya Shatabdi Hospital, Maharashtra,Pandit Madan Mohan Malaviya Shatabdi Hospital Waman Tukaram Patil Marg Govandi Mumbai 400088, Maharashtra, 400088",(NBEMS-DIPLOMA) PAEDIATRICS,OBC,OBC,Allotted
333,22460,DNB Quota,"BGS Global Hospital, ,BGS Global Hospital, Uttarahalli Road, Kengeri Bangalore, Karnataka, 560060",(NBEMS) ORTHOPAEDICS,Open,GN,Allotted
334,22470,DNB Quota,"Sir Ganga Ram Hospital, ,Rajinder Nagar, New Delhi, Delhi (NCT), 110060",(NBEMS) ANAESTHESIOLOGY,Open,GN,Allotted
335,22479,DNB Quota,"Sri Venkateswara Aravind Eye Hospital, Andhra Pradesh,No 588 A, Alipiri to zoo park road, beside NCC campus, tirupati, Andhra Pradesh, 517505",(NBEMS) OPHTHALMOLOGY,Open,GN,Allotted
336,22493,All India,"Government Medical College, Latur,Government Medical College, Old Railway station Near Marwadi Rajasthani High-School Latur, Maharashtra, 413512",M.S. (E.N.T.),Open,GN,Allotted
337,22524,DNB Quota,"Area Hospital, Andhra Pradesh,Area Hospital Amalapuram, East Godavari District, Andhra Pradesh, 533201",(NBEMS-DIPLOMA) PAEDIATRICS,Open,OBC,Allotted
338,22664,DNB Quota,"Cosmopolitan Hospital,,COSMOPOLITAN HOSPITALS Pvt.Ltd, Murinjapalam, Pattom P O, Thiruvananthapuram, Kerala, 695004",(NBEMS) ORTHOPAEDICS,Open,OBC,Allotted
339,22694,All India,"INDIRA GANDHI GOVT.MEDICAL COLLEGE NAGPUR,INDIRA GANDHI GOVT.MEDICAL COLLEGE NAGPUR, Maharashtra, 440018",M.D. (ANAESTHESIOLOGY),OBC,OBC,Allotted
340,22712,All India,"GOVERNMENT MEDICAL COLLEGE KADAPA (FORMERLY RAJIV GANDHI INSTITUTE OF MEDICAL SCIENCES, KADAPA),GOVERNMENT MEDICAL COLLEGE KADAPA (FORMERLY RAJIV GANDHI INSTITUTE OF MEDICAL SCIENCES, KADAPA), Andhra Pradesh, 516002",M.D. (GENERAL MEDICINE),SC,SC,Allotted
341,22744,All India,"Karwar Institute of Medical Sciences, Karnataka,MG Road, Karnataka, 581301",M.S. (E.N.T.),Open,OBC,Allotted
342,22745,All India,"Guru Gobind Singh Medical College,Guru Gobind Singh Medical College, Punjab, 151203",M.D. (ANAESTHESIOLOGY),Open,GN,Allotted
343,22769,All India,"Government Medical College,Theni ,Government Medical College,Theni, Tamil Nadu, 625512",M.D. (Obst. and Gynae)/MS (Obstetrics and Gynaecology),SC,SC,Allotted
344,22800,DNB Quota,"K.G. Hospital and PG Medical Institute ,,No:5, Arts College Road, Coimbatore - 641018, Tamil Nadu, 641018",(NBEMS) ANAESTHESIOLOGY,Open,OBC,Allotted
345,22824,All India,"Shri Vasantrao Naik Govt Medical College Yavatmal,Shri Vasantrao Naik Govt Medical College Yavatmal, Maharashtra, 445001",M.S. (E.N.T.),OBC,OBC,Allotted
346,22841,All India,"Moti Lal Nehru Medical College,Moti Lal Nehru Medical College, Uttar Pradesh, 211001",M.D. (ANAESTHESIOLOGY),Open,GN,Allotted
347,22865,All India,"GOVT. MEDICAL COLLEGE, THIRUVANANTHAPURAM,GOVT. MEDICAL COLLEGE, THIRUVANANTHAPURAM, Kerala, 695011",M.D. (Radiotherapy/ Radiation Oncology),OBC,OBC,Allotted
348,22980,DNB Quota,"Fortis Hospital, West Bengal,730, Em By pass Road, Anandapur, Kolkata, West Bengal, 700107",(NBEMS) ANAESTHESIOLOGY,Open,GN,Allotted
349,23065,All India,"LATE SHRI LAKHI RAM AGRAWAL MEMORIAL GOVT.MEDICAL COLLEGE,LATE SHRI LAKHI RAM AGRAWAL MEMORIAL GOVT.MEDICAL COLLEGE, Chhattisgarh, 496001",M.S. (E.N.T.),Open,GN,Allotted
350,23120,All India,"Chamarajanagar Institute of Medical Sciences, Karnataka,CHAMARAJANAGAR INSTITUTE OF MEDICAL SCIENCES, SY. NO 124, YEDAPURA VILLAGE KASABA HOBLI, CHAMARAJANA, Karnataka, 571313",M.D. (ANAESTHESIOLOGY),Open,GN,Allotted
351,23228,DNB Quota,"Institute of Child Health, ,11, Dr Biresh Guha Street, Kolkata, West Bengal, 700017",(NBEMS) Paediatric Surgery (Direct 6 Years Course),Open,GN,Allotted
352,23233,All India,"MANDYA INSTITUTE OF MEDICAL SCIENCES,MANDYA INSTITUTE OF MEDICAL SCIENCES MANDYA, Karnataka, 571401",M.S. (E.N.T.),OBC,OBC,Allotted
353,23279,All India,"ANUGRAH NARAYAN MAGADH MEDICAL COLLEGE,ANUGRAH NARAYAN MAGADH MEDICAL COLLEGE, Bihar, 823001",M.D. (ANAESTHESIOLOGY),Open,OBC,Allotted
354,23285,All India,"Govt. Medical College, Jammu,Govt. Medical College, Bakshi Nagar, Jamu, Jammu And Kashmir, 180001",M.S. (OPHTHALMOLOGY),Open,GN,Allotted
355,23294,DNB Quota,"Narayana Hrudayalaya Hospital, (NH-Narayana Health City, Bangalore) ,#258 Bommasandra, Bangalore, Karnataka, 560099",(NBEMS) Paediatric Surgery (Direct 6 Years Course),Open,OBC,Allotted
356,23322,All India,"Siddhartha Medical College, Vijayawada,Siddhartha Medical College, Vijayawada, Andhra Pradesh, 520008",M.D. (PSYCHIATRY),Open,GN,Allotted
357,23433,All India,"VIJANAGARA INSTITUTE OF MEDICAL SCIENCES BALLARI,VIJANAGARA INSTITUTE OF MEDICAL SCIENCES BALLARI, Karnataka, 583104",M.S. (E.N.T.),Open,OBC,Allotted
358,23445,All India,"MADRAS MEDICAL COLLEGE,EVR PERIYAR SALAI, CHENNAI-03, Tamil Nadu, 600003",M.D. (PHYSICAL MED. and REHABILITATION),Open,GN,Allotted
359,23477,All India,"Indira Gandhi Medical College Shimla,Indira Gandhi Medical College Shimla, Himachal Pradesh, 171001",M.D. (PSYCHIATRY),OBC,OBC,Allotted
360,23482,All India,"GOVT. MEDICAL COLLEGE AND HOSPITAL, CHANDIGARH,GOVT. MEDICAL COLLEGE AND HOSPITAL, CHANDIGARH, Chandigarh, 160030",M.D. (ANAESTHESIOLOGY),OBC,OBC,Allotted
361,23492,DNB Quota,"Rajiv Gandhi Government Women and Children Hospital, (Formerly Indira Gandhi. General Hospital) ,100 feet road, Ellaipillaichavady, Puducherry, 605005",(NBEMS-DIPLOMA) Obstetrics and Gynaecology,Open,OBC,Allotted
362,23548,All India,"S.V. Medical College, Tirupathi ,S.V. Medical College, Tirupathi, Andhra Pradesh, 517507",M.D. (PSYCHIATRY),OBC,OBC,Allotted
363,23554,All India,"B. J. MEDICAL COLLEGE, Ahmedabad,B.J. Medical College, New Civil Hospital Asarwa,Ahmedabad-380016,Gujarat,India, Gujarat, 380016",M.D. (ANAESTHESIOLOGY),EWS,EWS,Allotted
364,23602,DNB Quota,"Government District General Hospital, Ramachandraraopeta, Eluru, West Godavari District, Andhra Prad, Andhra Pradesh, 534006,Government District General Hospital, Ramachandraraopeta, Eluru, West Godavari District, Andhra Prad, Andhra Pradesh, 534006",(NBEMS) ORTHOPAEDICS,Open,OBC,Allotted
365,23620,All India,"Ravindra Nath Tagore Medical College, Udaipur,Ravindra Nath Tagore Medical College, Udaipur, Rajasthan, 313001",M.D. (Radiotherapy/ Radiation Oncology),Open,GN,Allotted
366,23621,All India,"Lala Lajpat Rai Memorial Medical College, MEERUT,Lala Lajpat Rai Memorial Medical College, MEERUT, Uttar Pradesh, 250004",M.D. (ANAESTHESIOLOGY),Open,GN,Allotted
367,23688,All India,"Sher-i-Kashmir Institute of Medical Sciences, Srinagar,J&K ,SKIMS, SOURA, SRINAGAR-190011, Jammu And Kashmir, 190011",M.D. (ANAESTHESIOLOGY),Open,GN,Allotted
368,23693,All India,"Rangaraya Medical College,Rangaraya Medical College Beside SP Office , Pithapuram Road, Kakinada, Andhra Pradesh, 533003",M.S. (E.N.T.),OBC,OBC,Allotted
369,23718,All India,"Seth Gordhandas Sunderdas Medical College, MUMBAI,Seth Gordhandas Sunderdas Medical College, Acharya Donde Marg Parel MUMBAI, Maharashtra, 400012",DIPLOMA IN DIABETOLOGY,Open,GN,Allotted
370,23721,All India,"CALCUTTA NATIONAL MEDICAL COLLEGE,CALCUTTA NATIONAL MEDICAL COLLEGE 32, Gorachand Road, Kolkata 700014, West Bengal, 700014",M.S. (OPHTHALMOLOGY),OBC,OBC,Allotted
371,23731,All India,"Lala Lajpat Rai Memorial Medical College, MEERUT,Lala Lajpat Rai Memorial Medical College, MEERUT, Uttar Pradesh, 250004",M.D. (ANAESTHESIOLOGY),Open,OBC,Allotted
372,23756,DNB Quota,"Delhi Heart and Lung Institute, ,3-MM-II PANCHKUIAN RAOD NEW DELHI, Delhi (NCT), 110055",(NBEMS) Cardio Vascular and Thoracic Surgery (Direct 6 Years Course),Open,OBC,Allotted
373,23854,DNB Quota,"Government Medical College and Associated Hospital,,JANGLAT MANDI ANANTNAG, JAMMU AND KASHMIR 192101, Jammu And Kashmir, 192101",(NBEMS) GENERAL SURGERY,EWS,EWS,Allotted
374,23894,All India,"M. P. SHAH GOVERNMENT MEDICAL COLLEGE,M. P. SHAH GOVERNMENT MEDICAL COLLEGE, Gujarat, 361008",M.D. (ANAESTHESIOLOGY),Open,GN,Allotted
375,23926,All India,"Sher-i-Kashmir Institute of Medical Sciences, Srinagar,J&K ,SKIMS, SOURA, SRINAGAR-190011, Jammu And Kashmir, 190011",M.D. (ANAESTHESIOLOGY),Open,GN,Allotted
376,23962,All India,"Regional Institute of Ophthalmology,RIO Prev Known as Nehru Institute of Ophthalmology and Research Centre Civil Lines Sitapur, Uttar Pradesh, 261001",M.S. (OPHTHALMOLOGY),OBC,OBC,Allotted
377,23971,DNB Quota,"Dr. Ramesh Cardiac and Multi Speciality Hospital,,Collector office road, Nagarampalem, Guntur , AP, Andhra Pradesh, 522004",(NBEMS) ORTHOPAEDICS,Open,OBC,Allotted
378,24002,All India,"Sawai Man Singh Medical College, JAIPUR,Sawai Man Singh Medical College, JAIPUR, Rajasthan, 302004",M.D. (PAEDIATRICS),SC,SC,Allotted
379,24016,All India,"Mahatma Gandhi Memorial Medical College, Indore,Mahatma Gandhi Memorial Medical College, Indore, Madhya Pradesh, 452001",M.S. (E.N.T.),EWS,EWS,Allotted
380,24053,All India,"Regional Institute of Ophthalmology,RIO Prev Known as Nehru Institute of Ophthalmology and Research Centre Civil Lines Sitapur, Uttar Pradesh, 261001",M.S. (OPHTHALMOLOGY),OBC,OBC,Allotted
381,24067,All India,"Govt. Medical College, Baroda,Govt. Medical College, Baroda, Gujarat, 390001",M.D. (ANAESTHESIOLOGY),OBC,OBC,Allotted
382,24068,All India,"BHOPAL MEMORIAL HOSPITAL AND RESEARCH CENTRE, BHOPAL,Raisen By pass Road, Bhopal- 462038 (M.P.), Madhya Pradesh, 462038",M.D. (ANAESTHESIOLOGY),Open,GN,Allotted
383,24070,All India,"Indira Gandhi Medical College Shimla,Indira Gandhi Medical College Shimla, Himachal Pradesh, 171001",M.D. (ANAESTHESIOLOGY),Open,GN,Allotted
384,24106,All India,"B. J. MEDICAL COLLEGE, Ahmedabad,B.J. Medical College, New Civil Hospital Asarwa,Ahmedabad-380016,Gujarat,India, Gujarat, 380016",M.D. (Radiotherapy/ Radiation Oncology),OBC,OBC,Allotted
385,24108,DNB Quota,"Daga Memorial Women Government Hospital Nagpur, ,Ganjakhet gandhibagh nagpur, Maharashtra, 440008",(NBEMS-DIPLOMA) PAEDIATRICS,Open,OBC,Allotted
386,24127,All India,"KING GEORGES MEDICAL UNIVERSITY,KING GEORGES MEDICAL UNIVERSITY, Shahmeena Road, Chowk, Lucknow-226003, Uttar Pradesh, 226003",M.D. (ANAESTHESIOLOGY),EWS,EWS,Allotted
387,24186,All India,"Government Medical College Srinagar,Administrative Department Government Medical College Karan Nagar Srinagar, Jammu And Kashmir, 190010",M.S. (E.N.T.),Open,GN,Allotted
388,24189,DNB Quota,"Sankar Foundation Eye Hospital,,,9 - 50 Sai Madhava Nagar Naiduthota Vepagunta Visakhapatnam, Andhra Pradesh, 530047",(NBEMS) OPHTHALMOLOGY,Open,OBC,Allotted
389,24263,All India,"Government Medical College Kota,Government Medical College Kota, Rajasthan, 324005",M.D. (ANAESTHESIOLOGY),OBC,OBC,Allotted
390,24341,DNB Quota,"Sant Parmanand Hospital, ,18 Sham Nath Marg Civil Lines, Delhi (NCT), 110054",(NBEMS) OPHTHALMOLOGY,Open,GN,Allotted
391,24344,All India,"DARBHANGA MEDICAL COLLEGE,Sheetal Prasad Marg, Laheriasarai, Darbhanga, Bihar, Bihar, 846003",M.S. (OPHTHALMOLOGY),EWS,EWS,Allotted
392,24403,All India,"Govt. Doon Medical College, Dehradun,Govt. Doon Medical College Dehrakhas, Patel Nagar Dehradun 248001, Uttarakhand, 248001",M.S. (OPHTHALMOLOGY),OBC,OBC,Allotted
393,24408,DNB Quota,"Vivekananda Polyclinic and Institute of Medical Sciences, ,Vivekananda Polyclinic and Institute of Medical Sciences, Vivekananda Puram, Lucknow, Uttar Pradesh, 226007",(NBEMS) Plastic and Reconstructive Surgery (Direct 6 Years Course),Open,OBC,Allotted
394,24423,All India,"Government Medical College Srinagar,Administrative Department Government Medical College Karan Nagar Srinagar, Jammu And Kashmir, 190010",M.S. (OPHTHALMOLOGY),Open,GN,Allotted
395,24459,DNB Quota,"Jagjivan Ram Railway Hospital,,Maratha Mandir Marg, Mumbai Central, Mumbai, Maharashtra, 400008",(NBEMS) ANAESTHESIOLOGY,OBC,OBC,Allotted
396,24562,DNB Quota,"Kauvery Hospital, ,No.199, Luz Church road, Mylapore,Chennai-600004, Tamil Nadu, 600004",(NBEMS) ANAESTHESIOLOGY,Open,OBC,Allotted
397,24579,DNB Quota,"Apollo Hospital, Health City, ,Apollo Hospitals, Health City, Chinagadhili, Visakhapatnam, Andhra Pradesh, 530040",(NBEMS) ORTHOPAEDICS,Open,GN,Allotted
398,24581,DNB Quota,"Bhagat Phool Singh Govt. Medical College for Women,BHAGAT PHOOL SINGH GOVT. MEDICAL COLLEGE FOR WOMEN KHANPUR KALAN SONEPAT, Haryana, 131305",(NBEMS) OPHTHALMOLOGY,Open,GN,Allotted
399,24624,DNB Quota,"Max Super Specialty Hospital, ,1,2, Press Enclave Road, Saket, New Delhi, Delhi (NCT), 110017",(NBEMS) Cardio Vascular and Thoracic Surgery (Direct 6 Years Course),Open,OBC,Allotted
400,24675,All India,"Government Medical College, Nagpur,Government Medical College, Nagpur, Maharashtra, 440003",M.D. (ANAESTHESIOLOGY),OBC,OBC,Allotted
401,24765,DNB Quota,"M.M. Joshi Eye Hospital, ,Gokul Road, Hosur, Hubli, Karnataka, 580021",(NBEMS) OPHTHALMOLOGY,Open,GN,Allotted
402,24801,All India,"GAJRA RAJA MEDICAL COLLEGE GWALIOR,GAJRA RAJA MEDICAL COLLEGE GWALIOR, Madhya Pradesh, 474009",M.D. (ANAESTHESIOLOGY),OBC,OBC,Allotted
403,24805,DNB Quota,"Krishna Institute of Medical Sciences Ltd, ,Dargamitta, Nellore, Andhra Pradesh, 524003",(NBEMS) ORTHOPAEDICS,Open,OBC,Allotted
404,24833,DNB Quota,"Sri Sathya Sai Institute of Higher Medical Sciences, ,PRASANTHIGRAM , PUTTAPARTHI ANANTAPUR, Andhra Pradesh, 515134",(NBEMS) ORTHOPAEDICS,Open,GN,Allotted
405,24835,All India,"Indira Gandhi Medical College Shimla,Indira Gandhi Medical College Shimla, Himachal Pradesh, 171001",M.D. (ANAESTHESIOLOGY),Open,GN,Allotted
406,24888,All India,"Assam Medical College,Assam Medical College, Assam, 786002",M.D. (PSYCHIATRY),OBC,OBC,Allotted
407,24918,All India,"JAWAHAR LAL NEHRU MEDICAL COLLEGE, AJMER,NEAR PATEL STADIUM, AJMER, Rajasthan, 305001",M.D. (ANAESTHESIOLOGY),Open,GN,Allotted
408,24934,DNB Quota,"Vision Eye Centre, ,19 , SIRI FORT ROAD , NEW DELHI, Delhi (NCT), 110049",(NBEMS) OPHTHALMOLOGY,Open,GN,Allotted
409,24947,All India,"Vardhman Mahavir Medical College, , New Delhi,Vardhman Mahavir Medical College, , New Delhi, Delhi (NCT), 110029",M.D. (PATHOLOGY),Open,GN,Allotted
410,24970,All India,"Government Medical College Srinagar,Administrative Department Government Medical College Karan Nagar Srinagar, Jammu And Kashmir, 190010",M.D. (ANAESTHESIOLOGY),Open,GN,Allotted
411,24991,All India,"Osmania Medical Collge,Osmania Medical Collge, Telangana, 500095",M.D. (Radiotherapy/ Radiation Oncology),OBC,OBC,Allotted
412,25039,DNB Quota,"Anand Charitable Trusts Anand Hospital, Maharashtra,Anand Hospital, Phulewadi Road, Vaijapur Dist. Aurangabad, Maharashtra, 423701",(NBEMS-DIPLOMA) PAEDIATRICS,Open,EWS,Allotted
413,25065,All India,"Govt. Medical College, Jammu,Govt. Medical College, Bakshi Nagar, Jamu, Jammu And Kashmir, 180001",M.D. (ANAESTHESIOLOGY),Open,GN,Allotted
414,25176,All India,"INSTITUTE OF MEDICAL SCIENCES, BANARAS HINDU UNIVERSITY,INSTITUTE OF MEDICAL SCIENCES, BANARAS HINDU UNIVERSITY, Uttar Pradesh, 221005",M.D. (PATHOLOGY),Open,EWS,Allotted
415,25273,DNB Quota,"Narayana Hrudayalaya Hospital, (NH-Narayana Health City, Bangalore) ,#258 Bommasandra, Bangalore, Karnataka, 560099",(NBEMS) Otorhinolaryngology (E.N.T.),Open,GN,Allotted
416,25339,DNB Quota,"Apple Saraswati Multispecialty Hospital, (Apple Hospitals and Research Institute Ltd.) ,APPLE SARASWATI MULTISPECIALITY HOSPITAL APPLE HOSPITALS AND RESEARCH INSTITUTE LTD 804 2 805 2 E WA, Maharashtra, 416003",(NBEMS) Cardio Vascular and Thoracic Surgery (Direct 6 Years Course),Open,GN,Allotted
417,25357,DNB Quota,"Government Multi Specialty Hospital, ,Director Health and Family Welfare Govt. Multi Speciality Hospital Sector 16 Chandigarh, Chandigarh, 160016",(NBEMS) Otorhinolaryngology (E.N.T.),Open,EWS,Allotted
418,25409,All India,"Gauhati Medical College, Guwahati,Gauhati Medical College, Guwahati, Assam, 781032",M.S. (OPHTHALMOLOGY),OBC,OBC,Allotted
419,25432,All India,"Government Medical College, Nagpur,Government Medical College, Nagpur, Maharashtra, 440003",M.S. (ORTHOPAEDICS),SC,SC,Allotted
420,25491,DNB Quota,"Fortis Hospital, West Bengal,730, Em By pass Road, Anandapur, Kolkata, West Bengal, 700107",(NBEMS) ANAESTHESIOLOGY,Open,GN,Allotted
421,25804,DNB Quota,"Bangalore West Lions Superspecialty Eye Hospital, ,J C road Bangalore -560002, Karnataka, 560002",(NBEMS) OPHTHALMOLOGY,Open,OBC,Allotted
422,25908,DNB Quota,"J.L.N. Main Hospital and Research Centre, ,Bhilai Steel Plant Sector-9, Bhilai, C.G., Chhattisgarh, 490009",(NBEMS) Otorhinolaryngology (E.N.T.),Open,GN,Allotted
423,25950,All India,"HOMI BHABHA CANCER HOSPITAL, SANGRUR,Civil Hospital Campus Sangrur City, Punjab, 148001",M.D. (Radiotherapy/ Radiation Oncology),Open,GN,Allotted
424,25974,DNB Quota,"GMERS Medical College and Hospital, ,GMERS Medical College Valsad,Nanakwada Halar Road,Valsad ,Gujarat, Gujarat, 396001",(NBEMS) OPHTHALMOLOGY,OBC,OBC,Allotted
425,25992,All India,"Tezpur Medical College,Tezpur Medical College, Assam, 784010",M.S. (OPHTHALMOLOGY),OBC,OBC,Allotted
426,26006,All India,"Regional Institute of Medical Sciences, Imphal,Regional Institute of Medical Sciences, Imphal, Lamphelpat, Manipur, 795004",M.D. (PATHOLOGY),Open,OBC,Allotted
427,26089,All India,"Moti Lal Nehru Medical College,Moti Lal Nehru Medical College, Uttar Pradesh, 211001",M.D. (Radiotherapy/ Radiation Oncology),Open,GN,Allotted
428,26130,DNB Quota,"GENERAL HOSPITAL MORBI,GENERAL HOSPITAL MORBI, GANDHI CHOKE NEAR TOWN HALL MORBI, Gujarat, 363641",(NBEMS-DIPLOMA) PAEDIATRICS,OBC,OBC,Allotted
429,26154,DNB Quota,"Civil Hospital, ,NIT, Opp. MCF Faridabad Haryana 121001, Haryana, 121001",(NBEMS) OPHTHALMOLOGY,Open,GN,Allotted
430,26185,All India,"JHALAWAR MEDICAL COLLEGE,JHALAWAR MEDICAL COLLEGE, JHALAWAR, Rajasthan, 326001",M.D. (ANAESTHESIOLOGY),Open,GN,Allotted
431,26191,DNB Quota,"Dr. Hedgewar Rugnalaya, ,Dr Hedgewar Rugnalaya Garkheda Aurangabad, Maharashtra, 431005",(NBEMS) Otorhinolaryngology (E.N.T.),Open,OBC,Allotted
432,26196,All India,"Midnapore Medical College and Hospital,Midnapore Medical College and Hospital, West Bengal, 721101",M.S. (E.N.T.),OBC,OBC,Allotted
433,26204,DNB Quota,"Siliguri Greater Lions Eye Hospital, ,2ND MILE, SEVOKE ROQAD, BEHIND VISHAL CINEMA, SILIGURI, DIST.JALPIAGURI, West Bengal, 734002",(NBEMS) OPHTHALMOLOGY,Open,GN,Allotted
434,26265,All India,"Mahatma Gandhi Memorial Medical College, Indore,Mahatma Gandhi Memorial Medical College, Indore, Madhya Pradesh, 452001",M.D. (ANAESTHESIOLOGY),OBC,OBC,Allotted
435,26285,All India,"MAHARANI LAXMI BAI MEDICAL COLLEGE JHANSI,MAHARANI LAXMI BAI MEDICAL COLLEGE JHANSI, Uttar Pradesh, 284128",M.D. (ANAESTHESIOLOGY),EWS,EWS,Allotted
436,26306,DNB Quota,"BHAGIRATHI NEOTIA WOMAN AND CHILD CARE CENTRE, West Bengal,BHAGIRATHI NEOTIA WOMAN AND CHILD CARE CENTRE, RAWDON STREET , West Bengal, 700017",(NBEMS-DIPLOMA) PAEDIATRICS,Open,GN,Allotted
437,26308,DNB Quota,"Government Medical College, ,Gunera Wazidpur, Ujhani Road, Badaun, Uttar Pradesh, 243601",(NBEMS-DIPLOMA) PAEDIATRICS,Open,OBC,Allotted
438,26316,All India,"Shri Vasantrao Naik Govt Medical College Yavatmal,Shri Vasantrao Naik Govt Medical College Yavatmal, Maharashtra, 445001",M.D. (ANAESTHESIOLOGY),OBC,OBC,Allotted
439,26336,DNB Quota,"Hindustan Aeronautics Hospital, ,SURANJANDAS ROAD ,VIMANAPURA POST BANGALORE -560017, Karnataka, 560017",(NBEMS) GENERAL MEDICINE,SC,SC,Allotted
440,26396,All India,"ESI-POST GRADUATE INSTITUTE OF MEDICAL SCIENCES AND RESEARCH, BASAIDARAPUR, NEW DELHI,ESI-POST GRADUATE INSTITUTE OF MEDICAL SCIENCES AND RESEARCH, BASAIDARAPUR, NEW DELHI, Delhi (NCT), 110015",M.D. (PATHOLOGY),Open,GN,Allotted
441,26402,DNB Quota,"Rainbow Childrens Hospital,,, Tamil Nadu, 600015",(NBEMS-DIPLOMA) Obstetrics and Gynaecology,Open,EWS,Allotted
442,26481,All India,"Lady Hardinge Medical College,Lady Hardinge Medical College, Delhi (NCT), 110001",M.D. (PREVENTIVE and SOCIAL MEDICINE)/ COMMUNITY MEDICINE,Open,GN,Allotted
443,26505,All India,"NETAJI SUBHASH CHANDRA BOSE MEDICAL COLLEGE, JABALPUR ,NETAJI SUBHASH CHANDRA BOSE MEDICAL COLLEGE, NAGPUR ROAD JABALPUR, Madhya Pradesh, 482003",M.D. (ANAESTHESIOLOGY),OBC,OBC,Allotted
444,26556,All India,"VSS INSTITUTE OF MEDICAL SCIENCES AND RESEARCH,BURLA,VSS INSTITUTE OF MEDICAL SCIENCES AND RESEARCH,BURLA, Odisha, 768017",M.D. (ANAESTHESIOLOGY),OBC,OBC,Allotted
445,26569,All India,"Dr. Sampurnanand Medical College (SNMC), JODHPUR,Dr. Sampurnanand Medical College (SNMC), JODHPUR, Rajasthan, 342001",M.D. (ANAESTHESIOLOGY),OBC,OBC,Allotted
446,26582,DNB Quota,"Yashoda Hospital, ,ALEXANDER ROAD, BESIDE HARIHARA KALABHAVAN, NEAR CLOCK TOWER, SECUNDERBAD, Telangana, 500003",(NBEMS) Cardio Vascular and Thoracic Surgery (Direct 6 Years Course),Open,EWS,Allotted
447,26622,DNB Quota,"Santokbha Durlabhji Memorial Hospital Cum Medical Research Institute, ,dnb.sdmh@gmail.com, Rajasthan, 302015",(NBEMS) ANAESTHESIOLOGY,Open,GN,Allotted
448,26641,DNB Quota,"Rajan Eye Care Hospital,,No.5, Vidyodaya second cross street,T.Nagar, Chennai- 600017 Tamil Nadu, India, Tamil Nadu, 600017",(NBEMS) OPHTHALMOLOGY,Open,OBC,Allotted
449,26716,DNB Quota,"Fortune Hospital, Kanpur Uttar Pradesh , Uttar Pradesh,117-Q 40A-41 Sharda Nagar, Kanpur near Gurdev Crossing, Uttar Pradesh, 208025",(NBEMS-DIPLOMA) Obstetrics and Gynaecology,Open,EWS,Allotted
450,26732,All India,"GAJRA RAJA MEDICAL COLLEGE GWALIOR,GAJRA RAJA MEDICAL COLLEGE GWALIOR, Madhya Pradesh, 474009",M.D. (ANAESTHESIOLOGY),OBC,OBC,Allotted
451,26774,DNB Quota,"Sri Sathya Sai Institute of Higher Medical Sciences, ,PRASANTHIGRAM , PUTTAPARTHI ANANTAPUR, Andhra Pradesh, 515134",(NBEMS) Cardio Vascular and Thoracic Surgery (Direct 6 Years Course),Open,OBC,Allotted
452,26787,DNB Quota,"M.I.O.T. Hospital, ,4 112 MOUNT POONAMALLEE ROAD MANAPAKKAM CHENNAI 600089, Tamil Nadu, 600089",(NBEMS) Cardio Vascular and Thoracic Surgery (Direct 6 Years Course),Open,GN,Allotted
453,26798,All India,"LOKMANYA TILAK MEDICAL COLLEGE MUMBAI,LOKMANYA TILAK MEDICAL COLLEGE MUMBAI, Maharashtra, 400022",M.D. (PAEDIATRICS),SC,SC,Allotted
454,26863,All India,"MAHARANI LAXMI BAI MEDICAL COLLEGE JHANSI,MAHARANI LAXMI BAI MEDICAL COLLEGE JHANSI, Uttar Pradesh, 284128",M.S. (E.N.T.),EWS,EWS,Allotted
455,26942,DNB Quota,"Dr. Ramesh Cardiac and Multi Speciality Hospital,,Collector office road, Nagarampalem, Guntur , AP, Andhra Pradesh, 522004",(NBEMS) Cardio Vascular and Thoracic Surgery (Direct 6 Years Course),Open,GN,Allotted
456,26946,DNB Quota,"Max Smart Super Specialty Hospital, (Formerly Known as Saket City Hospital), ,Mandir Marg, Press Enclave Road, Saket, New Delhi, Delhi (NCT), 110017",(NBEMS) ANAESTHESIOLOGY,Open,GN,Allotted
457,26960,All India,"Dr. Rajendra Prasad Government Medical College, Tanda,Dr. Rajendra Prasad Government Medical College, Tanda, Himachal Pradesh, 176002","M.D. (DERM.,VENE. and LEPROSY)/ (DERMATOLOGY)/(SKIN and VENEREAL DISEASES)/(VENEREOLOGY)",SC,SC,Allotted
458,27065,Delhi University Quota,"Maulana Azad Medical College,Maulana Azad Medical College, Delhi (NCT), 110002",M.D. (PAEDIATRICS),SC,SC,Allotted
459,27120,DNB Quota,"K.J. Somaiya Medical College,,SOMAIYA AYURVIHAR , EASTERN EXPRESS HIGHWAY, SION, MUMBAI 400022, Maharashtra, 400022",(NBEMS) ANAESTHESIOLOGY,Open,GN,Allotted
460,27151,All India,"Guru Gobind Singh Medical College,Guru Gobind Singh Medical College, Punjab, 151203",M.D. (ANAESTHESIOLOGY),OBC,OBC,Allotted
461,27189,All India,"Dr. Rajendra Prasad Government Medical College, Tanda,Dr. Rajendra Prasad Government Medical College, Tanda, Himachal Pradesh, 176002",M.D. (ANAESTHESIOLOGY),OBC,OBC,Allotted
462,27204,All India,"STANLEY MEDICAL COLLEGE,STANLEY MEDICAL COLLEGE NO.1, OLD JAIL ROAD, CHENNAI-600001, Tamil Nadu, 600001",M.D. (ANAESTHESIOLOGY),EWS,EWS,Allotted
463,27219,All India,"Sri Bhausaheb Hire Government Medical College,Sri Bhausaheb Hire Government Medical College, Maharashtra, 424311",M.D. (ANAESTHESIOLOGY),OBC,OBC,Allotted
464,27236,All India,"Mahatma Gandhi Memorial Medical College, Indore,Mahatma Gandhi Memorial Medical College, Indore, Madhya Pradesh, 452001",M.D. IN TRANSFUSION MEDICINE/ IMMUNO- HAEMATOLOGY and BLOOD TRANSFUSION,Open,GN,Allotted
465,27243,All India,"Regional Institute of Medical Sciences, Imphal,Regional Institute of Medical Sciences, Imphal, Lamphelpat, Manipur, 795004",M.S. (ORTHOPAEDICS),SC,SC,Allotted
466,27300,All India,"Govt. Bundelkhand Medical College Sagar M.P.,Govt. Bundelkhand Medical College Sagar M.P., Madhya Pradesh, 470001",M.S. (E.N.T.),EWS,EWS,Allotted
467,27377,DNB Quota,"The Bangalore Hospital,,#202, R.V. Road, Bangalore, Karnataka, 560004",(NBEMS) ANAESTHESIOLOGY,Open,GN,Allotted
468,27434,DNB Quota,"Second Sight Southend Eye Centre Pvt. Ltd., West Bengal,Baruipur Amtola Road. Dhopagachi, Kundarali, PS.Baruipur, Westbengal, Pin - 743610, West Bengal, 743610",(NBEMS-DIPLOMA) OPHTHALMOLOGY,Open,GN,Allotted
469,27577,All India,"Government Medical College, Siddipet,SURVEY NO 54 GOVERNMENT MEDICAL COLLEGE ENSANPALLY SIDDIPET 502114, Telangana, 502114",M.S. (OPHTHALMOLOGY),EWS,EWS,Allotted
470,27602,All India,"North Bengal Medical College,North Bengal Medical College, West Bengal, 734012",M.D. (ANAESTHESIOLOGY),OBC,OBC,Allotted
471,27610,All India,"Jawaharlal Institute of Medical Sciences, Manipur,Jawaharlal Nehru Institute of Medical Sciences, Porompat, Imphal -East, Manipur-795005, Manipur, 795005",M.D. (GENERAL MEDICINE),SC,SC,Allotted
472,27647,DNB Quota,"APOLLO SPECTRA HOSPITALS ,H. No. 1-7-70 to 73, Mashallah Building, Paradise Circle, S. D Road, Secunderabad, Telangana, 500003",(NBEMS-DIPLOMA) PAEDIATRICS,Open,OBC,Allotted
473,27700,All India,"INSTITUTE OF MEDICAL SCIENCES, BANARAS HINDU UNIVERSITY,INSTITUTE OF MEDICAL SCIENCES, BANARAS HINDU UNIVERSITY, Uttar Pradesh, 221005",M.D. (PATHOLOGY),Open,EWS,Allotted
474,27706,DNB Quota,"Christian Institute of Health Sciences and Research, ,4th Mile, Central Jail Road, Dimapur, Nagaland, 797115",(NBEMS) FAMILY MEDICINE,Open,OBC,Allotted
475,27727,All India,"Rajarshee Chhatrapati Shahu Maharaj Government Medical College, Kolhapur,R.K. Nagar Road, Shenda Park, Kolhapur, Maharashtra, Maharashtra, 416012",M.D. (ANAESTHESIOLOGY),OBC,OBC,Allotted
476,27750,All India,"Dr Ram Manohar Lohia Institute of Medical Sciences, Lucknow,Dr Ram Manohar Lohia Institute of Medical Sciences, Lucknow, Uttar Pradesh, 226010",M.D. (Radiotherapy/ Radiation Oncology),OBC,OBC,Allotted
477,27759,DNB Quota,"Dr. Babasaheb Ambedkar Central Railway Hospital, ,Bharatratna Dr. Babasaheb Ambedkar Memorial Hospital, Central Railway, Dr. Babasaheb Ambedkar Road,, Maharashtra, 400027",(NBEMS-DIPLOMA) PAEDIATRICS,EWS,EWS,Allotted
478,27838,All India,"Sher-i-Kashmir Institute of Medical Sciences, Srinagar,J&K ,SKIMS, SOURA, SRINAGAR-190011, Jammu And Kashmir, 190011",M.D. (Radiotherapy/ Radiation Oncology),Open,GN,Allotted
479,27878,All India,"MADRAS MEDICAL COLLEGE,EVR PERIYAR SALAI, CHENNAI-03, Tamil Nadu, 600003",M.D. (PSYCHIATRY),EWS,EWS,Allotted
480,27951,All India,"Bankura Sammilani Medical College,Bankura Sammilani Medical College, West Bengal, 722102",M.D. (ANAESTHESIOLOGY),OBC,OBC,Allotted
481,27960,All India,"Rangaraya Medical College,Rangaraya Medical College Beside SP Office , Pithapuram Road, Kakinada, Andhra Pradesh, 533003",M.D. (PAEDIATRICS),SC,SC,Allotted
482,28042,DNB Quota,"KIMS Saveera Hospital,1-1348 OPPOSITE SAKSHI OFFICE RUDRAMPET ANANTAPURAM 515004, Andhra Pradesh, 515004",(NBEMS) ANAESTHESIOLOGY,Open,OBC,Allotted
483,28123,DNB Quota,"District Hospital, ,District Hospital, B.H.Road, Tumakuru-572101, Karnataka, 572101",(NBEMS-DIPLOMA) PAEDIATRICS,Open,OBC,Allotted
484,28140,DNB Quota,"Yashoda Super Speciality Hospital, ,Nalgonda X Roads, Malakpet, Hyderabad, Telangana, 500036",(NBEMS) ANAESTHESIOLOGY,Open,GN,Allotted
485,28198,DNB Quota,"Dr. Babasaheb Ambedkar Central Railway Hospital, ,Bharatratna Dr. Babasaheb Ambedkar Memorial Hospital, Central Railway, Dr. Babasaheb Ambedkar Road,, Maharashtra, 400027",(NBEMS) ANAESTHESIOLOGY,Open,GN,Allotted
486,28248,All India,"Burdwan Medical College, West Bengal,Burdwan Medical College, West Bengal, West Bengal, 713104",M.D. (ANAESTHESIOLOGY),OBC,OBC,Allotted
487,28368,All India,"Tezpur Medical College,Tezpur Medical College, Assam, 784010",M.D. (ANAESTHESIOLOGY),OBC,OBC,Allotted
488,28395,All India,"GOA MEDICAL COLLEGE,Bambolim, Goa, Goa, 403202",M.D. (Tuberculosis and Respiratory diseases)/Pulmonary Medicine /M.D. (Respiratory Medicine),SC,SC,Allotted
489,28431,DNB Quota,"Fortis Hospital, ,Poonam Palaspagar - Academic Coordinator Fortis Hospital, Bannerghatta Road, Bangalore, Karnataka 5, Karnataka, 560076",(NBEMS) ANAESTHESIOLOGY,Open,OBC,Allotted
490,28438,All India,"Sher-i-Kashmir Institute of Medical Sciences, Srinagar,J&K ,SKIMS, SOURA, SRINAGAR-190011, Jammu And Kashmir, 190011",M.D. (ANAESTHESIOLOGY),OBC,OBC,Allotted
491,28445,All India,"JHALAWAR MEDICAL COLLEGE,JHALAWAR MEDICAL COLLEGE, JHALAWAR, Rajasthan, 326001",M.D. (ANAESTHESIOLOGY),OBC,OBC,Allotted
492,28483,All India,"Govt. Medical College, Jammu,Govt. Medical College, Bakshi Nagar, Jamu, Jammu And Kashmir, 180001",M.D. (ANAESTHESIOLOGY),OBC,OBC,Allotted
493,28523,DNB Quota,"AMAR HOSPITAL, Karnataka ,Amar Hospital, Julai Nagar, Gangavathi, Karnataka, 583227",(NBEMS-DIPLOMA) PAEDIATRICS,Open,OBC,Allotted
494,28581,All India,"Government Mohan Kumaramangalam Medical College, Salem,Government Mohan Kumaramangalam Medical College, Majeera Kollappatti, Steel Plant Road, Salem., Tamil Nadu, 636030",M.D. (PATHOLOGY),Open,GN,Allotted
495,28602,All India,"Government Kilpauk Medical College,Government Kilpauk Medical College, Tamil Nadu, 600010",M.D. (ANAESTHESIOLOGY),SC,SC,Allotted
496,28611,All India,"Lady Hardinge Medical College,Lady Hardinge Medical College, Delhi (NCT), 110001",M.D. (PATHOLOGY),OBC,OBC,Allotted
497,28638,DNB Quota,"K.E.M. Hospital, ,489, SARDAR MOODLIAR ROAD, RASTA PETH, PUNE 411011, Maharashtra, 411011",(NBEMS-DIPLOMA) Otorhinolaryngology (E.N.T.),Open,GN,Allotted
498,28759,All India,"Pimpri Chichwad Municipal Corporation Postgraduate Institute Y.C.M.Hospital Pimpri,Pune 18,Pimpri Chichwad Municipal Corporation Postgraduate Institute Y.C.M.Hospital Pimpri,Pune 18, Maharashtra, 411018",M.D. (PAEDIATRICS),SC,SC,Allotted
499,28786,All India,"LOKMANYA TILAK MEDICAL COLLEGE MUMBAI,LOKMANYA TILAK MEDICAL COLLEGE MUMBAI, Maharashtra, 400022",PG Diploma in Psychological Medicine / Psychiatric Medicine,OBC,OBC,Allotted
500,28817,DNB Quota,"Maharaja Agarsen Hospital, ,., Delhi (NCT), 110026",(NBEMS) ANAESTHESIOLOGY,Open,OBC,Allotted
501,28850,All India,"SWAMI RAMANAND TEERTH RURAL GOVERNMENT MEDICAL COLLEGE AMBAJOGAI,SWAMI RAMANAND TEERTH RURAL GOVERNMENT MEDICAL COLLEGE AMBAJOGAI, Maharashtra, 431517",M.D. (ANAESTHESIOLOGY),EWS,EWS,Allotted
502,29003,All India,"NETAJI SUBHASH CHANDRA BOSE MEDICAL COLLEGE, JABALPUR ,NETAJI SUBHASH CHANDRA BOSE MEDICAL COLLEGE, NAGPUR ROAD JABALPUR, Madhya Pradesh, 482003",M.D. (Radiotherapy/ Radiation Oncology),OBC,OBC,Allotted
503,29007,DNB Quota,"Sri Narayani Hospital and Res. Centre, ,Sripuram Thirumalaikodi Vellore, Tamil Nadu, 632055",(NBEMS) ANAESTHESIOLOGY,Open,OBC,Allotted
504,29020,DNB Quota,"Gangasheel Advanced Medical Research Institute, Uttar Pradesh,C-17, Deen Dayal Puram, Bareilly - 243122, Uttar Pradesh, 243122",(NBEMS-DIPLOMA) PAEDIATRICS,Open,OBC,Allotted
505,29082,All India,"University College of Medical Sciences,University College of Medical Sciences, Delhi (NCT), 110095",M.D. (PATHOLOGY),OBC,OBC,Allotted
506,29121,All India,"INSTITUTE OF MEDICAL SCIENCES, BANARAS HINDU UNIVERSITY,INSTITUTE OF MEDICAL SCIENCES, BANARAS HINDU UNIVERSITY, Uttar Pradesh, 221005",M.D. (PATHOLOGY),OBC,OBC,Allotted
507,29140,All India,"Government Medical College Srinagar,Administrative Department Government Medical College Karan Nagar Srinagar, Jammu And Kashmir, 190010",M.D. (ANAESTHESIOLOGY),OBC,OBC,Allotted
508,29151,All India,"JAWAHARLAL NEHRU MEDICAL COLLEGE, ALIGARH MUSLIM UNIVERSITY STATE UTTAR,JAWAHARLAL NEHRU MEDICAL COLLEGE, ALIGARH MUSLIM UNIVERSITY STATE UTTAR, Uttar Pradesh, 202002",M.D. (PATHOLOGY),Open,EWS,Allotted
509,29158,DNB Quota,"G Kuppuswamy Naidu Memorial Hospital, ,Post Box No.6327, Nethaji Road, Pappanaickenpalayam, Coimbatore, Tamil Nadu, 641037",(NBEMS) RADIATION ONCOLOGY,Open,OBC,Allotted
510,29517,DNB Quota,"Anand Charitable Trusts Anand Hospital, Maharashtra,Anand Hospital, Phulewadi Road, Vaijapur Dist. Aurangabad, Maharashtra, 423701",(NBEMS-DIPLOMA) Obstetrics and Gynaecology,Open,OBC,Allotted
511,29595,All India,"Rajiv Gandhi Institute of Medical Sciences Srikakulam,Rajiv Gandhi Institute of Medical Sciences Srikakulam, Andhra Pradesh, 532001",M.D. (Obst. and Gynae)/MS (Obstetrics and Gynaecology),SC,SC,Allotted
512,29598,DNB Quota,"Care Hospital,,Care Hospitals Road No1 Banjara Hills Hyderabad Telangana, Telangana, 500034",(NBEMS) ANAESTHESIOLOGY,Open,OBC,Allotted
513,29691,All India,"Government Medical College, Gondia,Nehru Chowk, KTS General Hospital Campus, Govt. Medical College, Gondia. 441601. Maharashtra., Maharashtra, 441601",M.D. (PAEDIATRICS),SC,SC,Allotted
514,29694,DNB Quota,"District Head Quarters Hospital,,District Hospital, Sangareddy Telangana State, Telangana, 502001",(NBEMS) ANAESTHESIOLOGY,OBC,OBC,Allotted
515,29704,DNB Quota,"Santosh Hospital, ,No.6/1, Promenade Road, Bangalore.560 005, Karnataka, 560005",(NBEMS) ANAESTHESIOLOGY,Open,OBC,Allotted
516,29713,DNB Quota,"Sahyadri Narayana Multispecialty Hospital, Harakere,,NT ROAD, HARAKERE , SHIMOGA, Karnataka, 577202",(NBEMS) ANAESTHESIOLOGY,Open,GN,Allotted
517,29809,All India,"ESIC MEDICAL COLLEGE, JOKA,ESI-PGIMSR & ESIC MEDICAL COLLEGE, JOKA, KOLKATA, WEST BENGAL, West Bengal, 700104",M.D. (PAEDIATRICS),SC,SC,Allotted
518,29837,All India,"Government Medical College, Surat,Government Medical College, Majuragate, Surat., Gujarat, 395001",M.D. (Tuberculosis and Respiratory diseases)/Pulmonary Medicine /M.D. (Respiratory Medicine),SC,SC,Allotted
519,29851,DNB Quota,"Sir Ganga Ram Hospital, ,Rajinder Nagar, New Delhi, Delhi (NCT), 110060",(NBEMS) Palliative Medicine,Open,GN,Allotted
520,29909,DNB Quota,"GMERS Medical College and General Hospital, ,GMERS Medical College and General hospital,Old TB Campus, gotri road, Vadodara, Gujarat, 390021",(NBEMS) GENERAL MEDICINE,SC,SC,Allotted
521,29961,All India,"Govt. Medical College, Jammu,Govt. Medical College, Bakshi Nagar, Jamu, Jammu And Kashmir, 180001",M.D. (ANAESTHESIOLOGY),OBC,OBC,Allotted
522,30072,DNB Quota,"Fortis Escorts Hospital, ,214, Jawahar Lal Nehru Marg, Malviya Nagar, Jaipur, Rajasthan, 302017",(NBEMS) ANAESTHESIOLOGY,Open,OBC,Allotted
523,30137,All India,"Pandit Bhagwat Dayal Sharma Post Graduate Institute of Medical Sciences, Rohtak,Pandit Bhagwat Dayal Sharma Post Graduate Institute of Medical Sciences, Rohtak, Haryana, 124001",M.D. (Radiotherapy/ Radiation Oncology),OBC,OBC,Allotted
524,30278,DNB Quota,"Shanmuga Hospital and Salem Cancer Institute, ,24/51 SARADA COLLEGE ROAD ,SHANMUGA HOSPITAL, SALEM TAMILNADU 636007, Tamil Nadu, 636007",(NBEMS) RADIATION ONCOLOGY,Open,OBC,Allotted
525,30306,DNB Quota,"Shri Shishu Bhawan Hospital,,EIDGAH ROAD MADHYA NAGARI BILASPUR, Chhattisgarh, 495001",(NBEMS-DIPLOMA) PAEDIATRICS,Open,OBC,Allotted
526,30351,DNB Quota,"National Heart Institute, ,49-50, Community Centre, East of Kailash, Delhi (NCT), 110065",(NBEMS-DIPLOMA) Tuberculosis and CHEST DISEASES,Open,OBC,Allotted
527,30371,All India,"Sher-i-Kashmir Institute of Medical Sciences, Srinagar,J&K ,SKIMS, SOURA, SRINAGAR-190011, Jammu And Kashmir, 190011",M.D. (ANAESTHESIOLOGY),EWS,EWS,Allotted
528,30405,All India,"Burdwan Medical College, West Bengal,Burdwan Medical College, West Bengal, West Bengal, 713104",M.D. (Radiotherapy/ Radiation Oncology),OBC,OBC,Allotted
529,30408,DNB Quota,"Max Super Specialty Hospital, ,1,2, Press Enclave Road, Saket, New Delhi, Delhi (NCT), 110017",(NBEMS) Palliative Medicine,Open,GN,Allotted
530,30508,All India,"Grant Medical College, Maharashtra,Grant Medical College, Maharashtra, Maharashtra, 400008",M.D. (PATHOLOGY),Open,GN,Allotted
531,30534,All India,"Government Medical College Srinagar,Administrative Department Government Medical College Karan Nagar Srinagar, Jammu And Kashmir, 190010",M.D. (ANAESTHESIOLOGY),OBC,OBC,Allotted
532,30551,All India,"Maharashtra Post Graduate Institute of Medical Education and Research, Nashik,Maharashtra Post Graduation Institute Of Medical Education and Research Civil Hospital campus Trimba, Maharashtra, 422002",M.D. (PAEDIATRICS),SC,SC,Allotted
533,30585,DNB Quota,"Dr. B L Kapur Memorial Hospital,Pusa Road New Delhi, Delhi (NCT), 110005",(NBEMS) IMMUNO-HAEMATOLOGY AND BLOOD TRANSFUSION,Open,GN,Allotted
534,30588,All India,"Sardar Patel Medical College, Bikaner,Sardar Patel Medical College, Bikaner, Rajasthan, 334003",M.D. (Radiotherapy/ Radiation Oncology),OBC,OBC,Allotted
535,30591,DNB Quota,"Indraprastha Apollo Hospital,,Sarita Vihar, New Delhi 110 076, Delhi (NCT), 110076",(NBEMS) RADIATION ONCOLOGY,Open,OBC,Allotted
536,30623,DNB Quota,"Shree Markendey Solapur Sahakari Rugnalya and Research Centre, ,Final Plot No.19, Pachha Peth,Solapur, Maharashtra, 413005",(NBEMS) ANAESTHESIOLOGY,Open,EWS,Allotted
537,30687,All India,"KING GEORGES MEDICAL UNIVERSITY,KING GEORGES MEDICAL UNIVERSITY, Shahmeena Road, Chowk, Lucknow-226003, Uttar Pradesh, 226003",M.D. (Tuberculosis and Respiratory diseases)/Pulmonary Medicine /M.D. (Respiratory Medicine),SC,SC,Allotted
538,30712,DNB Quota,"Shija Hospitals and Research Institute, ,SHIJA HOSPITALS AND RESEARCH INSTITUTE, LANGOL, LAMPHELPAT, IMPHAL WEST, MANIPUR 795004, Manipur, 795004",(NBEMS) OPHTHALMOLOGY,Open,OBC,Allotted
539,30783,DNB Quota,"Manik Hospital, Maharashtra,Manik Hospital P 148 Opp kamgar kalyan bhavan near mohta devi mandir bajaj nagar midc waluj aurangab, Maharashtra, 431136",(NBEMS-DIPLOMA) PAEDIATRICS,Open,OBC,Allotted
540,30787,All India,"Government Medical College, Miraj,Government Medical College, Miraj, Maharashtra, 416410",M.S. (GENERAL SURGERY),SC,SC,Allotted
541,30794,DNB Quota,"Kokilaben Dhirubhai Ambani Hospital and Medical Research Institute,,Achyutrao Patwardhan Marg Andheri West Mumbai Maharashtra, Maharashtra, 400053",(NBEMS) PHYSICAL MED. and REHABILITATION,Open,GN,Allotted
542,30878,DNB Quota,"Medanta The Medicity, ,Medanta The Medicity Sector 38 Gurgoan, Haryana, 122001",(NBEMS) RADIATION ONCOLOGY,Open,GN,Allotted
543,30905,All India,"JAWAHARLAL NEHRU MEDICAL COLLEGE, ALIGARH MUSLIM UNIVERSITY STATE UTTAR,JAWAHARLAL NEHRU MEDICAL COLLEGE, ALIGARH MUSLIM UNIVERSITY STATE UTTAR, Uttar Pradesh, 202002",M.D. (PATHOLOGY),Open,GN,Allotted
544,30910,DNB Quota,"Aadhar Health Institute, (A UNIT OF VLCOM HEALTHCARE P LTD.) ,Aadhar Health Institute, A UNIT OF VLCOM HEALTHCARE P LTD. Tosham Road, Hisar, Haryana- 125001, Haryana, 125001",(NBEMS) ANAESTHESIOLOGY,Open,OBC,Allotted
545,30968,DNB Quota,"Anand Rishiji Hospital and Medical Research Centre, ,124, Anandrishiji Marg, Ahmednagar, Maharashtra, 414001",(NBEMS) ANAESTHESIOLOGY,Open,OBC,Allotted
546,30999,All India,"Siddhartha Medical College, Vijayawada,Siddhartha Medical College, Vijayawada, Andhra Pradesh, 520008",M.D. (Obst. and Gynae)/MS (Obstetrics and Gynaecology),SC,SC,Allotted
547,31081,DNB Quota,"Punjab Institute of Medical Scineces ,Punjab Institute of Medical Sciences Garha Road Jalandhar, Punjab, 144006",(NBEMS) ANAESTHESIOLOGY,Open,GN,Allotted
548,31104,DNB Quota,"Narayana Multispecialty Hospital, ,Narayana Multispecialty Hospital, Jaipur Sec-28,Kumbha Marg, Pratap Nagar Sanganer 302033",(NBEMS) ANAESTHESIOLOGY,Open,OBC,Allotted
549,31111,All India,"Sri Venkateswara Institute of Medical Sciences (SVIMS), A State University estd. by Govt. of A.P.,Sri Venkateswara Institute of Medical Sciences, SVIMS, Alipiri Road, Tirupati, Andhra Pradesh, 517507",M.D. (Emergency and Critical Care)/M.D. (Emergency Medicine),SC,SC,Allotted
550,31206,DNB Quota,"Anand Charitable Trusts Anand Hospital, Maharashtra,Anand Hospital, Phulewadi Road, Vaijapur Dist. Aurangabad, Maharashtra, 423701",(NBEMS-DIPLOMA) Obstetrics and Gynaecology,Open,OBC,Allotted
551,31494,All India,"DARBHANGA MEDICAL COLLEGE,Sheetal Prasad Marg, Laheriasarai, Darbhanga, Bihar, Bihar, 846003",DIPLOMA IN ANAESTHESIOLOGY,Open,OBC,Allotted
552,31572,DNB Quota,"Government Medical College and Associated Hospital,,JANGLAT MANDI ANANTNAG, JAMMU AND KASHMIR 192101, Jammu And Kashmir, 192101",(NBEMS) PSYCHIATRY,OBC,OBC,Allotted
553,31613,All India,"Mahatma Gandhi Memorial Medical College, Indore,Mahatma Gandhi Memorial Medical College, Indore, Madhya Pradesh, 452001","M.D. (DERM.,VENE. and LEPROSY)/ (DERMATOLOGY)/(SKIN and VENEREAL DISEASES)/(VENEREOLOGY)",ST,ST,Allotted
554,31619,All India,"M. P. SHAH GOVERNMENT MEDICAL COLLEGE,M. P. SHAH GOVERNMENT MEDICAL COLLEGE, Gujarat, 361008",M.S. (GENERAL SURGERY),SC,SC,Allotted
555,31641,All India,"JAWAHARLAL NEHRU MEDICAL COLLEGE, ALIGARH MUSLIM UNIVERSITY STATE UTTAR,JAWAHARLAL NEHRU MEDICAL COLLEGE, ALIGARH MUSLIM UNIVERSITY STATE UTTAR, Uttar Pradesh, 202002",M.D. (PATHOLOGY),OBC,OBC,Allotted
556,31736,DNB Quota,"Fortis Escorts Hospital, ,214, Jawahar Lal Nehru Marg, Malviya Nagar, Jaipur, Rajasthan, 302017",(NBEMS) ANAESTHESIOLOGY,Open,GN,Allotted
557,31872,All India,"Dr Ram Manohar Lohia Institute of Medical Sciences, Lucknow,Dr Ram Manohar Lohia Institute of Medical Sciences, Lucknow, Uttar Pradesh, 226010",M.D. (PATHOLOGY),Open,GN,Allotted
558,31878,DNB Quota,"Balrampur Hospital, ,Gola Ganj, lucknow, Uttar Pradesh, 226018",(NBEMS) ANAESTHESIOLOGY,Open,GN,Allotted
559,31893,DNB Quota,"FAKIR MOHAN MEDICAL COLLEGE AND HOSPITAL , Orissa,AT-Remuna Post-Remuna Dist-Balasore, Odisha, 756019",(NBEMS-DIPLOMA) Obstetrics and Gynaecology,OBC,OBC,Allotted
560,32001,All India,"Government Medical College Srinagar,Administrative Department Government Medical College Karan Nagar Srinagar, Jammu And Kashmir, 190010",M.D. (Radiotherapy/ Radiation Oncology),OBC,OBC,Allotted
561,32049,All India,"GOVT. MEDICAL COLLEGE AND HOSPITAL, CHANDIGARH,GOVT. MEDICAL COLLEGE AND HOSPITAL, CHANDIGARH, Chandigarh, 160030",M.D. IN TRANSFUSION MEDICINE/ IMMUNO- HAEMATOLOGY and BLOOD TRANSFUSION,OBC,OBC,Allotted
562,32063,DNB Quota,"Amar Hospital, ,#8, Bank Colony, Income Tax Office Road, Patiala, Punjab, 147001",(NBEMS) ANAESTHESIOLOGY,Open,GN,Allotted
563,32067,DNB Quota,"Dharamshila Narayana Superspeciality Hospital, ,Dharamshila Marg, Vasundhara Enclave, Dharamshila Narayana Superspeciality Hospital, Delhi 110096, Delhi (NCT), 110096",(NBEMS) RADIATION ONCOLOGY,Open,GN,Allotted
564,32153,DNB Quota,"Preethi Hospital, ,50, Melur Main Road, Uthangudi, Madurai - 625107, Tamil Nadu, 625107",(NBEMS-DIPLOMA) Obstetrics and Gynaecology,Open,GN,Allotted
565,32291,All India,"Sardar Patel Medical College, Bikaner,Sardar Patel Medical College, Bikaner, Rajasthan, 334003",M.D. (Radiotherapy/ Radiation Oncology),OBC,OBC,Allotted
566,32324,All India,"Sawai Man Singh Medical College, JAIPUR,Sawai Man Singh Medical College, JAIPUR, Rajasthan, 302004",M.S. (GENERAL SURGERY),SC,SC,Allotted
567,32343,DNB Quota,"HCG Cancer Centre, Holy cross road, Maharashtra,Holy Cross Road IC Colony Off Borival-Dahisar link road Borivali West Mumbai Maharashtra, Maharashtra, 400092",(NBEMS) RADIATION ONCOLOGY,Open,GN,Allotted
568,32352,All India,"The National Institute of Health and Family Welfare,The National Institute of Health and Family Welfare, Delhi (NCT), 110067",M.D. (COMMUNITY HEALTH and ADMN.),Open,GN,Allotted
569,32439,DNB Quota,"Dr. Radhakrishnan Govt. Medical College , ,Dr. Radhakrishnan Govt. Medical College Hamirpur HP, Himachal Pradesh, 177001",(NBEMS) ANAESTHESIOLOGY,OBC,OBC,Allotted
570,32452,All India,"Tirunelveli Medical College,TIRUNELVELI MEDICAL COLLEGE, HIGHGROUND, TIRUNELVELI-11, Tamil Nadu, 627011",M.D. (PATHOLOGY),Open,GN,Allotted
571,32508,DNB Quota,"Narayana Hrudayalaya, Gujarat,Narayana Multispeciality Hospital, Opp. Rakhial Police Sation, Rakhial Cross Road, Rakhial, Ahmedaad, Gujarat, 380023",(NBEMS-DIPLOMA) Tuberculosis and CHEST DISEASES,Open,OBC,Allotted
572,32513,All India,"MADRAS MEDICAL COLLEGE,EVR PERIYAR SALAI, CHENNAI-03, Tamil Nadu, 600003",M.D. (PREVENTIVE and SOCIAL MEDICINE)/ COMMUNITY MEDICINE,Open,GN,Allotted
573,32565,DNB Quota,"JLNM Hospital, ,JLNM Hospital Rainawari Srinagar, Jammu And Kashmir, 190003",(NBEMS) ANAESTHESIOLOGY,OBC,OBC,Allotted
574,32606,DNB Quota,"Delhi Hospital And Nursing Home, Haryana,METRO PILLAR NO. 812 NEAR SHYAMJI COMPLEX BAHADURGARH DIST JHAJJAR-124507, Haryana, 124507",(NBEMS-DIPLOMA) PAEDIATRICS,Open,OBC,Allotted
575,32683,DNB Quota,"District Hospital , Chhattisgarh,District Hospital, Near collector office, Lalpur Road, Kawardha, Distt Kabirdham CG 491995, Chhattisgarh, 491995",(NBEMS-DIPLOMA) PAEDIATRICS,Open,GN,Allotted
576,32712,All India,"Indira Gandhi Medical College Shimla,Indira Gandhi Medical College Shimla, Himachal Pradesh, 171001",M.S. (GENERAL SURGERY),SC,SC,Allotted
577,32714,All India,"Osmania Medical Collge,Osmania Medical Collge, Telangana, 500095","M.D. (DERM.,VENE. and LEPROSY)/ (DERMATOLOGY)/(SKIN and VENEREAL DISEASES)/(VENEREOLOGY)",ST,ST,Allotted
578,32726,All India,"Karnataka Institute of Medical Sciences, Hubballi,Karnataka Institute of Medical Sciences, Hubballi, Karnataka, 580021",M.S. (GENERAL SURGERY),SC,SC,Allotted
579,32729,DNB Quota,"Mohandai Oswal Hospital, ,Mohandai Oswal Hospital, Sherpur Byepass, G T Road, Ludhiana-141009, Punjab, 141009",(NBEMS) ANAESTHESIOLOGY,Open,GN,Allotted
580,32751,DNB Quota,"Preethi Hospital, ,50, Melur Main Road, Uthangudi, Madurai - 625107, Tamil Nadu, 625107",(NBEMS-DIPLOMA) Obstetrics and Gynaecology,Open,GN,Allotted
581,32782,DNB Quota,"Jangipur S. D. Hospital, West Bengal,Lalgola Maharaja Road PO and PS Raghunathganj Murshidabad, West Bengal, 742225",(NBEMS-DIPLOMA) PAEDIATRICS,Open,OBC,Allotted
582,32853,All India,"Indira Gandhi Medical College Shimla,Indira Gandhi Medical College Shimla, Himachal Pradesh, 171001",M.D. (ANAESTHESIOLOGY),EWS,EWS,Allotted
583,32860,DNB Quota,"Park Hospital, Haryana,PARK HOSPITAL Q BLOCK SOUTH CITY II SOHNA ROAD SECTOR 47 GURGAON 122002, Haryana, 122002",(NBEMS) ANAESTHESIOLOGY,Open,EWS,Allotted
584,32863,DNB Quota,"Kothari Medical and Research Institute, ,NH-15, Jaisalmer road, Bikaner, Rajasthan, 334004",(NBEMS) ANAESTHESIOLOGY,Open,GN,Allotted
585,32882,All India,"Seth Gordhandas Sunderdas Medical College, MUMBAI,Seth Gordhandas Sunderdas Medical College, Acharya Donde Marg Parel MUMBAI, Maharashtra, 400012",M.D. (ANAESTHESIOLOGY),SC,SC,Allotted
586,32894,DNB Quota,"B.R. Singh Hospital and Centre for Medical Education and Research,,B.R.Singh Hospital Eastern Railway, Sealdah, Kolkata, West Bengal, 700014",(NBEMS) ANAESTHESIOLOGY,OBC,OBC,Allotted
587,33017,DNB Quota,"Central Hospital, ,CENTRAL HOSPITAL NF RAILWAY MALIGAON GUWAHATI, Assam, 781011",(NBEMS) ANAESTHESIOLOGY,Open,GN,Allotted
588,33043,DNB Quota,"Apollo Hospital, ,LOTUS TOWER, G S ROAD, GUWAHATI, Assam, 781005",(NBEMS) ANAESTHESIOLOGY,Open,OBC,Allotted
589,33072,All India,"Seth Gordhandas Sunderdas Medical College, MUMBAI,Seth Gordhandas Sunderdas Medical College, Acharya Donde Marg Parel MUMBAI, Maharashtra, 400012",M.D. (PATHOLOGY),Open,GN,Allotted
590,33074,All India,"LOKMANYA TILAK MEDICAL COLLEGE MUMBAI,LOKMANYA TILAK MEDICAL COLLEGE MUMBAI, Maharashtra, 400022",M.D. (PATHOLOGY),Open,GN,Allotted
591,33124,DNB Quota,"Ivy Health and Life Sciences,,Ivy Hospital Mohali, Sector 71 SAS Nagar, Punjab, 160071",(NBEMS) ANAESTHESIOLOGY,Open,GN,Allotted
592,33149,DNB Quota,"Government Head Quarters Hospital, ,New Road, Kovilpatti, Thoothukudi District, Tamil Nadu, 628501",(NBEMS-DIPLOMA) Obstetrics and Gynaecology,OBC,OBC,Allotted
593,33196,DNB Quota,"Medanta Abdur Razzaque Ansari Memorial Weavers Hospital, ,Medanta Abdur Razzaque Ansari Memorial Weavers Hospital NH 33 Irba ranchi, Jharkhand, 835219",(NBEMS) ANAESTHESIOLOGY,Open,OBC,Allotted
594,33209,All India,"Government Medical College, Cuddalore District,Govt. Medical College and Hospital, Cuddalore District Erstwhile Rajah Muthiah Medical College Annam, Tamil Nadu, 608002",M.D. (PATHOLOGY),Open,OBC,Allotted
595,33252,DNB Quota,"Omega Hospital,,MLA Colony, Road No. 12, Banjara Hills, Hyderabad, Telangana, 500034",(NBEMS) RADIATION ONCOLOGY,Open,GN,Allotted
596,33321,All India,"Government Medical College, Nizamabad, Telangana State,Government Medical College, Nizamabad, Telangana State, Telangana, 503001",M.S. (GENERAL SURGERY),SC,SC,Allotted
597,33336,DNB Quota,"Aster Prime Hospital, (A Unit of Sri Sainatha Multi Specialty Hospital), Telangana,plot no 2 and 4, satyam theatre road, behind mythrivanam building, ameerpet, hyderabad,telangana, Telangana, 500038",(NBEMS-DIPLOMA) ANAESTHESIOLOGY,Open,EWS,Allotted
598,33347,DNB Quota,"Jupiter Hospital, ,Eastern Express Highway, Thane West, Maharashtra, 400601",(NBEMS) RADIATION ONCOLOGY,Open,OBC,Allotted
599,33370,IP University Quota,"Vardhman Mahavir Medical College, , New Delhi,Vardhman Mahavir Medical College, , New Delhi, Delhi (NCT), 110029",M.D. (ANAESTHESIOLOGY),Open,GN,Allotted
600,33374,DNB Quota,"Durgapur Steel Plant Hospital, ,J M Sengupta Road, B Zone, Durgapur, Dist- Paschim Bardhaman, West Bengal, 713205",(NBEMS) ANAESTHESIOLOGY,OBC,OBC,Allotted
601,33396,All India,"Sawai Man Singh Medical College, JAIPUR,Sawai Man Singh Medical College, JAIPUR, Rajasthan, 302004",M.S. (OPHTHALMOLOGY),SC,SC,Allotted
602,33407,DNB Quota,"Shree Mata Vaishno Devi Narayana Superspeciality Hospital, Jammu and Kashmir,Kakraya Katra Reasi District, Jammu And Kashmir, 182320",(NBEMS) ANAESTHESIOLOGY,Open,GN,Allotted
603,33434,All India,"Lady Hardinge Medical College,Lady Hardinge Medical College, Delhi (NCT), 110001",M.D. (PREVENTIVE and SOCIAL MEDICINE)/ COMMUNITY MEDICINE,Open,GN,Allotted
604,33437,All India,"GOVT MEDICAL COLLEGE,THRISSUR,GOVT MEDICAL COLLEGE,THRISSUR, Kerala, 680596",M.D. (Radiotherapy/ Radiation Oncology),EWS,EWS,Allotted
605,33498,All India,"Government Medical College Kota,Government Medical College Kota, Rajasthan, 324005",M.S. (GENERAL SURGERY),SC,SC,Allotted
606,33515,IP University Quota,"Vardhman Mahavir Medical College, , New Delhi,Vardhman Mahavir Medical College, , New Delhi, Delhi (NCT), 110029",M.D. (ANAESTHESIOLOGY),Open,GN,Allotted
607,33545,DNB Quota,"Govt. District Hospital, Rajasthan,Ajmer Road Kekri District Ajmer, Rajasthan, 305404",(NBEMS-DIPLOMA) PAEDIATRICS,Open,GN,Allotted
608,33600,DNB Quota,"Civil Hospital Palwal, Palwal , Haryana,Civil Hospital Palwal, Haryana, 121102",(NBEMS-DIPLOMA) PAEDIATRICS,Open,OBC,Allotted
609,33670,DNB Quota,"Bhagat Phool Singh Govt. Medical College for Women,BHAGAT PHOOL SINGH GOVT. MEDICAL COLLEGE FOR WOMEN KHANPUR KALAN SONEPAT, Haryana, 131305",(NBEMS) GENERAL MEDICINE,SC,SC,Allotted
610,33743,DNB Quota,"JLN Government Hospital,,NH 89 BIKANER ROAD, NAGAUR, Rajasthan, 341001",(NBEMS-DIPLOMA) PAEDIATRICS,Open,OBC,Allotted
611,33784,All India,"NETAJI SUBHAS NATIONAL INSTITUTE OF SPORTS, PATIALA,NETAJI SUBHAS NATIONAL INSTITUTE OF SPORTS, OLD MOTIBAGH, PATIALA, Punjab, 147001",DIP. IN SPORTS MEDICINE,OBC,OBC,Allotted
612,33899,All India,"Grant Medical College, Maharashtra,Grant Medical College, Maharashtra, Maharashtra, 400008",M.D. (PATHOLOGY),Open,GN,Allotted
613,33903,All India,"Government Kilpauk Medical College,Government Kilpauk Medical College, Tamil Nadu, 600010",M.D. (PREVENTIVE and SOCIAL MEDICINE)/ COMMUNITY MEDICINE,Open,OBC,Allotted
614,33977,All India,"MADURAI MEDICAL COLLEGE,MADURAI MEDICAL COLLEGE, Tamil Nadu, 625020",M.D. IN TRANSFUSION MEDICINE/ IMMUNO- HAEMATOLOGY and BLOOD TRANSFUSION,Open,EWS,Allotted
615,34043,All India,"Baba Raghav Das Medical College,Baba Raghav Das Medical College, Uttar Pradesh, 273013",M.S. (OPHTHALMOLOGY),SC,SC,Allotted
616,34045,All India,"Maulana Azad Medical College,Maulana Azad Medical College, Delhi (NCT), 110002",M.D. (PHARMACOLOGY),OBC,OBC,Allotted
617,34094,All India,"B.J.Government Medical College, Pune,B.J.Government Medical College, Pune, Maharashtra, 411001",M.D. (PATHOLOGY),Open,GN,Allotted
618,34194,All India,"Govt. Medical College Akola,Govt. Medical College Akola, Maharashtra, 444001",M.S. (OPHTHALMOLOGY),SC,SC,Allotted
619,34306,All India,"Gvernment Medical College,Haldwani,Government Medical College, Haldwani, Uttarakhand, 263139",M.D. (Tuberculosis and Respiratory diseases)/Pulmonary Medicine /M.D. (Respiratory Medicine),SC,SC,Allotted
620,34345,DNB Quota,"VCSG Govt Institute of Medical Science and Research and HNB Base Teaching Hospital , ,Srikot Ganganali Srinagar Garhwal Uttarakhand, Uttarakhand, 246174",(NBEMS-DIPLOMA) PAEDIATRICS,Open,OBC,Allotted
621,34362,All India,"INDIRA GANDHI GOVT.MEDICAL COLLEGE NAGPUR,INDIRA GANDHI GOVT.MEDICAL COLLEGE NAGPUR, Maharashtra, 440018",M.D. (BIOCHEMISTRY),Open,GN,Allotted
622,34408,DNB Quota,"Government General Hospital, ,GOVERNMENT GENERAL HOSPITAL, ALANPUR LINK ROAD SAWAI MADHOPUR 322001, Rajasthan, 322001",(NBEMS-DIPLOMA) Obstetrics and Gynaecology,OBC,OBC,Allotted
623,34414,DNB Quota,"Max Super Specialty Hospital, (Formerly- Pushpanjali Crosslay Hospital) ,W-3, Sector- 1, Vaishali, Ghaziabad, Uttar Pradesh, 201012",(NBEMS) RADIATION ONCOLOGY,Open,OBC,Allotted
624,34530,All India,"North Bengal Medical College,North Bengal Medical College, West Bengal, 734012",M.D. (ANAESTHESIOLOGY),SC,SC,Allotted
625,34581,All India,"Grant Medical College, Maharashtra,Grant Medical College, Maharashtra, Maharashtra, 400008",M.D. (PATHOLOGY),OBC,OBC,Allotted
626,34608,All India,"Government Medical College Srinagar,Administrative Department Government Medical College Karan Nagar Srinagar, Jammu And Kashmir, 190010",M.S. (E.N.T.),EWS,EWS,Allotted
627,34677,DNB Quota,"Dhayal Hospital and Research Centre, Rajasthan ,Dhayal Hospital and Research Centre, Nh52,Near Math Mandir, Reengus, Sikar,Rajasthan-332404, Rajasthan, 332404",(NBEMS-DIPLOMA) PAEDIATRICS,Open,OBC,Allotted
628,34697,DNB Quota,"Jawahar Lal Nehru Cancer Hospital and Res. Centre, Madhya Pradesh,Idgah Hills, Bhopal, Madhya Pradesh, 462001",(NBEMS) RADIATION ONCOLOGY,Open,OBC,Allotted
629,34700,IP University Quota,"ESI-POST GRADUATE INSTITUTE OF MEDICAL SCIENCES AND RESEARCH, BASAIDARAPUR, NEW DELHI,ESI-POST GRADUATE INSTITUTE OF MEDICAL SCIENCES AND RESEARCH, BASAIDARAPUR, NEW DELHI, Delhi (NCT), 110015",M.D. (ANAESTHESIOLOGY),EWS,EWS,Allotted
630,34710,DNB Quota,"Coochbehar Govt Medical College and Hospital, West Bengal,Vivekananda Street, Pilkhana, Cooch Behar, WB-736101, West Bengal, 736101",(NBEMS) GENERAL MEDICINE,SC,SC,Allotted
631,34712,DNB Quota,"Associated Hospital Government Medical College, ,Kanth Bagh Baramulla, Jammu And Kashmir, 193103",(NBEMS-DIPLOMA) PAEDIATRICS,Open,GN,Allotted
632,34745,All India,"LOKMANYA TILAK MEDICAL COLLEGE MUMBAI,LOKMANYA TILAK MEDICAL COLLEGE MUMBAI, Maharashtra, 400022",DIPLOMA IN ANAESTHESIOLOGY,Open,GN,Allotted
633,34764,DNB Quota,"District Hospital, ,District hospital chitradurga, B D road beside DHO office Chitradurga, Karnataka, 577501",(NBEMS) Obstetrics and Gynaecology,SC,SC,Allotted
634,34807,All India,"Bankura Sammilani Medical College,Bankura Sammilani Medical College, West Bengal, 722102",M.D. (ANAESTHESIOLOGY),EWS,EWS,Allotted
635,34842,All India,"Moti Lal Nehru Medical College,Moti Lal Nehru Medical College, Uttar Pradesh, 211001",M.D. (PATHOLOGY),Open,GN,Allotted
636,34859,DNB Quota,"Rajiv Gandhi Government General Hospital, Principal Medical Officer General hospital, ,Rajiv Gandhi Government General Hospital, near bijli ghar circle, alwar, Rajasthan, 301001",(NBEMS-DIPLOMA) PAEDIATRICS,Open,OBC,Allotted
637,34898,DNB Quota,"Central Hospital, Gandhinagar, ,CENTRAL HOSPITAL, GANDHINAGAR, GANDHINAGAR COLONY, KANKE ROAD, RANCHI, Jharkhand, 834008",(NBEMS) GENERAL MEDICINE,SC,SC,Allotted
638,34992,All India,"Mahatma Gandhi Memorial Medical College, Jamshedpur,Mahatma Gandhi Memorial Medical College, Jamshedpur, Jharkhand, 831020",M.S. (GENERAL SURGERY),SC,SC,Allotted
639,35030,DNB Quota,"Aster CMI Hospital, ,43/2 New Airport Road, NH-7, Kodigehalli, Sahakara Nagar, Hebbal, Bengaluru, Karnataka, 560092",(NBEMS) Palliative Medicine,Open,OBC,Allotted
640,35076,DNB Quota,"Saroj Gupta Cancer Centre Welfare Home and Research Institute,,Mahatma Gandhi Road, Thakurpukur, Kolkata, West Bengal, 700063",(NBEMS) RADIATION ONCOLOGY,Open,GN,Allotted
641,35150,All India,"ESI-POST GRADUATE INSTITUTE OF MEDICAL SCIENCES AND RESEARCH, BASAIDARAPUR, NEW DELHI,ESI-POST GRADUATE INSTITUTE OF MEDICAL SCIENCES AND RESEARCH, BASAIDARAPUR, NEW DELHI, Delhi (NCT), 110015",M.D. (ANAESTHESIOLOGY),SC,SC,Allotted
642,35151,DNB Quota,"Chalmeda Anand Rao Institute of Medical Sciences (CAIMS) Cancer Hospital and Research Institute, ,Chalmeda Anand Rao Institute of Medical Sciences CAIMS Cancer Hospital and Research Institute bommak, Telangana, 505001",(NBEMS) RADIATION ONCOLOGY,Open,EWS,Allotted
643,35280,DNB Quota,"Alchemist Hospital, Haryana,Alchemist Hospital Sector 21, Panchkula, Haryana, 134112",(NBEMS-DIPLOMA) Tuberculosis and CHEST DISEASES,Open,EWS,Allotted
644,35286,All India,"Sawai Man Singh Medical College, JAIPUR,Sawai Man Singh Medical College, JAIPUR, Rajasthan, 302004",M.D. IN TRANSFUSION MEDICINE/ IMMUNO- HAEMATOLOGY and BLOOD TRANSFUSION,Open,OBC,Allotted
645,35287,DNB Quota,"Mothers Care Children Hospital and Research Centre, ,SAGOLBAND MOIRANG LEIRAK, IMPHAL WEST, Manipur, 795001",(NBEMS-DIPLOMA) PAEDIATRICS,Open,OBC,Allotted
646,35345,All India,"Government Medical College Srinagar,Administrative Department Government Medical College Karan Nagar Srinagar, Jammu And Kashmir, 190010",DIP. IN DERM. VENEREOLOGY and LEPROSY/DERMATOLOGY /VENEREOLOGY and DERMATOLOGY/LEPROSY/VENEREAL DISEASE and LEPROSY,SC,SC,Allotted
647,35396,DNB Quota,"Associated Hospital Government Medical College, ,Government Medical College Chack Sajjan Kathua, Jammu And Kashmir, 184101",(NBEMS) GENERAL MEDICINE,SC,SC,Allotted
648,35416,DNB Quota,"Capitol Hospital,,jalandhar pathankot road NH 44 Near Reru Chowk Jalandhar, Punjab, 144012",(NBEMS) RADIATION ONCOLOGY,Open,GN,Allotted
649,35609,DNB Quota,"General Hospital , Jalore Hospital ,GENERAL HOSPITAL JALORE, HOSPITAL JALORE, OPP. NAGAR PARISHAD, JALORE, RAJASTHAN, Rajasthan, 343001",(NBEMS-DIPLOMA) Obstetrics and Gynaecology,OBC,OBC,Allotted
650,35900,All India,"University College of Medical Sciences,University College of Medical Sciences, Delhi (NCT), 110095",M.D. (PREVENTIVE and SOCIAL MEDICINE)/ COMMUNITY MEDICINE,OBC,OBC,Allotted
651,35912,DNB Quota,"Govt. BDK hospital, govt. ,OPPOSITE ROADWAYS BUS STAND MAAN NAGAR JHUNJHUNU RAJASTHAN, Rajasthan, 333001",(NBEMS-DIPLOMA) PAEDIATRICS,Open,GN,Allotted
652,35926,All India,"B. J. MEDICAL COLLEGE, Ahmedabad,B.J. Medical College, New Civil Hospital Asarwa,Ahmedabad-380016,Gujarat,India, Gujarat, 380016",M.S. (OPHTHALMOLOGY),SC,SC,Allotted
653,35994,All India,"Osmania Medical Collge,Osmania Medical Collge, Telangana, 500095",M.D. (PSYCHIATRY),SC,SC,Allotted
654,36031,Delhi University Quota,"Maulana Azad Medical College,Maulana Azad Medical College, Delhi (NCT), 110002",M.D. (Radiotherapy/ Radiation Oncology),Open,OBC,Allotted
655,36133,All India,"KING GEORGES MEDICAL UNIVERSITY,KING GEORGES MEDICAL UNIVERSITY, Shahmeena Road, Chowk, Lucknow-226003, Uttar Pradesh, 226003",M.D. (ANAESTHESIOLOGY),SC,SC,Allotted
656,36161,All India,"MEDICAL COLLEGE, KOLKATA,MEDICAL COLLEGE, KOLKATA, West Bengal, 700073",DIPLOMA IN OPHTHALMOLOGY/DOMS,OBC,OBC,Allotted
657,36163,DNB Quota,"Tomo Riba Institute of Health and Medical Sciences,,TRIHMS. Old Assembly Block. Near Rajiv Gandhi Stadium. Naharlagun-791110. Arunachal Pradesh, Arunachal Pradesh, 791110",(NBEMS-DIPLOMA) PAEDIATRICS,Open,OBC,Allotted
658,36198,DNB Quota,"Saheed Laxman Nayak Medical College and Hospital,Orissa,SAHEED LAXMAN NAYAK MEDICAL COLLEGE AND HOSPITAL KORAPUT, JANIGUDA ODISHA KORAPUT 764020, Odisha, 764020",(NBEMS-DIPLOMA) PAEDIATRICS,Open,OBC,Allotted
659,36214,DNB Quota,"GMERS Medical College and General Hospital, ,GMERS Medical College and General hospital,Old TB Campus, gotri road, Vadodara, Gujarat, 390021",(NBEMS) GENERAL SURGERY,SC,SC,Allotted
660,36225,DNB Quota,"Tomo Riba Institute of Health and Medical Sciences,,TRIHMS. Old Assembly Block. Near Rajiv Gandhi Stadium. Naharlagun-791110. Arunachal Pradesh, Arunachal Pradesh, 791110",(NBEMS-DIPLOMA) PAEDIATRICS,Open,GN,Allotted
661,36226,DNB Quota,"Shaheed Bhai Mani Singh ,opposite Police Line, Mansa Road Bathinda, Distt. Bathinda. 151001, Punjab, 151001",(NBEMS-DIPLOMA) PAEDIATRICS,OBC,OBC,Allotted
662,36282,DNB Quota,"Govt. Medical College and Hospital,,,Government Medical College Hospital Chandigarh, Chandigarh, 160030",(NBEMS) Hospital Administration,Open,GN,Allotted
663,36292,All India,"Rajendra Institute of Medical Sciences, Ranchi,Rajendra Institute of Medical Sciences, Ranchi, Jharkhand, 834009",M.D. (PATHOLOGY),Open,GN,Allotted
664,36306,All India,"JAWAHAR LAL NEHRU MEDICAL COLLEGE, AJMER,NEAR PATEL STADIUM, AJMER, Rajasthan, 305001",M.D. (Radiotherapy/ Radiation Oncology),EWS,EWS,Allotted
665,36400,All India,"Maulana Azad Medical College,Maulana Azad Medical College, Delhi (NCT), 110002",M.D. (FORENSIC MEDICINE),Open,OBC,Allotted
666,36552,DNB Quota,"District Hospital , Jammu and Kashmir ,Court road pulwama, Jammu And Kashmir, 192301",(NBEMS-DIPLOMA) PAEDIATRICS,OBC,OBC,Allotted
667,36580,All India,"ESIC Medical College, Hyderbad,Sanathnagar, Hyderabad, Telangana, 500038",M.D. (ANAESTHESIOLOGY),SC,SC,Allotted
668,36596,All India,"COIMBATORE MEDICAL COLLEGE,COIMBATORE MEDICAL COLLEGE, Tamil Nadu, 641014",M.D. (ANAESTHESIOLOGY),SC,SC,Allotted
669,36649,DNB Quota,"Shri Dada Dev Matri Avum Shishu Chikitsalaya, ,Dabri, New Delhi-110045, Delhi (NCT), 110045",(NBEMS) Obstetrics and Gynaecology,SC,SC,Allotted
670,36652,All India,"Regional Institute of Ophthalmology,RIO Prev Known as Nehru Institute of Ophthalmology and Research Centre Civil Lines Sitapur, Uttar Pradesh, 261001",M.S. (OPHTHALMOLOGY),SC,SC,Allotted
671,36744,All India,"TOPIWALA NATIONAL MEDICAL COLLEGE,TOPIWALA NATIONAL MEDICAL COLLEGE, Maharashtra, 400008",M.D. (PREVENTIVE and SOCIAL MEDICINE)/ COMMUNITY MEDICINE,Open,GN,Allotted
672,36782,DNB Quota,"Noble Hospital, ,Magarpatta City Road, Hadpsar, Pune, Maharashtra, 411028",(NBEMS-DIPLOMA) FAMILY MEDICINE,Open,OBC,Allotted
673,36791,All India,"Ganesh Shankar Vidyarthi Memorial Medical College,Ganesh Shankar Vidyarthi Memorial Medical College, Uttar Pradesh, 208002",M.D. (Radiotherapy/ Radiation Oncology),EWS,EWS,Allotted
674,36804,All India,"JAWAHARLAL NEHRU MEDICAL COLLEGE, ALIGARH MUSLIM UNIVERSITY STATE UTTAR,JAWAHARLAL NEHRU MEDICAL COLLEGE, ALIGARH MUSLIM UNIVERSITY STATE UTTAR, Uttar Pradesh, 202002",M.D. (ANAESTHESIOLOGY),SC,SC,Allotted
675,36825,All India,"Osmania Medical Collge,Osmania Medical Collge, Telangana, 500095",M.D. (PATHOLOGY),Open,GN,Allotted
676,36877,All India,"Moti Lal Nehru Medical College,Moti Lal Nehru Medical College, Uttar Pradesh, 211001",M.D. (RADIO-DIAGNOSIS),ST,ST,Allotted
677,36949,DNB Quota,"SDH KUPWARA, Jammu and Kashmir,IQBAL MARKET KUPWARA, Jammu And Kashmir, 193222",(NBEMS) GENERAL SURGERY,SC,SC,Allotted
678,36976,All India,"B. J. MEDICAL COLLEGE, Ahmedabad,B.J. Medical College, New Civil Hospital Asarwa,Ahmedabad-380016,Gujarat,India, Gujarat, 380016",M.D. (ANAESTHESIOLOGY),SC,SC,Allotted
679,37062,All India,"Government Medical College, Nizamabad, Telangana State,Government Medical College, Nizamabad, Telangana State, Telangana, 503001",M.D. (ANAESTHESIOLOGY),SC,SC,Allotted
680,37077,All India,"Thiruvarur Govt.Medical College,Thiruvarur Govt.Medical College, Tamil Nadu, 610004",M.D. (ANAESTHESIOLOGY),SC,SC,Allotted
681,37100,All India,"MADRAS MEDICAL COLLEGE,EVR PERIYAR SALAI, CHENNAI-03, Tamil Nadu, 600003",M.D. (Radiotherapy/ Radiation Oncology),SC,SC,Allotted
682,37439,All India,"MEDICAL COLLEGE, KOLKATA,MEDICAL COLLEGE, KOLKATA, West Bengal, 700073",DIPLOMA IN OPHTHALMOLOGY/DOMS,OBC,OBC,Allotted
683,37518,All India,"MYSORE MEDICAL COLLEGE AND RESEARCH INSTITUTE,MYSORE MEDICAL COLLEGE AND RESEARCH INSTITUTE, Karnataka, 570001",M.D. (ANAESTHESIOLOGY),SC,SC,Allotted
684,37530,All India,"Burdwan Medical College, West Bengal,Burdwan Medical College, West Bengal, West Bengal, 713104",M.D. (ANAESTHESIOLOGY),EWS,EWS,Allotted
685,37573,DNB Quota,"Lala Harbhagwan Das Memorial and Dr Prem Hospital, ,BISHAN SWAROOP COLONY, OPP. BUS STAND, Haryana, 132103",(NBEMS-DIPLOMA) Tuberculosis and CHEST DISEASES,Open,GN,Allotted
686,37753,All India,"GANDHI MEDICAL COLLEGE,GANDHI MEDICAL COLLEGE, Telangana, 500003",M.D. (PATHOLOGY),Open,EWS,Allotted
687,37921,All India,"Karnataka Institute of Medical Sciences, Hubballi,Karnataka Institute of Medical Sciences, Hubballi, Karnataka, 580021",M.S. (E.N.T.),SC,SC,Allotted
688,37954,All India,"Indira Gandhi Institute of Medical Sciences, Patna,Indira Gandhi Institute of Medical Sciences, Patna, Bihar, 800014",M.D. (ANAESTHESIOLOGY),SC,SC,Allotted
689,37964,All India,"Sawai Man Singh Medical College, JAIPUR,Sawai Man Singh Medical College, JAIPUR, Rajasthan, 302004",M.D. (PAEDIATRICS),ST,ST,Allotted
690,37970,DNB Quota,"Lord Mahavir Civil Hospital,,Lord Mahavir Civil Hospital, MCH Wing Fieldganj Road Ludhiana, Punjab, 141008",(NBEMS-DIPLOMA) Tuberculosis and CHEST DISEASES,OBC,OBC,Allotted
691,38005,All India,"Pt. Jawahar Lal Nehru Memorial Medical College, RAIPUR,Pt. Jawahar Lal Nehru Memorial Medical College, RAIPUR, Chhattisgarh, 492001",M.S. (OPHTHALMOLOGY),SC,SC,Allotted
692,38041,All India,"Sawai Man Singh Medical College, JAIPUR,Sawai Man Singh Medical College, JAIPUR, Rajasthan, 302004",M.D. IN TRANSFUSION MEDICINE/ IMMUNO- HAEMATOLOGY and BLOOD TRANSFUSION,Open,GN,Allotted
693,38158,All India,"JAWAHARLAL NEHRU MEDICAL COLLEGE, ALIGARH MUSLIM UNIVERSITY STATE UTTAR,JAWAHARLAL NEHRU MEDICAL COLLEGE, ALIGARH MUSLIM UNIVERSITY STATE UTTAR, Uttar Pradesh, 202002",M.D. (PREVENTIVE and SOCIAL MEDICINE)/ COMMUNITY MEDICINE,Open,GN,Allotted
694,38260,All India,"Assam Medical College,Assam Medical College, Assam, 786002",M.D. (PATHOLOGY),Open,GN,Allotted
695,38285,All India,"Ganesh Shankar Vidyarthi Memorial Medical College,Ganesh Shankar Vidyarthi Memorial Medical College, Uttar Pradesh, 208002",DIPLOMA IN ANAESTHESIOLOGY,OBC,OBC,Allotted
696,38389,DNB Quota,"Government General Hospital, ,GOVERNMENT GENERAL HOSPITAL, ALANPUR LINK ROAD SAWAI MADHOPUR 322001, Rajasthan, 322001",(NBEMS-DIPLOMA) Obstetrics and Gynaecology,EWS,EWS,Allotted
697,38478,DNB Quota,"BASEL MISSION CSI HOSPITAL, Karnataka ,Near Ambabavani Circle, PB Road, Gadag-Betageri, Gadag, Karnataka, Karnataka, 582102",(NBEMS-DIPLOMA) FAMILY MEDICINE,Open,OBC,Allotted
698,38484,DNB Quota,"Govt. District Civil Hospital, ,DIS GOVT HOSPITAL, SRI GANGANAGAR, Rajasthan, 335001",(NBEMS-DIPLOMA) PAEDIATRICS,OBC,OBC,Allotted
699,38520,All India,"DR. SHANKARRAO CHAVAN GOVERNMENT MEDICAL COLLEGE, NANDED,DR. SHANKARRAO CHAVAN GOVERNMENT MEDICAL COLLEGE, VISHNUPURI, NANDED, Maharashtra, 431606",M.S. (E.N.T.),SC,SC,Allotted
700,38548,All India,"M. P. SHAH GOVERNMENT MEDICAL COLLEGE,M. P. SHAH GOVERNMENT MEDICAL COLLEGE, Gujarat, 361008",DIPLOMA IN ANAESTHESIOLOGY,OBC,OBC,Allotted
701,38558,All India,"Government medical college patiala.,Government medical college patiala., Punjab, 147001",M.D. (PATHOLOGY),Open,GN,Allotted
702,38638,All India,"Pimpri Chichwad Municipal Corporation Postgraduate Institute Y.C.M.Hospital Pimpri,Pune 18,Pimpri Chichwad Municipal Corporation Postgraduate Institute Y.C.M.Hospital Pimpri,Pune 18, Maharashtra, 411018",M.D. (PATHOLOGY),Open,GN,Allotted
703,38739,DNB Quota,"Hindu Rao Hospital, ,SUBZI MANDI, MALKA GANJ, DELHI-110007, Delhi (NCT), 110007",(NBEMS) PATHOLOGY,Open,OBC,Allotted
704,38741,All India,"Mahatma Gandhi Memorial Medical College, Indore,Mahatma Gandhi Memorial Medical College, Indore, Madhya Pradesh, 452001",M.D. (PATHOLOGY),OBC,OBC,Allotted
705,38753,All India,"Pandit Bhagwat Dayal Sharma Post Graduate Institute of Medical Sciences, Rohtak,Pandit Bhagwat Dayal Sharma Post Graduate Institute of Medical Sciences, Rohtak, Haryana, 124001",M.D. (PATHOLOGY),OBC,OBC,Allotted
706,38894,All India,"Govt. Medical College, Jammu,Govt. Medical College, Bakshi Nagar, Jamu, Jammu And Kashmir, 180001",M.S. (OPHTHALMOLOGY),SC,SC,Allotted
707,38946,All India,"GOVERNMENT MEDICAL COLLEGE CHANDRAPUR, MAHARASHTRA,TB Hospital Campus, Ram Nagar, Chandrapur - 442401, Maharashtra, 442401",M.D. (PSYCHIATRY),SC,SC,Allotted
708,38974,All India,"Tezpur Medical College,Tezpur Medical College, Assam, 784010",M.D. (PATHOLOGY),Open,GN,Allotted
709,39038,All India,"Rajendra Institute of Medical Sciences, Ranchi,Rajendra Institute of Medical Sciences, Ranchi, Jharkhand, 834009",M.D. (PATHOLOGY),Open,GN,Allotted
710,39121,DNB Quota,"Shri Vinoba Bhave Civil Hospital,,S R Delkar Marg, Saily Road, Silvassa, Dadra And Nagar Haveli, 396230",(NBEMS) ANAESTHESIOLOGY,EWS,EWS,Allotted
711,39161,All India,"North Bengal Medical College,North Bengal Medical College, West Bengal, 734012",M.S. (OPHTHALMOLOGY),SC,SC,Allotted
712,39245,All India,"ESIC Medical College & Hospital, Faridabad,NH-3, NIT, FARIDABAD, Haryana, 121001",M.S. (E.N.T.),SC,SC,Allotted
713,39528,All India,"Pt. Jawahar Lal Nehru Memorial Medical College, RAIPUR,Pt. Jawahar Lal Nehru Memorial Medical College, RAIPUR, Chhattisgarh, 492001",M.S. (E.N.T.),SC,SC,Allotted
714,39588,All India,"Seth Gordhandas Sunderdas Medical College, MUMBAI,Seth Gordhandas Sunderdas Medical College, Acharya Donde Marg Parel MUMBAI, Maharashtra, 400012",M.D. IN TRANSFUSION MEDICINE/ IMMUNO- HAEMATOLOGY and BLOOD TRANSFUSION,OBC,OBC,Allotted
715,39648,All India,"INSTITUTE OF MEDICAL SCIENCES, BANARAS HINDU UNIVERSITY,INSTITUTE OF MEDICAL SCIENCES, BANARAS HINDU UNIVERSITY, Uttar Pradesh, 221005",M.D. (FORENSIC MEDICINE),Open,OBC,Allotted
716,39655,All India,"Srirama Chandra Bhanja Medical College, CUTTACK,Srirama Chandra Bhanja Medical College, CUTTACK, Odisha, 753007",M.S. (E.N.T.),SC,SC,Allotted
717,39676,All India,"GOA MEDICAL COLLEGE,Bambolim, Goa, Goa, 403202",M.D. (PHYSIOLOGY),Open,OBC,Allotted
718,39727,DNB Quota,"Apollo Hospital,,DNB office, 3rd Floor Opp Library Apollo Hospitals, Jubilee Hills, Hyderabad, Telangana, 500033",(NBEMS) PATHOLOGY,Open,OBC,Allotted
719,39772,All India,"INDIRA GANDHI GOVT.MEDICAL COLLEGE NAGPUR,INDIRA GANDHI GOVT.MEDICAL COLLEGE NAGPUR, Maharashtra, 440018",M.D. (ANAESTHESIOLOGY),SC,SC,Allotted
720,39894,DNB Quota,"DISTRICT HOSPITAL , Chhattisgarh,Room No. 122 - Government District Hospital Near Mandi Gate Pandari, Raipur, Chhattisgarh, 492001, , Chhattisgarh, 492001",(NBEMS-DIPLOMA) PAEDIATRICS,SC,SC,Allotted
721,39935,DNB Quota,"District Hospital Faridkot, Civil Hospital Faridkot, Punjab,Railway Road Opposite to DC Office, Punjab, 151203",(NBEMS-DIPLOMA) Tuberculosis and CHEST DISEASES,OBC,OBC,Allotted
722,40039,All India,"CHENGALPATTU MEDICAL COLLEGE, CHENGALPATTU,CHENGALPATTU MEDICAL COLLEGE, CHENGALPATTU, Tamil Nadu, 603001",M.D. (Radiotherapy/ Radiation Oncology),SC,SC,Allotted
723,40069,All India,"MEDICAL COLLEGE, KOLKATA,MEDICAL COLLEGE, KOLKATA, West Bengal, 700073",DIPLOMA IN OPHTHALMOLOGY/DOMS,OBC,OBC,Allotted
724,40142,All India,"NETAJI SUBHAS NATIONAL INSTITUTE OF SPORTS, PATIALA,NETAJI SUBHAS NATIONAL INSTITUTE OF SPORTS, OLD MOTIBAGH, PATIALA, Punjab, 147001",DIP. IN SPORTS MEDICINE,SC,SC,Allotted
725,40206,All India,"North Bengal Medical College,North Bengal Medical College, West Bengal, 734012",M.S. (E.N.T.),SC,SC,Allotted
726,40336,All India,"R G KAR MEDICAL COLLEGE, West Bengal,R G KAR MEDICAL COLLEGE,1 KHUDIRAM BOSE SARANI,KOLKATA, West Bengal, West Bengal, 700004",DIPLOMA IN ANAESTHESIOLOGY,OBC,OBC,Allotted
727,40363,All India,"Indira Gandhi Medical College Shimla,Indira Gandhi Medical College Shimla, Himachal Pradesh, 171001",M.D. (PATHOLOGY),Open,GN,Allotted
728,40427,All India,"Gvernment Medical College,Haldwani,Government Medical College, Haldwani, Uttarakhand, 263139",M.S. (E.N.T.),SC,SC,Allotted
729,40438,All India,"INSTITUTE OF MEDICAL SCIENCES, BANARAS HINDU UNIVERSITY,INSTITUTE OF MEDICAL SCIENCES, BANARAS HINDU UNIVERSITY, Uttar Pradesh, 221005",M.D. (PREVENTIVE and SOCIAL MEDICINE)/ COMMUNITY MEDICINE,OBC,OBC,Allotted
730,40463,All India,"Assam Medical College,Assam Medical College, Assam, 786002",M.D. (PATHOLOGY),OBC,OBC,Allotted
731,40469,All India,"Andhra Medical College,Andhra Medical College, Andhra Pradesh, 530002",M.D. (PSYCHIATRY),SC,SC,Allotted
732,40473,All India,"University College of Medical Sciences,University College of Medical Sciences, Delhi (NCT), 110095",M.D. (PHARMACOLOGY),Open,GN,Allotted
733,40494,All India,"M. P. SHAH GOVERNMENT MEDICAL COLLEGE,M. P. SHAH GOVERNMENT MEDICAL COLLEGE, Gujarat, 361008",M.D. (PATHOLOGY),Open,GN,Allotted
734,40535,All India,"Govt. Medical College, Jammu,Govt. Medical College, Bakshi Nagar, Jamu, Jammu And Kashmir, 180001",M.D. (ANAESTHESIOLOGY),SC,SC,Allotted
735,40584,All India,"University College of Medical Sciences,University College of Medical Sciences, Delhi (NCT), 110095",M.D. (FORENSIC MEDICINE),Open,SC,Allotted
736,40705,All India,"Government Medical College, Cuddalore District,Govt. Medical College and Hospital, Cuddalore District Erstwhile Rajah Muthiah Medical College Annam, Tamil Nadu, 608002",M.D. (PREVENTIVE and SOCIAL MEDICINE)/ COMMUNITY MEDICINE,Open,GN,Allotted
737,40818,All India,"Sarojini Naidu Medical College, AGRA,Sarojini Naidu Medical College, AGRA, Uttar Pradesh, 282002",M.D. (ANAESTHESIOLOGY),SC,SC,Allotted
738,40933,All India,"Maharashtra Post Graduate Institute of Medical Education and Research, Nashik,Maharashtra Post Graduation Institute Of Medical Education and Research Civil Hospital campus Trimba, Maharashtra, 422002",M.D. (ANAESTHESIOLOGY),SC,SC,Allotted
739,40942,DNB Quota,"Rampurhat Govt. Medical College and Hospital, ,RAMPURHAT GOVERNMENT MEDICAL COLLEGE AND HOSPITAL, P.O. RAMPURHAT, P.S. RAMPURHAT, DIST. BIRBHUM, WB, West Bengal, 731224",(NBEMS-DIPLOMA) Tuberculosis and CHEST DISEASES,OBC,OBC,Allotted
740,40953,All India,"Government Medical College, Kollam,Government Medical College Kollam,Parippally, Kerala, 691574",M.D. (MICROBIOLOGY),Open,OBC,Allotted
741,41042,DNB Quota,"North District Hospital -,Near Govt ITI College, Peddem, Mapusa, Bardez Goa., Goa, 403507",(NBEMS) PATHOLOGY,Open,OBC,Allotted
742,41059,All India,"Assam Medical College,Assam Medical College, Assam, 786002",M.D. (PATHOLOGY),EWS,EWS,Allotted
743,41181,All India,"ANUGRAH NARAYAN MAGADH MEDICAL COLLEGE,ANUGRAH NARAYAN MAGADH MEDICAL COLLEGE, Bihar, 823001",M.S. (OPHTHALMOLOGY),SC,SC,Allotted
744,41205,All India,"Karnataka Institute of Medical Sciences, Hubballi,Karnataka Institute of Medical Sciences, Hubballi, Karnataka, 580021",M.D. (PATHOLOGY),Open,GN,Allotted
745,41259,All India,"Dr. Sampurnanand Medical College (SNMC), JODHPUR,Dr. Sampurnanand Medical College (SNMC), JODHPUR, Rajasthan, 342001",M.D. (ANAESTHESIOLOGY),SC,SC,Allotted
746,41276,All India,"GOVERNMENT MEDICAL COLLEGE CHANDRAPUR, MAHARASHTRA,TB Hospital Campus, Ram Nagar, Chandrapur - 442401, Maharashtra, 442401",M.D. (ANAESTHESIOLOGY),SC,SC,Allotted
747,41316,All India,"Government Medical College Srinagar,Administrative Department Government Medical College Karan Nagar Srinagar, Jammu And Kashmir, 190010",DIPLOMA IN OPHTHALMOLOGY/DOMS,Open,GN,Allotted
748,41361,Delhi University Quota,"Lady Hardinge Medical College,Lady Hardinge Medical College, Delhi (NCT), 110001",M.D. (Obst. and Gynae)/MS (Obstetrics and Gynaecology),SC,SC,Allotted
749,41400,All India,"EMPLOYEES STATE INSURANCE CORPORATION MEDICAL COLLEGE AND PGIMSR,EMPLOYEES STATE INSURANCE CORPORATION MEDICAL COLLEGE AND PGIMSR, Karnataka, 560010",M.D. (PATHOLOGY),Open,GN,Allotted
750,41431,All India,"Indira Gandhi Medical College Shimla,Indira Gandhi Medical College Shimla, Himachal Pradesh, 171001",M.D. (PATHOLOGY),Open,GN,Allotted
751,41538,All India,"Mahatma Gandhi Memorial Medical College, Jamshedpur,Mahatma Gandhi Memorial Medical College, Jamshedpur, Jharkhand, 831020",M.D. (PAEDIATRICS),ST,ST,Allotted
752,41561,All India,"Government Medical College, Cuddalore District,Govt. Medical College and Hospital, Cuddalore District Erstwhile Rajah Muthiah Medical College Annam, Tamil Nadu, 608002",DIPLOMA IN OTO-RHINO-LARYNGOLOGY,Open,GN,Allotted
753,41577,DNB Quota,"Dr. Kamakshi Memorial Hospital, (Dr. Kamakshi Institute of Medical Sciences and Research) ,No.1,Radial Road , Pallikaranai, Chennai, Tamil Nadu, 600100",(NBEMS-DIPLOMA) ANAESTHESIOLOGY,Open,OBC,Allotted
754,41585,DNB Quota,"Rabindranath Tagore International Institute of Cardiac Sciences, ,PREMISES NO. 1489 124 MUKUNDAPUR E M BYPASS KOLKATA-700099, West Bengal, 700099",(NBEMS-DIPLOMA) ANAESTHESIOLOGY,Open,GN,Allotted
755,41589,DNB Quota,"Amandeep Medicity, Mall Road, Amritsar, Punjab,Mall Rd, near Novelty Chownk, Maharaja Ranjit Singh Nagar, Joshi Colony, Amritsar, Punjab 143001, Punjab, 143001",(NBEMS-DIPLOMA) ANAESTHESIOLOGY,Open,GN,Allotted
756,41718,All India,"MADRAS MEDICAL COLLEGE,EVR PERIYAR SALAI, CHENNAI-03, Tamil Nadu, 600003",M.D. GERIATRICS,SC,SC,Allotted
757,41725,All India,"Sher-i-Kashmir Institute of Medical Sciences, Srinagar,J&K ,SKIMS, SOURA, SRINAGAR-190011, Jammu And Kashmir, 190011",M.D. (Hospital Administration),Open,GN,Allotted
758,41729,All India,"Mahatma Gandhi Memorial Medical College, Indore,Mahatma Gandhi Memorial Medical College, Indore, Madhya Pradesh, 452001",M.D. IN TRANSFUSION MEDICINE/ IMMUNO- HAEMATOLOGY and BLOOD TRANSFUSION,Open,OBC,Allotted
759,41753,All India,"Sher-i-Kashmir Institute of Medical Sciences, Srinagar,J&K ,SKIMS, SOURA, SRINAGAR-190011, Jammu And Kashmir, 190011",M.D. (ANAESTHESIOLOGY),SC,SC,Allotted
760,41914,All India,"JAWAHAR LAL NEHRU MEDICAL COLLEGE, AJMER,NEAR PATEL STADIUM, AJMER, Rajasthan, 305001",M.D. IN TRANSFUSION MEDICINE/ IMMUNO- HAEMATOLOGY and BLOOD TRANSFUSION,Open,GN,Allotted
761,41919,DNB Quota,"GOVERNMENT MEDICAL COLLEGE, NAMAKKAL,Government Medical College, No.353, Masterplan Complex, Siluvampatti, Namakkal District - 637 003, Tamil Nadu, 637003",(NBEMS) Emergency Medicine,SC,SC,Allotted
762,41975,All India,"Government Medical College, Nizamabad, Telangana State,Government Medical College, Nizamabad, Telangana State, Telangana, 503001",M.D. (FORENSIC MEDICINE),Open,OBC,Allotted
763,42007,All India,"R G KAR MEDICAL COLLEGE, West Bengal,R G KAR MEDICAL COLLEGE,1 KHUDIRAM BOSE SARANI,KOLKATA, West Bengal, West Bengal, 700004",M.D. (PATHOLOGY),Open,GN,Allotted
764,42034,All India,"Rajmata Shrimati Devendra Kumari Singhdeo Government Medical College, Ambikapur,Kanyaparisar Road Gangapur Ambikapur District Surguja, Chhattisgarh, 497001",M.S. (E.N.T.),SC,SC,Allotted
765,42274,All India,"GAJRA RAJA MEDICAL COLLEGE GWALIOR,GAJRA RAJA MEDICAL COLLEGE GWALIOR, Madhya Pradesh, 474009",M.S. (ORTHOPAEDICS),ST,ST,Allotted
766,42364,All India,"JHALAWAR MEDICAL COLLEGE,JHALAWAR MEDICAL COLLEGE, JHALAWAR, Rajasthan, 326001",M.D. (ANAESTHESIOLOGY),SC,SC,Allotted
767,42390,All India,"Burdwan Medical College, West Bengal,Burdwan Medical College, West Bengal, West Bengal, 713104",M.D. (PATHOLOGY),Open,GN,Allotted
768,42436,DNB Quota,"Saijyothi Eye Institute, Telangana,Plot No. 185, Road No. 1 West Marredpally, Secunderabad, Telangana, 500026",(NBEMS-DIPLOMA) OPHTHALMOLOGY,Open,OBC,Allotted
769,42449,DNB Quota,"Taluka General Hospital, Karnataka,Taluka General Hospital Ramdurga, Belgaum Road, Ramdurga, Karnataka, 591123",(NBEMS-DIPLOMA) Obstetrics and Gynaecology,SC,SC,Allotted
770,42458,DNB Quota,"Yashvedh Healthcare Services, Andhra Pradesh,Gaigolupadu Junction Kakinada, Andhra Pradesh, 533005",(NBEMS-DIPLOMA) OPHTHALMOLOGY,Open,GN,Allotted
771,42493,DNB Quota,"Rajiv Gandhi Medical College and Chhatrapati Shivaji Maharaj Hospital, ,RAJIV GANDHI MEDICAL COLLEGE,THANE BELAPUR ROAD, KALWA, THANE, Maharashtra, 400605",(NBEMS) ANAESTHESIOLOGY,SC,SC,Allotted
772,42570,All India,"Ravindra Nath Tagore Medical College, Udaipur,Ravindra Nath Tagore Medical College, Udaipur, Rajasthan, 313001",M.D. IN TRANSFUSION MEDICINE/ IMMUNO- HAEMATOLOGY and BLOOD TRANSFUSION,Open,GN,Allotted
773,42607,IP University Quota,"Vardhman Mahavir Medical College, , New Delhi,Vardhman Mahavir Medical College, , New Delhi, Delhi (NCT), 110029",M.D. (PATHOLOGY),Open,GN,Allotted
774,42742,All India,"Moti Lal Nehru Medical College,Moti Lal Nehru Medical College, Uttar Pradesh, 211001",M.D. IN TRANSFUSION MEDICINE/ IMMUNO- HAEMATOLOGY and BLOOD TRANSFUSION,Open,OBC,Allotted
775,42862,DNB Quota,"General Hospital - Sub District Hospital, Gujarat,Opp Nagar Palika Deesa banaskantha, Gujarat, 385535",(NBEMS-DIPLOMA) PAEDIATRICS,SC,SC,Allotted
776,42941,All India,"LOKMANYA TILAK MEDICAL COLLEGE MUMBAI,LOKMANYA TILAK MEDICAL COLLEGE MUMBAI, Maharashtra, 400022",DIPLOMA IN ANAESTHESIOLOGY,SC,SC,Allotted
777,42944,All India,"Indira Gandhi Medical College Shimla,Indira Gandhi Medical College Shimla, Himachal Pradesh, 171001",M.D. (ANAESTHESIOLOGY),SC,SC,Allotted
778,42950,DNB Quota,"Government Medical College, Uttar Pradesh ,Kannaujmedicalcollege@gmail.com, Uttar Pradesh, 209732",(NBEMS-DIPLOMA) OPHTHALMOLOGY,Open,GN,Allotted
779,42956,All India,"Pt. Jawahar Lal Nehru Memorial Medical College, RAIPUR,Pt. Jawahar Lal Nehru Memorial Medical College, RAIPUR, Chhattisgarh, 492001",M.D. (Radiotherapy/ Radiation Oncology),SC,SC,Allotted
780,42974,All India,"MAHARANI LAXMI BAI MEDICAL COLLEGE JHANSI,MAHARANI LAXMI BAI MEDICAL COLLEGE JHANSI, Uttar Pradesh, 284128",DIP.IN MEDICAL RADIO-DIAGNOSIS,ST,ST,Allotted
781,42988,All India,"JAWAHARLAL NEHRU MEDICAL COLLEGE, ALIGARH MUSLIM UNIVERSITY STATE UTTAR,JAWAHARLAL NEHRU MEDICAL COLLEGE, ALIGARH MUSLIM UNIVERSITY STATE UTTAR, Uttar Pradesh, 202002",DIPLOMA IN OPHTHALMOLOGY/DOMS,EWS,EWS,Allotted
782,43027,DNB Quota,"Government Multi Specialty Hospital, ,Director Health and Family Welfare Govt. Multi Speciality Hospital Sector 16 Chandigarh, Chandigarh, 160016",(NBEMS) ANAESTHESIOLOGY,SC,SC,Allotted
783,43135,All India,"Pt. Jawahar Lal Nehru Memorial Medical College, RAIPUR,Pt. Jawahar Lal Nehru Memorial Medical College, RAIPUR, Chhattisgarh, 492001",M.D. (PATHOLOGY),Open,GN,Allotted
784,43303,All India,"PATNA MEDICAL COLLEGE, PATNA,PATNA MEDICAL COLLEGE, PATNA, Bihar, 800004",M.D. (ANAESTHESIOLOGY),SC,SC,Allotted
785,43358,All India,"Government Medical College Srinagar,Administrative Department Government Medical College Karan Nagar Srinagar, Jammu And Kashmir, 190010",M.D. (PATHOLOGY),Open,GN,Allotted
786,43384,DNB Quota,"Chettinad Super Speciality Hospital, Tamil Nadu,Rajiv Gandhi Salai, Kelambakkam, Chengalpattu District, Tamil Nadu, 603103",(NBEMS-DIPLOMA) OPHTHALMOLOGY,Open,OBC,Allotted
787,43537,All India,"Osmania Medical Collge,Osmania Medical Collge, Telangana, 500095",M.D. (PATHOLOGY),OBC,OBC,Allotted
788,43747,All India,"Assam Medical College,Assam Medical College, Assam, 786002",M.D. (ANAESTHESIOLOGY),SC,SC,Allotted
789,43903,DNB Quota,"Lilavati Hospital and Research Centre, ,Lilavati Hospital And Research Centre A-791, Bandra Reclamation, Bandra - West, Mumbai, Maharashtra, 400050",(NBEMS-DIPLOMA) ANAESTHESIOLOGY,Open,OBC,Allotted
790,44009,All India,"Bangalore Medical College and Research Institute,Bangalore Medical College and Research Institute, Karnataka, 560002",M.D. (PATHOLOGY),SC,SC,Allotted
791,44038,All India,"Gvernment Medical College,Haldwani,Government Medical College, Haldwani, Uttarakhand, 263139",M.D. (PATHOLOGY),Open,GN,Allotted
792,44101,All India,"K.A.P.Viswanatham Government Medical College, Tiruchirapalli,PERIYAMILAGUPARAI, TIRUCHIRAPPALLI,, Tamil Nadu, 620001",M.D. (BIOCHEMISTRY),Open,OBC,Allotted
793,44107,All India,"Seth Gordhandas Sunderdas Medical College, MUMBAI,Seth Gordhandas Sunderdas Medical College, Acharya Donde Marg Parel MUMBAI, Maharashtra, 400012",M.D. (PATHOLOGY),SC,SC,Allotted
794,44142,All India,"The National Institute of Health and Family Welfare,The National Institute of Health and Family Welfare, Delhi (NCT), 110067",M.D. (COMMUNITY HEALTH and ADMN.),Open,GN,Allotted
795,44180,All India,"Government Medical College Kota,Government Medical College Kota, Rajasthan, 324005",M.D. IN TRANSFUSION MEDICINE/ IMMUNO- HAEMATOLOGY and BLOOD TRANSFUSION,EWS,EWS,Allotted
796,44237,DNB Quota,"Indraprastha Apollo Hospital,,Sarita Vihar, New Delhi 110 076, Delhi (NCT), 110076",(NBEMS) IMMUNO-HAEMATOLOGY AND BLOOD TRANSFUSION,Open,GN,Allotted
797,44300,All India,"Sher-i-Kashmir Institute of Medical Sciences, Srinagar,J&K ,SKIMS, SOURA, SRINAGAR-190011, Jammu And Kashmir, 190011",M.D. (PATHOLOGY),Open,GN,Allotted
798,44320,All India,"Moti Lal Nehru Medical College,Moti Lal Nehru Medical College, Uttar Pradesh, 211001",M.D. (PHYSIOLOGY),Open,GN,Allotted
799,44487,All India,"Thiruvarur Govt.Medical College,Thiruvarur Govt.Medical College, Tamil Nadu, 610004",M.D. (GENERAL MEDICINE),ST,ST,Allotted
800,44585,DNB Quota,"Area Hospital, ,Thirupathi Road Near Saibaba Temple, Area Hospital, Nagari Chittoor Dist, Andhra Pradesh, 517590",(NBEMS-DIPLOMA) Obstetrics and Gynaecology,SC,SC,Allotted
801,44609,DNB Quota,"Area Hospital Sriikalahasthi, ,Near RTC Bustand Ayyalanadu Cheruvu Area Hospital, srikalahasthi Chitotorm, Andhra Pradesh, 517644",(NBEMS-DIPLOMA) Obstetrics and Gynaecology,SC,SC,Allotted
802,44685,All India,"Government Medical College, Siddipet,SURVEY NO 54 GOVERNMENT MEDICAL COLLEGE ENSANPALLY SIDDIPET 502114, Telangana, 502114",M.D. (PATHOLOGY),Open,GN,Allotted
803,44702,All India,"Agartala Government Medical College,Agartala Government Medical College, Tripura, 799006",M.D. (PATHOLOGY),Open,GN,Allotted
804,44745,All India,"Mahatma Gandhi Institute of Medical Sciences, Wardha,Mahatma Gandhi Institute of Medical Sciences, Sevagram, Wardha, Maharashtra, 442102",M.D. (PREVENTIVE and SOCIAL MEDICINE)/ COMMUNITY MEDICINE,Open,SC,Allotted
805,44747,DNB Quota,"GENERAL HOSPITAL MORBI,GENERAL HOSPITAL MORBI, GANDHI CHOKE NEAR TOWN HALL MORBI, Gujarat, 363641",(NBEMS-DIPLOMA) ANAESTHESIOLOGY,Open,OBC,Allotted
806,44769,All India,"Indira Gandhi Medical College Shimla,Indira Gandhi Medical College Shimla, Himachal Pradesh, 171001",M.D. (Radiotherapy/ Radiation Oncology),SC,SC,Allotted
807,44822,All India,"Sardar Patel Medical College, Bikaner,Sardar Patel Medical College, Bikaner, Rajasthan, 334003",M.D. (Radiotherapy/ Radiation Oncology),SC,SC,Allotted
808,44936,All India,"Government Medical College, Cuddalore District,Govt. Medical College and Hospital, Cuddalore District Erstwhile Rajah Muthiah Medical College Annam, Tamil Nadu, 608002",M.D. (PHYSICAL MED. and REHABILITATION),SC,SC,Allotted
809,44961,DNB Quota,"MGM Health Care Private Limited, Tamil Nadu,New No 72, Old No 54, Nelson Manickam Road, Aminjikarai, Chennai – 600029 Tamilnadu State, Tamil Nadu, 600029",(NBEMS-DIPLOMA) Otorhinolaryngology (E.N.T.),Open,GN,Allotted
810,45053,All India,"Government Medical College, Cuddalore District,Govt. Medical College and Hospital, Cuddalore District Erstwhile Rajah Muthiah Medical College Annam, Tamil Nadu, 608002",M.D. (PATHOLOGY),SC,SC,Allotted
811,45067,All India,"B.J.Government Medical College, Pune,B.J.Government Medical College, Pune, Maharashtra, 411001",M.D. (PATHOLOGY),SC,SC,Allotted
812,45072,All India,"ANUGRAH NARAYAN MAGADH MEDICAL COLLEGE,ANUGRAH NARAYAN MAGADH MEDICAL COLLEGE, Bihar, 823001",M.D. (PATHOLOGY),Open,GN,Allotted
813,45074,All India,"DR. SHANKARRAO CHAVAN GOVERNMENT MEDICAL COLLEGE, NANDED,DR. SHANKARRAO CHAVAN GOVERNMENT MEDICAL COLLEGE, VISHNUPURI, NANDED, Maharashtra, 431606",M.D. (PATHOLOGY),OBC,OBC,Allotted
814,45150,All India,"Grant Medical College, Maharashtra,Grant Medical College, Maharashtra, Maharashtra, 400008",M.D. (PATHOLOGY),SC,SC,Allotted
815,45217,All India,"Government Medical College, Latur,Government Medical College, Old Railway station Near Marwadi Rajasthani High-School Latur, Maharashtra, 413512",M.D. (PATHOLOGY),Open,GN,Allotted
816,45221,All India,"NALANDA MEDICAL COLLEGE,PATNA,NALANDA MEDICAL COLLEGE,PATNA, Bihar, 800026",M.D. (PATHOLOGY),OBC,OBC,Allotted
817,45232,All India,"CHENGALPATTU MEDICAL COLLEGE, CHENGALPATTU,CHENGALPATTU MEDICAL COLLEGE, CHENGALPATTU, Tamil Nadu, 603001",M.D. (PHARMACOLOGY),Open,SC,Allotted
818,45357,DNB Quota,"VCSG Govt Institute of Medical Science and Research and HNB Base Teaching Hospital , ,Srikot Ganganali Srinagar Garhwal Uttarakhand, Uttarakhand, 246174",(NBEMS-DIPLOMA) ANAESTHESIOLOGY,Open,EWS,Allotted
819,45360,DNB Quota,"Ahalia Diabetes Hospital , Kerala,Ahalia Campus Kozhippara Post, Kerala, 678557",(NBEMS-DIPLOMA) ANAESTHESIOLOGY,Open,GN,Allotted
820,45384,All India,"Pandit Bhagwat Dayal Sharma Post Graduate Institute of Medical Sciences, Rohtak,Pandit Bhagwat Dayal Sharma Post Graduate Institute of Medical Sciences, Rohtak, Haryana, 124001",M.D. (Obst. and Gynae)/MS (Obstetrics and Gynaecology),ST,ST,Allotted
821,45392,DNB Quota,"Government Medical College and Associated Group of Hospitals, Government Medical College, Dungarpur and Associated Group of Hospitals Shri Haridev Joshi Hospital,,Government Medical College and Associated Group of Hospitals, Government Medical College, Dungarpur, Rajasthan, 314001",(NBEMS-DIPLOMA) Obstetrics and Gynaecology,SC,SC,Allotted
822,45548,All India,"TOPIWALA NATIONAL MEDICAL COLLEGE,TOPIWALA NATIONAL MEDICAL COLLEGE, Maharashtra, 400008",M.D. (PREVENTIVE and SOCIAL MEDICINE)/ COMMUNITY MEDICINE,Open,OBC,Allotted
823,45588,All India,"Government Medical College, Miraj,Government Medical College, Miraj, Maharashtra, 416410",M.D. (PATHOLOGY),OBC,OBC,Allotted
824,45589,All India,"PATNA MEDICAL COLLEGE, PATNA,PATNA MEDICAL COLLEGE, PATNA, Bihar, 800004",DIP. IN T.B. and CHEST DISEASES,SC,SC,Allotted
825,45610,DNB Quota,"Pawana Hospital,Pawana Hospital, Gat No-167, Somatane Phata, Tal- Maval. Pune, Maharashtra, 410506",(NBEMS-DIPLOMA) ANAESTHESIOLOGY,Open,OBC,Allotted
826,45719,DNB Quota,"Kharagpur Sub-Divisional Hospital , ,At-Chotatengra, P.O.- Kharagpur, P.S.- Kharagpur Town, Pin- 721301, West Bengal, 721301",(NBEMS-DIPLOMA) PAEDIATRICS,SC,SC,Allotted
827,45756,All India,"RAJIV GANDHI INSTITUTE OF MEDICAL SCIENCES,RAJIV GANDHI INSTITUTE OF MEDICAL SCIENCES ADILABAD -504001 TELANGANA STATE, Telangana, 504001",M.D. (PATHOLOGY),Open,GN,Allotted
828,45797,All India,"Kalpana Chawla Govt Medical College, Karnal, Haryana,Kalpana Chawla Government Medical College Model Town Karnal 132001 Haryana, Haryana, 132001",M.D. (FORENSIC MEDICINE),Open,SC,Allotted
829,45821,All India,"Andhra Medical College,Andhra Medical College, Andhra Pradesh, 530002",M.D. (PATHOLOGY),OBC,OBC,Allotted
830,45835,All India,"Government T D Medical College, Vandanm , Alappuzha,Government T D Medical College, Vandanm , Alappuzha, Kerala, 688005",M.D. (PHYSIOLOGY),OBC,OBC,Allotted
831,46025,All India,"Burdwan Medical College, West Bengal,Burdwan Medical College, West Bengal, West Bengal, 713104",DIPLOMA IN OPHTHALMOLOGY/DOMS,OBC,OBC,Allotted
832,46074,All India,"Sawai Man Singh Medical College, JAIPUR,Sawai Man Singh Medical College, JAIPUR, Rajasthan, 302004",M.D. (PATHOLOGY),OBC,OBC,Allotted
833,46075,All India,"Government Medical College, Latur,Government Medical College, Old Railway station Near Marwadi Rajasthani High-School Latur, Maharashtra, 413512",M.D. (PATHOLOGY),Open,GN,Allotted
834,46115,All India,"DARBHANGA MEDICAL COLLEGE,Sheetal Prasad Marg, Laheriasarai, Darbhanga, Bihar, Bihar, 846003",M.D. (PREVENTIVE and SOCIAL MEDICINE)/ COMMUNITY MEDICINE,Open,SC,Allotted
835,46238,DNB Quota,"Kerudi Hospital and Research Centre, Karnataka,opp axis bank extension area bagalkot, Karnataka, 587101",(NBEMS-DIPLOMA) ANAESTHESIOLOGY,Open,OBC,Allotted
836,46266,DNB Quota,"Government District General Hospital, ,Government District General Hospital, Noonepalle, Nandyal - 518502, Andhra Pradesh, 518502",(NBEMS-DIPLOMA) FAMILY MEDICINE,Open,GN,Allotted
837,46386,DNB Quota,"Life line Super Specialty Hospital, ,14th Mile, Melood P.O Adoor , Pathanamthitta Dist, Kerala, 691554",(NBEMS-DIPLOMA) ANAESTHESIOLOGY,Open,GN,Allotted
838,46570,All India,"Government Medical College, Surat,Government Medical College, Majuragate, Surat., Gujarat, 395001",M.D. (PATHOLOGY),OBC,OBC,Allotted
839,46753,All India,"Pandit Bhagwat Dayal Sharma Post Graduate Institute of Medical Sciences, Rohtak,Pandit Bhagwat Dayal Sharma Post Graduate Institute of Medical Sciences, Rohtak, Haryana, 124001",M.D. (PREVENTIVE and SOCIAL MEDICINE)/ COMMUNITY MEDICINE,Open,SC,Allotted
840,46818,DNB Quota,"Tata Medical Center, ,14 MAJOR ARTERIAL ROAD EW NEWTOWN RAJARHAT KOLKATA 700160, West Bengal, 700160",(NBEMS) IMMUNO-HAEMATOLOGY AND BLOOD TRANSFUSION,Open,GN,Allotted
841,46845,All India,"All India Institute of Hygiene and Public Health,110, C. R Avenue, Kolkata, West Bengal, 700073",M.D. (PREVENTIVE and SOCIAL MEDICINE)/ COMMUNITY MEDICINE,OBC,OBC,Allotted
842,46851,All India,"Govt. Bundelkhand Medical College Sagar M.P.,Govt. Bundelkhand Medical College Sagar M.P., Madhya Pradesh, 470001",M.D. (PATHOLOGY),Open,GN,Allotted
843,46879,DNB Quota,"Chinmaya Mission Hospital,,Chinmaya Mission Hospital, 80 Feet CMH Road, Indiranagar, Bangalore, Karnataka, 560038",(NBEMS-DIPLOMA) ANAESTHESIOLOGY,Open,OBC,Allotted
844,46895,All India,"SWAMI RAMANAND TEERTH RURAL GOVERNMENT MEDICAL COLLEGE AMBAJOGAI,SWAMI RAMANAND TEERTH RURAL GOVERNMENT MEDICAL COLLEGE AMBAJOGAI, Maharashtra, 431517",M.D. (PATHOLOGY),Open,GN,Allotted
845,46898,All India,"Mahatma Gandhi Memorial Medical College, Indore,Mahatma Gandhi Memorial Medical College, Indore, Madhya Pradesh, 452001",M.D. IN TRANSFUSION MEDICINE/ IMMUNO- HAEMATOLOGY and BLOOD TRANSFUSION,OBC,OBC,Allotted
846,46956,All India,"Govt. Medical College, Bhavnagar,Near. S.T. Bus Stand,Jail Road, Bhavnagar-364001, Gujarat, 364001",M.D. (PATHOLOGY),OBC,OBC,Allotted
847,47075,DNB Quota,"Tata Medical Center, ,14 MAJOR ARTERIAL ROAD EW NEWTOWN RAJARHAT KOLKATA 700160, West Bengal, 700160",(NBEMS) IMMUNO-HAEMATOLOGY AND BLOOD TRANSFUSION,Open,EWS,Allotted
848,47088,All India,"RAJIV GANDHI INSTITUTE OF MEDICAL SCIENCES,RAJIV GANDHI INSTITUTE OF MEDICAL SCIENCES ADILABAD -504001 TELANGANA STATE, Telangana, 504001",M.D. (PATHOLOGY),Open,GN,Allotted
849,47121,All India,"Assam Medical College,Assam Medical College, Assam, 786002",M.D. (PATHOLOGY),OBC,OBC,Allotted
850,47321,All India,"Gandhi Medical College, Bhopal,Gandhi Medical College, Bhopal, Madhya Pradesh, 462001",M.D. (PATHOLOGY),OBC,OBC,Allotted
851,47328,DNB Quota,"Imambara District Hospital,,AKHANBAZAR ROAD, CHINSURA, HOOGHLY, West Bengal, 712101",(NBEMS-DIPLOMA) PAEDIATRICS,SC,SC,Allotted
852,47330,All India,"Siddhartha Medical College, Vijayawada,Siddhartha Medical College, Vijayawada, Andhra Pradesh, 520008",M.D. (PATHOLOGY),SC,SC,Allotted
853,47374,DNB Quota,"Punjab Institute of Medical Scineces ,Punjab Institute of Medical Sciences Garha Road Jalandhar, Punjab, 144006",(NBEMS) IMMUNO-HAEMATOLOGY AND BLOOD TRANSFUSION,Open,GN,Allotted
854,47519,All India,"MEDICAL COLLEGE, KOLKATA,MEDICAL COLLEGE, KOLKATA, West Bengal, 700073",DIPLOMA IN ANAESTHESIOLOGY,SC,SC,Allotted
855,47685,All India,"VIJANAGARA INSTITUTE OF MEDICAL SCIENCES BALLARI,VIJANAGARA INSTITUTE OF MEDICAL SCIENCES BALLARI, Karnataka, 583104",M.D. (PATHOLOGY),Open,GN,Allotted
856,47908,All India,"GANDHI MEDICAL COLLEGE,GANDHI MEDICAL COLLEGE, Telangana, 500003",M.D. (PATHOLOGY),OBC,OBC,Allotted
857,47971,All India,"SHIMOGA INSTITUTE OF MEDICAL SCIENCES,SHIMOGA INSTITUTE OF MEDICAL SCIENCES, Karnataka, 577201",M.D. (PATHOLOGY),Open,OBC,Allotted
858,47982,DNB Quota,"JLN Government Hospital,,NH 89 BIKANER ROAD, NAGAUR, Rajasthan, 341001",(NBEMS-DIPLOMA) OPHTHALMOLOGY,Open,GN,Allotted
859,48142,DNB Quota,"Erode Medical Centre, Tamil Nadu,374-2,3,5, PERUNDURAI ROAD, OPPOSITE TO RELIANCE MALL, ERODE, Tamil Nadu, 638011",(NBEMS-DIPLOMA) ANAESTHESIOLOGY,Open,OBC,Allotted
860,48187,Delhi University Quota,"HINDU RAO HOSPITAL DELHI,HINDU RAO HOSPITAL DELHI, Delhi (NCT), 110007",DIPLOMA IN ANAESTHESIOLOGY,OBC,OBC,Allotted
861,48274,DNB Quota,"Area Hospital, ,Thirupathi Road Near Saibaba Temple, Area Hospital, Nagari Chittoor Dist, Andhra Pradesh, 517590",(NBEMS-DIPLOMA) ANAESTHESIOLOGY,Open,OBC,Allotted
862,48280,All India,"MEDICAL COLLEGE, KOLKATA,MEDICAL COLLEGE, KOLKATA, West Bengal, 700073",DIPLOMA IN OTO-RHINO-LARYNGOLOGY,SC,SC,Allotted
863,48366,DNB Quota,"Government Multi Specialty Hospital, ,Director Health and Family Welfare Govt. Multi Speciality Hospital Sector 16 Chandigarh, Chandigarh, 160016",(NBEMS-DIPLOMA) PAEDIATRICS,SC,SC,Allotted
864,48434,All India,"North Bengal Medical College,North Bengal Medical College, West Bengal, 734012",M.D. (PATHOLOGY),SC,SC,Allotted
865,48476,DNB Quota,"Punjab Institute of Medical Scineces ,Punjab Institute of Medical Sciences Garha Road Jalandhar, Punjab, 144006",(NBEMS) IMMUNO-HAEMATOLOGY AND BLOOD TRANSFUSION,Open,GN,Allotted
866,48540,All India,"Pandit Bhagwat Dayal Sharma Post Graduate Institute of Medical Sciences, Rohtak,Pandit Bhagwat Dayal Sharma Post Graduate Institute of Medical Sciences, Rohtak, Haryana, 124001",M.D. (PATHOLOGY),OBC,OBC,Allotted
867,48556,All India,"Sawai Man Singh Medical College, JAIPUR,Sawai Man Singh Medical College, JAIPUR, Rajasthan, 302004",M.D. (PATHOLOGY),SC,SC,Allotted
868,48665,DNB Quota,"BASEL MISSION CSI HOSPITAL, Karnataka ,Near Ambabavani Circle, PB Road, Gadag-Betageri, Gadag, Karnataka, Karnataka, 582102",(NBEMS-DIPLOMA) FAMILY MEDICINE,Open,GN,Allotted
869,48743,DNB Quota,"Autonomous State Medical college Society and S.N.M District Hospital, ,DAULATTAPUR JALESAR ROAD NARKHI FIROZABAD, Uttar Pradesh, 283203",(NBEMS-DIPLOMA) ANAESTHESIOLOGY,OBC,OBC,Allotted
870,48760,All India,"Maulana Azad Medical College,Maulana Azad Medical College, Delhi (NCT), 110002",M.D. (MICROBIOLOGY),Open,GN,Allotted
871,48763,All India,"Govt. Medical College, Bhavnagar,Near. S.T. Bus Stand,Jail Road, Bhavnagar-364001, Gujarat, 364001",M.D. (PATHOLOGY),OBC,OBC,Allotted
872,48925,DNB Quota,"Kauvery Hospital Medical Services Pvt Ltd, ,vijay@kauveryhealthcare.com, No 35,Shanthi nagar, Opposite to CSI church,Hosur 635109,Tamil Nadu,",(NBEMS-DIPLOMA) Otorhinolaryngology (E.N.T.),Open,OBC,Allotted
873,48965,All India,"Gulbarga Institute Of Medical Sciences, Kalaburagi,VEERESH NAGAR SEDAM ROAD KALABURAGI, Karnataka, 585105",M.D. (PATHOLOGY),Open,GN,Allotted
874,49224,DNB Quota,"Saheed Laxman Nayak Medical College and Hospital,Orissa,SAHEED LAXMAN NAYAK MEDICAL COLLEGE AND HOSPITAL KORAPUT, JANIGUDA ODISHA KORAPUT 764020, Odisha, 764020",(NBEMS-DIPLOMA) PAEDIATRICS,SC,SC,Allotted
875,49246,All India,"Chittaranjan National Cancer Institute, 37- ,37 S P Mukherjee Road Kolkata, West Bengal, 700026",M.D.Laboratory Medicine Course,Open,GN,Allotted
876,49351,All India,"MADURAI MEDICAL COLLEGE,MADURAI MEDICAL COLLEGE, Tamil Nadu, 625020",M.D. (PREVENTIVE and SOCIAL MEDICINE)/ COMMUNITY MEDICINE,SC,SC,Allotted
877,49419,All India,"College of Medicine and JNM Hospital, WBUHS,Block A, Post Office Kalyani, Near Silpanchal Station, Block A2, District Nadia, West Bengal, West Bengal, 741235",M.D. (FORENSIC MEDICINE),Open,GN,Allotted
878,49658,DNB Quota,"Chittaranjan Seva Sadan College of Obstetrics, ,37, S P MUKHERJEE ROAD KOLKATA, West Bengal, 700026",(NBEMS-DIPLOMA) PAEDIATRICS,SC,SC,Allotted
879,49672,DNB Quota,"GMERS Medical College and Hospital, ,paddoc road, near majewadi gate, junagadh, Gujarat, 362001",(NBEMS-DIPLOMA) ANAESTHESIOLOGY,Open,GN,Allotted
880,49699,All India,"Baba Raghav Das Medical College,Baba Raghav Das Medical College, Uttar Pradesh, 273013",M.D. (PATHOLOGY),SC,SC,Allotted
881,49740,All India,"Government Medical College, Jalgaon,Jilha Peth, Government Hospital Campus, Jalgaon, Maharashtra, 425001",M.D. (PATHOLOGY),OBC,OBC,Allotted
882,49991,DNB Quota,"Bhagwan Mahavir Cancer Hospital and Research Centre, ,Managed by K G Kothari Memorial Trust Jawahar Lal Nehru Marg, Jaipur 302 017, Rajasthan, 302017",(NBEMS-DIPLOMA) ANAESTHESIOLOGY,Open,GN,Allotted
883,50009,DNB Quota,"Princess Durru Shehvar Children`s and General Hospital, ,22 3 660A PURANI HAVELI HYDERABAD, Telangana, 500002",(NBEMS-DIPLOMA) ANAESTHESIOLOGY,Open,OBC,Allotted
884,50166,All India,"Bangalore Medical College and Research Institute,Bangalore Medical College and Research Institute, Karnataka, 560002",M.D. (PATHOLOGY),SC,SC,Allotted
885,50194,All India,"COIMBATORE MEDICAL COLLEGE,COIMBATORE MEDICAL COLLEGE, Tamil Nadu, 641014",M.D. (MICROBIOLOGY),Open,OBC,Allotted
886,50290,All India,"Government Medical College, Mahabubnagar,Government Medical College, Yedira, Mahabubnagar, Telangana state, Telangana, 509002",M.D. (PATHOLOGY),SC,SC,Allotted
887,50330,All India,"Burdwan Medical College, West Bengal,Burdwan Medical College, West Bengal, West Bengal, 713104",DIPLOMA IN OPHTHALMOLOGY/DOMS,SC,SC,Allotted
888,50342,DNB Quota,"Ruban Memorial Hospital, Bihar,19 Patliputra Colony Near Patliputra Golambar Patna, Bihar, 800013",(NBEMS-DIPLOMA) ANAESTHESIOLOGY,Open,OBC,Allotted
889,50358,All India,"GOVT. MEDICAL COLLEGE, AMRITSAR,GOVT. MEDICAL COLLEGE,CIRCULAR ROAD, AMRITSAR, Punjab, 143001",M.D. (PATHOLOGY),OBC,OBC,Allotted
890,50622,All India,"Vardhman Mahavir Medical College, , New Delhi,Vardhman Mahavir Medical College, , New Delhi, Delhi (NCT), 110029",M.D. (MICROBIOLOGY),Open,OBC,Allotted
891,50627,DNB Quota,"Pandit Raghunath Murmu Medical College and Hospital , Orissa,AT-RANGAMATIA, PO-SHAMAKHUNTA, PS-BARIPADA SADAR, BARIPADA, MAYURBHANJ, Odisha, 757107",(NBEMS-DIPLOMA) ANAESTHESIOLOGY,Open,GN,Allotted
892,50728,DNB Quota,"Bhavsinhji and Maharani Rupaliba General Hospital, ,Near S. T. Bus Stand, Opp. Bhutnath Temple, Hospital Road, Porbandar, Gujarat, 360575",(NBEMS-DIPLOMA) OPHTHALMOLOGY,OBC,OBC,Allotted
893,50762,DNB Quota,"Prasad Netralaya Superspeciality EYe Hospital, Karnataka ,A J ALSE ROAD UDUPI, Karnataka, 576101",(NBEMS-DIPLOMA) OPHTHALMOLOGY,Open,GN,Allotted
894,50987,All India,"Assam Medical College,Assam Medical College, Assam, 786002",M.S. (E.N.T.),ST,ST,Allotted
895,51000,All India,"M. P. SHAH GOVERNMENT MEDICAL COLLEGE,M. P. SHAH GOVERNMENT MEDICAL COLLEGE, Gujarat, 361008",M.D. (PATHOLOGY),OBC,OBC,Allotted
896,51071,All India,"INSTITUTE OF MEDICAL SCIENCES, BANARAS HINDU UNIVERSITY,INSTITUTE OF MEDICAL SCIENCES, BANARAS HINDU UNIVERSITY, Uttar Pradesh, 221005",M.D. (PHARMACOLOGY),Open,GN,Allotted
897,51121,All India,"Government Medical College, Nagpur,Government Medical College, Nagpur, Maharashtra, 440003",M.D. (PREVENTIVE and SOCIAL MEDICINE)/ COMMUNITY MEDICINE,Open,SC,Allotted
898,51187,DNB Quota,"Amandeep Hospital, Punjab,Dalhousie Road, Mamoon, Pathankot, Punjab, 145001",(NBEMS-DIPLOMA) FAMILY MEDICINE,Open,GN,Allotted
899,51208,All India,"EMPLOYEES STATE INSURANCE CORPORATION MEDICAL COLLEGE AND PGIMSR,EMPLOYEES STATE INSURANCE CORPORATION MEDICAL COLLEGE AND PGIMSR, Karnataka, 560010",M.D. (BIOCHEMISTRY),OBC,OBC,Allotted
900,51346,DNB Quota,"Alexis Multispecialty Hospital,232, Mankapur Square, Koradi road, NAGPUR, Maharashtra, 440030",(NBEMS-DIPLOMA) ANAESTHESIOLOGY,Open,OBC,Allotted
901,51455,All India,"Sher-i-Kashmir Institute of Medical Sciences, Srinagar,J&K ,SKIMS, SOURA, SRINAGAR-190011, Jammu And Kashmir, 190011",M.D. (PATHOLOGY),OBC,OBC,Allotted
902,51506,All India,"Dr. Rajendra Prasad Government Medical College, Tanda,Dr. Rajendra Prasad Government Medical College, Tanda, Himachal Pradesh, 176002",M.S. (OPHTHALMOLOGY),ST,ST,Allotted
903,51511,DNB Quota,"Sadhu Vaswani Missions ,7-9 Lane No 1 Koregaon Park Pune 411001, Maharashtra, 411001",(NBEMS-DIPLOMA) ANAESTHESIOLOGY,Open,GN,Allotted
904,51611,All India,"Pandit Dindayal Upadhyay Medical College, RAJKOT,Pandit Dindayal Upadhyay Medical College, RAJKOT, Gujarat, 360001",M.D. (Tuberculosis and Respiratory diseases)/Pulmonary Medicine /M.D. (Respiratory Medicine),ST,ST,Allotted
905,51711,DNB Quota,"Sadhu Vaswani Missions ,7-9 Lane No 1 Koregaon Park Pune 411001, Maharashtra, 411001",(NBEMS-DIPLOMA) ANAESTHESIOLOGY,Open,GN,Allotted
906,51755,DNB Quota,"ESIC Model Hospital, ,A-3, TULSI MARG, SECTOR-24, NOIDA, Uttar Pradesh, 201301",(NBEMS-DIPLOMA) ANAESTHESIOLOGY,OBC,OBC,Allotted
907,51766,All India,"Government Medical College, Cuddalore District,Govt. Medical College and Hospital, Cuddalore District Erstwhile Rajah Muthiah Medical College Annam, Tamil Nadu, 608002",DIPLOMA IN ANAESTHESIOLOGY,EWS,EWS,Allotted
908,52039,DNB Quota,"Tata Motors Hospital, ,KHARANGAJHAR, TELCO COLONY JAMSHEDPUR, Jharkhand, 831003",(NBEMS-DIPLOMA) Otorhinolaryngology (E.N.T.),Open,OBC,Allotted
909,52227,All India,"JAWAHAR LAL NEHRU MEDICAL COLLEGE, AJMER,NEAR PATEL STADIUM, AJMER, Rajasthan, 305001",M.D. (PATHOLOGY),EWS,EWS,Allotted
910,52472,DNB Quota,"Adarsha Hospital, ,Near KSRTC Bus Stand, Udupi Taluk and District, Karnataka, Karnataka, 576101",(NBEMS-DIPLOMA) ANAESTHESIOLOGY,Open,OBC,Allotted
911,52710,DNB Quota,"Govt. District Civil Hospital, ,DIS GOVT HOSPITAL, SRI GANGANAGAR, Rajasthan, 335001",(NBEMS-DIPLOMA) Tuberculosis and CHEST DISEASES,SC,SC,Allotted
912,52873,All India,"B. J. MEDICAL COLLEGE, Ahmedabad,B.J. Medical College, New Civil Hospital Asarwa,Ahmedabad-380016,Gujarat,India, Gujarat, 380016",M.D. IN TRANSFUSION MEDICINE/ IMMUNO- HAEMATOLOGY and BLOOD TRANSFUSION,SC,SC,Allotted
913,52890,DNB Quota,"Krishna Institute of Medical Sciences, ,academics@kimshospitals.com, Telangana, 500003",(NBEMS) PATHOLOGY,Open,GN,Allotted
914,52913,DNB Quota,"Regency Hospital,,A-2, Sarvodaya Nagar, Kanpur, Uttar Pradesh, 208005",(NBEMS) PATHOLOGY,Open,GN,Allotted
915,53155,All India,"Sawai Man Singh Medical College, JAIPUR,Sawai Man Singh Medical College, JAIPUR, Rajasthan, 302004",M.D. (PHARMACOLOGY),Open,EWS,Allotted
916,53398,All India,"GANDHI MEDICAL COLLEGE,GANDHI MEDICAL COLLEGE, Telangana, 500003",M.D. (PHARMACOLOGY),Open,GN,Allotted
917,53405,All India,"Government medical college patiala.,Government medical college patiala., Punjab, 147001",M.D. (PATHOLOGY),OBC,OBC,Allotted
918,53435,All India,"Andhra Medical College,Andhra Medical College, Andhra Pradesh, 530002",M.D. (PHYSIOLOGY),Open,SC,Allotted
919,53454,DNB Quota,"Central Hospital, Gandhinagar, ,CENTRAL HOSPITAL, GANDHINAGAR, GANDHINAGAR COLONY, KANKE ROAD, RANCHI, Jharkhand, 834008",(NBEMS-DIPLOMA) OPHTHALMOLOGY,Open,GN,Allotted
920,53522,All India,"Maulana Azad Medical College,Maulana Azad Medical College, Delhi (NCT), 110002",M.D. (BIOCHEMISTRY),Open,SC,Allotted
921,53624,DNB Quota,"District Hospital Bhandara, Maharashtra,Santaji Nagar, District Hospital, Bhandara, Maharashtra, 441904",(NBEMS-DIPLOMA) ANAESTHESIOLOGY,Open,GN,Allotted
922,53708,All India,"DARBHANGA MEDICAL COLLEGE,Sheetal Prasad Marg, Laheriasarai, Darbhanga, Bihar, Bihar, 846003",M.D. (PATHOLOGY),OBC,OBC,Allotted
923,53743,All India,"MEDICAL COLLEGE, KOLKATA,MEDICAL COLLEGE, KOLKATA, West Bengal, 700073",DIPLOMA IN OPHTHALMOLOGY/DOMS,EWS,EWS,Allotted
924,53749,DNB Quota,"Sir Hurkisondas Nurrotumdas Hospital and Research Centre, ,Prarthana Samaj, Raja Ram Mohan Roy road, Girgaon, MUMBAI, Maharashtra, 400004",(NBEMS-DIPLOMA) Otorhinolaryngology (E.N.T.),Open,GN,Allotted
925,53757,All India,"Andhra Medical College,Andhra Medical College, Andhra Pradesh, 530002",MD/MS (Anatomy),Open,GN,Allotted
926,53771,All India,"TOPIWALA NATIONAL MEDICAL COLLEGE,TOPIWALA NATIONAL MEDICAL COLLEGE, Maharashtra, 400008",M.S. (GENERAL SURGERY),ST,ST,Allotted
927,54142,DNB Quota,"Bhavsinhji and Maharani Rupaliba General Hospital, ,Near S. T. Bus Stand, Opp. Bhutnath Temple, Hospital Road, Porbandar, Gujarat, 360575",(NBEMS-DIPLOMA) ANAESTHESIOLOGY,Open,GN,Allotted
928,54262,All India,"Government Medical College Kota,Government Medical College Kota, Rajasthan, 324005",M.D. (PATHOLOGY),OBC,OBC,Allotted
929,54384,All India,"Bankura Sammilani Medical College,Bankura Sammilani Medical College, West Bengal, 722102",M.D. (PATHOLOGY),OBC,OBC,Allotted
930,54390,DNB Quota,"Vadamalayan Hospital,,Registered Office - 15, Jawahar Road, Chokkikulam, Madurai - 625002. 9A, Vallabhai Road, Chokkikula, Tamil Nadu, 625002",(NBEMS-DIPLOMA) FAMILY MEDICINE,Open,GN,Allotted
931,54491,All India,"MAHARANI LAXMI BAI MEDICAL COLLEGE JHANSI,MAHARANI LAXMI BAI MEDICAL COLLEGE JHANSI, Uttar Pradesh, 284128",M.D. (PATHOLOGY),SC,SC,Allotted
932,54526,DNB Quota,"Purba Medinipur District Hospital, ,PO - TAMLUK, PS - TAMLUK, DIST - PURBA MEDINIPUR, West Bengal, 721636",(NBEMS-DIPLOMA) OPHTHALMOLOGY,OBC,OBC,Allotted
933,54622,All India,"B. J. MEDICAL COLLEGE, Ahmedabad,B.J. Medical College, New Civil Hospital Asarwa,Ahmedabad-380016,Gujarat,India, Gujarat, 380016",M.D. (FORENSIC MEDICINE),SC,SC,Allotted
934,54735,All India,"Agartala Government Medical College,Agartala Government Medical College, Tripura, 799006",M.D. (PATHOLOGY),OBC,OBC,Allotted
935,54859,DNB Quota,"Gunam Super Speciality Hospital,No 35, Tank Street, Opp To Govt Hospital, Denkanikottai Road, Hosur, Krishnagiri Dist., Tamil Nadu, 635109",(NBEMS-DIPLOMA) ANAESTHESIOLOGY,Open,OBC,Allotted
936,54939,All India,"JHALAWAR MEDICAL COLLEGE,JHALAWAR MEDICAL COLLEGE, JHALAWAR, Rajasthan, 326001",M.D. (PATHOLOGY),OBC,OBC,Allotted
937,55265,All India,"Lady Hardinge Medical College,Lady Hardinge Medical College, Delhi (NCT), 110001",M.D. (MICROBIOLOGY),Open,GN,Allotted
938,55273,All India,"Sawai Man Singh Medical College, JAIPUR,Sawai Man Singh Medical College, JAIPUR, Rajasthan, 302004",M.D. (PREVENTIVE and SOCIAL MEDICINE)/ COMMUNITY MEDICINE,Open,GN,Allotted
939,55422,All India,"BELAGAVI INSTITUTE OF MEDICAL SCIENCES, BELAGAVI,BELAGAVI INSTITUTE OF MEDICAL SCIENCES, BELAGAVI, Karnataka, 590001",M.D. (PATHOLOGY),EWS,EWS,Allotted
940,55445,All India,"Sawai Man Singh Medical College, JAIPUR,Sawai Man Singh Medical College, JAIPUR, Rajasthan, 302004",M.D. IN TRANSFUSION MEDICINE/ IMMUNO- HAEMATOLOGY and BLOOD TRANSFUSION,SC,SC,Allotted
941,55837,All India,"Sher-i-Kashmir Institute of Medical Sciences, Srinagar,J&K ,SKIMS, SOURA, SRINAGAR-190011, Jammu And Kashmir, 190011",DIP.IN IMMUNO-HAEMATOLOGY and BLOOD TRANSFUSION,Open,GN,Allotted
942,55878,All India,"INSTITUTE OF MEDICAL SCIENCES, BANARAS HINDU UNIVERSITY,INSTITUTE OF MEDICAL SCIENCES, BANARAS HINDU UNIVERSITY, Uttar Pradesh, 221005",M.D. (PHARMACOLOGY),OBC,OBC,Allotted
943,55880,All India,"Mahatma Gandhi Institute of Medical Sciences, Wardha,Mahatma Gandhi Institute of Medical Sciences, Sevagram, Wardha, Maharashtra, 442102",M.S. (ORTHOPAEDICS),ST,ST,Allotted
944,55991,All India,"BPS Govt. Medical College for Women, Khanpur Kalan Sonepat,BPS Govt. Medical College for Women, Khanpur Kalan Sonepat, Haryana, 131305",M.D. (PREVENTIVE and SOCIAL MEDICINE)/ COMMUNITY MEDICINE,Open,GN,Allotted
945,56127,DNB Quota,"FAKIR MOHAN MEDICAL COLLEGE AND HOSPITAL , Orissa,AT-Remuna Post-Remuna Dist-Balasore, Odisha, 756019",(NBEMS-DIPLOMA) ANAESTHESIOLOGY,Open,OBC,Allotted
946,56400,DNB Quota,"Alchemist Hospital, Haryana,Alchemist Hospital Sector 21, Panchkula, Haryana, 134112",(NBEMS-DIPLOMA) ANAESTHESIOLOGY,Open,GN,Allotted
947,56481,All India,"Gulbarga Institute Of Medical Sciences, Kalaburagi,VEERESH NAGAR SEDAM ROAD KALABURAGI, Karnataka, 585105",M.D. (PATHOLOGY),OBC,OBC,Allotted
948,56529,DNB Quota,"Alchemist Hospital, Haryana,Alchemist Hospital Sector 21, Panchkula, Haryana, 134112",(NBEMS-DIPLOMA) ANAESTHESIOLOGY,Open,SC,Allotted
949,56605,DNB Quota,"District Hospital, ,DISTRICT HOSPITAL NEAR SANGAM CIRCLE DR RAJ KUMAR ROAD BALLARI-583101 KARNATAKA, Karnataka, 583101",(NBEMS-DIPLOMA) Otorhinolaryngology (E.N.T.),OBC,OBC,Allotted
950,56809,DNB Quota,"Govt. Medical College, ,Govt. Medical College, B-5 Medical Enclave, Maheshpura Bakshi Nagar, Jammu, Jammu And Kashmir, 180001",(NBEMS) Hospital Administration,Open,GN,Allotted
951,56833,DNB Quota,"Arambagh Sub Divisional/ Super Speciality Hospital, ,Arambagh, Hooghly , Pin - 712601, West Bengal, 712601",(NBEMS-DIPLOMA) ANAESTHESIOLOGY,Open,OBC,Allotted
952,56834,All India,"Govt. Medical College, Jammu,Govt. Medical College, Bakshi Nagar, Jamu, Jammu And Kashmir, 180001",M.D. (PATHOLOGY),OBC,OBC,Allotted
953,56947,All India,"North Bengal Medical College,North Bengal Medical College, West Bengal, 734012",M.D. (PREVENTIVE and SOCIAL MEDICINE)/ COMMUNITY MEDICINE,Open,GN,Allotted
954,57010,All India,"RAICHUR INSTITUTE OF MEDICAL SCIENCES,RAICHUR INSTITUTE OF MEDICAL SCIENCES, Karnataka, 584102",M.D. (PAEDIATRICS),ST,ST,Allotted
955,57034,DNB Quota,"District Hospital, Chhattisgarh ,DISTRICT HOSPITAL KANKER, NEAR POST OFFICE, KANKER, Chhattisgarh, 494334",(NBEMS-DIPLOMA) OPHTHALMOLOGY,Open,GN,Allotted
956,57267,DNB Quota,"Sudha Hospitals,162, 181, PERUNDURAI ROAD, ERODE, Tamil Nadu, 638011",(NBEMS-DIPLOMA) ANAESTHESIOLOGY,Open,OBC,Allotted
957,57542,DNB Quota,"Sadhu Vaswani Missions ,7-9 Lane No 1 Koregaon Park Pune 411001, Maharashtra, 411001",(NBEMS) PATHOLOGY,Open,GN,Allotted
958,57689,All India,"GOVERNMENT MEDICAL COLLEGE CHANDRAPUR, MAHARASHTRA,TB Hospital Campus, Ram Nagar, Chandrapur - 442401, Maharashtra, 442401",M.D. (PATHOLOGY),OBC,OBC,Allotted
959,57698,DNB Quota,"Anugraha Eye Hospital, ,NAVBHAG MAIN ROAD BEHIND CENTRAL BUS STAND NEAR SECAB COLLEGE VIJAYAPUR 586101, Karnataka, 586101",(NBEMS-DIPLOMA) OPHTHALMOLOGY,Open,GN,Allotted
960,57731,DNB Quota,"ESI Hospital, ,IG ESI HOSPITAL JHILMIL DELHI - 95, Delhi (NCT), 110095",(NBEMS-DIPLOMA) OPHTHALMOLOGY,SC,SC,Allotted
961,57754,All India,"B.J.Government Medical College, Pune,B.J.Government Medical College, Pune, Maharashtra, 411001",M.D. (Emergency and Critical Care)/M.D. (Emergency Medicine),ST,ST,Allotted
962,57782,All India,"MADRAS MEDICAL COLLEGE,EVR PERIYAR SALAI, CHENNAI-03, Tamil Nadu, 600003",M.D. (MICROBIOLOGY),Open,OBC,Allotted
963,57840,DNB Quota,"Government Head Quarters Hospital,,GOVERNMENT HEADQUARTERS HOSPITAL AND DNB POST GRADUATE TEACHING INSTITUTE,EVN ROAD, ERODE, Tamil Nadu, 638009",(NBEMS-DIPLOMA) ANAESTHESIOLOGY,SC,SC,Allotted
964,57940,All India,"Govt. Doon Medical College, Dehradun,Govt. Doon Medical College Dehrakhas, Patel Nagar Dehradun 248001, Uttarakhand, 248001",M.D. (PATHOLOGY),SC,SC,Allotted
965,58050,DNB Quota,"MMI Narayana Multispecialty Hospital,,Dhamtari Road, Lalpur, Raipur, Chhattisgarh, 492001",(NBEMS-DIPLOMA) ANAESTHESIOLOGY,Open,GN,Allotted
966,58187,All India,"Dr. Sampurnanand Medical College (SNMC), JODHPUR,Dr. Sampurnanand Medical College (SNMC), JODHPUR, Rajasthan, 342001",M.D. (PREVENTIVE and SOCIAL MEDICINE)/ COMMUNITY MEDICINE,Open,GN,Allotted
967,58261,DNB Quota,"Gangasheel Advanced Medical Research Institute, Uttar Pradesh,C-17, Deen Dayal Puram, Bareilly - 243122, Uttar Pradesh, 243122",(NBEMS-DIPLOMA) ANAESTHESIOLOGY,Open,GN,Allotted
968,58349,All India,"Government Medical College Kota,Government Medical College Kota, Rajasthan, 324005",M.D. (PATHOLOGY),SC,SC,Allotted
969,58514,All India,"ESI-POST GRADUATE INSTITUTE OF MEDICAL SCIENCES AND RESEARCH, BASAIDARAPUR, NEW DELHI,ESI-POST GRADUATE INSTITUTE OF MEDICAL SCIENCES AND RESEARCH, BASAIDARAPUR, NEW DELHI, Delhi (NCT), 110015",M.D. (ANAESTHESIOLOGY),ST,ST,Allotted
970,58562,All India,"SWAMI RAMANAND TEERTH RURAL GOVERNMENT MEDICAL COLLEGE AMBAJOGAI,SWAMI RAMANAND TEERTH RURAL GOVERNMENT MEDICAL COLLEGE AMBAJOGAI, Maharashtra, 431517",M.D. (Obst. and Gynae)/MS (Obstetrics and Gynaecology),ST,ST,Allotted
971,58756,DNB Quota,"Bhandari Hospital and Research Centre, ,138 A VASUNDHRA COLONY GOPAL PURA BYPASS TONK ROAD JAIPUR, Rajasthan, 302018",(NBEMS-DIPLOMA) ANAESTHESIOLOGY,Open,OBC,Allotted
972,58773,DNB Quota,"Bhima Bhoi Medical College and Hospital, Balangir,At-Laltikra Po-Rajendra College, Balangir, Odisha, 767002",(NBEMS-DIPLOMA) ANAESTHESIOLOGY,Open,OBC,Allotted
973,58905,All India,"Gandhi Medical College, Bhopal,Gandhi Medical College, Bhopal, Madhya Pradesh, 462001",M.D. (PREVENTIVE and SOCIAL MEDICINE)/ COMMUNITY MEDICINE,Open,GN,Allotted
974,58910,DNB Quota,"Durgapur Steel Plant Hospital, ,J M Sengupta Road, B Zone, Durgapur, Dist- Paschim Bardhaman, West Bengal, 713205",(NBEMS-DIPLOMA) Otorhinolaryngology (E.N.T.),SC,SC,Allotted
975,59167,DNB Quota,"Mumbai Port Trust Hospital, ,L.M. Nadkarni Marg, Wadala, Mumbai, Maharashtra, 400037",(NBEMS) GENERAL MEDICINE,ST,ST,Allotted
976,59351,DNB Quota,"Anugraha Eye Hospital, ,NAVBHAG MAIN ROAD BEHIND CENTRAL BUS STAND NEAR SECAB COLLEGE VIJAYAPUR 586101, Karnataka, 586101",(NBEMS-DIPLOMA) OPHTHALMOLOGY,Open,OBC,Allotted
977,59352,DNB Quota,"Hayat Hospital, ,kahilipara Road, Odalbakra, Lalganesh,Guwahati, Assam, 781034",(NBEMS-DIPLOMA) ANAESTHESIOLOGY,Open,OBC,Allotted
978,59377,All India,"Rajendra Institute of Medical Sciences, Ranchi,Rajendra Institute of Medical Sciences, Ranchi, Jharkhand, 834009",M.D. (PREVENTIVE and SOCIAL MEDICINE)/ COMMUNITY MEDICINE,Open,GN,Allotted
979,59487,DNB Quota,"District Hospital, ,District Hospital Next to Sainik School second gate Athani Road, Vijayapura Karnataka 586103, Karnataka, 586103",(NBEMS-DIPLOMA) FAMILY MEDICINE,SC,SC,Allotted
980,59497,DNB Quota,"Dr. Panjabrao Alias Bhausaheb Deshmukh Memorial Medical College, ,Shivaji Nagar Near Panchawati Square Amravati, Maharashtra, 444603",(NBEMS-DIPLOMA) Otorhinolaryngology (E.N.T.),Open,GN,Allotted
981,59636,DNB Quota,"VCSG Govt Institute of Medical Science and Research and HNB Base Teaching Hospital , ,Srikot Ganganali Srinagar Garhwal Uttarakhand, Uttarakhand, 246174",(NBEMS-DIPLOMA) ANAESTHESIOLOGY,OBC,OBC,Allotted
982,59815,All India,"Burdwan Medical College, West Bengal,Burdwan Medical College, West Bengal, West Bengal, 713104",M.D. (PATHOLOGY),OBC,OBC,Allotted
983,59862,DNB Quota,"Bombay Hospital,Ring Road Indore, Madhya Pradesh, 452010",(NBEMS-DIPLOMA) FAMILY MEDICINE,Open,GN,Allotted
984,59866,All India,"Government Medical College Srinagar,Administrative Department Government Medical College Karan Nagar Srinagar, Jammu And Kashmir, 190010",M.D. (PHARMACOLOGY),Open,GN,Allotted
985,59881,All India,"Karwar Institute of Medical Sciences, Karnataka,MG Road, Karnataka, 581301",M.D. (PATHOLOGY),OBC,OBC,Allotted
986,59947,All India,"GOVT. MEDICAL COLLEGE AND HOSPITAL, CHANDIGARH,GOVT. MEDICAL COLLEGE AND HOSPITAL, CHANDIGARH, Chandigarh, 160030",M.D. (ANAESTHESIOLOGY),ST,ST,Allotted
987,59948,All India,"Chamarajanagar Institute of Medical Sciences, Karnataka,CHAMARAJANAGAR INSTITUTE OF MEDICAL SCIENCES, SY. NO 124, YEDAPURA VILLAGE KASABA HOBLI, CHAMARAJANA, Karnataka, 571313",M.D. (COMMUNITY HEALTH and ADMN.),Open,GN,Allotted
988,60043,All India,"Sher-i-Kashmir Institute of Medical Sciences, Srinagar,J&K ,SKIMS, SOURA, SRINAGAR-190011, Jammu And Kashmir, 190011",M.D. (Hospital Administration),OBC,OBC,Allotted
989,60113,All India,"MEDICAL COLLEGE, KOLKATA,MEDICAL COLLEGE, KOLKATA, West Bengal, 700073",M.D. IN TRANSFUSION MEDICINE/ IMMUNO- HAEMATOLOGY and BLOOD TRANSFUSION,SC,SC,Allotted
990,60148,DNB Quota,"Fortune Hospital, Kanpur Uttar Pradesh , Uttar Pradesh,117-Q 40A-41 Sharda Nagar, Kanpur near Gurdev Crossing, Uttar Pradesh, 208025",(NBEMS-DIPLOMA) ANAESTHESIOLOGY,Open,GN,Allotted
991,60223,All India,"IPGME&R and SSKM Hospital Kolkata,IPGME&R and SSKM Hospital Kolkata, West Bengal, 700020",M.D. (PATHOLOGY),OBC,OBC,Allotted
992,60343,All India,"RAICHUR INSTITUTE OF MEDICAL SCIENCES,RAICHUR INSTITUTE OF MEDICAL SCIENCES, Karnataka, 584102",M.D. (PATHOLOGY),OBC,OBC,Allotted
993,60463,DNB Quota,"DISTRICT HOSPITAL , Madhya Pradesh-456001,csurgeonujjmp@nic.in, Madhya Pradesh, 456001",(NBEMS-DIPLOMA) Otorhinolaryngology (E.N.T.),Open,GN,Allotted
994,60516,DNB Quota,"Christian Institute of Health Sciences and Research, ,4th Mile, Central Jail Road, Dimapur, Nagaland, 797115",(NBEMS-DIPLOMA) ANAESTHESIOLOGY,Open,OBC,Allotted
995,60601,All India,"IPGME&R and SSKM Hospital Kolkata,IPGME&R and SSKM Hospital Kolkata, West Bengal, 700020",M.D. (PATHOLOGY),OBC,OBC,Allotted
996,60602,DNB Quota,"Raj Eye Hospital,CHHATRA SANGH CHAURAHA, CANT ROAD, GORAKHPUR, Uttar Pradesh, 273001",(NBEMS-DIPLOMA) OPHTHALMOLOGY,Open,GN,Allotted
997,60655,All India,"Karwar Institute of Medical Sciences, Karnataka,MG Road, Karnataka, 581301",M.D. (PREVENTIVE and SOCIAL MEDICINE)/ COMMUNITY MEDICINE,OBC,OBC,Allotted
998,60664,DNB Quota,"Delhi Hospital And Nursing Home, Haryana,METRO PILLAR NO. 812 NEAR SHYAMJI COMPLEX BAHADURGARH DIST JHAJJAR-124507, Haryana, 124507",(NBEMS-DIPLOMA) ANAESTHESIOLOGY,Open,GN,Allotted
999,60679,IP University Quota,"PGIMER, DR. RML Hospital,PGIMER, DR. RML Hospital, Delhi (NCT), 110001",M.D. (PATHOLOGY),Open,GN,Allotted
1000,60688,All India,"Karnataka Institute of Medical Sciences, Hubballi,Karnataka Institute of Medical Sciences, Hubballi, Karnataka, 580021",M.D. (PATHOLOGY),SC,SC,Allotted
1001,60753,DNB Quota,"Tirumala Hospitals, ,21-16,7-ROADS,KADAPA, Andhra Pradesh, 516001",(NBEMS-DIPLOMA) Otorhinolaryngology (E.N.T.),Open,GN,Allotted
1002,60792,All India,"NALANDA MEDICAL COLLEGE,PATNA,NALANDA MEDICAL COLLEGE,PATNA, Bihar, 800026",M.D. (FORENSIC MEDICINE),Open,GN,Allotted
1003,60802,All India,"Vardhman Mahavir Medical College, , New Delhi,Vardhman Mahavir Medical College, , New Delhi, Delhi (NCT), 110029",M.D. (MICROBIOLOGY),OBC,OBC,Allotted
1004,61051,All India,"RAJIV GANDHI MEDICAL COLLEGE KALWA THANE,RAJIV GANDHI MEDICAL COLLEGE,THANE BELAPUR ROAD, KALWA, THANE, Maharashtra, 400605",M.D. (PATHOLOGY),SC,SC,Allotted
1005,61077,DNB Quota,"Rajiv Gandhi Government General Hospital, Principal Medical Officer General hospital, ,Rajiv Gandhi Government General Hospital, near bijli ghar circle, alwar, Rajasthan, 301001",(NBEMS-DIPLOMA) ANAESTHESIOLOGY,Open,EWS,Allotted
1006,61183,DNB Quota,"Main Hospital , Telangana,MAIN HOSPITAL, THE SINGARENI COLLERIES COMPANY LIMITED, KOTHAGUDEM, BHADRADRI KOTHAGUDEM DISTRICT, T, Telangana, 507101",(NBEMS) PATHOLOGY,OBC,OBC,Allotted
1007,61319,All India,"Gulbarga Institute Of Medical Sciences, Kalaburagi,VEERESH NAGAR SEDAM ROAD KALABURAGI, Karnataka, 585105",M.S. (E.N.T.),ST,ST,Allotted
1008,61376,All India,"KING GEORGES MEDICAL UNIVERSITY,KING GEORGES MEDICAL UNIVERSITY, Shahmeena Road, Chowk, Lucknow-226003, Uttar Pradesh, 226003",M.D. (PREVENTIVE and SOCIAL MEDICINE)/ COMMUNITY MEDICINE,OBC,OBC,Allotted
1009,61378,All India,"INDIRA GANDHI MEDICAL COLLEGE AND RESEARCH INSTITUTE, PUDUCHERRY,INDIRA GANDHI MEDICAL COLLEGE AND RESEARCH INSTITUTE, PUDUCHERRY, Puducherry, 605009",M.D. (MICROBIOLOGY),Open,GN,Allotted
1010,61413,DNB Quota,"Dana Shivam Heart and Superspeciality Hospital, Rajasthan ,PLOT NO2 BLOCKB SECTOR2 OPPOSITE CENTRAL SPINE BUILDING VIDHYADHAR NAGAR, Rajasthan, 302039",(NBEMS-DIPLOMA) ANAESTHESIOLOGY,Open,OBC,Allotted
1011,61425,All India,"Chittaranjan Seva Sadan Hospital,37, S.P. MUKHERJEE ROAD, KOLKATA, West Bengal, 700026",M.D. (PAEDIATRICS),ST,ST,Allotted
1012,61446,DNB Quota,"Nanjappa Hospital, Karnataka,#660, Kuvempu Road, Shimoga, Karnataka, 577201",(NBEMS-DIPLOMA) ANAESTHESIOLOGY,Open,OBC,Allotted
1013,61465,All India,"Government Kilpauk Medical College,Government Kilpauk Medical College, Tamil Nadu, 600010",M.D. (FORENSIC MEDICINE),Open,OBC,Allotted
1014,61526,DNB Quota,"District Hospital, ,DISTRICT SUREGEON DISTRICT HOSPITAL SETOR-11 NAVANAGAR BAGALKOTE KARNATAKA, Karnataka, 587103",(NBEMS-DIPLOMA) ANAESTHESIOLOGY,OBC,OBC,Allotted
1015,61547,DNB Quota,"District Hospital, ,DISTRICT HOSPITAL NEAR SANGAM CIRCLE DR RAJ KUMAR ROAD BALLARI-583101 KARNATAKA, Karnataka, 583101",(NBEMS-DIPLOMA) ANAESTHESIOLOGY,SC,SC,Allotted
1016,61703,DNB Quota,"Saheed Laxman Nayak Medical College and Hospital,Orissa,SAHEED LAXMAN NAYAK MEDICAL COLLEGE AND HOSPITAL KORAPUT, JANIGUDA ODISHA KORAPUT 764020, Odisha, 764020",(NBEMS-DIPLOMA) ANAESTHESIOLOGY,Open,SC,Allotted
1017,61737,DNB Quota,"Imambara District Hospital,,AKHANBAZAR ROAD, CHINSURA, HOOGHLY, West Bengal, 712101",(NBEMS-DIPLOMA) ANAESTHESIOLOGY,Open,GN,Allotted
1018,61762,DNB Quota,"Christian Institute of Health Sciences and Research, ,4th Mile, Central Jail Road, Dimapur, Nagaland, 797115",(NBEMS-DIPLOMA) ANAESTHESIOLOGY,Open,GN,Allotted
1019,61895,DNB Quota,"Sadhu Vaswani Missions ,7-9 Lane No 1 Koregaon Park Pune 411001, Maharashtra, 411001",(NBEMS-DIPLOMA) FAMILY MEDICINE,Open,SC,Allotted
1020,61916,DNB Quota,"Bansal Hospital,,C- Sector Shahpura, Bhopal, Madhya Pradesh, 462016",(NBEMS-DIPLOMA) FAMILY MEDICINE,Open,EWS,Allotted
1021,61995,All India,"Regional Institute of Medical Sciences, Imphal,Regional Institute of Medical Sciences, Imphal, Lamphelpat, Manipur, 795004",M.D. IN TRANSFUSION MEDICINE/ IMMUNO- HAEMATOLOGY and BLOOD TRANSFUSION,SC,SC,Allotted
1022,62070,All India,"Government Medical College Srinagar,Administrative Department Government Medical College Karan Nagar Srinagar, Jammu And Kashmir, 190010",M.D. (PATHOLOGY),OBC,OBC,Allotted
1023,62317,All India,"CHHATTISGARH INSTITUTE OF MEDICAL SCIENCES,CHHATTISGARH INSTITUTE OF MEDICAL SCIENCES, Chhattisgarh, 495001",M.D. (Obst. and Gynae)/MS (Obstetrics and Gynaecology),ST,ST,Allotted
1024,62363,All India,"Govt. Medical College, Baroda,Govt. Medical College, Baroda, Gujarat, 390001",M.D. (PREVENTIVE and SOCIAL MEDICINE)/ COMMUNITY MEDICINE,Open,GN,Allotted
1025,62388,All India,"Government T D Medical College, Vandanm , Alappuzha,Government T D Medical College, Vandanm , Alappuzha, Kerala, 688005",M.S. (GENERAL SURGERY),ST,ST,Allotted
1026,62428,All India,"DARBHANGA MEDICAL COLLEGE,Sheetal Prasad Marg, Laheriasarai, Darbhanga, Bihar, Bihar, 846003",M.D. (PATHOLOGY),SC,SC,Allotted
1027,62500,All India,"DARBHANGA MEDICAL COLLEGE,Sheetal Prasad Marg, Laheriasarai, Darbhanga, Bihar, Bihar, 846003",M.D. (Obst. and Gynae)/MS (Obstetrics and Gynaecology),ST,ST,Allotted
1028,62536,DNB Quota,"Shri Vinoba Bhave Civil Hospital,,S R Delkar Marg, Saily Road, Silvassa, Dadra And Nagar Haveli, 396230",(NBEMS-DIPLOMA) FAMILY MEDICINE,Open,GN,Allotted
1029,62567,DNB Quota,"Sub Division Hospital, Karnataka,MM HILLS ROAD, KOLLEGAL, CHAMARAJANAGAR DISTRICT, Karnataka, 571440",(NBEMS-DIPLOMA) ANAESTHESIOLOGY,OBC,OBC,Allotted
1030,62597,DNB Quota,"Venugram Hospital, Belagavi, Karnataka,CTS 785, 2nd Cross, Hindu Nagar, Near 3rd Railway Gate, Belagavi, Karnataka, 590006",(NBEMS-DIPLOMA) ANAESTHESIOLOGY,Open,OBC,Allotted
1031,62697,DNB Quota,"Bhagyoday Tirth Chikitsalay, Sagar, Madhya Pradesh,khurai road ,Sagar M.P., Madhya Pradesh, 470002",(NBEMS-DIPLOMA) FAMILY MEDICINE,Open,GN,Allotted
1032,62705,DNB Quota,"Chirayu Hospital, ,HATHOJ, KALWAR ROAD, JAIPUR, Rajasthan, 302012",(NBEMS-DIPLOMA) ANAESTHESIOLOGY,Open,GN,Allotted
1033,62720,DNB Quota,"Associated Hospital Government Medical College, ,Kanth Bagh Baramulla, Jammu And Kashmir, 193103",(NBEMS) COMMUNITY MEDICINE,Open,GN,Allotted
1034,62888,All India,"Lady Hardinge Medical College,Lady Hardinge Medical College, Delhi (NCT), 110001",M.D. (MICROBIOLOGY),Open,GN,Allotted
1035,62898,All India,"ESIC Medical College & Hospital, Faridabad,NH-3, NIT, FARIDABAD, Haryana, 121001",M.D. IN TRANSFUSION MEDICINE/ IMMUNO- HAEMATOLOGY and BLOOD TRANSFUSION,SC,SC,Allotted
1036,62980,All India,"Maulana Azad Medical College,Maulana Azad Medical College, Delhi (NCT), 110002",M.D. (PHYSIOLOGY),Open,OBC,Allotted
1037,63006,All India,"JAWAHARLAL NEHRU MEDICAL COLLEGE, ALIGARH MUSLIM UNIVERSITY STATE UTTAR,JAWAHARLAL NEHRU MEDICAL COLLEGE, ALIGARH MUSLIM UNIVERSITY STATE UTTAR, Uttar Pradesh, 202002",DIPLOMA IN OPHTHALMOLOGY/DOMS,SC,SC,Allotted
1038,63066,DNB Quota,"Fortis Hospitals Limited Fortis Escorts Hospital, Punjab,Majitha Verka Bypass Road Amritsar, Punjab, 143004",(NBEMS-DIPLOMA) ANAESTHESIOLOGY,Open,GN,Allotted
1039,63094,All India,"KURNOOL MEDICAL COLLEGE,KURNOOL MEDICAL COLLEGE, Andhra Pradesh, 518002",M.D. (PREVENTIVE and SOCIAL MEDICINE)/ COMMUNITY MEDICINE,Open,OBC,Allotted
1040,63129,DNB Quota,"District Hospital, ,District hospital chitradurga, B D road beside DHO office Chitradurga, Karnataka, 577501",(NBEMS-DIPLOMA) FAMILY MEDICINE,Open,GN,Allotted
1041,63248,DNB Quota,"M.R.A. Medical College, ,Saddarpur Akabarpur Tanda Road Post Surapur District Ambedkarnagar, Uttar Pradesh, 224227",(NBEMS-DIPLOMA) Otorhinolaryngology (E.N.T.),Open,EWS,Allotted
1042,63264,All India,"JAWAHARLAL NEHRU MEDICAL COLLEGE, BHAGALPUR,JAWAHARLAL NEHRU MEDICAL COLLEGE, BHAGALPUR, Bihar, 812001",M.S. (ORTHOPAEDICS),ST,ST,Allotted
1043,63309,All India,"Government Medical College Srinagar,Administrative Department Government Medical College Karan Nagar Srinagar, Jammu And Kashmir, 190010",M.D. (PHYSIOLOGY),Open,GN,Allotted
1044,63344,DNB Quota,"Rajiv Gandhi Government General Hospital, Principal Medical Officer General hospital, ,Rajiv Gandhi Government General Hospital, near bijli ghar circle, alwar, Rajasthan, 301001",(NBEMS-DIPLOMA) ANAESTHESIOLOGY,OBC,OBC,Allotted
1045,63478,DNB Quota,"Lala Harbhagwan Das Memorial and Dr Prem Hospital, ,BISHAN SWAROOP COLONY, OPP. BUS STAND, Haryana, 132103",(NBEMS-DIPLOMA) ANAESTHESIOLOGY,Open,GN,Allotted
1046,63520,All India,"Sardar Patel Medical College, Bikaner,Sardar Patel Medical College, Bikaner, Rajasthan, 334003",M.D. IN TRANSFUSION MEDICINE/ IMMUNO- HAEMATOLOGY and BLOOD TRANSFUSION,SC,SC,Allotted
1047,63603,All India,"Government Medical College Kozhikode,Government Medical College Kozhikode, Kerala, 673008",M.D. (FORENSIC MEDICINE),SC,SC,Allotted
1048,63615,DNB Quota,"District Hospital, Dharwad,dsdharwad at gmail dot com, Karnataka, 580001",(NBEMS-DIPLOMA) OPHTHALMOLOGY,Open,SC,Allotted
1049,63739,All India,"Tirunelveli Medical College,TIRUNELVELI MEDICAL COLLEGE, HIGHGROUND, TIRUNELVELI-11, Tamil Nadu, 627011",M.S. (GENERAL SURGERY),ST,ST,Allotted
1050,63752,DNB Quota,"Midland Healthcare and Research Centre, Uttar Pradesh,B-55 Mandir Marg, Mahanagar,Lucknow., Uttar Pradesh, 226006",(NBEMS-DIPLOMA) ANAESTHESIOLOGY,Open,SC,Allotted
1051,63834,All India,"Govt. Medical College, Baroda,Govt. Medical College, Baroda, Gujarat, 390001",M.S. (OPHTHALMOLOGY),ST,ST,Allotted
1052,63943,DNB Quota,"Santipur State General Hospital, West Bengal,santipursghospital@gmail.com, West Bengal, 741404",(NBEMS-DIPLOMA) ANAESTHESIOLOGY,Open,GN,Allotted
1053,64032,All India,"PGIMER, DR. RML Hospital,PGIMER, DR. RML Hospital, Delhi (NCT), 110001",M.D. (MICROBIOLOGY),Open,OBC,Allotted
1054,64127,DNB Quota,"Goverment District Hospital Bundi, ,IN FRONT OF COLLECTORATE BUNDI, Rajasthan, 323001",(NBEMS-DIPLOMA) ANAESTHESIOLOGY,Open,GN,Allotted
1055,64145,All India,"Burdwan Medical College, West Bengal,Burdwan Medical College, West Bengal, West Bengal, 713104",M.S. (GENERAL SURGERY),ST,ST,Allotted
1056,64176,All India,"PGIMER, DR. RML Hospital,PGIMER, DR. RML Hospital, Delhi (NCT), 110001",M.D. (MICROBIOLOGY),Open,GN,Allotted
1057,64199,DNB Quota,"General Hospital, ,General Hospital Mehsana, Opp S T Bus Station, Raj Mahel Road, Gujarat, 384001",(NBEMS) PATHOLOGY,OBC,OBC,Allotted
1058,64222,DNB Quota,"Government Medical College and Associated Group of Hospitals, Government Medical College, Dungarpur and Associated Group of Hospitals Shri Haridev Joshi Hospital,,Government Medical College and Associated Group of Hospitals, Government Medical College, Dungarpur, Rajasthan, 314001",(NBEMS-DIPLOMA) ANAESTHESIOLOGY,OBC,OBC,Allotted
1059,64250,DNB Quota,"Government Head Quarters Hospital, ,Nellikuppam Main Road, Cuddalore, Tamil Nadu, 607001",(NBEMS-DIPLOMA) FAMILY MEDICINE,Open,OBC,Allotted
1060,64289,All India,"Moti Lal Nehru Medical College,Moti Lal Nehru Medical College, Uttar Pradesh, 211001",M.S. (E.N.T.),ST,ST,Allotted
1061,64302,All India,"Calcutta School Of Tropical Medicine,Calcutta School Of Tropical Medicine, West Bengal, 700073",M.D. (MICROBIOLOGY),Open,GN,Allotted
1062,64468,All India,"Siddhartha Medical College, Vijayawada,Siddhartha Medical College, Vijayawada, Andhra Pradesh, 520008",M.D. (Tuberculosis and Respiratory diseases)/Pulmonary Medicine /M.D. (Respiratory Medicine),ST,ST,Allotted
1063,64523,DNB Quota,"Nizam`s Institute of Medical Sciences, ,NIZAMS INSTITUTE OF MEDICAL SCIENCES PANJAGUTTA HYDERABAD, Telangana, 500082",(NBEMS) IMMUNO-HAEMATOLOGY AND BLOOD TRANSFUSION,SC,SC,Allotted
1064,64604,DNB Quota,"Uttarpara State General Hospital,,RPM ROAD,UTTARPARA,HOOGHLY-712258, West Bengal, 712258",(NBEMS-DIPLOMA) Otorhinolaryngology (E.N.T.),Open,OBC,Allotted
1065,64685,All India,"Osmania Medical Collge,Osmania Medical Collge, Telangana, 500095",M.D. (PREVENTIVE and SOCIAL MEDICINE)/ COMMUNITY MEDICINE,OBC,OBC,Allotted
1066,64825,All India,"Fakhruddin Ali Ahmed Medical College,Fakhruddin Ali Ahmed Medical College, Assam, 781301",M.D. (PATHOLOGY),SC,SC,Allotted
1067,64829,DNB Quota,"Associated Hospital Government Medical College, ,Kanth Bagh Baramulla, Jammu And Kashmir, 193103",(NBEMS-DIPLOMA) Otorhinolaryngology (E.N.T.),Open,GN,Allotted
1068,64902,All India,"GOVT MEDICAL COLLEGE,THRISSUR,GOVT MEDICAL COLLEGE,THRISSUR, Kerala, 680596",M.D. (FORENSIC MEDICINE),Open,GN,Allotted
1069,65040,DNB Quota,"Civil Hospital Palwal, Palwal , Haryana,Civil Hospital Palwal, Haryana, 121102",(NBEMS-DIPLOMA) OPHTHALMOLOGY,Open,SC,Allotted
1070,65256,All India,"ESIC Medical College, Hyderbad,Sanathnagar, Hyderabad, Telangana, 500038",M.D. (PREVENTIVE and SOCIAL MEDICINE)/ COMMUNITY MEDICINE,OBC,OBC,Allotted
1071,65299,DNB Quota,"Government General Hospital, ,GOVERNMENT GENERAL HOSPITAL, ALANPUR LINK ROAD SAWAI MADHOPUR 322001, Rajasthan, 322001",(NBEMS-DIPLOMA) ANAESTHESIOLOGY,Open,OBC,Allotted
1072,65489,All India,"SWAMI RAMANAND TEERTH RURAL GOVERNMENT MEDICAL COLLEGE AMBAJOGAI,SWAMI RAMANAND TEERTH RURAL GOVERNMENT MEDICAL COLLEGE AMBAJOGAI, Maharashtra, 431517",M.D. (PATHOLOGY),SC,SC,Allotted
1073,65548,All India,"North Bengal Medical College,North Bengal Medical College, West Bengal, 734012",M.D. (PATHOLOGY),OBC,OBC,Allotted
1074,65585,DNB Quota,"District Hospital, ,District Hospital Next to Sainik School second gate Athani Road, Vijayapura Karnataka 586103, Karnataka, 586103",(NBEMS-DIPLOMA) ANAESTHESIOLOGY,SC,SC,Allotted
1075,65602,DNB Quota,"Government Head Quarters Hospital, ,Nellikuppam Main Road, Cuddalore, Tamil Nadu, 607001",(NBEMS-DIPLOMA) FAMILY MEDICINE,Open,OBC,Allotted
1076,65819,All India,"G B Pant Institute of Post Graduate Medical Education and Research,G B Pant Institute of Post Graduate Medical Education and Research, Delhi (NCT), 110007",M.D. (MICROBIOLOGY),Open,GN,Allotted
1077,65857,DNB Quota,"Venugram Hospital, Belagavi, Karnataka,CTS 785, 2nd Cross, Hindu Nagar, Near 3rd Railway Gate, Belagavi, Karnataka, 590006",(NBEMS-DIPLOMA) FAMILY MEDICINE,Open,OBC,Allotted
1078,65979,All India,"Silchar Medical College, Silchar,Silchar Medical College, Silchar, Assam, 788014",M.D. (PATHOLOGY),SC,SC,Allotted
1079,66011,All India,"CHHATTISGARH INSTITUTE OF MEDICAL SCIENCES,CHHATTISGARH INSTITUTE OF MEDICAL SCIENCES, Chhattisgarh, 495001",M.D. (PREVENTIVE and SOCIAL MEDICINE)/ COMMUNITY MEDICINE,Open,OBC,Allotted
1080,66019,DNB Quota,"District Hospital , Jammu and Kashmir ,Court road pulwama, Jammu And Kashmir, 192301",(NBEMS-DIPLOMA) ANAESTHESIOLOGY,OBC,OBC,Allotted
1081,66023,DNB Quota,"Government Medical College and Associated Group of Hospitals, Government Medical College, Dungarpur and Associated Group of Hospitals Shri Haridev Joshi Hospital,,Government Medical College and Associated Group of Hospitals, Government Medical College, Dungarpur, Rajasthan, 314001",(NBEMS-DIPLOMA) OPHTHALMOLOGY,Open,OBC,Allotted
1082,66054,All India,"Jorhat Medical College & Hospital,Jorhat Medical College & Hospital, Assam, 785001",M.D. (PATHOLOGY),SC,SC,Allotted
1083,66290,All India,"EMPLOYEES STATE INSURANCE CORPORATION MEDICAL COLLEGE AND PGIMSR,EMPLOYEES STATE INSURANCE CORPORATION MEDICAL COLLEGE AND PGIMSR, Karnataka, 560010",M.D. (PREVENTIVE and SOCIAL MEDICINE)/ COMMUNITY MEDICINE,OBC,OBC,Allotted
1084,66420,DNB Quota,"Rajiv Gandhi Government General Hospital, Principal Medical Officer General hospital, ,Rajiv Gandhi Government General Hospital, near bijli ghar circle, alwar, Rajasthan, 301001",(NBEMS-DIPLOMA) Otorhinolaryngology (E.N.T.),Open,GN,Allotted
1085,66683,All India,"GAJRA RAJA MEDICAL COLLEGE GWALIOR,GAJRA RAJA MEDICAL COLLEGE GWALIOR, Madhya Pradesh, 474009",M.D. (PREVENTIVE and SOCIAL MEDICINE)/ COMMUNITY MEDICINE,Open,GN,Allotted
1086,66741,All India,"Rajendra Institute of Medical Sciences, Ranchi,Rajendra Institute of Medical Sciences, Ranchi, Jharkhand, 834009",M.D. (PREVENTIVE and SOCIAL MEDICINE)/ COMMUNITY MEDICINE,Open,GN,Allotted
1087,66750,DNB Quota,"Ruban Memorial Hospital, Bihar,19 Patliputra Colony Near Patliputra Golambar Patna, Bihar, 800013",(NBEMS-DIPLOMA) FAMILY MEDICINE,Open,OBC,Allotted
1088,66766,DNB Quota,"District Civil Hospital, ,Maharaja Agrasen District Civil Hospital Hisar, Haryana, 125001",(NBEMS-DIPLOMA) FAMILY MEDICINE,Open,OBC,Allotted
1089,66853,DNB Quota,"Associated Hospital Government Medical College, ,Kanth Bagh Baramulla, Jammu And Kashmir, 193103",(NBEMS-DIPLOMA) ANAESTHESIOLOGY,SC,SC,Allotted
1090,66868,All India,"Rajiv Gandhi Institute of Medical Sciences Srikakulam,Rajiv Gandhi Institute of Medical Sciences Srikakulam, Andhra Pradesh, 532001",M.D. (PREVENTIVE and SOCIAL MEDICINE)/ COMMUNITY MEDICINE,SC,SC,Allotted
1091,67001,DNB Quota,"M.R.A. Medical College, ,Saddarpur Akabarpur Tanda Road Post Surapur District Ambedkarnagar, Uttar Pradesh, 224227",(NBEMS-DIPLOMA) FAMILY MEDICINE,Open,GN,Allotted
1092,67002,All India,"Tirunelveli Medical College,TIRUNELVELI MEDICAL COLLEGE, HIGHGROUND, TIRUNELVELI-11, Tamil Nadu, 627011",M.D. (PHARMACOLOGY),SC,SC,Allotted
1093,67085,DNB Quota,"Government Head Quarters Hospital, ,Nellikuppam Main Road, Cuddalore, Tamil Nadu, 607001",(NBEMS-DIPLOMA) FAMILY MEDICINE,SC,SC,Allotted
1094,67095,All India,"Vardhman Mahavir Medical College, , New Delhi,Vardhman Mahavir Medical College, , New Delhi, Delhi (NCT), 110029",M.D. (BIOCHEMISTRY),Open,GN,Allotted
1095,67137,All India,"ESIC Medical College, Hyderbad,Sanathnagar, Hyderabad, Telangana, 500038",M.D. (MICROBIOLOGY),Open,GN,Allotted
1096,67157,All India,"GOA MEDICAL COLLEGE,Bambolim, Goa, Goa, 403202",M.D. (PHARMACOLOGY),Open,GN,Allotted
1097,67191,All India,"INSTITUTE OF MEDICAL SCIENCES, BANARAS HINDU UNIVERSITY,INSTITUTE OF MEDICAL SCIENCES, BANARAS HINDU UNIVERSITY, Uttar Pradesh, 221005",M.D. (BIOCHEMISTRY),Open,GN,Allotted
1098,67237,DNB Quota,"Rajiv Gandhi Government General Hospital, Principal Medical Officer General hospital, ,Rajiv Gandhi Government General Hospital, near bijli ghar circle, alwar, Rajasthan, 301001",(NBEMS-DIPLOMA) Otorhinolaryngology (E.N.T.),Open,GN,Allotted
1099,67256,All India,"INSTITUTE OF MEDICAL SCIENCES, BANARAS HINDU UNIVERSITY,INSTITUTE OF MEDICAL SCIENCES, BANARAS HINDU UNIVERSITY, Uttar Pradesh, 221005",M.D. (FORENSIC MEDICINE),Open,SC,Allotted
1100,67260,All India,"Lady Hardinge Medical College,Lady Hardinge Medical College, Delhi (NCT), 110001",M.D. (MICROBIOLOGY),OBC,OBC,Allotted
1101,67301,All India,"Agartala Government Medical College,Agartala Government Medical College, Tripura, 799006",M.D. (PREVENTIVE and SOCIAL MEDICINE)/ COMMUNITY MEDICINE,OBC,OBC,Allotted
1102,67304,All India,"Osmania Medical Collge,Osmania Medical Collge, Telangana, 500095",M.D. (Radiotherapy/ Radiation Oncology),ST,ST,Allotted
1103,67327,All India,"University College of Medical Sciences,University College of Medical Sciences, Delhi (NCT), 110095",M.D. (MICROBIOLOGY),Open,GN,Allotted
1104,67381,All India,"Srirama Chandra Bhanja Medical College, CUTTACK,Srirama Chandra Bhanja Medical College, CUTTACK, Odisha, 753007",M.D. (FORENSIC MEDICINE),Open,SC,Allotted
1105,67401,All India,"College of Medicine and JNM Hospital, WBUHS,Block A, Post Office Kalyani, Near Silpanchal Station, Block A2, District Nadia, West Bengal, West Bengal, 741235",M.D. (Obst. and Gynae)/MS (Obstetrics and Gynaecology),ST,ST,Allotted
1106,67429,All India,"Government Medical College, Mahabubnagar,Government Medical College, Yedira, Mahabubnagar, Telangana state, Telangana, 509002",M.D. (PREVENTIVE and SOCIAL MEDICINE)/ COMMUNITY MEDICINE,Open,SC,Allotted
1107,67441,All India,"ANUGRAH NARAYAN MAGADH MEDICAL COLLEGE,ANUGRAH NARAYAN MAGADH MEDICAL COLLEGE, Bihar, 823001",M.S. (GENERAL SURGERY),ST,ST,Allotted
1108,67456,All India,"Gauhati Medical College, Guwahati,Gauhati Medical College, Guwahati, Assam, 781032",M.D. (PATHOLOGY),SC,SC,Allotted
1109,67510,All India,"The National Institute of Health and Family Welfare,The National Institute of Health and Family Welfare, Delhi (NCT), 110067",DIPLOMA IN HEALTH ADMINISTRATION,Open,OBC,Allotted
1110,67519,DNB Quota,"Rampurhat Govt. Medical College and Hospital, ,RAMPURHAT GOVERNMENT MEDICAL COLLEGE AND HOSPITAL, P.O. RAMPURHAT, P.S. RAMPURHAT, DIST. BIRBHUM, WB, West Bengal, 731224",(NBEMS-DIPLOMA) ANAESTHESIOLOGY,OBC,OBC,Allotted
1111,67574,DNB Quota,"FAKIR MOHAN MEDICAL COLLEGE AND HOSPITAL , Orissa,AT-Remuna Post-Remuna Dist-Balasore, Odisha, 756019",(NBEMS-DIPLOMA) Otorhinolaryngology (E.N.T.),Open,GN,Allotted
1112,67621,All India,"GOVERNMENT THOOTHUKUDI MEDICAL COLLEGE, THOOTHUKUDI,GOVERNMENT THOOTHUKUDI MEDICAL COLLEGE, 3rd Mile,Kamaraj Nagar,Thoothukudi., Tamil Nadu, 628008",M.D. (FORENSIC MEDICINE),Open,OBC,Allotted
1113,67735,DNB Quota,"St. Stephen`s Hospital, ,Tis Hazari, Delhi (NCT), 110054",(NBEMS) COMMUNITY MEDICINE,Open,GN,Allotted
1114,67898,DNB Quota,"Government Head Quarters Hospital,,NO.5 RAILWAY ROAD, KANCHIPURAM., Tamil Nadu, 631501",(NBEMS-DIPLOMA) FAMILY MEDICINE,Open,GN,Allotted
1115,67980,All India,"MADRAS MEDICAL COLLEGE,EVR PERIYAR SALAI, CHENNAI-03, Tamil Nadu, 600003",M.D. (PHYSIOLOGY),Open,SC,Allotted
1116,68425,DNB Quota,"Nabadwip State General Hospital, West Bengal,nabadwipsghgmail.com, West Bengal, 741302",(NBEMS-DIPLOMA) OPHTHALMOLOGY,Open,SC,Allotted
1117,68587,All India,"PATNA MEDICAL COLLEGE, PATNA,PATNA MEDICAL COLLEGE, PATNA, Bihar, 800004",M.S. (OPHTHALMOLOGY),ST,ST,Allotted
1118,68621,DNB Quota,"Government General Hospital, ,GOVERNMENT GENERAL HOSPITAL, ALANPUR LINK ROAD SAWAI MADHOPUR 322001, Rajasthan, 322001",(NBEMS-DIPLOMA) ANAESTHESIOLOGY,OBC,OBC,Allotted
1119,68678,All India,"Sawai Man Singh Medical College, JAIPUR,Sawai Man Singh Medical College, JAIPUR, Rajasthan, 302004",M.D. (FORENSIC MEDICINE),Open,GN,Allotted
1120,68737,DNB Quota,"Government Medical College, ,COLLECTORATE BEHIND, RAMANATHAPURAM., Tamil Nadu, 623503",(NBEMS-DIPLOMA) FAMILY MEDICINE,Open,OBC,Allotted
1121,68795,DNB Quota,"K B Bhabha Municipal General Hospital, ,R K PATKAR ROAD ,BANDRA WEST ,MUMBAI, Maharashtra, 400050",(NBEMS) PATHOLOGY,EWS,EWS,Allotted
1122,68879,DNB Quota,"Government Medical College and Associated Hospital,,JANGLAT MANDI ANANTNAG, JAMMU AND KASHMIR 192101, Jammu And Kashmir, 192101",(NBEMS-DIPLOMA) Otorhinolaryngology (E.N.T.),Open,GN,Allotted
1123,68926,DNB Quota,"Govt Amrit Kaur Hospital, ,PRINCIPAL MEDICAL OFFICER GOVT. AMRIT KAUR HOSPITAL BEAWAR, Rajasthan, 305901",(NBEMS-DIPLOMA) ANAESTHESIOLOGY,OBC,OBC,Allotted
1124,69118,All India,"BELAGAVI INSTITUTE OF MEDICAL SCIENCES, BELAGAVI,BELAGAVI INSTITUTE OF MEDICAL SCIENCES, BELAGAVI, Karnataka, 590001",M.D. (PREVENTIVE and SOCIAL MEDICINE)/ COMMUNITY MEDICINE,Open,OBC,Allotted
1125,69191,DNB Quota,"District Hospital, Sagar, Madhya Pradesh,shivaji ward tilli road sagar, Madhya Pradesh, 470002",(NBEMS-DIPLOMA) OPHTHALMOLOGY,OBC,OBC,Allotted
1126,69234,DNB Quota,"Govt. Medical College and Hospital,,,Government Medical College Hospital Chandigarh, Chandigarh, 160030",(NBEMS) Hospital Administration,OBC,OBC,Allotted
1127,69245,All India,"Tirunelveli Medical College,TIRUNELVELI MEDICAL COLLEGE, HIGHGROUND, TIRUNELVELI-11, Tamil Nadu, 627011",M.D. (MICROBIOLOGY),Open,OBC,Allotted
1128,69381,DNB Quota,"Government General Hospital, ,GOVERNMENT GENERAL HOSPITAL, ALANPUR LINK ROAD SAWAI MADHOPUR 322001, Rajasthan, 322001",(NBEMS-DIPLOMA) Otorhinolaryngology (E.N.T.),Open,GN,Allotted
1129,69410,DNB Quota,"Post Graduate Institute of Child Health (PGICH), SEC-30, Noida,Post Graduate Instituite of Child Health sec-30 Noida, Gautam Buddh Nagar, Uttar Pradesh, 201303",(NBEMS) IMMUNO-HAEMATOLOGY AND BLOOD TRANSFUSION,SC,SC,Allotted
1130,69446,All India,"Agartala Government Medical College,Agartala Government Medical College, Tripura, 799006",MD/MS (Anatomy),Open,GN,Allotted
1131,69602,All India,"Pandit Bhagwat Dayal Sharma Post Graduate Institute of Medical Sciences, Rohtak,Pandit Bhagwat Dayal Sharma Post Graduate Institute of Medical Sciences, Rohtak, Haryana, 124001",M.D. (FORENSIC MEDICINE),Open,OBC,Allotted
1132,69670,All India,"JAWAHARLAL NEHRU MEDICAL COLLEGE, ALIGARH MUSLIM UNIVERSITY STATE UTTAR,JAWAHARLAL NEHRU MEDICAL COLLEGE, ALIGARH MUSLIM UNIVERSITY STATE UTTAR, Uttar Pradesh, 202002",M.D. (FORENSIC MEDICINE),Open,GN,Allotted
1133,69787,All India,"Kakatiya Medical College,Kakatiya Medical College, Telangana, 506007",M.S. (OPHTHALMOLOGY),ST,ST,Allotted
1134,70243,DNB Quota,"SDH KUPWARA, Jammu and Kashmir,IQBAL MARKET KUPWARA, Jammu And Kashmir, 193222",(NBEMS-DIPLOMA) ANAESTHESIOLOGY,Open,GN,Allotted
1135,70282,All India,"INSTITUTE OF MEDICAL SCIENCES, BANARAS HINDU UNIVERSITY,INSTITUTE OF MEDICAL SCIENCES, BANARAS HINDU UNIVERSITY, Uttar Pradesh, 221005",M.D. (BIOCHEMISTRY),Open,GN,Allotted
1136,70317,All India,"Govt. Medical College, Jammu,Govt. Medical College, Bakshi Nagar, Jamu, Jammu And Kashmir, 180001",M.D. IN TRANSFUSION MEDICINE/ IMMUNO- HAEMATOLOGY and BLOOD TRANSFUSION,SC,SC,Allotted
1137,70487,DNB Quota,"Bhima Bhoi Medical College and Hospital, Balangir,At-Laltikra Po-Rajendra College, Balangir, Odisha, 767002",(NBEMS-DIPLOMA) OPHTHALMOLOGY,OBC,OBC,Allotted
1138,70588,All India,"B. J. MEDICAL COLLEGE, Ahmedabad,B.J. Medical College, New Civil Hospital Asarwa,Ahmedabad-380016,Gujarat,India, Gujarat, 380016",M.D. (ANAESTHESIOLOGY),ST,ST,Allotted
1139,70949,DNB Quota,"Government Allopathic Medical College, Uttar Pradesh,RANI DURGAVATI MEDICAL COLLEGE NARAINI ROAD BANDA, Uttar Pradesh, 210001",(NBEMS-DIPLOMA) FAMILY MEDICINE,OBC,OBC,Allotted
1140,71015,All India,"Seth Gordhandas Sunderdas Medical College, MUMBAI,Seth Gordhandas Sunderdas Medical College, Acharya Donde Marg Parel MUMBAI, Maharashtra, 400012",M.D. (FORENSIC MEDICINE),Open,GN,Allotted
1141,71180,All India,"Govt. Medical College, Jammu,Govt. Medical College, Bakshi Nagar, Jamu, Jammu And Kashmir, 180001",M.S. (E.N.T.),ST,ST,Allotted
1142,71267,DNB Quota,"General Hospital,,General Hospital Arakalagud Road, Holenarasipura Taluk, Hassan District, Karnataka, 573211",(NBEMS-DIPLOMA) ANAESTHESIOLOGY,SC,SC,Allotted
1143,71294,DNB Quota,"Government Medical College & Attached Hospital Bharatpur,GOVERNMENT MEDICAL COLLEGE BHARATPUR VILLAGE RAMPURA NH 21, Rajasthan, 321001",(NBEMS-DIPLOMA) OPHTHALMOLOGY,Open,GN,Allotted
1144,71365,All India,"Rajarshee Chhatrapati Shahu Maharaj Government Medical College, Kolhapur,R.K. Nagar Road, Shenda Park, Kolhapur, Maharashtra, Maharashtra, 416012",M.S. (OPHTHALMOLOGY),ST,ST,Allotted
1145,71604,All India,"Osmania Medical Collge,Osmania Medical Collge, Telangana, 500095",DIPLOMA IN PUBLIC HEALTH,Open,SC,Allotted
1146,71746,All India,"Sri Bhausaheb Hire Government Medical College,Sri Bhausaheb Hire Government Medical College, Maharashtra, 424311",M.D. (PATHOLOGY),EWS,EWS,Allotted
1147,71933,DNB Quota,"District Hospital, ,DISTRICT HOSPITAL KULGAM NEAR FRUIT MANDI, Jammu And Kashmir, 192231",(NBEMS-DIPLOMA) ANAESTHESIOLOGY,OBC,OBC,Allotted
1148,71952,All India,"RAICHUR INSTITUTE OF MEDICAL SCIENCES,RAICHUR INSTITUTE OF MEDICAL SCIENCES, Karnataka, 584102",M.D. (PREVENTIVE and SOCIAL MEDICINE)/ COMMUNITY MEDICINE,Open,OBC,Allotted
1149,71993,DNB Quota,"IGM Hospital , ,IGM Chowmuhani, Agartala, Tripura West, Tripura, 799001",(NBEMS-DIPLOMA) OPHTHALMOLOGY,Open,GN,Allotted
1150,72020,All India,"Karnataka Institute of Medical Sciences, Hubballi,Karnataka Institute of Medical Sciences, Hubballi, Karnataka, 580021",M.D. (PREVENTIVE and SOCIAL MEDICINE)/ COMMUNITY MEDICINE,SC,SC,Allotted
1151,72161,All India,"Sawai Man Singh Medical College, JAIPUR,Sawai Man Singh Medical College, JAIPUR, Rajasthan, 302004",M.D. (FORENSIC MEDICINE),Open,OBC,Allotted
1152,72396,All India,"B. J. MEDICAL COLLEGE, Ahmedabad,B.J. Medical College, New Civil Hospital Asarwa,Ahmedabad-380016,Gujarat,India, Gujarat, 380016",M.D. (PHARMACOLOGY),OBC,OBC,Allotted
1153,72480,All India,"Sher-i-Kashmir Institute of Medical Sciences, Srinagar,J&K ,SKIMS, SOURA, SRINAGAR-190011, Jammu And Kashmir, 190011",M.D. (PATHOLOGY),SC,SC,Allotted
1154,72489,All India,"DR. SHANKARRAO CHAVAN GOVERNMENT MEDICAL COLLEGE, NANDED,DR. SHANKARRAO CHAVAN GOVERNMENT MEDICAL COLLEGE, VISHNUPURI, NANDED, Maharashtra, 431606",M.S. (E.N.T.),ST,ST,Allotted
1155,72737,DNB Quota,"Government Medical College & Attached Hospital Bharatpur,GOVERNMENT MEDICAL COLLEGE BHARATPUR VILLAGE RAMPURA NH 21, Rajasthan, 321001",(NBEMS-DIPLOMA) Otorhinolaryngology (E.N.T.),OBC,OBC,Allotted
1156,73304,DNB Quota,"Choudhury Eye Hospital And Research Centre, Assam,Shyamaprasad Road, Silchar-1, Assam, 788001",(NBEMS-DIPLOMA) OPHTHALMOLOGY,Open,GN,Allotted
1157,73348,All India,"NETAJI SUBHASH CHANDRA BOSE MEDICAL COLLEGE, JABALPUR ,NETAJI SUBHASH CHANDRA BOSE MEDICAL COLLEGE, NAGPUR ROAD JABALPUR, Madhya Pradesh, 482003",M.D. (PREVENTIVE and SOCIAL MEDICINE)/ COMMUNITY MEDICINE,Open,GN,Allotted
1158,73353,DNB Quota,"Govt. DB General District Hospital, ,Govt. D.B. General District Hospital, Naya Bass, Churu, Rajasthan, 331001",(NBEMS-DIPLOMA) OPHTHALMOLOGY,OBC,OBC,Allotted
1159,73359,All India,"Government Medical College Kota,Government Medical College Kota, Rajasthan, 324005",M.D. (PATHOLOGY),EWS,EWS,Allotted
1160,73460,DNB Quota,"M.R.A. Medical College, ,Saddarpur Akabarpur Tanda Road Post Surapur District Ambedkarnagar, Uttar Pradesh, 224227",(NBEMS-DIPLOMA) FAMILY MEDICINE,OBC,OBC,Allotted
1161,73540,DNB Quota,"BOLPUR SUB DIVISION HOSPITAL , ,bolpursdhospital@yahoo.com, West Bengal, 731204",(NBEMS-DIPLOMA) OPHTHALMOLOGY,EWS,EWS,Allotted
1162,73583,All India,"B.J.Government Medical College, Pune,B.J.Government Medical College, Pune, Maharashtra, 411001",M.D. (MICROBIOLOGY),Open,GN,Allotted
1163,73953,All India,"All India Institute of Hygiene and Public Health,110, C. R Avenue, Kolkata, West Bengal, 700073",M.P.H. (EPIDEMIOLOGY),SC,SC,Allotted
1164,73989,All India,"Vardhman Mahavir Medical College, , New Delhi,Vardhman Mahavir Medical College, , New Delhi, Delhi (NCT), 110029",M.D. (BIOCHEMISTRY),Open,GN,Allotted
1165,73997,All India,"JAWAHARLAL NEHRU MEDICAL COLLEGE, ALIGARH MUSLIM UNIVERSITY STATE UTTAR,JAWAHARLAL NEHRU MEDICAL COLLEGE, ALIGARH MUSLIM UNIVERSITY STATE UTTAR, Uttar Pradesh, 202002",M.D. (MICROBIOLOGY),Open,SC,Allotted
1166,74089,DNB Quota,"Ispat General Hospital,,Ispat General Hospital Rourkela Steel Plant SAIL Rourkela 769005, Odisha, 769005",(NBEMS) PAEDIATRICS,ST,ST,Allotted
1167,74103,DNB Quota,"Popular Medicare,POPULAR MEDICARE LTD N 10 60 A 2 BLW ROAD KAKARAMATTA VARANASI, Uttar Pradesh, 221106",(NBEMS-DIPLOMA) FAMILY MEDICINE,Open,OBC,Allotted
1168,74206,DNB Quota,"Pandit Raghunath Murmu Medical College and Hospital , Orissa,AT-RANGAMATIA, PO-SHAMAKHUNTA, PS-BARIPADA SADAR, BARIPADA, MAYURBHANJ, Odisha, 757107",(NBEMS-DIPLOMA) Otorhinolaryngology (E.N.T.),Open,OBC,Allotted
1169,74302,All India,"Sawai Man Singh Medical College, JAIPUR,Sawai Man Singh Medical College, JAIPUR, Rajasthan, 302004",M.D. (PHYSICAL MED. and REHABILITATION),ST,ST,Allotted
1170,74448,DNB Quota,"BOLPUR SUB DIVISION HOSPITAL , ,bolpursdhospital@yahoo.com, West Bengal, 731204",(NBEMS-DIPLOMA) ANAESTHESIOLOGY,SC,SC,Allotted
1171,74473,All India,"JAWAHARLAL NEHRU MEDICAL COLLEGE, ALIGARH MUSLIM UNIVERSITY STATE UTTAR,JAWAHARLAL NEHRU MEDICAL COLLEGE, ALIGARH MUSLIM UNIVERSITY STATE UTTAR, Uttar Pradesh, 202002",M.D. (FORENSIC MEDICINE),Open,SC,Allotted
1172,74498,DNB Quota,"Government Medical College and Bangur Hospital, Nh62 Sumerpur Road Village Ramasiya Pali Rajasthan , Rajasthan-306401,Government Medical College and Bangur Hospital Nh62 Sumerpur Road Village Ramasiya Pali Rajasthan Ra, Rajasthan, 306401",(NBEMS-DIPLOMA) Otorhinolaryngology (E.N.T.),Open,GN,Allotted
1173,74658,DNB Quota,"District Hospital, Jammu and Kashmir ,DUDERHAMA GANDERBAL, Jammu And Kashmir, 191201",(NBEMS-DIPLOMA) FAMILY MEDICINE,Open,GN,Allotted
1174,74795,All India,"Guru Gobind Singh Medical College,Guru Gobind Singh Medical College, Punjab, 151203",M.D. IN TRANSFUSION MEDICINE/ IMMUNO- HAEMATOLOGY and BLOOD TRANSFUSION,EWS,EWS,Allotted
1175,74916,DNB Quota,"Associated Hospital Government Medical College, ,Government Medical College Chack Sajjan Kathua, Jammu And Kashmir, 184101",(NBEMS) PAEDIATRICS,ST,ST,Allotted
1176,75185,All India,"GOVERNMENT THOOTHUKUDI MEDICAL COLLEGE, THOOTHUKUDI,GOVERNMENT THOOTHUKUDI MEDICAL COLLEGE, 3rd Mile,Kamaraj Nagar,Thoothukudi., Tamil Nadu, 628008",M.D. (Emergency and Critical Care)/M.D. (Emergency Medicine),ST,ST,Allotted
1177,75208,All India,"GOVT MEDICAL COLLEGE, ANANTAPURAMU,GOVT MEDICAL COLLEGE, ANANTAPURAMU, Andhra Pradesh, 515001",M.S. (E.N.T.),ST,ST,Allotted
1178,75209,All India,"RAJIV GANDHI INSTITUTE OF MEDICAL SCIENCES,RAJIV GANDHI INSTITUTE OF MEDICAL SCIENCES ADILABAD -504001 TELANGANA STATE, Telangana, 504001",M.S. (E.N.T.),ST,ST,Allotted
1179,75319,DNB Quota,"Government Medical College and Bangur Hospital, Nh62 Sumerpur Road Village Ramasiya Pali Rajasthan , Rajasthan-306401,Government Medical College and Bangur Hospital Nh62 Sumerpur Road Village Ramasiya Pali Rajasthan Ra, Rajasthan, 306401",(NBEMS-DIPLOMA) Otorhinolaryngology (E.N.T.),Open,GN,Allotted
1180,75408,All India,"Baba Raghav Das Medical College,Baba Raghav Das Medical College, Uttar Pradesh, 273013",M.D. (PREVENTIVE and SOCIAL MEDICINE)/ COMMUNITY MEDICINE,OBC,OBC,Allotted
1181,75439,All India,"JAWAHAR LAL NEHRU MEDICAL COLLEGE, AJMER,NEAR PATEL STADIUM, AJMER, Rajasthan, 305001",M.D. (ANAESTHESIOLOGY),ST,ST,Allotted
1182,75471,DNB Quota,"Government Hospital,,Government Hospital Gandhi Nagar Jammu, Jammu And Kashmir, 180004",(NBEMS-DIPLOMA) OPHTHALMOLOGY,OBC,OBC,Allotted
1183,75541,All India,"Government Medical College, Surat,Government Medical College, Majuragate, Surat., Gujarat, 395001",DIPLOMA IN CLINICAL PATHOLOGY,SC,SC,Allotted
1184,75721,All India,"Seth Gordhandas Sunderdas Medical College, MUMBAI,Seth Gordhandas Sunderdas Medical College, Acharya Donde Marg Parel MUMBAI, Maharashtra, 400012",MD/MS (Anatomy),Open,SC,Allotted
1185,75975,DNB Quota,"Govt. BDK hospital, govt. ,OPPOSITE ROADWAYS BUS STAND MAAN NAGAR JHUNJHUNU RAJASTHAN, Rajasthan, 333001",(NBEMS-DIPLOMA) Otorhinolaryngology (E.N.T.),Open,GN,Allotted
1186,76070,All India,"Govt. Medical College Akola,Govt. Medical College Akola, Maharashtra, 444001",M.S. (E.N.T.),ST,ST,Allotted
1187,76117,All India,"GOA MEDICAL COLLEGE,Bambolim, Goa, Goa, 403202",M.D. (PSYCHIATRY),ST,ST,Allotted
1188,76152,All India,"Osmania Medical Collge,Osmania Medical Collge, Telangana, 500095",M.D. (PHARMACOLOGY),SC,SC,Allotted
1189,76346,All India,"Rangaraya Medical College,Rangaraya Medical College Beside SP Office , Pithapuram Road, Kakinada, Andhra Pradesh, 533003",M.D. (ANAESTHESIOLOGY),ST,ST,Allotted
1190,76368,DNB Quota,"Mohandai Oswal Hospital, ,Mohandai Oswal Hospital, Sherpur Byepass, G T Road, Ludhiana-141009, Punjab, 141009",(NBEMS-DIPLOMA) FAMILY MEDICINE,Open,GN,Allotted
1191,76417,All India,"ESI-POST GRADUATE INSTITUTE OF MEDICAL SCIENCES AND RESEARCH, BASAIDARAPUR, NEW DELHI,ESI-POST GRADUATE INSTITUTE OF MEDICAL SCIENCES AND RESEARCH, BASAIDARAPUR, NEW DELHI, Delhi (NCT), 110015",M.D. (MICROBIOLOGY),OBC,OBC,Allotted
1192,76488,All India,"VIJANAGARA INSTITUTE OF MEDICAL SCIENCES BALLARI,VIJANAGARA INSTITUTE OF MEDICAL SCIENCES BALLARI, Karnataka, 583104",M.S. (E.N.T.),ST,ST,Allotted
1193,76511,All India,"BHOPAL MEMORIAL HOSPITAL AND RESEARCH CENTRE, BHOPAL,Raisen By pass Road, Bhopal- 462038 (M.P.), Madhya Pradesh, 462038",M.D. (ANAESTHESIOLOGY),ST,ST,Allotted
1194,76547,All India,"JAWAHARLAL NEHRU MEDICAL COLLEGE, ALIGARH MUSLIM UNIVERSITY STATE UTTAR,JAWAHARLAL NEHRU MEDICAL COLLEGE, ALIGARH MUSLIM UNIVERSITY STATE UTTAR, Uttar Pradesh, 202002",M.D. (PSYCHIATRY),ST,ST,Allotted
1195,76570,DNB Quota,"Rajiv Gandhi Government General Hospital, Principal Medical Officer General hospital, ,Rajiv Gandhi Government General Hospital, near bijli ghar circle, alwar, Rajasthan, 301001",(NBEMS-DIPLOMA) Otorhinolaryngology (E.N.T.),Open,GN,Allotted
1196,76579,All India,"Veer Chandra Singh Garhwali Govt. Institute of Medical Science & Research,Veer Chandra Singh Garhwali Govt. Institute of Medical Science and Research, Srinagar Garhwal, Uttarakhand, 246174",M.D. (PREVENTIVE and SOCIAL MEDICINE)/ COMMUNITY MEDICINE,Open,GN,Allotted
1197,76790,DNB Quota,"Government Medical College and Associated Hospital,,JANGLAT MANDI ANANTNAG, JAMMU AND KASHMIR 192101, Jammu And Kashmir, 192101",(NBEMS-DIPLOMA) Otorhinolaryngology (E.N.T.),OBC,OBC,Allotted
1198,76986,All India,"Government medical college patiala.,Government medical college patiala., Punjab, 147001",M.D. (PREVENTIVE and SOCIAL MEDICINE)/ COMMUNITY MEDICINE,Open,GN,Allotted
1199,77091,All India,"Calcutta School Of Tropical Medicine,Calcutta School Of Tropical Medicine, West Bengal, 700073",DIPLOMA IN CLINICAL PATHOLOGY,SC,SC,Allotted
1200,77141,All India,"Calcutta School Of Tropical Medicine,Calcutta School Of Tropical Medicine, West Bengal, 700073",DIPLOMA IN CLINICAL PATHOLOGY,OBC,OBC,Allotted
1201,77146,All India,"University College of Medical Sciences,University College of Medical Sciences, Delhi (NCT), 110095",M.D. (MICROBIOLOGY),Open,OBC,Allotted
1202,77154,All India,"Indira Gandhi Medical College Shimla,Indira Gandhi Medical College Shimla, Himachal Pradesh, 171001",M.D. (PATHOLOGY),EWS,EWS,Allotted
1203,77222,DNB Quota,"District Hospital, ,10 Biplabi Haren Ghosh Sarani Howrah, West Bengal, 711101",(NBEMS-DIPLOMA) Otorhinolaryngology (E.N.T.),OBC,OBC,Allotted
1204,77294,DNB Quota,"Govt. BDK hospital, govt. ,OPPOSITE ROADWAYS BUS STAND MAAN NAGAR JHUNJHUNU RAJASTHAN, Rajasthan, 333001",(NBEMS-DIPLOMA) Otorhinolaryngology (E.N.T.),OBC,OBC,Allotted
1205,77353,All India,"MADURAI MEDICAL COLLEGE,MADURAI MEDICAL COLLEGE, Tamil Nadu, 625020",M.D. (FORENSIC MEDICINE),SC,SC,Allotted
1206,77376,DNB Quota,"District Head Quarters Hospital,,District Hospital, Sangareddy Telangana State, Telangana, 502001",(NBEMS) Obstetrics and Gynaecology,ST,ST,Allotted
1207,77380,DNB Quota,"Sir Ganga Ram Hospital, ,Rajinder Nagar, New Delhi, Delhi (NCT), 110060",(NBEMS) MICROBIOLOGY,Open,GN,Allotted
1208,77433,All India,"The National Institute of Health and Family Welfare,The National Institute of Health and Family Welfare, Delhi (NCT), 110067",DIPLOMA IN HEALTH ADMINISTRATION,Open,OBC,Allotted
1209,77443,All India,"INDIRA GANDHI GOVT.MEDICAL COLLEGE NAGPUR,INDIRA GANDHI GOVT.MEDICAL COLLEGE NAGPUR, Maharashtra, 440018",M.D. (PSYCHIATRY),ST,ST,Allotted
1210,77504,All India,"MADRAS MEDICAL COLLEGE,EVR PERIYAR SALAI, CHENNAI-03, Tamil Nadu, 600003",M.D. GERIATRICS,ST,ST,Allotted
1211,77530,All India,"Pandit Bhagwat Dayal Sharma Post Graduate Institute of Medical Sciences, Rohtak,Pandit Bhagwat Dayal Sharma Post Graduate Institute of Medical Sciences, Rohtak, Haryana, 124001",M.D. (MICROBIOLOGY),Open,OBC,Allotted
1212,77720,DNB Quota,"Habra State General Hospital,Habra SGH, North 24 Pgs, Habra, Pin - 743263, West Bengal, 743263",(NBEMS-DIPLOMA) ANAESTHESIOLOGY,SC,SC,Allotted
1213,77726,DNB Quota,"Government Medical College, ,COLLECTORATE BEHIND, RAMANATHAPURAM., Tamil Nadu, 623503",(NBEMS-DIPLOMA) FAMILY MEDICINE,Open,OBC,Allotted
1214,77815,All India,"B. J. MEDICAL COLLEGE, Ahmedabad,B.J. Medical College, New Civil Hospital Asarwa,Ahmedabad-380016,Gujarat,India, Gujarat, 380016",M.D. (PSYCHIATRY),ST,ST,Allotted
1215,77838,All India,"MADURAI MEDICAL COLLEGE,MADURAI MEDICAL COLLEGE, Tamil Nadu, 625020",M.D. (BIOCHEMISTRY),Open,OBC,Allotted
1216,77887,DNB Quota,"North 24 Parganas District Hospital, ,BANAMALIPUR BARASAT WEST BENGAL, West Bengal, 700124",(NBEMS-DIPLOMA) Otorhinolaryngology (E.N.T.),Open,SC,Allotted
1217,77905,All India,"Dr. Sampurnanand Medical College (SNMC), JODHPUR,Dr. Sampurnanand Medical College (SNMC), JODHPUR, Rajasthan, 342001",M.D. (PHARMACOLOGY),Open,GN,Allotted
1218,77935,DNB Quota,"Bhima Bhoi Medical College and Hospital, Balangir,At-Laltikra Po-Rajendra College, Balangir, Odisha, 767002",(NBEMS-DIPLOMA) FAMILY MEDICINE,Open,GN,Allotted
1219,77958,DNB Quota,"District Hospital, ,District Hospital Next to Sainik School second gate Athani Road, Vijayapura Karnataka 586103, Karnataka, 586103",(NBEMS-DIPLOMA) FAMILY MEDICINE,OBC,OBC,Allotted
1220,78032,All India,"GOVT. MEDICAL COLLEGE, AMRITSAR,GOVT. MEDICAL COLLEGE,CIRCULAR ROAD, AMRITSAR, Punjab, 143001",M.D. (MICROBIOLOGY),Open,GN,Allotted
1221,78041,DNB Quota,"Pandit Raghunath Murmu Medical College and Hospital , Orissa,AT-RANGAMATIA, PO-SHAMAKHUNTA, PS-BARIPADA SADAR, BARIPADA, MAYURBHANJ, Odisha, 757107",(NBEMS-DIPLOMA) OPHTHALMOLOGY,SC,SC,Allotted
1222,78119,All India,"STANLEY MEDICAL COLLEGE,STANLEY MEDICAL COLLEGE NO.1, OLD JAIL ROAD, CHENNAI-600001, Tamil Nadu, 600001",M.D. (BIOCHEMISTRY),Open,OBC,Allotted
1223,78168,All India,"Lala Lajpat Rai Memorial Medical College, MEERUT,Lala Lajpat Rai Memorial Medical College, MEERUT, Uttar Pradesh, 250004",M.D. (PREVENTIVE and SOCIAL MEDICINE)/ COMMUNITY MEDICINE,Open,GN,Allotted
1224,78206,DNB Quota,"Jangipur S. D. Hospital, West Bengal,Lalgola Maharaja Road PO and PS Raghunathganj Murshidabad, West Bengal, 742225",(NBEMS-DIPLOMA) Otorhinolaryngology (E.N.T.),OBC,OBC,Allotted
1225,78226,DNB Quota,"Government General Hospital, ,GOVERNMENT GENERAL HOSPITAL, ALANPUR LINK ROAD SAWAI MADHOPUR 322001, Rajasthan, 322001",(NBEMS-DIPLOMA) FAMILY MEDICINE,Open,SC,Allotted
1226,78321,All India,"STANLEY MEDICAL COLLEGE,STANLEY MEDICAL COLLEGE NO.1, OLD JAIL ROAD, CHENNAI-600001, Tamil Nadu, 600001",MD/MS (Anatomy),Open,OBC,Allotted
1227,78406,DNB Quota,"Habra State General Hospital,Habra SGH, North 24 Pgs, Habra, Pin - 743263, West Bengal, 743263",(NBEMS-DIPLOMA) Otorhinolaryngology (E.N.T.),OBC,OBC,Allotted
1228,78529,All India,"R G KAR MEDICAL COLLEGE, West Bengal,R G KAR MEDICAL COLLEGE,1 KHUDIRAM BOSE SARANI,KOLKATA, West Bengal, West Bengal, 700004",M.D. (PREVENTIVE and SOCIAL MEDICINE)/ COMMUNITY MEDICINE,OBC,OBC,Allotted
1229,78787,DNB Quota,"District Hospital, Dholpur,Old City Road Dholpur, Rajasthan, 328001",(NBEMS-DIPLOMA) OPHTHALMOLOGY,EWS,EWS,Allotted
1230,78877,DNB Quota,"Jangipur S. D. Hospital, West Bengal,Lalgola Maharaja Road PO and PS Raghunathganj Murshidabad, West Bengal, 742225",(NBEMS-DIPLOMA) ANAESTHESIOLOGY,SC,SC,Allotted
1231,79152,All India,"JAWAHARLAL NEHRU MEDICAL COLLEGE, ALIGARH MUSLIM UNIVERSITY STATE UTTAR,JAWAHARLAL NEHRU MEDICAL COLLEGE, ALIGARH MUSLIM UNIVERSITY STATE UTTAR, Uttar Pradesh, 202002",M.D. (MICROBIOLOGY),Open,GN,Allotted
1232,79154,All India,"Karnataka Institute of Medical Sciences, Hubballi,Karnataka Institute of Medical Sciences, Hubballi, Karnataka, 580021",M.D. (MICROBIOLOGY),Open,GN,Allotted
1233,79234,All India,"BPS Govt. Medical College for Women, Khanpur Kalan Sonepat,BPS Govt. Medical College for Women, Khanpur Kalan Sonepat, Haryana, 131305",M.D. (PATHOLOGY),EWS,EWS,Allotted
1234,79265,All India,"Moti Lal Nehru Medical College,Moti Lal Nehru Medical College, Uttar Pradesh, 211001",M.D. (FORENSIC MEDICINE),Open,GN,Allotted
1235,79306,DNB Quota,"District Hospital , ,shahid Rajmal Meena Govt. Dis. Hospital Mandi Road Baran, Rajasthan, 325205",(NBEMS-DIPLOMA) FAMILY MEDICINE,SC,SC,Allotted
1236,79327,DNB Quota,"DISTRICT HOSPITAL , Chhattisgarh,Room No. 122 - Government District Hospital Near Mandi Gate Pandari, Raipur, Chhattisgarh, 492001, , Chhattisgarh, 492001",(NBEMS-DIPLOMA) FAMILY MEDICINE,Open,GN,Allotted
1237,79691,All India,"Government Medical College Kozhikode,Government Medical College Kozhikode, Kerala, 673008",MD/MS (Anatomy),Open,OBC,Allotted
1238,79711,All India,"Rajarshee Chhatrapati Shahu Maharaj Government Medical College, Kolhapur,R.K. Nagar Road, Shenda Park, Kolhapur, Maharashtra, Maharashtra, 416012",M.D. (ANAESTHESIOLOGY),ST,ST,Allotted
1239,79737,DNB Quota,"District Hospital , Jammu and Kashmir ,Court road pulwama, Jammu And Kashmir, 192301",(NBEMS-DIPLOMA) ANAESTHESIOLOGY,SC,SC,Allotted
1240,79803,All India,"Government Medical College Kota,Government Medical College Kota, Rajasthan, 324005",M.D. (PREVENTIVE and SOCIAL MEDICINE)/ COMMUNITY MEDICINE,OBC,OBC,Allotted
1241,79820,All India,"GOVT. MEDICAL COLLEGE, AMRITSAR,GOVT. MEDICAL COLLEGE,CIRCULAR ROAD, AMRITSAR, Punjab, 143001",M.D. (PREVENTIVE and SOCIAL MEDICINE)/ COMMUNITY MEDICINE,Open,OBC,Allotted
1242,79833,DNB Quota,"Bhagyoday Tirth Chikitsalay, Sagar, Madhya Pradesh,khurai road ,Sagar M.P., Madhya Pradesh, 470002",(NBEMS-DIPLOMA) FAMILY MEDICINE,Open,GN,Allotted
1243,79850,DNB Quota,"Govt. BDK hospital, govt. ,OPPOSITE ROADWAYS BUS STAND MAAN NAGAR JHUNJHUNU RAJASTHAN, Rajasthan, 333001",(NBEMS-DIPLOMA) OPHTHALMOLOGY,OBC,OBC,Allotted
1244,79894,All India,"Moti Lal Nehru Medical College,Moti Lal Nehru Medical College, Uttar Pradesh, 211001",M.D. (PREVENTIVE and SOCIAL MEDICINE)/ COMMUNITY MEDICINE,Open,GN,Allotted
1245,80054,DNB Quota,"Sub District Hospital Sopore, Jammu and Kashmir ,Sir Syed Colony Kupwara Road Sopore-193201, District Barmulla ,Jammu and Kashmir, Jammu And Kashmir, 193201",(NBEMS-DIPLOMA) ANAESTHESIOLOGY,SC,SC,Allotted
1246,80060,DNB Quota,"Rural Development Trust Hospital, ,Kadiri Road,Bathalapalli, Anantapur District Andhra Pradesh, Andhra Pradesh, 515661",(NBEMS-DIPLOMA) FAMILY MEDICINE,Open,GN,Allotted
1247,80062,All India,"Government medical college patiala.,Government medical college patiala., Punjab, 147001",M.D. (ANAESTHESIOLOGY),ST,ST,Allotted
1248,80135,DNB Quota,"KHATRA SUB DIVISINAL HOSPITAL SUB DIVISIONAL HOSPITAL , West Bengal,KHATRA S D HOSPITAL BANKURA, West Bengal, 722140",(NBEMS-DIPLOMA) OPHTHALMOLOGY,OBC,OBC,Allotted
1249,80157,All India,"Vallabhbhai Patel Chest Institute, Delhi,Vallabhbhai Patel Chest Institute, Delhi, Delhi (NCT), 110007",M.D. (MICROBIOLOGY),Open,GN,Allotted
1250,80191,All India,"The National Institute of Health and Family Welfare,The National Institute of Health and Family Welfare, Delhi (NCT), 110067",DIPLOMA IN HEALTH ADMINISTRATION,OBC,OBC,Allotted
1251,80260,All India,"Government Medical College Srinagar,Administrative Department Government Medical College Karan Nagar Srinagar, Jammu And Kashmir, 190010",M.D. (PHYSIOLOGY),Open,GN,Allotted
1252,80268,All India,"Sawai Man Singh Medical College, JAIPUR,Sawai Man Singh Medical College, JAIPUR, Rajasthan, 302004",M.D. (PHARMACOLOGY),SC,SC,Allotted
1253,80498,DNB Quota,"Government Medical College and Associated Group of Hospitals, Government Medical College, Dungarpur and Associated Group of Hospitals Shri Haridev Joshi Hospital,,Government Medical College and Associated Group of Hospitals, Government Medical College, Dungarpur, Rajasthan, 314001",(NBEMS-DIPLOMA) FAMILY MEDICINE,Open,GN,Allotted
1254,80610,All India,"Mahatma Gandhi Memorial Medical College, Indore,Mahatma Gandhi Memorial Medical College, Indore, Madhya Pradesh, 452001",M.D. (PREVENTIVE and SOCIAL MEDICINE)/ COMMUNITY MEDICINE,OBC,OBC,Allotted
1255,80789,All India,"M. P. SHAH GOVERNMENT MEDICAL COLLEGE,M. P. SHAH GOVERNMENT MEDICAL COLLEGE, Gujarat, 361008",DIP.IN GYNAE. and OBST.,ST,ST,Allotted
1256,80795,All India,"DR. SHANKARRAO CHAVAN GOVERNMENT MEDICAL COLLEGE, NANDED,DR. SHANKARRAO CHAVAN GOVERNMENT MEDICAL COLLEGE, VISHNUPURI, NANDED, Maharashtra, 431606",M.D. (PREVENTIVE and SOCIAL MEDICINE)/ COMMUNITY MEDICINE,Open,GN,Allotted
1257,80841,All India,"Government Medical College Srinagar,Administrative Department Government Medical College Karan Nagar Srinagar, Jammu And Kashmir, 190010",MD/MS (Anatomy),Open,GN,Allotted
1258,81020,All India,"MANDYA INSTITUTE OF MEDICAL SCIENCES,MANDYA INSTITUTE OF MEDICAL SCIENCES MANDYA, Karnataka, 571401",M.D. (MICROBIOLOGY),Open,OBC,Allotted
1259,81091,DNB Quota,"Bhagyoday Tirth Chikitsalay, Sagar, Madhya Pradesh,khurai road ,Sagar M.P., Madhya Pradesh, 470002",(NBEMS-DIPLOMA) FAMILY MEDICINE,Open,GN,Allotted
1260,81104,DNB Quota,"Kainos Super ,Kainos Super Speciality Hospital, Kheri Sadh Bypass, Delhi Road, Rohtak, Haryana, 124021",(NBEMS-DIPLOMA) FAMILY MEDICINE,Open,GN,Allotted
1261,81189,All India,"Dr.V.M.Govt.Medical College,Solapur, Maharasthtra,In front of district court civil chowk Dr.V.M.Govt.Medical College,Solapur, Maharasthtra, Maharashtra, 413003",M.D. (PREVENTIVE and SOCIAL MEDICINE)/ COMMUNITY MEDICINE,Open,GN,Allotted
1262,81197,All India,"M. P. SHAH GOVERNMENT MEDICAL COLLEGE,M. P. SHAH GOVERNMENT MEDICAL COLLEGE, Gujarat, 361008",M.D. (PSYCHIATRY),ST,ST,Allotted
1263,81272,DNB Quota,"Government Medical College, ,COLLECTORATE BEHIND, RAMANATHAPURAM., Tamil Nadu, 623503",(NBEMS-DIPLOMA) FAMILY MEDICINE,Open,OBC,Allotted
1264,81652,All India,"Burdwan Medical College, West Bengal,Burdwan Medical College, West Bengal, West Bengal, 713104",M.D. (MICROBIOLOGY),Open,SC,Allotted
1265,81665,All India,"INDIRA GANDHI MEDICAL COLLEGE AND RESEARCH INSTITUTE, PUDUCHERRY,INDIRA GANDHI MEDICAL COLLEGE AND RESEARCH INSTITUTE, PUDUCHERRY, Puducherry, 605009",M.D. (FORENSIC MEDICINE),Open,OBC,Allotted
1266,81705,All India,"PGIMER, DR. RML Hospital,PGIMER, DR. RML Hospital, Delhi (NCT), 110001",M.D. (BIOCHEMISTRY),Open,EWS,Allotted
1267,81709,DNB Quota,"Venugram Hospital, Belagavi, Karnataka,CTS 785, 2nd Cross, Hindu Nagar, Near 3rd Railway Gate, Belagavi, Karnataka, 590006",(NBEMS-DIPLOMA) FAMILY MEDICINE,Open,GN,Allotted
1268,81762,DNB Quota,"District Hospital, ,DISTRICT HOSPITAL NEAR SANGAM CIRCLE DR RAJ KUMAR ROAD BALLARI-583101 KARNATAKA, Karnataka, 583101",(NBEMS-DIPLOMA) FAMILY MEDICINE,OBC,OBC,Allotted
1269,81966,DNB Quota,"Pushpanjali Hospital and Research Centre, Uttar Pradesh,Pushpanjali Hospital and Research Centre Pvt Ltd Pushpanjali Palace, Delhi Gate, Agra, Uttar Pradesh, 282002",(NBEMS-DIPLOMA) FAMILY MEDICINE,Open,GN,Allotted
1270,82038,All India,"Government Medical College, Aurangabad,Government Medical College, Aurangabad, Maharashtra, 431001",M.D. (PREVENTIVE and SOCIAL MEDICINE)/ COMMUNITY MEDICINE,Open,GN,Allotted
1271,82123,DNB Quota,"Bhagyoday Tirth Chikitsalay, Sagar, Madhya Pradesh,khurai road ,Sagar M.P., Madhya Pradesh, 470002",(NBEMS-DIPLOMA) FAMILY MEDICINE,Open,GN,Allotted
1272,82139,All India,"Burdwan Medical College, West Bengal,Burdwan Medical College, West Bengal, West Bengal, 713104",M.D. (PATHOLOGY),EWS,EWS,Allotted
1273,82503,All India,"COIMBATORE MEDICAL COLLEGE,COIMBATORE MEDICAL COLLEGE, Tamil Nadu, 641014",M.D. (PSYCHIATRY),ST,ST,Allotted
1274,82689,DNB Quota,"Sri Krishna Medical College and Hospital, ,Uma Nagar Muzaffarpur Bihar 842004, Bihar, 842004",(NBEMS) FORENSIC MEDICINE,Open,GN,Allotted
1275,82732,DNB Quota,"District Hospital, Dholpur,Old City Road Dholpur, Rajasthan, 328001",(NBEMS-DIPLOMA) FAMILY MEDICINE,Open,GN,Allotted
1276,82941,DNB Quota,"Venugram Hospital, Belagavi, Karnataka,CTS 785, 2nd Cross, Hindu Nagar, Near 3rd Railway Gate, Belagavi, Karnataka, 590006",(NBEMS-DIPLOMA) FAMILY MEDICINE,Open,GN,Allotted
1277,82959,All India,"JAWAHARLAL NEHRU MEDICAL COLLEGE, ALIGARH MUSLIM UNIVERSITY STATE UTTAR,JAWAHARLAL NEHRU MEDICAL COLLEGE, ALIGARH MUSLIM UNIVERSITY STATE UTTAR, Uttar Pradesh, 202002",M.D. (PHARMACOLOGY),Open,GN,Allotted
1278,83000,All India,"JAWAHARLAL NEHRU MEDICAL COLLEGE, BHAGALPUR,JAWAHARLAL NEHRU MEDICAL COLLEGE, BHAGALPUR, Bihar, 812001",MD/MS (Anatomy),Open,OBC,Allotted
1279,83048,DNB Quota,"Bhopal Memorial Hospital and Research Centre,Raisen By pass Road, Bhopal., Madhya Pradesh, 462038",(NBEMS) OPHTHALMOLOGY,ST,ST,Allotted
1280,83083,All India,"Government Medical College, Nagpur,Government Medical College, Nagpur, Maharashtra, 440003",M.D. (PREVENTIVE and SOCIAL MEDICINE)/ COMMUNITY MEDICINE,SC,SC,Allotted
1281,83126,All India,"R G KAR MEDICAL COLLEGE, West Bengal,R G KAR MEDICAL COLLEGE,1 KHUDIRAM BOSE SARANI,KOLKATA, West Bengal, West Bengal, 700004",M.D. (ANAESTHESIOLOGY),ST,ST,Allotted
1282,83129,DNB Quota,"Suri Sadar Hospital, ,Laldighipara Suri Birbhum, West Bengal, 731101",(NBEMS-DIPLOMA) Otorhinolaryngology (E.N.T.),OBC,OBC,Allotted
1283,83308,DNB Quota,"Hindu Rao Hospital, ,SUBZI MANDI, MALKA GANJ, DELHI-110007, Delhi (NCT), 110007",(NBEMS) ANAESTHESIOLOGY,ST,ST,Allotted
1284,83342,All India,"PGIMER, DR. RML Hospital,PGIMER, DR. RML Hospital, Delhi (NCT), 110001",M.D. (BIOCHEMISTRY),Open,ST,Allotted
1285,83358,DNB Quota,"Government Medical College and Associated Group of Hospitals, Government Medical College, Dungarpur and Associated Group of Hospitals Shri Haridev Joshi Hospital,,Government Medical College and Associated Group of Hospitals, Government Medical College, Dungarpur, Rajasthan, 314001",(NBEMS-DIPLOMA) FAMILY MEDICINE,Open,GN,Allotted
1286,83391,DNB Quota,"Pushpanjali Hospital and Research Centre, Uttar Pradesh,Pushpanjali Hospital and Research Centre Pvt Ltd Pushpanjali Palace, Delhi Gate, Agra, Uttar Pradesh, 282002",(NBEMS-DIPLOMA) FAMILY MEDICINE,Open,OBC,Allotted
1287,83419,All India,"Dr.V.M.Govt.Medical College,Solapur, Maharasthtra,In front of district court civil chowk Dr.V.M.Govt.Medical College,Solapur, Maharasthtra, Maharashtra, 413003",M.D. (PREVENTIVE and SOCIAL MEDICINE)/ COMMUNITY MEDICINE,Open,GN,Allotted
1288,83693,DNB Quota,"Associated Hospital Government Medical College, ,Government Medical College Chack Sajjan Kathua, Jammu And Kashmir, 184101",(NBEMS) COMMUNITY MEDICINE,Open,GN,Allotted
1289,83705,All India,"Gulbarga Institute Of Medical Sciences, Kalaburagi,VEERESH NAGAR SEDAM ROAD KALABURAGI, Karnataka, 585105",M.D. (PREVENTIVE and SOCIAL MEDICINE)/ COMMUNITY MEDICINE,SC,SC,Allotted
1290,83755,All India,"JAWAHARLAL NEHRU MEDICAL COLLEGE, ALIGARH MUSLIM UNIVERSITY STATE UTTAR,JAWAHARLAL NEHRU MEDICAL COLLEGE, ALIGARH MUSLIM UNIVERSITY STATE UTTAR, Uttar Pradesh, 202002",M.D. (PHARMACOLOGY),Open,GN,Allotted
1291,83860,All India,"Seth Gordhandas Sunderdas Medical College, MUMBAI,Seth Gordhandas Sunderdas Medical College, Acharya Donde Marg Parel MUMBAI, Maharashtra, 400012",MD/MS (Anatomy),Open,GN,Allotted
1292,83984,DNB Quota,"Government Head Quarters Hospital, ,GOVERNMENT MEDICAL COLLEGE HOSPITAL THIRCHI ROAD, DINDIGUL -624 001, TAMIL NADU., Tamil Nadu, 624001",(NBEMS) Emergency Medicine,ST,ST,Allotted
1293,84165,All India,"Andhra Medical College,Andhra Medical College, Andhra Pradesh, 530002",M.D. (FORENSIC MEDICINE),OBC,OBC,Allotted
1294,84470,All India,"GAJRA RAJA MEDICAL COLLEGE GWALIOR,GAJRA RAJA MEDICAL COLLEGE GWALIOR, Madhya Pradesh, 474009",M.D. (PREVENTIVE and SOCIAL MEDICINE)/ COMMUNITY MEDICINE,SC,SC,Allotted
1295,84599,All India,"Bangalore Medical College and Research Institute,Bangalore Medical College and Research Institute, Karnataka, 560002",M.D. (Radiotherapy/ Radiation Oncology),ST,ST,Allotted
1296,84648,All India,"B.J.Government Medical College, Pune,B.J.Government Medical College, Pune, Maharashtra, 411001",M.D. (FORENSIC MEDICINE),Open,GN,Allotted
1297,84658,DNB Quota,"District Hospital, ,District Hospital, Near KEB, PB Road, Haveri, Karnataka, 581110",(NBEMS-DIPLOMA) FAMILY MEDICINE,OBC,OBC,Allotted
1298,84661,All India,"Government Medical College, Nagpur,Government Medical College, Nagpur, Maharashtra, 440003",M.D. (FORENSIC MEDICINE),Open,GN,Allotted
1299,84706,DNB Quota,"Govt. BDK hospital, govt. ,OPPOSITE ROADWAYS BUS STAND MAAN NAGAR JHUNJHUNU RAJASTHAN, Rajasthan, 333001",(NBEMS-DIPLOMA) Otorhinolaryngology (E.N.T.),SC,SC,Allotted
1300,84977,DNB Quota,"Government General Hospital, ,GOVERNMENT GENERAL HOSPITAL, ALANPUR LINK ROAD SAWAI MADHOPUR 322001, Rajasthan, 322001",(NBEMS-DIPLOMA) FAMILY MEDICINE,OBC,OBC,Allotted
1301,85039,DNB Quota,"FAKIR MOHAN MEDICAL COLLEGE AND HOSPITAL , Orissa,AT-Remuna Post-Remuna Dist-Balasore, Odisha, 756019",(NBEMS-DIPLOMA) FAMILY MEDICINE,Open,OBC,Allotted
1302,85167,DNB Quota,"Government Medical College and Associated Group of Hospitals, Government Medical College, Dungarpur and Associated Group of Hospitals Shri Haridev Joshi Hospital,,Government Medical College and Associated Group of Hospitals, Government Medical College, Dungarpur, Rajasthan, 314001",(NBEMS-DIPLOMA) FAMILY MEDICINE,Open,GN,Allotted
1303,85190,All India,"Lady Hardinge Medical College,Lady Hardinge Medical College, Delhi (NCT), 110001",M.D. (FORENSIC MEDICINE),OBC,OBC,Allotted
1304,85254,All India,"B. J. MEDICAL COLLEGE, Ahmedabad,B.J. Medical College, New Civil Hospital Asarwa,Ahmedabad-380016,Gujarat,India, Gujarat, 380016",M.D. (MICROBIOLOGY),Open,GN,Allotted
1305,85308,All India,"Vardhman Mahavir Medical College, , New Delhi,Vardhman Mahavir Medical College, , New Delhi, Delhi (NCT), 110029",M.D. (FORENSIC MEDICINE),OBC,OBC,Allotted
1306,85331,DNB Quota,"Government Medical College & Attached Hospital Bharatpur,GOVERNMENT MEDICAL COLLEGE BHARATPUR VILLAGE RAMPURA NH 21, Rajasthan, 321001",(NBEMS-DIPLOMA) FAMILY MEDICINE,OBC,OBC,Allotted
1307,85462,DNB Quota,"Government Multi Specialty Hospital, ,Director Health and Family Welfare Govt. Multi Speciality Hospital Sector 16 Chandigarh, Chandigarh, 160016",(NBEMS-DIPLOMA) FAMILY MEDICINE,OBC,OBC,Allotted
1308,85495,All India,"Chamarajanagar Institute of Medical Sciences, Karnataka,CHAMARAJANAGAR INSTITUTE OF MEDICAL SCIENCES, SY. NO 124, YEDAPURA VILLAGE KASABA HOBLI, CHAMARAJANA, Karnataka, 571313",M.D. (COMMUNITY HEALTH and ADMN.),SC,SC,Allotted
1309,85620,DNB Quota,"SSG government district hospital, ,Udaipur road, Senthi, Chittorgarh, Rajasthan, Rajasthan, 312001",(NBEMS-DIPLOMA) FAMILY MEDICINE,Open,OBC,Allotted
1310,85626,DNB Quota,"Government Medical College and Associated Group of Hospitals, Government Medical College, Dungarpur and Associated Group of Hospitals Shri Haridev Joshi Hospital,,Government Medical College and Associated Group of Hospitals, Government Medical College, Dungarpur, Rajasthan, 314001",(NBEMS-DIPLOMA) FAMILY MEDICINE,Open,GN,Allotted
1311,85662,All India,"MEDICAL COLLEGE, KOLKATA,MEDICAL COLLEGE, KOLKATA, West Bengal, 700073",DIPLOMA IN ORTHOPAEDICS,ST,ST,Allotted
1312,85669,DNB Quota,"Mahatma Gandhi Hospital, Bhilwara Swami Ram Charan Marg, Bhopal Ganj, Bhilwara, Rajasthan Rajasthan , Rajasthan-311001,Mahatma Gandhi Hospital, Bhilwara Swami Ram Charan Marg, Bhopal Ganj, Bhilwara, Rajasthan Rajasthan, Rajasthan, 311001",(NBEMS-DIPLOMA) FAMILY MEDICINE,OBC,OBC,Allotted
1313,85718,DNB Quota,"VCSG Govt Institute of Medical Science and Research and HNB Base Teaching Hospital , ,Srikot Ganganali Srinagar Garhwal Uttarakhand, Uttarakhand, 246174",(NBEMS-DIPLOMA) Otorhinolaryngology (E.N.T.),OBC,OBC,Allotted
1314,85730,DNB Quota,"Bhagat Phool Singh Govt. Medical College for Women,BHAGAT PHOOL SINGH GOVT. MEDICAL COLLEGE FOR WOMEN KHANPUR KALAN SONEPAT, Haryana, 131305",(NBEMS) ANAESTHESIOLOGY,ST,ST,Allotted
1315,85801,DNB Quota,"Government Medical College and Bangur Hospital, Nh62 Sumerpur Road Village Ramasiya Pali Rajasthan , Rajasthan-306401,Government Medical College and Bangur Hospital Nh62 Sumerpur Road Village Ramasiya Pali Rajasthan Ra, Rajasthan, 306401",(NBEMS-DIPLOMA) FAMILY MEDICINE,Open,GN,Allotted
1316,85829,DNB Quota,"Government Medical College and Bangur Hospital, Nh62 Sumerpur Road Village Ramasiya Pali Rajasthan , Rajasthan-306401,Government Medical College and Bangur Hospital Nh62 Sumerpur Road Village Ramasiya Pali Rajasthan Ra, Rajasthan, 306401",(NBEMS-DIPLOMA) FAMILY MEDICINE,Open,OBC,Allotted
1317,85970,DNB Quota,"Govt. District Civil Hospital, ,DIS GOVT HOSPITAL, SRI GANGANAGAR, Rajasthan, 335001",(NBEMS-DIPLOMA) FAMILY MEDICINE,Open,OBC,Allotted
1318,85974,All India,"INSTITUTE OF MEDICAL SCIENCES, BANARAS HINDU UNIVERSITY,INSTITUTE OF MEDICAL SCIENCES, BANARAS HINDU UNIVERSITY, Uttar Pradesh, 221005",M.D. (PHYSIOLOGY),Open,GN,Allotted
1319,86029,All India,"University College of Medical Sciences,University College of Medical Sciences, Delhi (NCT), 110095",M.D. (PHYSIOLOGY),Open,GN,Allotted
1320,86176,All India,"Ravindra Nath Tagore Medical College, Udaipur,Ravindra Nath Tagore Medical College, Udaipur, Rajasthan, 313001",M.D. (MICROBIOLOGY),Open,GN,Allotted
1321,86310,All India,"Agartala Government Medical College,Agartala Government Medical College, Tripura, 799006",M.D. (PHARMACOLOGY),Open,GN,Allotted
1322,86352,All India,"CALCUTTA NATIONAL MEDICAL COLLEGE,CALCUTTA NATIONAL MEDICAL COLLEGE 32, Gorachand Road, Kolkata 700014, West Bengal, 700014",M.D. (PREVENTIVE and SOCIAL MEDICINE)/ COMMUNITY MEDICINE,OBC,OBC,Allotted
1323,86501,DNB Quota,"Government Medical College and Associated Group of Hospitals, Government Medical College, Dungarpur and Associated Group of Hospitals Shri Haridev Joshi Hospital,,Government Medical College and Associated Group of Hospitals, Government Medical College, Dungarpur, Rajasthan, 314001",(NBEMS-DIPLOMA) FAMILY MEDICINE,OBC,OBC,Allotted
1324,86530,All India,"IPGME&R and SSKM Hospital Kolkata,IPGME&R and SSKM Hospital Kolkata, West Bengal, 700020",M.D. (Radiotherapy/ Radiation Oncology),ST,ST,Allotted
1325,86590,All India,"Government Medical College, Jalgaon,Jilha Peth, Government Hospital Campus, Jalgaon, Maharashtra, 425001",M.D. (PREVENTIVE and SOCIAL MEDICINE)/ COMMUNITY MEDICINE,Open,GN,Allotted
1326,86639,All India,"JAWAHARLAL NEHRU MEDICAL COLLEGE, BHAGALPUR,JAWAHARLAL NEHRU MEDICAL COLLEGE, BHAGALPUR, Bihar, 812001",M.D. (PREVENTIVE and SOCIAL MEDICINE)/ COMMUNITY MEDICINE,Open,GN,Allotted
1327,86730,All India,"NETAJI SUBHASH CHANDRA BOSE MEDICAL COLLEGE, JABALPUR ,NETAJI SUBHASH CHANDRA BOSE MEDICAL COLLEGE, NAGPUR ROAD JABALPUR, Madhya Pradesh, 482003",M.D. (Radiotherapy/ Radiation Oncology),ST,ST,Allotted
1328,86942,DNB Quota,"Government Medical College and Associated Group of Hospitals, Government Medical College, Dungarpur and Associated Group of Hospitals Shri Haridev Joshi Hospital,,Government Medical College and Associated Group of Hospitals, Government Medical College, Dungarpur, Rajasthan, 314001",(NBEMS-DIPLOMA) FAMILY MEDICINE,OBC,OBC,Allotted
1329,87022,All India,"Burdwan Medical College, West Bengal,Burdwan Medical College, West Bengal, West Bengal, 713104",M.D. (PREVENTIVE and SOCIAL MEDICINE)/ COMMUNITY MEDICINE,OBC,OBC,Allotted
1330,87059,All India,"JAWAHARLAL NEHRU MEDICAL COLLEGE, ALIGARH MUSLIM UNIVERSITY STATE UTTAR,JAWAHARLAL NEHRU MEDICAL COLLEGE, ALIGARH MUSLIM UNIVERSITY STATE UTTAR, Uttar Pradesh, 202002",M.D. (PHARMACOLOGY),Open,SC,Allotted
1331,87113,DNB Quota,"GMERS Medical College and Hospital,,GMERS Medical College and Hospital Campus, Dharpur, Patan-Unjha State Highway, Patan (North Gujarat,, Gujarat, 384265",(NBEMS-DIPLOMA) Obstetrics and Gynaecology,ST,ST,Allotted
1332,87132,DNB Quota,"Government Medical College and Bangur Hospital, Nh62 Sumerpur Road Village Ramasiya Pali Rajasthan , Rajasthan-306401,Government Medical College and Bangur Hospital Nh62 Sumerpur Road Village Ramasiya Pali Rajasthan Ra, Rajasthan, 306401",(NBEMS-DIPLOMA) FAMILY MEDICINE,Open,GN,Allotted
1333,87191,DNB Quota,"Autonomous State Medical College and Allied Pandit Ram Prasad Bismil Memorial Hospital, ,ASMC, JIGNERA, kanth road, shahjahanpur, Uttar Pradesh, 242001",(NBEMS-DIPLOMA) Obstetrics and Gynaecology,ST,ST,Allotted
1334,87404,All India,"S.V. Medical College, Tirupathi ,S.V. Medical College, Tirupathi, Andhra Pradesh, 517507",M.D. (FORENSIC MEDICINE),Open,SC,Allotted
1335,87439,All India,"Veer Chandra Singh Garhwali Govt. Institute of Medical Science & Research,Veer Chandra Singh Garhwali Govt. Institute of Medical Science and Research, Srinagar Garhwal, Uttarakhand, 246174",M.D. (FORENSIC MEDICINE),Open,GN,Allotted
1336,87583,All India,"Vardhman Mahavir Medical College, , New Delhi,Vardhman Mahavir Medical College, , New Delhi, Delhi (NCT), 110029",MD/MS (Anatomy),Open,GN,Allotted
1337,87604,All India,"MYSORE MEDICAL COLLEGE AND RESEARCH INSTITUTE,MYSORE MEDICAL COLLEGE AND RESEARCH INSTITUTE, Karnataka, 570001",M.D. (MICROBIOLOGY),Open,GN,Allotted
1338,87605,All India,"Jawaharlal Institute of Medical Sciences, Manipur,Jawaharlal Nehru Institute of Medical Sciences, Porompat, Imphal -East, Manipur-795005, Manipur, 795005",M.D. (PREVENTIVE and SOCIAL MEDICINE)/ COMMUNITY MEDICINE,OBC,OBC,Allotted
1339,87624,All India,"NIZAMS INSTITUTE OF MEDICAL SCIENCES,NIZAMS INSTITUTE OF MEDICAL SCIENCES PANJAGUTTA HYDERABAD, Telangana, 500082",M.D. (Hospital Administration),ST,ST,Allotted
1340,87639,All India,"INSTITUTE OF MEDICAL SCIENCES, BANARAS HINDU UNIVERSITY,INSTITUTE OF MEDICAL SCIENCES, BANARAS HINDU UNIVERSITY, Uttar Pradesh, 221005",M.D. (MICROBIOLOGY),OBC,OBC,Allotted
1341,87718,All India,"GOVT. MEDICAL COLLEGE, THIRUVANANTHAPURAM,GOVT. MEDICAL COLLEGE, THIRUVANANTHAPURAM, Kerala, 695011",MD/MS (Anatomy),OBC,OBC,Allotted
1342,87902,All India,"Government Medical College, Datia,Near 29 Batallion, National Highway 44, Dist Datia, Madhya Pradesh Pin - 475661, Madhya Pradesh, 475661",M.D. (PREVENTIVE and SOCIAL MEDICINE)/ COMMUNITY MEDICINE,SC,SC,Allotted
1343,87912,All India,"Late Baliram Kashyap Memorial Govt Medical Dimrapal,Late Baliram Kashyap Memorial Govt Medical Dimrapal, Chhattisgarh, 494001",M.D. (PREVENTIVE and SOCIAL MEDICINE)/ COMMUNITY MEDICINE,Open,GN,Allotted
1344,87981,DNB Quota,"Govt. Mahatma Gandhi District Hospital, ,COLLETOR ATE CHORAHA NEAR MOHAN COLONY BANSWARA, Rajasthan, 327001",(NBEMS-DIPLOMA) FAMILY MEDICINE,OBC,OBC,Allotted
1345,88165,All India,"GANDHI MEDICAL COLLEGE,GANDHI MEDICAL COLLEGE, Telangana, 500003",M.D. (FORENSIC MEDICINE),Open,GN,Allotted
1346,88289,All India,"Calcutta School Of Tropical Medicine,Calcutta School Of Tropical Medicine, West Bengal, 700073",M.D. (TROPICAL MEDICINE),ST,ST,Allotted
1347,88316,DNB Quota,"IGM Hospital , ,IGM Chowmuhani, Agartala, Tripura West, Tripura, 799001",(NBEMS-DIPLOMA) FAMILY MEDICINE,Open,GN,Allotted
1348,88424,DNB Quota,"IGM Hospital , ,IGM Chowmuhani, Agartala, Tripura West, Tripura, 799001",(NBEMS-DIPLOMA) FAMILY MEDICINE,Open,GN,Allotted
1349,88443,All India,"Andhra Medical College,Andhra Medical College, Andhra Pradesh, 530002",DIPLOMA IN CLINICAL PATHOLOGY,OBC,OBC,Allotted
1350,88466,IP University Quota,"PGIMER, DR. RML Hospital,PGIMER, DR. RML Hospital, Delhi (NCT), 110001",M.D. (PHYSICAL MED. and REHABILITATION),Open,GN,Allotted
1351,88507,All India,"NETAJI SUBHASH CHANDRA BOSE MEDICAL COLLEGE, JABALPUR ,NETAJI SUBHASH CHANDRA BOSE MEDICAL COLLEGE, NAGPUR ROAD JABALPUR, Madhya Pradesh, 482003",M.D. (PREVENTIVE and SOCIAL MEDICINE)/ COMMUNITY MEDICINE,SC,SC,Allotted
1352,88542,DNB Quota,"Narayana Multispeciality Hospital , West Bengal,Andul road, Podrah Chunavati Howrah, West Bengal, 711109",(NBEMS-DIPLOMA) FAMILY MEDICINE,Open,GN,Allotted
1353,88580,DNB Quota,"Rajiv Gandhi Government General Hospital, Principal Medical Officer General hospital, ,Rajiv Gandhi Government General Hospital, near bijli ghar circle, alwar, Rajasthan, 301001",(NBEMS-DIPLOMA) OPHTHALMOLOGY,SC,SC,Allotted
1354,88585,DNB Quota,"Government District General Hospital, ,O/o. Medical Superintendent, Government District General Hospital, Contonment, Vizianagaram, Andhra Pradesh, 535003",(NBEMS-DIPLOMA) OPHTHALMOLOGY,EWS,EWS,Allotted
1355,88634,All India,"CHENGALPATTU MEDICAL COLLEGE, CHENGALPATTU,CHENGALPATTU MEDICAL COLLEGE, CHENGALPATTU, Tamil Nadu, 603001",M.D. (PHYSIOLOGY),Open,OBC,Allotted
1356,88918,All India,"Government Mohan Kumaramangalam Medical College, Salem,Government Mohan Kumaramangalam Medical College, Majeera Kollappatti, Steel Plant Road, Salem., Tamil Nadu, 636030",M.D. (MICROBIOLOGY),SC,SC,Allotted
1357,89011,All India,"GOVERNMENT MEDICAL COLLEGE CHANDRAPUR, MAHARASHTRA,TB Hospital Campus, Ram Nagar, Chandrapur - 442401, Maharashtra, 442401",M.D. (PREVENTIVE and SOCIAL MEDICINE)/ COMMUNITY MEDICINE,OBC,OBC,Allotted
1358,89065,All India,"University College of Medical Sciences,University College of Medical Sciences, Delhi (NCT), 110095",M.D. (BIOCHEMISTRY),Open,GN,Allotted
1359,89068,DNB Quota,"Government Medical College and Bangur Hospital, Nh62 Sumerpur Road Village Ramasiya Pali Rajasthan , Rajasthan-306401,Government Medical College and Bangur Hospital Nh62 Sumerpur Road Village Ramasiya Pali Rajasthan Ra, Rajasthan, 306401",(NBEMS-DIPLOMA) FAMILY MEDICINE,OBC,OBC,Allotted
1360,89148,All India,"RAJIV GANDHI MEDICAL COLLEGE KALWA THANE,RAJIV GANDHI MEDICAL COLLEGE,THANE BELAPUR ROAD, KALWA, THANE, Maharashtra, 400605",M.D. (MICROBIOLOGY),Open,GN,Allotted
1361,89251,All India,"Government Kilpauk Medical College,Government Kilpauk Medical College, Tamil Nadu, 600010",M.D. (Radiotherapy/ Radiation Oncology),ST,ST,Allotted
1362,89393,All India,"Assam Medical College,Assam Medical College, Assam, 786002",M.D. (PREVENTIVE and SOCIAL MEDICINE)/ COMMUNITY MEDICINE,OBC,OBC,Allotted
1363,89486,DNB Quota,"GMERS Medical College and Hospital, ,GMERS Medical College Valsad,Nanakwada Halar Road,Valsad ,Gujarat, Gujarat, 396001",(NBEMS) ANAESTHESIOLOGY,ST,ST,Allotted
1364,89521,All India,"Rajmata Shrimati Devendra Kumari Singhdeo Government Medical College, Ambikapur,Kanyaparisar Road Gangapur Ambikapur District Surguja, Chhattisgarh, 497001",M.D. (PREVENTIVE and SOCIAL MEDICINE)/ COMMUNITY MEDICINE,Open,GN,Allotted
1365,89556,All India,"JHALAWAR MEDICAL COLLEGE,JHALAWAR MEDICAL COLLEGE, JHALAWAR, Rajasthan, 326001",M.D. (PREVENTIVE and SOCIAL MEDICINE)/ COMMUNITY MEDICINE,OBC,OBC,Allotted
1366,89752,All India,"Pandit Dindayal Upadhyay Medical College, RAJKOT,Pandit Dindayal Upadhyay Medical College, RAJKOT, Gujarat, 360001",M.D. (PHYSIOLOGY),Open,OBC,Allotted
1367,89777,DNB Quota,"Rajiv Gandhi Government General Hospital, Principal Medical Officer General hospital, ,Rajiv Gandhi Government General Hospital, near bijli ghar circle, alwar, Rajasthan, 301001",(NBEMS-DIPLOMA) FAMILY MEDICINE,OBC,OBC,Allotted
1368,90043,DNB Quota,"Mahatma Gandhi Hospital, Bhilwara Swami Ram Charan Marg, Bhopal Ganj, Bhilwara, Rajasthan Rajasthan , Rajasthan-311001,Mahatma Gandhi Hospital, Bhilwara Swami Ram Charan Marg, Bhopal Ganj, Bhilwara, Rajasthan Rajasthan, Rajasthan, 311001",(NBEMS-DIPLOMA) OPHTHALMOLOGY,SC,SC,Allotted
1369,90129,All India,"LOKMANYA TILAK MEDICAL COLLEGE MUMBAI,LOKMANYA TILAK MEDICAL COLLEGE MUMBAI, Maharashtra, 400022",M.D. (MICROBIOLOGY),Open,GN,Allotted
1370,90155,DNB Quota,"Government Medical College and Bangur Hospital, Nh62 Sumerpur Road Village Ramasiya Pali Rajasthan , Rajasthan-306401,Government Medical College and Bangur Hospital Nh62 Sumerpur Road Village Ramasiya Pali Rajasthan Ra, Rajasthan, 306401",(NBEMS-DIPLOMA) FAMILY MEDICINE,OBC,OBC,Allotted
1371,90178,DNB Quota,"JLNM Hospital, ,JLNM Hospital Rainawari Srinagar, Jammu And Kashmir, 190003",(NBEMS-DIPLOMA) FAMILY MEDICINE,OBC,OBC,Allotted
1372,90206,DNB Quota,"Rabindranath Tagore International Institute of Cardiac Sciences, ,PREMISES NO. 1489 124 MUKUNDAPUR E M BYPASS KOLKATA-700099, West Bengal, 700099",(NBEMS-DIPLOMA) FAMILY MEDICINE,Open,OBC,Allotted
1373,90293,All India,"MYSORE MEDICAL COLLEGE AND RESEARCH INSTITUTE,MYSORE MEDICAL COLLEGE AND RESEARCH INSTITUTE, Karnataka, 570001",M.D. (PHARMACOLOGY),Open,GN,Allotted
1374,90494,All India,"Government Medical College Kota,Government Medical College Kota, Rajasthan, 324005",M.D. (MICROBIOLOGY),Open,GN,Allotted
1375,90555,All India,"Government Medical College Srinagar,Administrative Department Government Medical College Karan Nagar Srinagar, Jammu And Kashmir, 190010",M.D. (Radiotherapy/ Radiation Oncology),ST,ST,Allotted
1376,90565,All India,"Calcutta School Of Tropical Medicine,Calcutta School Of Tropical Medicine, West Bengal, 700073",M.D. (PHARMACOLOGY),Open,GN,Allotted
1377,90627,DNB Quota,"Marwari Hospitals, Assam,Sati Jaymati Road, Athgoan, Guwahati, Assam, 781008",(NBEMS-DIPLOMA) FAMILY MEDICINE,Open,OBC,Allotted
1378,90667,All India,"THANJAVUR MEDICAL COLLEGE, THANJAVUR,THANJAVUR MEDICAL COLLEGE, THANJAVUR, Tamil Nadu, 613004",M.D. (PHYSIOLOGY),Open,OBC,Allotted
1379,90725,DNB Quota,"Central Hospital, Gandhinagar, ,CENTRAL HOSPITAL, GANDHINAGAR, GANDHINAGAR COLONY, KANKE ROAD, RANCHI, Jharkhand, 834008",(NBEMS-DIPLOMA) OPHTHALMOLOGY,SC,SC,Allotted
1380,90748,All India,"Sardar Patel Medical College, Bikaner,Sardar Patel Medical College, Bikaner, Rajasthan, 334003",M.D. (FORENSIC MEDICINE),Open,OBC,Allotted
1381,90953,DNB Quota,"General Hospital Shikaripura,mohshikaripur, Karnataka, 577427",(NBEMS-DIPLOMA) Obstetrics and Gynaecology,ST,ST,Allotted
1382,91011,All India,"M. P. SHAH GOVERNMENT MEDICAL COLLEGE,M. P. SHAH GOVERNMENT MEDICAL COLLEGE, Gujarat, 361008",M.D. (PREVENTIVE and SOCIAL MEDICINE)/ COMMUNITY MEDICINE,OBC,OBC,Allotted
1383,91035,DNB Quota,"S.K.Hospital, ,SUPERINTENDENT RNO 36 GOVT SK HOSPITAL SILVER JUBLI ROAD SIKAR RAJ, Rajasthan, 332001",(NBEMS-DIPLOMA) FAMILY MEDICINE,OBC,OBC,Allotted
1384,91137,DNB Quota,"Saket Hospital,10, Meera Marg, Agarwal Farm, Masarover, Jaipur, Rajasthan, 302020",(NBEMS-DIPLOMA) FAMILY MEDICINE,Open,OBC,Allotted
1385,91169,All India,"LOKMANYA TILAK MEDICAL COLLEGE MUMBAI,LOKMANYA TILAK MEDICAL COLLEGE MUMBAI, Maharashtra, 400022",M.D. (MICROBIOLOGY),Open,GN,Allotted
1386,91424,All India,"Rani Durgavati Medical College, Banda ,Rani Durgavati Medical College Naraini Road Banda, Uttar Pradesh, 210001",M.D. (PREVENTIVE and SOCIAL MEDICINE)/ COMMUNITY MEDICINE,Open,GN,Allotted
1387,91471,All India,"MADURAI MEDICAL COLLEGE,MADURAI MEDICAL COLLEGE, Tamil Nadu, 625020",M.D. (PSYCHIATRY),ST,ST,Allotted
1388,91516,All India,"Late Baliram Kashyap Memorial Govt Medical Dimrapal,Late Baliram Kashyap Memorial Govt Medical Dimrapal, Chhattisgarh, 494001",M.D. (PREVENTIVE and SOCIAL MEDICINE)/ COMMUNITY MEDICINE,OBC,OBC,Allotted
1389,91743,All India,"SWAMI RAMANAND TEERTH RURAL GOVERNMENT MEDICAL COLLEGE AMBAJOGAI,SWAMI RAMANAND TEERTH RURAL GOVERNMENT MEDICAL COLLEGE AMBAJOGAI, Maharashtra, 431517",M.D. (PREVENTIVE and SOCIAL MEDICINE)/ COMMUNITY MEDICINE,Open,GN,Allotted
1390,92088,All India,"GUNTUR MEDICAL COLLEGE,GUNTUR MEDICAL COLLEGE, Andhra Pradesh, 522004",M.D. (MICROBIOLOGY),Open,GN,Allotted
1391,92093,All India,"DARBHANGA MEDICAL COLLEGE,Sheetal Prasad Marg, Laheriasarai, Darbhanga, Bihar, Bihar, 846003",M.D. (MICROBIOLOGY),Open,GN,Allotted
1392,92263,All India,"GAJRA RAJA MEDICAL COLLEGE GWALIOR,GAJRA RAJA MEDICAL COLLEGE GWALIOR, Madhya Pradesh, 474009",M.D. (PREVENTIVE and SOCIAL MEDICINE)/ COMMUNITY MEDICINE,OBC,OBC,Allotted
1393,92330,All India,"Lady Hardinge Medical College,Lady Hardinge Medical College, Delhi (NCT), 110001",M.D. (FORENSIC MEDICINE),OBC,OBC,Allotted
1394,92393,All India,"R G KAR MEDICAL COLLEGE, West Bengal,R G KAR MEDICAL COLLEGE,1 KHUDIRAM BOSE SARANI,KOLKATA, West Bengal, West Bengal, 700004",M.D. (PHARMACOLOGY),Open,GN,Allotted
1395,92521,All India,"Govt. Medical College, Bhavnagar,Near. S.T. Bus Stand,Jail Road, Bhavnagar-364001, Gujarat, 364001",M.D. (MICROBIOLOGY),Open,OBC,Allotted
1396,92564,All India,"JAWAHAR LAL NEHRU MEDICAL COLLEGE, AJMER,NEAR PATEL STADIUM, AJMER, Rajasthan, 305001",M.D. (MICROBIOLOGY),Open,GN,Allotted
1397,92922,All India,"Govt. Medical College, Bhavnagar,Near. S.T. Bus Stand,Jail Road, Bhavnagar-364001, Gujarat, 364001",M.D. (MICROBIOLOGY),Open,OBC,Allotted
1398,93019,All India,"Hinduhridayasamrat Balasaheb Thackeray Medical College and Dr. R. N. Cooper Municipal General Hospital, Maharashtra,HBT Medical College and Dr R N Cooper Municipal General Hospital Mumbai, Maharashtra, 400056",M.D. (FORENSIC MEDICINE),Open,OBC,Allotted
1399,93345,DNB Quota,"Civil Hospital Shillong, Meghalaya,Civil Hospital Shillong Laban Shillong East Khasi Hills Meghalaya 793001, Meghalaya, 793001",(NBEMS-DIPLOMA) ANAESTHESIOLOGY,ST,ST,Allotted
1400,93398,All India,"PATNA MEDICAL COLLEGE, PATNA,PATNA MEDICAL COLLEGE, PATNA, Bihar, 800004",M.D. (BIOCHEMISTRY),Open,GN,Allotted
1401,93504,All India,"PATNA MEDICAL COLLEGE, PATNA,PATNA MEDICAL COLLEGE, PATNA, Bihar, 800004",M.D. (PREVENTIVE and SOCIAL MEDICINE)/ COMMUNITY MEDICINE,SC,SC,Allotted
1402,93520,All India,"Uttar Pradesh University of Medical Sciences, Saifai, Etawah,Uttar Pradesh University of Medical Sciences, Saifai, Etawah, Uttar Pradesh, 206130",M.D. (PREVENTIVE and SOCIAL MEDICINE)/ COMMUNITY MEDICINE,Open,OBC,Allotted
1403,93522,DNB Quota,"Sher-I-Kashmir Institute of Medical Sciences, Jammu and Kashmir,SKIMS SOURA SRINAGAR JAMMU & KASHMIR, Jammu And Kashmir, 190011",(NBEMS-DIPLOMA) FAMILY MEDICINE,OBC,OBC,Allotted
1404,93546,DNB Quota,"Shri Vinoba Bhave Civil Hospital,,S R Delkar Marg, Saily Road, Silvassa, Dadra And Nagar Haveli, 396230",(NBEMS-DIPLOMA) FAMILY MEDICINE,SC,SC,Allotted
1405,93598,All India,"Maulana Azad Medical College,Maulana Azad Medical College, Delhi (NCT), 110002",M.D. (PHYSIOLOGY),Open,GN,Allotted
1406,93616,All India,"JAWAHARLAL NEHRU MEDICAL COLLEGE, ALIGARH MUSLIM UNIVERSITY STATE UTTAR,JAWAHARLAL NEHRU MEDICAL COLLEGE, ALIGARH MUSLIM UNIVERSITY STATE UTTAR, Uttar Pradesh, 202002",M.D. (PHYSIOLOGY),Open,GN,Allotted
1407,93625,All India,"Seth Gordhandas Sunderdas Medical College, MUMBAI,Seth Gordhandas Sunderdas Medical College, Acharya Donde Marg Parel MUMBAI, Maharashtra, 400012",M.D. (MICROBIOLOGY),OBC,OBC,Allotted
1408,93970,All India,"Ganesh Shankar Vidyarthi Memorial Medical College,Ganesh Shankar Vidyarthi Memorial Medical College, Uttar Pradesh, 208002",M.D. (PREVENTIVE and SOCIAL MEDICINE)/ COMMUNITY MEDICINE,OBC,OBC,Allotted
1409,93971,All India,"Dr Ram Manohar Lohia Institute of Medical Sciences, Lucknow,Dr Ram Manohar Lohia Institute of Medical Sciences, Lucknow, Uttar Pradesh, 226010",M.D. (PHARMACOLOGY),OBC,OBC,Allotted
1410,94062,All India,"SWAMI RAMANAND TEERTH RURAL GOVERNMENT MEDICAL COLLEGE AMBAJOGAI,SWAMI RAMANAND TEERTH RURAL GOVERNMENT MEDICAL COLLEGE AMBAJOGAI, Maharashtra, 431517",M.D. (PREVENTIVE and SOCIAL MEDICINE)/ COMMUNITY MEDICINE,Open,GN,Allotted
1411,94307,All India,"JAWAHARLAL NEHRU MEDICAL COLLEGE, ALIGARH MUSLIM UNIVERSITY STATE UTTAR,JAWAHARLAL NEHRU MEDICAL COLLEGE, ALIGARH MUSLIM UNIVERSITY STATE UTTAR, Uttar Pradesh, 202002",M.D. (FORENSIC MEDICINE),OBC,OBC,Allotted
1412,94373,All India,"DR. SHANKARRAO CHAVAN GOVERNMENT MEDICAL COLLEGE, NANDED,DR. SHANKARRAO CHAVAN GOVERNMENT MEDICAL COLLEGE, VISHNUPURI, NANDED, Maharashtra, 431606",M.D. (PATHOLOGY),ST,ST,Allotted
1413,94393,All India,"Post Graduate Institute of Child Health, Noida.,Post Graduate Institute of Child Health,SECTOR-30, NOIDA, GAUTAM Buddha Nagar, Uttar Pradesh, 201303",M.D. (MICROBIOLOGY),Open,GN,Allotted
1414,94451,All India,"GUNTUR MEDICAL COLLEGE,GUNTUR MEDICAL COLLEGE, Andhra Pradesh, 522004",M.D. (MICROBIOLOGY),SC,SC,Allotted
1415,94541,All India,"NALANDA MEDICAL COLLEGE,PATNA,NALANDA MEDICAL COLLEGE,PATNA, Bihar, 800026",M.D. (PREVENTIVE and SOCIAL MEDICINE)/ COMMUNITY MEDICINE,OBC,OBC,Allotted
1416,94558,All India,"College of Medicine & Sagore Dutta Hospital,College of Medicine & Sagore Dutta Hospital, West Bengal, 700058",M.D. (PREVENTIVE and SOCIAL MEDICINE)/ COMMUNITY MEDICINE,OBC,OBC,Allotted
1417,94701,All India,"BPS Govt. Medical College for Women, Khanpur Kalan Sonepat,BPS Govt. Medical College for Women, Khanpur Kalan Sonepat, Haryana, 131305",M.D. (FORENSIC MEDICINE),SC,SC,Allotted
1418,94812,All India,"Government Medical College, Nagpur,Government Medical College, Nagpur, Maharashtra, 440003",M.D. (PREVENTIVE and SOCIAL MEDICINE)/ COMMUNITY MEDICINE,OBC,OBC,Allotted
1419,94993,All India,"JAWAHARLAL NEHRU MEDICAL COLLEGE, ALIGARH MUSLIM UNIVERSITY STATE UTTAR,JAWAHARLAL NEHRU MEDICAL COLLEGE, ALIGARH MUSLIM UNIVERSITY STATE UTTAR, Uttar Pradesh, 202002",MD/MS (Anatomy),Open,GN,Allotted
1420,95060,All India,"GOVT MEDICAL COLLEGE, ANANTAPURAMU,GOVT MEDICAL COLLEGE, ANANTAPURAMU, Andhra Pradesh, 515001",M.D. (FORENSIC MEDICINE),Open,GN,Allotted
1421,95282,All India,"Agartala Government Medical College,Agartala Government Medical College, Tripura, 799006",M.D. (FORENSIC MEDICINE),Open,GN,Allotted
1422,95357,All India,"GAJRA RAJA MEDICAL COLLEGE GWALIOR,GAJRA RAJA MEDICAL COLLEGE GWALIOR, Madhya Pradesh, 474009",M.D. (MICROBIOLOGY),Open,GN,Allotted
1423,95375,DNB Quota,"Civil Hospital, ,Civil Hospital Bahardurgarh, Delhi-Rohtak Road, District- Jhajjar,, Haryana, 124507",(NBEMS-DIPLOMA) OPHTHALMOLOGY,SC,SC,Allotted
1424,95417,All India,"Government Medical College, Mahabubnagar,Government Medical College, Yedira, Mahabubnagar, Telangana state, Telangana, 509002",M.D. (FORENSIC MEDICINE),SC,SC,Allotted
1425,95449,All India,"Vardhman Mahavir Medical College, , New Delhi,Vardhman Mahavir Medical College, , New Delhi, Delhi (NCT), 110029",M.D. (PREVENTIVE and SOCIAL MEDICINE)/ COMMUNITY MEDICINE,ST,ST,Allotted
1426,95463,DNB Quota,"Rajiv Gandhi Government General Hospital, Principal Medical Officer General hospital, ,Rajiv Gandhi Government General Hospital, near bijli ghar circle, alwar, Rajasthan, 301001",(NBEMS-DIPLOMA) Otorhinolaryngology (E.N.T.),SC,SC,Allotted
1427,95469,All India,"Sawai Man Singh Medical College, JAIPUR,Sawai Man Singh Medical College, JAIPUR, Rajasthan, 302004",M.D. (MICROBIOLOGY),OBC,OBC,Allotted
1428,95480,All India,"Lady Hardinge Medical College,Lady Hardinge Medical College, Delhi (NCT), 110001",MD/MS (Anatomy),Open,GN,Allotted
1429,95494,DNB Quota,"Associated Hospital Government Medical College, ,Kanth Bagh Baramulla, Jammu And Kashmir, 193103",(NBEMS-DIPLOMA) FAMILY MEDICINE,SC,SC,Allotted
1430,95532,All India,"Pandit Bhagwat Dayal Sharma Post Graduate Institute of Medical Sciences, Rohtak,Pandit Bhagwat Dayal Sharma Post Graduate Institute of Medical Sciences, Rohtak, Haryana, 124001",M.D. (FORENSIC MEDICINE),OBC,OBC,Allotted
1431,96071,All India,"Government Medical College, Aurangabad,Government Medical College, Aurangabad, Maharashtra, 431001",M.D. (PHYSIOLOGY),SC,SC,Allotted
1432,96133,DNB Quota,"Government Medical College and Associated Group of Hospitals, Government Medical College, Dungarpur and Associated Group of Hospitals Shri Haridev Joshi Hospital,,Government Medical College and Associated Group of Hospitals, Government Medical College, Dungarpur, Rajasthan, 314001",(NBEMS-DIPLOMA) FAMILY MEDICINE,SC,SC,Allotted
1433,96152,DNB Quota,"Bishnupur District Hospital, West Bengal,Rasikganj, BIshnupur, Dist-Bankura, West Bengal, 722122",(NBEMS-DIPLOMA) PAEDIATRICS,ST,ST,Allotted
1434,96211,All India,"Regional Institute of Medical Sciences, Imphal,Regional Institute of Medical Sciences, Imphal, Lamphelpat, Manipur, 795004",M.D. (PHYSIOLOGY),OBC,OBC,Allotted
1435,96212,Delhi University Quota,"University College of Medical Sciences,University College of Medical Sciences, Delhi (NCT), 110095",M.D. (PREVENTIVE and SOCIAL MEDICINE)/ COMMUNITY MEDICINE,Open,SC,Allotted
1436,96338,All India,"ESIC Medical College, Hyderbad,Sanathnagar, Hyderabad, Telangana, 500038",M.D. (PATHOLOGY),ST,ST,Allotted
1437,96530,All India,"Fakhruddin Ali Ahmed Medical College,Fakhruddin Ali Ahmed Medical College, Assam, 781301",M.D. (MICROBIOLOGY),Open,GN,Allotted
1438,96562,All India,"Rangaraya Medical College,Rangaraya Medical College Beside SP Office , Pithapuram Road, Kakinada, Andhra Pradesh, 533003",M.D. (MICROBIOLOGY),Open,GN,Allotted
1439,96565,All India,"Government Medical College, Nagpur,Government Medical College, Nagpur, Maharashtra, 440003",M.D. (MICROBIOLOGY),Open,GN,Allotted
1440,96934,DNB Quota,"Government Medical College, ,COLLECTORATE BEHIND, RAMANATHAPURAM., Tamil Nadu, 623503",(NBEMS-DIPLOMA) FAMILY MEDICINE,SC,SC,Allotted
1441,96988,All India,"DARBHANGA MEDICAL COLLEGE,Sheetal Prasad Marg, Laheriasarai, Darbhanga, Bihar, Bihar, 846003",M.D. (PREVENTIVE and SOCIAL MEDICINE)/ COMMUNITY MEDICINE,OBC,OBC,Allotted
1442,97048,DNB Quota,"District Hospital ,ALIPURDUAR DISTRICT HOSPITAL, ALIPURDUAR, HOSPITAL ROAD, WARD NO-XIII, ALIPURDUAR , PIN-736121, WEST BENGAL, 736121",(NBEMS-DIPLOMA) Otorhinolaryngology (E.N.T.),EWS,EWS,Allotted
1443,97127,All India,"Government Medical College, Cuddalore District,Govt. Medical College and Hospital, Cuddalore District Erstwhile Rajah Muthiah Medical College Annam, Tamil Nadu, 608002",MD/MS (Anatomy),Open,OBC,Allotted
1444,97143,All India,"Bankura Sammilani Medical College,Bankura Sammilani Medical College, West Bengal, 722102",M.D. (PHARMACOLOGY),Open,GN,Allotted
1445,97208,All India,"Rims Medical College, Ongole, ,GOVERNMENT MEDICAL COLLEGE ONGOLE, Andhra Pradesh, 523001",M.D. (BIOCHEMISTRY),OBC,OBC,Allotted
1446,97335,All India,"GOA MEDICAL COLLEGE,Bambolim, Goa, Goa, 403202",M.D. (FORENSIC MEDICINE),OBC,OBC,Allotted
1447,97340,All India,"LOKMANYA TILAK MEDICAL COLLEGE MUMBAI,LOKMANYA TILAK MEDICAL COLLEGE MUMBAI, Maharashtra, 400022",DIPLOMA IN PUBLIC HEALTH,SC,SC,Allotted
1448,97371,All India,"Government Medical College, Nizamabad, Telangana State,Government Medical College, Nizamabad, Telangana State, Telangana, 503001",M.D. (MICROBIOLOGY),SC,SC,Allotted
1449,97386,All India,"NETAJI SUBHASH CHANDRA BOSE MEDICAL COLLEGE, JABALPUR ,NETAJI SUBHASH CHANDRA BOSE MEDICAL COLLEGE, NAGPUR ROAD JABALPUR, Madhya Pradesh, 482003",MD/MS (Anatomy),Open,GN,Allotted
1450,97426,DNB Quota,"District Hospital, Dharwad,dsdharwad at gmail dot com, Karnataka, 580001",(NBEMS-DIPLOMA) ANAESTHESIOLOGY,EWS,EWS,Allotted
1451,97443,All India,"ANUGRAH NARAYAN MAGADH MEDICAL COLLEGE,ANUGRAH NARAYAN MAGADH MEDICAL COLLEGE, Bihar, 823001",M.D. (MICROBIOLOGY),OBC,OBC,Allotted
1452,97568,All India,"RAICHUR INSTITUTE OF MEDICAL SCIENCES,RAICHUR INSTITUTE OF MEDICAL SCIENCES, Karnataka, 584102",M.D. (FORENSIC MEDICINE),Open,GN,Allotted
1453,97732,DNB Quota,"Mahatma Gandhi Hospital, Bhilwara Swami Ram Charan Marg, Bhopal Ganj, Bhilwara, Rajasthan Rajasthan , Rajasthan-311001,Mahatma Gandhi Hospital, Bhilwara Swami Ram Charan Marg, Bhopal Ganj, Bhilwara, Rajasthan Rajasthan, Rajasthan, 311001",(NBEMS-DIPLOMA) Obstetrics and Gynaecology,ST,ST,Allotted
1454,97877,DNB Quota,"Government Medical College and Associated Hospital,,JANGLAT MANDI ANANTNAG, JAMMU AND KASHMIR 192101, Jammu And Kashmir, 192101",(NBEMS-DIPLOMA) Otorhinolaryngology (E.N.T.),SC,SC,Allotted
1455,97919,All India,"Jorhat Medical College & Hospital,Jorhat Medical College & Hospital, Assam, 785001",M.D. (PATHOLOGY),ST,ST,Allotted
1456,98029,All India,"Dr Ram Manohar Lohia Institute of Medical Sciences, Lucknow,Dr Ram Manohar Lohia Institute of Medical Sciences, Lucknow, Uttar Pradesh, 226010",M.D. (PHARMACOLOGY),SC,SC,Allotted
1457,98072,DNB Quota,"Sher-I-Kashmir Institute of Medical Sciences, ,Principal SKIMS Medical College Hospital Bemina Srinagar, Jammu And Kashmir, 190018",(NBEMS-DIPLOMA) Otorhinolaryngology (E.N.T.),SC,SC,Allotted
1458,98127,All India,"ACSR GOVERNMENT MEDICAL COLLEGE,NELLORE,Opp AC Subbareddy Stadium Dargamitta Nellore, Andhra Pradesh, 524004",MD/MS (Anatomy),OBC,OBC,Allotted
1459,98155,DNB Quota,"District Hospital, Dholpur,Old City Road Dholpur, Rajasthan, 328001",(NBEMS-DIPLOMA) Obstetrics and Gynaecology,ST,ST,Allotted
1460,98311,DNB Quota,"Swami Dayanand Hospital, ,Dilshad Garden, Shahdara, Delhi, Delhi (NCT), 110095",(NBEMS) OPHTHALMOLOGY,ST,ST,Allotted
1461,98486,All India,"Government Medical College, Cuddalore District,Govt. Medical College and Hospital, Cuddalore District Erstwhile Rajah Muthiah Medical College Annam, Tamil Nadu, 608002",M.D. (PHYSIOLOGY),Open,OBC,Allotted
1462,98760,All India,"Murshidabad Medical College and Hospital,Station Road, Berhampore, Murshidabad, West Bengal, 742101",M.D. (BIOCHEMISTRY),Open,GN,Allotted
1463,98771,All India,"GOVERNMENT MEDICAL COLLEGE, AZAMGARH,Chakrapan Pur, Azamgarh (U.P.), Uttar Pradesh, 276128",M.D. (PHARMACOLOGY),ST,ST,Allotted
1464,98776,All India,"JAWAHARLAL NEHRU MEDICAL COLLEGE, ALIGARH MUSLIM UNIVERSITY STATE UTTAR,JAWAHARLAL NEHRU MEDICAL COLLEGE, ALIGARH MUSLIM UNIVERSITY STATE UTTAR, Uttar Pradesh, 202002",M.D. (MICROBIOLOGY),ST,ST,Allotted
1465,98991,All India,"Dr Ram Manohar Lohia Institute of Medical Sciences, Lucknow,Dr Ram Manohar Lohia Institute of Medical Sciences, Lucknow, Uttar Pradesh, 226010",M.D. (PHYSIOLOGY),Open,GN,Allotted
1466,99069,All India,"LATE SHRI LAKHI RAM AGRAWAL MEMORIAL GOVT.MEDICAL COLLEGE,LATE SHRI LAKHI RAM AGRAWAL MEMORIAL GOVT.MEDICAL COLLEGE, Chhattisgarh, 496001",M.D. (PREVENTIVE and SOCIAL MEDICINE)/ COMMUNITY MEDICINE,OBC,OBC,Allotted
1467,99077,DNB Quota,"Government Medical College and Associated Hospital,,JANGLAT MANDI ANANTNAG, JAMMU AND KASHMIR 192101, Jammu And Kashmir, 192101",(NBEMS-DIPLOMA) OPHTHALMOLOGY,SC,SC,Allotted
1468,99141,All India,"Pt. Jawahar Lal Nehru Memorial Medical College, RAIPUR,Pt. Jawahar Lal Nehru Memorial Medical College, RAIPUR, Chhattisgarh, 492001",M.D. (PREVENTIVE and SOCIAL MEDICINE)/ COMMUNITY MEDICINE,SC,SC,Allotted
1469,99192,All India,"Bankura Sammilani Medical College,Bankura Sammilani Medical College, West Bengal, 722102",M.D. (FORENSIC MEDICINE),Open,GN,Allotted
1470,99217,DNB Quota,"Government Medical College and Associated Hospital,,JANGLAT MANDI ANANTNAG, JAMMU AND KASHMIR 192101, Jammu And Kashmir, 192101",(NBEMS-DIPLOMA) OPHTHALMOLOGY,SC,SC,Allotted
1471,99240,All India,"DR. SHANKARRAO CHAVAN GOVERNMENT MEDICAL COLLEGE, NANDED,DR. SHANKARRAO CHAVAN GOVERNMENT MEDICAL COLLEGE, VISHNUPURI, NANDED, Maharashtra, 431606",M.D. (PREVENTIVE and SOCIAL MEDICINE)/ COMMUNITY MEDICINE,SC,SC,Allotted
1472,99379,DNB Quota,"Government Medical College, ,COLLECTORATE BEHIND, RAMANATHAPURAM., Tamil Nadu, 623503",(NBEMS-DIPLOMA) FAMILY MEDICINE,SC,SC,Allotted
1473,99380,DNB Quota,"Government Hospital, ,principal.mc.barmer@rajasthan.gov.in, Rajasthan, 344001",(NBEMS-DIPLOMA) FAMILY MEDICINE,SC,SC,Allotted
1474,99399,All India,"Government Medical College, Miraj,Government Medical College, Miraj, Maharashtra, 416410",M.D. (FORENSIC MEDICINE),Open,GN,Allotted
1475,99451,All India,"Government Medical College, Jalgaon,Jilha Peth, Government Hospital Campus, Jalgaon, Maharashtra, 425001",M.D. (PREVENTIVE and SOCIAL MEDICINE)/ COMMUNITY MEDICINE,OBC,OBC,Allotted
1476,99792,All India,"Sawai Man Singh Medical College, JAIPUR,Sawai Man Singh Medical College, JAIPUR, Rajasthan, 302004",M.D. (PHARMACOLOGY),OBC,OBC,Allotted
1477,99819,All India,"Siddhartha Medical College, Vijayawada,Siddhartha Medical College, Vijayawada, Andhra Pradesh, 520008",M.D. (MICROBIOLOGY),Open,GN,Allotted
1478,99934,All India,"Seth Gordhandas Sunderdas Medical College, MUMBAI,Seth Gordhandas Sunderdas Medical College, Acharya Donde Marg Parel MUMBAI, Maharashtra, 400012",M.D. (MICROBIOLOGY),SC,SC,Allotted
1479,100182,All India,"Seth Gordhandas Sunderdas Medical College, MUMBAI,Seth Gordhandas Sunderdas Medical College, Acharya Donde Marg Parel MUMBAI, Maharashtra, 400012",M.D. (PHYSIOLOGY),Open,GN,Allotted
1480,100195,All India,"M. P. SHAH GOVERNMENT MEDICAL COLLEGE,M. P. SHAH GOVERNMENT MEDICAL COLLEGE, Gujarat, 361008",MD/MS (Anatomy),Open,OBC,Allotted
1481,100241,DNB Quota,"Rajiv Gandhi Government General Hospital, Principal Medical Officer General hospital, ,Rajiv Gandhi Government General Hospital, near bijli ghar circle, alwar, Rajasthan, 301001",(NBEMS-DIPLOMA) FAMILY MEDICINE,SC,SC,Allotted
1482,100485,All India,"Sardar Patel Medical College, Bikaner,Sardar Patel Medical College, Bikaner, Rajasthan, 334003",M.D. (FORENSIC MEDICINE),OBC,OBC,Allotted
1483,100500,All India,"Government Medical College Srinagar,Administrative Department Government Medical College Karan Nagar Srinagar, Jammu And Kashmir, 190010",M.D. (PATHOLOGY),EWS,EWS,Allotted
1484,100564,All India,"Shaheed Hasan Khan Mewati Government Medical College,Shaheed Hasan Khan Mewati Government Medical College, Haryana, 122107",M.D. (FORENSIC MEDICINE),Open,GN,Allotted
1485,100581,All India,"Vardhman Mahavir Medical College, , New Delhi,Vardhman Mahavir Medical College, , New Delhi, Delhi (NCT), 110029",M.D. (BIOCHEMISTRY),OBC,OBC,Allotted
1486,100623,All India,"Gauhati Medical College, Guwahati,Gauhati Medical College, Guwahati, Assam, 781032",M.D. (FORENSIC MEDICINE),SC,SC,Allotted
1487,100649,All India,"Dr. Rajendra Prasad Government Medical College, Tanda,Dr. Rajendra Prasad Government Medical College, Tanda, Himachal Pradesh, 176002",M.D. (PHARMACOLOGY),Open,GN,Allotted
1488,100719,Delhi University Quota,"University College of Medical Sciences,University College of Medical Sciences, Delhi (NCT), 110095",M.D. (PATHOLOGY),SC,SC,Allotted
1489,100783,All India,"North Bengal Medical College,North Bengal Medical College, West Bengal, 734012",M.D. (BIOCHEMISTRY),Open,GN,Allotted
1490,100863,All India,"Vardhman Mahavir Medical College, , New Delhi,Vardhman Mahavir Medical College, , New Delhi, Delhi (NCT), 110029",M.D. (PHYSIOLOGY),Open,GN,Allotted
1491,100896,All India,"Rajendra Institute of Medical Sciences, Ranchi,Rajendra Institute of Medical Sciences, Ranchi, Jharkhand, 834009",M.D. (FORENSIC MEDICINE),Open,GN,Allotted
1492,100959,All India,"Govt. Medical College, Jammu,Govt. Medical College, Bakshi Nagar, Jamu, Jammu And Kashmir, 180001",M.D. (PATHOLOGY),EWS,EWS,Allotted
1493,101134,All India,"Agartala Government Medical College,Agartala Government Medical College, Tripura, 799006",M.D. (PHYSIOLOGY),Open,GN,Allotted
1494,101177,All India,"THANJAVUR MEDICAL COLLEGE, THANJAVUR,THANJAVUR MEDICAL COLLEGE, THANJAVUR, Tamil Nadu, 613004",MD/MS (Anatomy),Open,OBC,Allotted
1495,101329,All India,"SHIMOGA INSTITUTE OF MEDICAL SCIENCES,SHIMOGA INSTITUTE OF MEDICAL SCIENCES, Karnataka, 577201",M.D. (FORENSIC MEDICINE),Open,GN,Allotted
1496,101374,All India,"MEDICAL COLLEGE, KOLKATA,MEDICAL COLLEGE, KOLKATA, West Bengal, 700073",DIPLOMA IN ANAESTHESIOLOGY,ST,ST,Allotted
1497,101413,All India,"Grant Medical College, Maharashtra,Grant Medical College, Maharashtra, Maharashtra, 400008",M.D. (FORENSIC MEDICINE),Open,GN,Allotted
1498,101436,All India,"DR. SHANKARRAO CHAVAN GOVERNMENT MEDICAL COLLEGE, NANDED,DR. SHANKARRAO CHAVAN GOVERNMENT MEDICAL COLLEGE, VISHNUPURI, NANDED, Maharashtra, 431606",M.D. (PHARMACOLOGY),Open,GN,Allotted
1499,101549,DNB Quota,"GMERS Medical College and Hospital, ,GMERS Medical College Valsad,Nanakwada Halar Road,Valsad ,Gujarat, Gujarat, 396001",(NBEMS-DIPLOMA) Tuberculosis and CHEST DISEASES,ST,ST,Allotted
1500,101550,All India,"DARBHANGA MEDICAL COLLEGE,Sheetal Prasad Marg, Laheriasarai, Darbhanga, Bihar, Bihar, 846003",DIPLOMA IN ANAESTHESIOLOGY,ST,ST,Allotted
1501,101564,All India,"VSS INSTITUTE OF MEDICAL SCIENCES AND RESEARCH,BURLA,VSS INSTITUTE OF MEDICAL SCIENCES AND RESEARCH,BURLA, Odisha, 768017",M.D. (PHYSIOLOGY),Open,GN,Allotted
1502,101634,All India,"Mahatma Gandhi Institute of Medical Sciences, Wardha,Mahatma Gandhi Institute of Medical Sciences, Sevagram, Wardha, Maharashtra, 442102",M.D. (PHARMACOLOGY),Open,GN,Allotted
1503,101657,All India,"Govt. Medical College, Jammu,Govt. Medical College, Bakshi Nagar, Jamu, Jammu And Kashmir, 180001",M.D. (PREVENTIVE and SOCIAL MEDICINE)/ COMMUNITY MEDICINE,SC,SC,Allotted
1504,101738,DNB Quota,"Apollomedics Superspeciality Hospital,KBC 31, Sector B, LDA Colony, Kanpur Road, Lucknow, Uttar Pradesh, 226012",(NBEMS) MICROBIOLOGY,Open,SC,Allotted
1505,102030,DNB Quota,"District Hospital , Jammu and Kashmir ,Court road pulwama, Jammu And Kashmir, 192301",(NBEMS-DIPLOMA) PAEDIATRICS,ST,ST,Allotted
1506,102167,All India,"PATNA MEDICAL COLLEGE, PATNA,PATNA MEDICAL COLLEGE, PATNA, Bihar, 800004",M.D. (PHYSIOLOGY),Open,OBC,Allotted
1507,102255,All India,"DARBHANGA MEDICAL COLLEGE,Sheetal Prasad Marg, Laheriasarai, Darbhanga, Bihar, Bihar, 846003",M.D. (MICROBIOLOGY),OBC,OBC,Allotted
1508,102260,All India,"Veer Chandra Singh Garhwali Govt. Institute of Medical Science & Research,Veer Chandra Singh Garhwali Govt. Institute of Medical Science and Research, Srinagar Garhwal, Uttarakhand, 246174",M.D. (PREVENTIVE and SOCIAL MEDICINE)/ COMMUNITY MEDICINE,OBC,OBC,Allotted
1509,102291,DNB Quota,"AUTONOMOUS STATE MEDICAL COLLEGE, ,RAJARSHI DASHRATH AUTONOMOUS STATE MEDICAL COLLEGE VILL- GANJA, POST- DABHA SEMAR, DISTRICT- AYODHYA, Uttar Pradesh, 224133",(NBEMS-DIPLOMA) Tuberculosis and CHEST DISEASES,ST,ST,Allotted
1510,102471,All India,"Siddhartha Medical College, Vijayawada,Siddhartha Medical College, Vijayawada, Andhra Pradesh, 520008",M.D. (PHARMACOLOGY),Open,SC,Allotted
1511,102504,All India,"Sawai Man Singh Medical College, JAIPUR,Sawai Man Singh Medical College, JAIPUR, Rajasthan, 302004",M.D. (PHYSIOLOGY),Open,OBC,Allotted
1512,102523,All India,"SWAMI RAMANAND TEERTH RURAL GOVERNMENT MEDICAL COLLEGE AMBAJOGAI,SWAMI RAMANAND TEERTH RURAL GOVERNMENT MEDICAL COLLEGE AMBAJOGAI, Maharashtra, 431517",M.D. (PREVENTIVE and SOCIAL MEDICINE)/ COMMUNITY MEDICINE,OBC,OBC,Allotted
1513,102541,All India,"B. J. MEDICAL COLLEGE, Ahmedabad,B.J. Medical College, New Civil Hospital Asarwa,Ahmedabad-380016,Gujarat,India, Gujarat, 380016",MD/MS (Anatomy),Open,ST,Allotted
1514,102559,All India,"Kakatiya Medical College,Kakatiya Medical College, Telangana, 506007",M.D. (FORENSIC MEDICINE),Open,SC,Allotted
1515,102593,All India,"Osmania Medical Collge,Osmania Medical Collge, Telangana, 500095",MD/MS (Anatomy),Open,GN,Allotted
1516,102606,All India,"Govt. Medical College, Baroda,Govt. Medical College, Baroda, Gujarat, 390001",M.D. (FORENSIC MEDICINE),SC,SC,Allotted
1517,102608,All India,"Government Medical College, Aurangabad,Government Medical College, Aurangabad, Maharashtra, 431001",M.D. (PREVENTIVE and SOCIAL MEDICINE)/ COMMUNITY MEDICINE,SC,SC,Allotted
1518,102646,DNB Quota,"FAKIR MOHAN MEDICAL COLLEGE AND HOSPITAL , Orissa,AT-Remuna Post-Remuna Dist-Balasore, Odisha, 756019",(NBEMS-DIPLOMA) FAMILY MEDICINE,SC,SC,Allotted
1519,102798,All India,"Government Medical College, Surat,Government Medical College, Majuragate, Surat., Gujarat, 395001",M.D. (BIOCHEMISTRY),Open,GN,Allotted
1520,102884,All India,"Agartala Government Medical College,Agartala Government Medical College, Tripura, 799006",M.D. (FORENSIC MEDICINE),Open,GN,Allotted
1521,102986,All India,"Tirunelveli Medical College,TIRUNELVELI MEDICAL COLLEGE, HIGHGROUND, TIRUNELVELI-11, Tamil Nadu, 627011",M.D. (BIOCHEMISTRY),OBC,OBC,Allotted
1522,103002,All India,"Sardar Patel Medical College, Bikaner,Sardar Patel Medical College, Bikaner, Rajasthan, 334003",M.D. (BIOCHEMISTRY),Open,OBC,Allotted
1523,103012,All India,"Government Medical College,Theni ,Government Medical College,Theni, Tamil Nadu, 625512",MD/MS (Anatomy),Open,GN,Allotted
1524,103319,All India,"Assam Medical College,Assam Medical College, Assam, 786002",M.D. (PHYSIOLOGY),Open,GN,Allotted
1525,103326,All India,"DARBHANGA MEDICAL COLLEGE,Sheetal Prasad Marg, Laheriasarai, Darbhanga, Bihar, Bihar, 846003",M.D. (PHYSIOLOGY),Open,GN,Allotted
1526,103362,Delhi University Quota,"Lady Hardinge Medical College,Lady Hardinge Medical College, Delhi (NCT), 110001",M.D. (PATHOLOGY),ST,ST,Allotted
1527,103429,All India,"Government Medical College, Miraj,Government Medical College, Miraj, Maharashtra, 416410",M.D. (PREVENTIVE and SOCIAL MEDICINE)/ COMMUNITY MEDICINE,SC,SC,Allotted
1528,103552,All India,"ACSR GOVERNMENT MEDICAL COLLEGE,NELLORE,Opp AC Subbareddy Stadium Dargamitta Nellore, Andhra Pradesh, 524004",M.D. (FORENSIC MEDICINE),OBC,OBC,Allotted
1529,103553,All India,"R G KAR MEDICAL COLLEGE, West Bengal,R G KAR MEDICAL COLLEGE,1 KHUDIRAM BOSE SARANI,KOLKATA, West Bengal, West Bengal, 700004",M.D. (FORENSIC MEDICINE),OBC,OBC,Allotted
1530,103641,All India,"Guru Gobind Singh Medical College,Guru Gobind Singh Medical College, Punjab, 151203",M.D. (MICROBIOLOGY),Open,SC,Allotted
1531,103651,All India,"Gandhi Medical College, Bhopal,Gandhi Medical College, Bhopal, Madhya Pradesh, 462001",M.D. (FORENSIC MEDICINE),Open,GN,Allotted
1532,103655,All India,"Grant Medical College, Maharashtra,Grant Medical College, Maharashtra, Maharashtra, 400008",M.D. (FORENSIC MEDICINE),Open,GN,Allotted
1533,103704,All India,"INSTITUTE OF MEDICAL SCIENCES, BANARAS HINDU UNIVERSITY,INSTITUTE OF MEDICAL SCIENCES, BANARAS HINDU UNIVERSITY, Uttar Pradesh, 221005",MD/MS (Anatomy),Open,GN,Allotted
1534,103710,All India,"Moti Lal Nehru Medical College,Moti Lal Nehru Medical College, Uttar Pradesh, 211001",M.D. (PREVENTIVE and SOCIAL MEDICINE)/ COMMUNITY MEDICINE,SC,SC,Allotted
1535,103732,All India,"University College of Medical Sciences,University College of Medical Sciences, Delhi (NCT), 110095",M.D. (BIOCHEMISTRY),Open,SC,Allotted
1536,103751,All India,"GOVERNMENT MEDICAL COLLEGE KADAPA (FORMERLY RAJIV GANDHI INSTITUTE OF MEDICAL SCIENCES, KADAPA),GOVERNMENT MEDICAL COLLEGE KADAPA (FORMERLY RAJIV GANDHI INSTITUTE OF MEDICAL SCIENCES, KADAPA), Andhra Pradesh, 516002",MD/MS (Anatomy),Open,GN,Allotted
1537,103762,All India,"THANJAVUR MEDICAL COLLEGE, THANJAVUR,THANJAVUR MEDICAL COLLEGE, THANJAVUR, Tamil Nadu, 613004",M.D. (BIOCHEMISTRY),SC,SC,Allotted
1538,103825,All India,"Mahatma Gandhi Institute of Medical Sciences, Wardha,Mahatma Gandhi Institute of Medical Sciences, Sevagram, Wardha, Maharashtra, 442102",M.D. (MICROBIOLOGY),Open,GN,Allotted
1539,103889,All India,"BELAGAVI INSTITUTE OF MEDICAL SCIENCES, BELAGAVI,BELAGAVI INSTITUTE OF MEDICAL SCIENCES, BELAGAVI, Karnataka, 590001",M.D. (FORENSIC MEDICINE),Open,GN,Allotted
1540,103893,All India,"Bankura Sammilani Medical College,Bankura Sammilani Medical College, West Bengal, 722102",M.D. (MICROBIOLOGY),OBC,OBC,Allotted
1541,104132,DNB Quota,"Post Graduate Institute of Child Health (PGICH), SEC-30, Noida,Post Graduate Instituite of Child Health sec-30 Noida, Gautam Buddh Nagar, Uttar Pradesh, 201303",(NBEMS) IMMUNO-HAEMATOLOGY AND BLOOD TRANSFUSION,ST,ST,Allotted
1542,104320,All India,"Maharaja Krushna Chandra Gajapati Medical College , Brahmapur,Maharaja Krushna Chandra Gajapati Medical College , Brahmapur, Odisha, 760004",M.D. (PREVENTIVE and SOCIAL MEDICINE)/ COMMUNITY MEDICINE,ST,ST,Allotted
1543,104332,All India,"Rajendra Institute of Medical Sciences, Ranchi,Rajendra Institute of Medical Sciences, Ranchi, Jharkhand, 834009",M.D. (MICROBIOLOGY),OBC,OBC,Allotted
1544,104409,All India,"Government Medical College, Nizamabad, Telangana State,Government Medical College, Nizamabad, Telangana State, Telangana, 503001",M.D. (PHARMACOLOGY),Open,GN,Allotted
1545,104455,All India,"Sawai Man Singh Medical College, JAIPUR,Sawai Man Singh Medical College, JAIPUR, Rajasthan, 302004",M.D. (PHARMACOLOGY),SC,SC,Allotted
1546,104472,All India,"Baba Raghav Das Medical College,Baba Raghav Das Medical College, Uttar Pradesh, 273013",M.D. (PHARMACOLOGY),Open,GN,Allotted
1547,104596,All India,"NETAJI SUBHAS NATIONAL INSTITUTE OF SPORTS, PATIALA,NETAJI SUBHAS NATIONAL INSTITUTE OF SPORTS, OLD MOTIBAGH, PATIALA, Punjab, 147001",DIP. IN SPORTS MEDICINE,ST,ST,Allotted
1548,104648,All India,"COIMBATORE MEDICAL COLLEGE,COIMBATORE MEDICAL COLLEGE, Tamil Nadu, 641014",M.D. (PHYSIOLOGY),SC,SC,Allotted
1549,104653,All India,"IPGME&R and SSKM Hospital Kolkata,IPGME&R and SSKM Hospital Kolkata, West Bengal, 700020",M.D. (PATHOLOGY),ST,ST,Allotted
1550,104752,DNB Quota,"Government Medical College, ,COLLECTORATE BEHIND, RAMANATHAPURAM., Tamil Nadu, 623503",(NBEMS-DIPLOMA) FAMILY MEDICINE,SC,SC,Allotted
1551,104846,All India,"Bangalore Medical College and Research Institute,Bangalore Medical College and Research Institute, Karnataka, 560002",MD/MS (Anatomy),SC,SC,Allotted
1552,105058,DNB Quota,"National Institute of Tuberculosis and Respiratory Diseases, (Formerly Known as L.R.S. Instt. of T.B. and Allied Scs),,National Institute of Tuberculosis and Respiratory Diseases (Formerly Known as L.R.S. Instt. of T.B., Delhi (NCT), 110030",(NBEMS) MICROBIOLOGY,OBC,OBC,Allotted
1553,105084,All India,"Karwar Institute of Medical Sciences, Karnataka,MG Road, Karnataka, 581301",M.D. (FORENSIC MEDICINE),Open,GN,Allotted
1554,105110,All India,"Govt. Bundelkhand Medical College Sagar M.P.,Govt. Bundelkhand Medical College Sagar M.P., Madhya Pradesh, 470001",M.D. (PREVENTIVE and SOCIAL MEDICINE)/ COMMUNITY MEDICINE,SC,SC,Allotted
1555,105141,DNB Quota,"General Hospital, ,OLD SABJI MANDI HINDUAN GATE KARAULI, Rajasthan, 322241",(NBEMS-DIPLOMA) FAMILY MEDICINE,EWS,EWS,Allotted
1556,105167,All India,"JAWAHAR LAL NEHRU MEDICAL COLLEGE, AJMER,NEAR PATEL STADIUM, AJMER, Rajasthan, 305001",M.D. (PHARMACOLOGY),Open,OBC,Allotted
1557,105220,All India,"THANJAVUR MEDICAL COLLEGE, THANJAVUR,THANJAVUR MEDICAL COLLEGE, THANJAVUR, Tamil Nadu, 613004",M.D. (PATHOLOGY),ST,ST,Allotted
1558,105227,All India,"Govt. Bundelkhand Medical College Sagar M.P.,Govt. Bundelkhand Medical College Sagar M.P., Madhya Pradesh, 470001",M.D. (FORENSIC MEDICINE),Open,GN,Allotted
1559,105340,All India,"Bangalore Medical College and Research Institute,Bangalore Medical College and Research Institute, Karnataka, 560002",M.D. (PHARMACOLOGY),OBC,OBC,Allotted
1560,105355,All India,"Government Medical College, Aurangabad,Government Medical College, Aurangabad, Maharashtra, 431001",M.D. (MICROBIOLOGY),Open,GN,Allotted
1561,105441,DNB Quota,"District Hospital, ,District Hospital, Near KEB, PB Road, Haveri, Karnataka, 581110",(NBEMS-DIPLOMA) Obstetrics and Gynaecology,ST,ST,Allotted
1562,105706,All India,"North Bengal Medical College,North Bengal Medical College, West Bengal, 734012",M.D. (MICROBIOLOGY),OBC,OBC,Allotted
1563,105748,All India,"VSS INSTITUTE OF MEDICAL SCIENCES AND RESEARCH,BURLA,VSS INSTITUTE OF MEDICAL SCIENCES AND RESEARCH,BURLA, Odisha, 768017",M.D. (FORENSIC MEDICINE),Open,GN,Allotted
1564,105991,All India,"PATNA MEDICAL COLLEGE, PATNA,PATNA MEDICAL COLLEGE, PATNA, Bihar, 800004",MD/MS (Anatomy),Open,GN,Allotted
1565,106032,All India,"Government Medical College, Cuddalore District,Govt. Medical College and Hospital, Cuddalore District Erstwhile Rajah Muthiah Medical College Annam, Tamil Nadu, 608002",M.D. (PHYSIOLOGY),OBC,OBC,Allotted
1566,106059,All India,"Midnapore Medical College and Hospital,Midnapore Medical College and Hospital, West Bengal, 721101",M.D. (PHARMACOLOGY),SC,SC,Allotted
1567,106070,All India,"Burdwan Medical College, West Bengal,Burdwan Medical College, West Bengal, West Bengal, 713104",M.D. (FORENSIC MEDICINE),Open,GN,Allotted
1568,106238,All India,"MADRAS MEDICAL COLLEGE,EVR PERIYAR SALAI, CHENNAI-03, Tamil Nadu, 600003",M.D. (PATHOLOGY),ST,ST,Allotted
1569,106361,All India,"Andhra Medical College,Andhra Medical College, Andhra Pradesh, 530002",M.D. (BIOCHEMISTRY),Open,GN,Allotted
1570,106386,DNB Quota,"Government Medical College and Associated Hospital,,JANGLAT MANDI ANANTNAG, JAMMU AND KASHMIR 192101, Jammu And Kashmir, 192101",(NBEMS-DIPLOMA) FAMILY MEDICINE,SC,SC,Allotted
1571,106535,DNB Quota,"Government Medical College, ,COLLECTORATE BEHIND, RAMANATHAPURAM., Tamil Nadu, 623503",(NBEMS-DIPLOMA) Obstetrics and Gynaecology,ST,ST,Allotted
1572,106630,All India,"DR. SHANKARRAO CHAVAN GOVERNMENT MEDICAL COLLEGE, NANDED,DR. SHANKARRAO CHAVAN GOVERNMENT MEDICAL COLLEGE, VISHNUPURI, NANDED, Maharashtra, 431606",M.D. (FORENSIC MEDICINE),Open,GN,Allotted
1573,106786,All India,"Government Medical College, Cuddalore District,Govt. Medical College and Hospital, Cuddalore District Erstwhile Rajah Muthiah Medical College Annam, Tamil Nadu, 608002",M.D. (BIOCHEMISTRY),SC,SC,Allotted
1574,106903,All India,"INDIRA GANDHI GOVT.MEDICAL COLLEGE NAGPUR,INDIRA GANDHI GOVT.MEDICAL COLLEGE NAGPUR, Maharashtra, 440018",M.D. (MICROBIOLOGY),Open,GN,Allotted
1575,106939,All India,"GOVT. MEDICAL COLLEGE AND HOSPITAL, CHANDIGARH,GOVT. MEDICAL COLLEGE AND HOSPITAL, CHANDIGARH, Chandigarh, 160030",M.D. (BIOCHEMISTRY),Open,GN,Allotted
1576,107016,All India,"LOKMANYA TILAK MEDICAL COLLEGE MUMBAI,LOKMANYA TILAK MEDICAL COLLEGE MUMBAI, Maharashtra, 400022",M.D. (MICROBIOLOGY),OBC,OBC,Allotted
1577,107056,All India,"Veer Chandra Singh Garhwali Govt. Institute of Medical Science & Research,Veer Chandra Singh Garhwali Govt. Institute of Medical Science and Research, Srinagar Garhwal, Uttarakhand, 246174",M.D. (PATHOLOGY),ST,ST,Allotted
1578,107161,All India,"B.J.Government Medical College, Pune,B.J.Government Medical College, Pune, Maharashtra, 411001",M.D. (PHARMACOLOGY),EWS,EWS,Allotted
1579,107174,All India,"Indira Gandhi Institute of Medical Sciences, Patna,Indira Gandhi Institute of Medical Sciences, Patna, Bihar, 800014",M.D. (BIOCHEMISTRY),OBC,OBC,Allotted
1580,107290,All India,"M. P. SHAH GOVERNMENT MEDICAL COLLEGE,M. P. SHAH GOVERNMENT MEDICAL COLLEGE, Gujarat, 361008",M.D. (MICROBIOLOGY),ST,ST,Allotted
1581,107331,All India,"M. P. SHAH GOVERNMENT MEDICAL COLLEGE,M. P. SHAH GOVERNMENT MEDICAL COLLEGE, Gujarat, 361008",M.D. (MICROBIOLOGY),SC,SC,Allotted
1582,107356,All India,"INSTITUTE OF MEDICAL SCIENCES, BANARAS HINDU UNIVERSITY,INSTITUTE OF MEDICAL SCIENCES, BANARAS HINDU UNIVERSITY, Uttar Pradesh, 221005",M.D. (BIOCHEMISTRY),OBC,OBC,Allotted
1583,107435,DNB Quota,"General Hospital, ,SECTOR-6, PANCHKULA, HARYANA-134108, Haryana, 134108",(NBEMS-DIPLOMA) Tuberculosis and CHEST DISEASES,ST,ST,Allotted
1584,107514,All India,"Burdwan Medical College, West Bengal,Burdwan Medical College, West Bengal, West Bengal, 713104",M.D. (PHARMACOLOGY),SC,SC,Allotted
1585,107539,All India,"Mahatma Gandhi Memorial Medical College, Indore,Mahatma Gandhi Memorial Medical College, Indore, Madhya Pradesh, 452001",M.D. (MICROBIOLOGY),Open,GN,Allotted
1586,107561,All India,"RAJIV GANDHI MEDICAL COLLEGE KALWA THANE,RAJIV GANDHI MEDICAL COLLEGE,THANE BELAPUR ROAD, KALWA, THANE, Maharashtra, 400605",M.D. (BIOCHEMISTRY),Open,GN,Allotted
1587,107817,All India,"Govt. Bundelkhand Medical College Sagar M.P.,Govt. Bundelkhand Medical College Sagar M.P., Madhya Pradesh, 470001",M.D. (FORENSIC MEDICINE),Open,SC,Allotted
1588,108001,All India,"MADURAI MEDICAL COLLEGE,MADURAI MEDICAL COLLEGE, Tamil Nadu, 625020",MD/MS (Anatomy),OBC,OBC,Allotted
1589,108181,All India,"ANUGRAH NARAYAN MAGADH MEDICAL COLLEGE,ANUGRAH NARAYAN MAGADH MEDICAL COLLEGE, Bihar, 823001",M.D. (PHARMACOLOGY),Open,SC,Allotted
1590,108310,All India,"Govt. Medical College, Jammu,Govt. Medical College, Bakshi Nagar, Jamu, Jammu And Kashmir, 180001",M.D. (PATHOLOGY),ST,ST,Allotted
1591,108366,All India,"DARBHANGA MEDICAL COLLEGE,Sheetal Prasad Marg, Laheriasarai, Darbhanga, Bihar, Bihar, 846003",MD/MS (Anatomy),Open,GN,Allotted
1592,108386,All India,"RAJIV GANDHI MEDICAL COLLEGE KALWA THANE,RAJIV GANDHI MEDICAL COLLEGE,THANE BELAPUR ROAD, KALWA, THANE, Maharashtra, 400605",M.D. (MICROBIOLOGY),Open,SC,Allotted
1593,108402,All India,"Bangalore Medical College and Research Institute,Bangalore Medical College and Research Institute, Karnataka, 560002",MD/MS (Anatomy),SC,SC,Allotted
1594,108454,All India,"Gandhi Medical College, Bhopal,Gandhi Medical College, Bhopal, Madhya Pradesh, 462001",M.D. (MICROBIOLOGY),SC,SC,Allotted
1595,108601,All India,"B.J.Government Medical College, Pune,B.J.Government Medical College, Pune, Maharashtra, 411001",M.D. (FORENSIC MEDICINE),OBC,OBC,Allotted
1596,108734,All India,"ANUGRAH NARAYAN MAGADH MEDICAL COLLEGE,ANUGRAH NARAYAN MAGADH MEDICAL COLLEGE, Bihar, 823001",M.D. (BIOCHEMISTRY),Open,GN,Allotted
1597,108738,All India,"Govt. Medical College Akola,Govt. Medical College Akola, Maharashtra, 444001",M.D. (FORENSIC MEDICINE),Open,GN,Allotted
1598,108748,All India,"NALANDA MEDICAL COLLEGE,PATNA,NALANDA MEDICAL COLLEGE,PATNA, Bihar, 800026",M.D. (PHYSIOLOGY),Open,GN,Allotted
1599,108816,All India,"TOPIWALA NATIONAL MEDICAL COLLEGE,TOPIWALA NATIONAL MEDICAL COLLEGE, Maharashtra, 400008",M.D. (FORENSIC MEDICINE),OBC,OBC,Allotted
1600,108828,All India,"GOVERNMENT MEDICAL COLLEGE CHANDRAPUR, MAHARASHTRA,TB Hospital Campus, Ram Nagar, Chandrapur - 442401, Maharashtra, 442401",M.D. (PHARMACOLOGY),Open,GN,Allotted
1601,108844,All India,"Osmania Medical Collge,Osmania Medical Collge, Telangana, 500095",M.D. (PHYSIOLOGY),Open,GN,Allotted
1602,108862,All India,"Government Medical College, Siddipet,SURVEY NO 54 GOVERNMENT MEDICAL COLLEGE ENSANPALLY SIDDIPET 502114, Telangana, 502114",M.D. (FORENSIC MEDICINE),OBC,OBC,Allotted
1603,109250,All India,"Government Medical College, Nagpur,Government Medical College, Nagpur, Maharashtra, 440003",M.D. (MICROBIOLOGY),Open,GN,Allotted
1604,109257,All India,"Pt. Jawahar Lal Nehru Memorial Medical College, RAIPUR,Pt. Jawahar Lal Nehru Memorial Medical College, RAIPUR, Chhattisgarh, 492001",M.D. (BIOCHEMISTRY),Open,OBC,Allotted
1605,109398,All India,"MAHARANI LAXMI BAI MEDICAL COLLEGE JHANSI,MAHARANI LAXMI BAI MEDICAL COLLEGE JHANSI, Uttar Pradesh, 284128",M.D. (PHYSIOLOGY),Open,GN,Allotted
1606,109440,All India,"Rajendra Institute of Medical Sciences, Ranchi,Rajendra Institute of Medical Sciences, Ranchi, Jharkhand, 834009",M.D. (PHARMACOLOGY),OBC,OBC,Allotted
1607,109500,All India,"Ganesh Shankar Vidyarthi Memorial Medical College,Ganesh Shankar Vidyarthi Memorial Medical College, Uttar Pradesh, 208002",M.D. (PHYSIOLOGY),Open,SC PwD,Allotted
1608,109513,All India,"Grant Medical College, Maharashtra,Grant Medical College, Maharashtra, Maharashtra, 400008",M.D. (PREVENTIVE and SOCIAL MEDICINE)/ COMMUNITY MEDICINE,ST,ST,Allotted
1609,109626,All India,"GANDHI MEDICAL COLLEGE,GANDHI MEDICAL COLLEGE, Telangana, 500003",M.D. (MICROBIOLOGY),OBC,OBC,Allotted
1610,109671,IP University Quota,"ESI-POST GRADUATE INSTITUTE OF MEDICAL SCIENCES AND RESEARCH, BASAIDARAPUR, NEW DELHI,ESI-POST GRADUATE INSTITUTE OF MEDICAL SCIENCES AND RESEARCH, BASAIDARAPUR, NEW DELHI, Delhi (NCT), 110015",M.D. (ANAESTHESIOLOGY),SC,SC,Allotted
1611,109679,All India,"BELAGAVI INSTITUTE OF MEDICAL SCIENCES, BELAGAVI,BELAGAVI INSTITUTE OF MEDICAL SCIENCES, BELAGAVI, Karnataka, 590001",MD/MS (Anatomy),Open,OBC,Allotted
1612,109818,All India,"INSTITUTE OF MEDICAL SCIENCES, BANARAS HINDU UNIVERSITY,INSTITUTE OF MEDICAL SCIENCES, BANARAS HINDU UNIVERSITY, Uttar Pradesh, 221005",MD/MS (Anatomy),OBC,OBC,Allotted
1613,109831,DNB Quota,"Government Medical College & Attached Hospital Bharatpur,GOVERNMENT MEDICAL COLLEGE BHARATPUR VILLAGE RAMPURA NH 21, Rajasthan, 321001",(NBEMS-DIPLOMA) ANAESTHESIOLOGY,EWS,EWS,Allotted
1614,109933,All India,"Burdwan Medical College, West Bengal,Burdwan Medical College, West Bengal, West Bengal, 713104",M.D. (PATHOLOGY),ST,ST,Allotted
1615,109974,All India,"Kidwai Memorial Institute of Oncolgy,Kidwai Memorial Institute of Oncolgy, Karnataka, 560029",M.D. (MICROBIOLOGY),OBC,OBC,Allotted
1616,110277,All India,"Siddhartha Medical College, Vijayawada,Siddhartha Medical College, Vijayawada, Andhra Pradesh, 520008",M.D. (FORENSIC MEDICINE),SC,SC,Allotted
1617,110370,All India,"Seth Gordhandas Sunderdas Medical College, MUMBAI,Seth Gordhandas Sunderdas Medical College, Acharya Donde Marg Parel MUMBAI, Maharashtra, 400012",M.D. (PHYSIOLOGY),Open,ST,Allotted
1618,110392,All India,"GOA MEDICAL COLLEGE,Bambolim, Goa, Goa, 403202",MD/MS (Anatomy),Open,GN,Allotted
1619,110414,All India,"RAJIV GANDHI INSTITUTE OF MEDICAL SCIENCES,RAJIV GANDHI INSTITUTE OF MEDICAL SCIENCES ADILABAD -504001 TELANGANA STATE, Telangana, 504001",M.D. (FORENSIC MEDICINE),OBC,OBC,Allotted
1620,110442,All India,"University College of Medical Sciences,University College of Medical Sciences, Delhi (NCT), 110095",M.D. (PHYSIOLOGY),Open,GN,Allotted
1621,110506,All India,"Gandhi Medical College, Bhopal,Gandhi Medical College, Bhopal, Madhya Pradesh, 462001",M.D. (FORENSIC MEDICINE),Open,GN,Allotted
1622,110551,All India,"JHALAWAR MEDICAL COLLEGE,JHALAWAR MEDICAL COLLEGE, JHALAWAR, Rajasthan, 326001",M.D. (PREVENTIVE and SOCIAL MEDICINE)/ COMMUNITY MEDICINE,SC,SC,Allotted
1623,110637,All India,"Lala Lajpat Rai Memorial Medical College, MEERUT,Lala Lajpat Rai Memorial Medical College, MEERUT, Uttar Pradesh, 250004",M.D. (PHARMACOLOGY),SC,SC,Allotted
1624,110642,All India,"DR. SHANKARRAO CHAVAN GOVERNMENT MEDICAL COLLEGE, NANDED,DR. SHANKARRAO CHAVAN GOVERNMENT MEDICAL COLLEGE, VISHNUPURI, NANDED, Maharashtra, 431606",M.D. (FORENSIC MEDICINE),Open,OBC,Allotted
1625,110727,All India,"VSS INSTITUTE OF MEDICAL SCIENCES AND RESEARCH,BURLA,VSS INSTITUTE OF MEDICAL SCIENCES AND RESEARCH,BURLA, Odisha, 768017",M.D. (BIOCHEMISTRY),Open,ST,Allotted
1626,110819,All India,"INDIRA GANDHI GOVT.MEDICAL COLLEGE NAGPUR,INDIRA GANDHI GOVT.MEDICAL COLLEGE NAGPUR, Maharashtra, 440018",M.D. (PHARMACOLOGY),Open,GN,Allotted
1627,110862,All India,"Kakatiya Medical College,Kakatiya Medical College, Telangana, 506007",M.D. (MICROBIOLOGY),OBC,OBC,Allotted
1628,110967,All India,"Rajendra Institute of Medical Sciences, Ranchi,Rajendra Institute of Medical Sciences, Ranchi, Jharkhand, 834009",M.D. (PHYSIOLOGY),Open,ST,Allotted
1629,111158,All India,"CHHATTISGARH INSTITUTE OF MEDICAL SCIENCES,CHHATTISGARH INSTITUTE OF MEDICAL SCIENCES, Chhattisgarh, 495001",M.D. (BIOCHEMISTRY),OBC,OBC,Allotted
1630,111193,All India,"JAWAHAR LAL NEHRU MEDICAL COLLEGE, AJMER,NEAR PATEL STADIUM, AJMER, Rajasthan, 305001",M.D. (PREVENTIVE and SOCIAL MEDICINE)/ COMMUNITY MEDICINE,ST,ST,Allotted
1631,111394,All India,"Andhra Medical College,Andhra Medical College, Andhra Pradesh, 530002",M.D. (BIOCHEMISTRY),OBC,OBC,Allotted
1632,111488,All India,"ESIC Medical College & Hospital, Faridabad,NH-3, NIT, FARIDABAD, Haryana, 121001",M.D. (PATHOLOGY),ST,ST,Allotted
1633,111492,IP University Quota,"Vardhman Mahavir Medical College, , New Delhi,Vardhman Mahavir Medical College, , New Delhi, Delhi (NCT), 110029",M.S. (GENERAL SURGERY),ST,ST,Allotted
1634,111619,All India,"Assam Medical College,Assam Medical College, Assam, 786002",M.D. (PHARMACOLOGY),OBC,OBC,Allotted
1635,111653,All India,"Rajarshee Chhatrapati Shahu Maharaj Government Medical College, Kolhapur,R.K. Nagar Road, Shenda Park, Kolhapur, Maharashtra, Maharashtra, 416012",M.D. (PHARMACOLOGY),Open,GN,Allotted
1636,111820,All India,"Government Medical College, Nagpur,Government Medical College, Nagpur, Maharashtra, 440003",M.D. (MICROBIOLOGY),Open,GN,Allotted
1637,111949,All India,"Kodagu Institute of Medical Sciences, Karnataka,Kodagu Institute of Medical Sciences Madikeri Kodagu, Karnataka, 571201",M.D. (MICROBIOLOGY),Open,GN,Allotted
1638,111992,All India,"Sawai Man Singh Medical College, JAIPUR,Sawai Man Singh Medical College, JAIPUR, Rajasthan, 302004",M.D. (BIOCHEMISTRY),Open,GN,Allotted
1639,112013,All India,"Burdwan Medical College, West Bengal,Burdwan Medical College, West Bengal, West Bengal, 713104",M.D. (FORENSIC MEDICINE),Open,OBC,Allotted
1640,112060,All India,"Mahatma Gandhi Memorial Medical College, Jamshedpur,Mahatma Gandhi Memorial Medical College, Jamshedpur, Jharkhand, 831020",M.D. (PHARMACOLOGY),Open,GN,Allotted
1641,112071,All India,"Dr. Rajendra Prasad Government Medical College, Tanda,Dr. Rajendra Prasad Government Medical College, Tanda, Himachal Pradesh, 176002",M.D. (MICROBIOLOGY),OBC,OBC,Allotted
1642,112309,All India,"SWAMI RAMANAND TEERTH RURAL GOVERNMENT MEDICAL COLLEGE AMBAJOGAI,SWAMI RAMANAND TEERTH RURAL GOVERNMENT MEDICAL COLLEGE AMBAJOGAI, Maharashtra, 431517",M.D. (MICROBIOLOGY),Open,GN,Allotted
1643,112327,All India,"VSS INSTITUTE OF MEDICAL SCIENCES AND RESEARCH,BURLA,VSS INSTITUTE OF MEDICAL SCIENCES AND RESEARCH,BURLA, Odisha, 768017",M.D. (PREVENTIVE and SOCIAL MEDICINE)/ COMMUNITY MEDICINE,SC,SC,Allotted
1644,112381,All India,"LATE SHRI LAKHI RAM AGRAWAL MEMORIAL GOVT.MEDICAL COLLEGE,LATE SHRI LAKHI RAM AGRAWAL MEMORIAL GOVT.MEDICAL COLLEGE, Chhattisgarh, 496001",M.D. (FORENSIC MEDICINE),Open,GN,Allotted
1645,112400,All India,"Government Medical College, Mahabubnagar,Government Medical College, Yedira, Mahabubnagar, Telangana state, Telangana, 509002",M.D. (PHARMACOLOGY),Open,GN,Allotted
1646,112492,DNB Quota,"Associated Hospital Government Medical College, ,Government Medical College Chack Sajjan Kathua, Jammu And Kashmir, 184101",(NBEMS) PHARMACOLOGY,Open,OBC,Allotted
1647,112598,All India,"GOVT MEDICAL COLLEGE KOTTAYAM,GOVT MEDICAL COLLEGE, GANDHINAGAR P O, KOTTAYAM KERALA 686008, Kerala, 686008",M.D. (BIOCHEMISTRY),OBC,OBC,Allotted
1648,112669,All India,"Government Medical College Suryapet Telangana,Amaravadi Nagar Thallagadda Suryapet, Telangana, 508213",M.D. (PHYSIOLOGY),Open,GN,Allotted
1649,112897,All India,"Ganesh Shankar Vidyarthi Memorial Medical College,Ganesh Shankar Vidyarthi Memorial Medical College, Uttar Pradesh, 208002",M.D. (PHARMACOLOGY),SC,SC,Allotted
1650,112905,All India,"CHHATTISGARH INSTITUTE OF MEDICAL SCIENCES,CHHATTISGARH INSTITUTE OF MEDICAL SCIENCES, Chhattisgarh, 495001",M.D. (BIOCHEMISTRY),SC,SC,Allotted
1651,112971,All India,"Government Medical College, Latur,Government Medical College, Old Railway station Near Marwadi Rajasthani High-School Latur, Maharashtra, 413512",M.D. (PHYSIOLOGY),Open,GN,Allotted
1652,113010,All India,"Srirama Chandra Bhanja Medical College, CUTTACK,Srirama Chandra Bhanja Medical College, CUTTACK, Odisha, 753007",M.D. (FORENSIC MEDICINE),OBC,OBC,Allotted
1653,113016,All India,"RAICHUR INSTITUTE OF MEDICAL SCIENCES,RAICHUR INSTITUTE OF MEDICAL SCIENCES, Karnataka, 584102",M.D. (MICROBIOLOGY),OBC,OBC,Allotted
1654,113062,All India,"Moti Lal Nehru Medical College,Moti Lal Nehru Medical College, Uttar Pradesh, 211001",M.D. (FORENSIC MEDICINE),OBC,OBC,Allotted
1655,113277,All India,"INDIRA GANDHI GOVT.MEDICAL COLLEGE NAGPUR,INDIRA GANDHI GOVT.MEDICAL COLLEGE NAGPUR, Maharashtra, 440018",M.D. (FORENSIC MEDICINE),Open,SC,Allotted
1656,113341,All India,"Agartala Government Medical College,Agartala Government Medical College, Tripura, 799006",M.D. (PHARMACOLOGY),SC,SC,Allotted
1657,113544,All India,"JAWAHARLAL NEHRU MEDICAL COLLEGE, BHAGALPUR,JAWAHARLAL NEHRU MEDICAL COLLEGE, BHAGALPUR, Bihar, 812001",M.D. (FORENSIC MEDICINE),Open,GN,Allotted
1658,113560,All India,"DR. SHANKARRAO CHAVAN GOVERNMENT MEDICAL COLLEGE, NANDED,DR. SHANKARRAO CHAVAN GOVERNMENT MEDICAL COLLEGE, VISHNUPURI, NANDED, Maharashtra, 431606",M.D. (FORENSIC MEDICINE),OBC,OBC,Allotted
1659,113631,All India,"Karwar Institute of Medical Sciences, Karnataka,MG Road, Karnataka, 581301",M.D. (BIOCHEMISTRY),Open,GN,Allotted
1660,113844,All India,"DARBHANGA MEDICAL COLLEGE,Sheetal Prasad Marg, Laheriasarai, Darbhanga, Bihar, Bihar, 846003",M.D. (MICROBIOLOGY),EWS,GN,Allotted
1661,113909,All India,"GADAG INSTITUTE OF MEDICAL SCIENCES GADAG,Gadag Institute of Medical Sciences Mallasamudra Gadag-582103, Karnataka, 582103",M.D. (FORENSIC MEDICINE),Open,OBC,Allotted
1662,113965,All India,"Siddhartha Medical College, Vijayawada,Siddhartha Medical College, Vijayawada, Andhra Pradesh, 520008",M.D. (BIOCHEMISTRY),Open,GN,Allotted
1663,113996,All India,"University College of Medical Sciences,University College of Medical Sciences, Delhi (NCT), 110095",MD/MS (Anatomy),Open,GN,Allotted
1664,114020,All India,"SWAMI RAMANAND TEERTH RURAL GOVERNMENT MEDICAL COLLEGE AMBAJOGAI,SWAMI RAMANAND TEERTH RURAL GOVERNMENT MEDICAL COLLEGE AMBAJOGAI, Maharashtra, 431517",M.D. (FORENSIC MEDICINE),Open,OBC,Allotted
1665,114157,All India,"GADAG INSTITUTE OF MEDICAL SCIENCES GADAG,Gadag Institute of Medical Sciences Mallasamudra Gadag-582103, Karnataka, 582103",M.D. (PHARMACOLOGY),Open,GN,Allotted
1666,114316,All India,"Shri Vasantrao Naik Govt Medical College Yavatmal,Shri Vasantrao Naik Govt Medical College Yavatmal, Maharashtra, 445001",M.D. (PREVENTIVE and SOCIAL MEDICINE)/ COMMUNITY MEDICINE,SC,SC,Allotted
1667,114412,All India,"College of Medicine & Sagore Dutta Hospital,College of Medicine & Sagore Dutta Hospital, West Bengal, 700058",M.D. (PATHOLOGY),ST,ST,Allotted
1668,114418,All India,"SWAMI RAMANAND TEERTH RURAL GOVERNMENT MEDICAL COLLEGE AMBAJOGAI,SWAMI RAMANAND TEERTH RURAL GOVERNMENT MEDICAL COLLEGE AMBAJOGAI, Maharashtra, 431517",M.D. (PHARMACOLOGY),Open,SC,Allotted
1669,114428,All India,"Government medical college patiala.,Government medical college patiala., Punjab, 147001",M.D. (PHARMACOLOGY),OBC,OBC,Allotted
1670,114549,All India,"Bankura Sammilani Medical College,Bankura Sammilani Medical College, West Bengal, 722102",MD/MS (Anatomy),Open,OBC,Allotted
1671,114550,All India,"GANDHI MEDICAL COLLEGE,GANDHI MEDICAL COLLEGE, Telangana, 500003",M.D. (Hospital Administration),EWS,EWS,Allotted
1672,114574,All India,"BIDAR INSTITUTE OF MEDICAL SCIENCES, BIDAR,BIDAR INSTITUTE OF MEDICAL SCIENCES, BIDAR, Karnataka, 585401",M.D. (FORENSIC MEDICINE),ST,ST,Allotted
1673,114603,All India,"University College of Medical Sciences,University College of Medical Sciences, Delhi (NCT), 110095",MD/MS (Anatomy),Open,GN,Allotted
1674,114790,All India,"NETAJI SUBHASH CHANDRA BOSE MEDICAL COLLEGE, JABALPUR ,NETAJI SUBHASH CHANDRA BOSE MEDICAL COLLEGE, NAGPUR ROAD JABALPUR, Madhya Pradesh, 482003",M.D. (MICROBIOLOGY),Open,GN,Allotted
1675,114815,All India,"Government Medical College, Gondia,Nehru Chowk, KTS General Hospital Campus, Govt. Medical College, Gondia. 441601. Maharashtra., Maharashtra, 441601",M.D. (FORENSIC MEDICINE),OBC,OBC,Allotted
1676,114902,All India,"B. J. MEDICAL COLLEGE, Ahmedabad,B.J. Medical College, New Civil Hospital Asarwa,Ahmedabad-380016,Gujarat,India, Gujarat, 380016",MD/MS (Anatomy),Open,GN,Allotted
1677,115006,All India,"Grant Medical College, Maharashtra,Grant Medical College, Maharashtra, Maharashtra, 400008",M.D. (MICROBIOLOGY),SC,SC,Allotted
1678,115020,All India,"University College of Medical Sciences,University College of Medical Sciences, Delhi (NCT), 110095",M.D. (PHYSIOLOGY),Open,GN,Allotted
1679,115041,All India,"Sawai Man Singh Medical College, JAIPUR,Sawai Man Singh Medical College, JAIPUR, Rajasthan, 302004",M.D. (MICROBIOLOGY),SC,SC,Allotted
1680,115157,All India,"Gulbarga Institute Of Medical Sciences, Kalaburagi,VEERESH NAGAR SEDAM ROAD KALABURAGI, Karnataka, 585105",M.D. (FORENSIC MEDICINE),Open,OBC,Allotted
1681,115175,All India,"HASSAN INSTITUTE OF MEDICAL SCIENCES, HASSAN,HASSAN INSTITUTE OF MEDICAL SCIENCES, HASSAN, Karnataka, 573201",M.D. (FORENSIC MEDICINE),Open,GN,Allotted
1682,115192,All India,"Government Medical College, Latur,Government Medical College, Old Railway station Near Marwadi Rajasthani High-School Latur, Maharashtra, 413512",M.D. (FORENSIC MEDICINE),OBC,OBC,Allotted
1683,115613,All India,"R G KAR MEDICAL COLLEGE, West Bengal,R G KAR MEDICAL COLLEGE,1 KHUDIRAM BOSE SARANI,KOLKATA, West Bengal, West Bengal, 700004",M.D. (PATHOLOGY),ST,ST,Allotted
1684,115674,All India,"Bangalore Medical College and Research Institute,Bangalore Medical College and Research Institute, Karnataka, 560002",M.D. (PREVENTIVE and SOCIAL MEDICINE)/ COMMUNITY MEDICINE,ST,ST,Allotted
1685,115684,All India,"GANDHI MEDICAL COLLEGE,GANDHI MEDICAL COLLEGE, Telangana, 500003",M.D. (BIOCHEMISTRY),OBC,OBC,Allotted
1686,115779,All India,"Sri Bhausaheb Hire Government Medical College,Sri Bhausaheb Hire Government Medical College, Maharashtra, 424311",M.D. (MICROBIOLOGY),Open,GN,Allotted
1687,115912,All India,"Hinduhridayasamrat Balasaheb Thackeray Medical College and Dr. R. N. Cooper Municipal General Hospital, Maharashtra,HBT Medical College and Dr R N Cooper Municipal General Hospital Mumbai, Maharashtra, 400056",M.D. (FORENSIC MEDICINE),Open,GN,Allotted
1688,116187,All India,"Tezpur Medical College,Tezpur Medical College, Assam, 784010",M.D. (MICROBIOLOGY),Open,GN,Allotted
1689,116305,All India,"Gauhati Medical College, Guwahati,Gauhati Medical College, Guwahati, Assam, 781032",M.D. (PHARMACOLOGY),Open,GN,Allotted
1690,116328,All India,"Vallabhbhai Patel Chest Institute, Delhi,Vallabhbhai Patel Chest Institute, Delhi, Delhi (NCT), 110007",M.D. (BIOCHEMISTRY),OBC,OBC,Allotted
1691,116372,All India,"Gauhati Medical College, Guwahati,Gauhati Medical College, Guwahati, Assam, 781032",DIP. IN FORENSIC MEDICINE,Open,ST,Allotted
1692,116414,All India,"CALCUTTA NATIONAL MEDICAL COLLEGE,CALCUTTA NATIONAL MEDICAL COLLEGE 32, Gorachand Road, Kolkata 700014, West Bengal, 700014",M.D. (PHARMACOLOGY),OBC,OBC,Allotted
1693,116720,All India,"Uttar Pradesh University of Medical Sciences, Saifai, Etawah,Uttar Pradesh University of Medical Sciences, Saifai, Etawah, Uttar Pradesh, 206130",M.D. (PHARMACOLOGY),SC,SC,Allotted
1694,116725,All India,"Jorhat Medical College & Hospital,Jorhat Medical College & Hospital, Assam, 785001",M.D. (PHARMACOLOGY),Open,GN,Allotted
1695,116786,All India,"SWAMI RAMANAND TEERTH RURAL GOVERNMENT MEDICAL COLLEGE AMBAJOGAI,SWAMI RAMANAND TEERTH RURAL GOVERNMENT MEDICAL COLLEGE AMBAJOGAI, Maharashtra, 431517",M.D. (PREVENTIVE and SOCIAL MEDICINE)/ COMMUNITY MEDICINE,SC,SC,Allotted
1696,116802,All India,"Silchar Medical College, Silchar,Silchar Medical College, Silchar, Assam, 788014",M.D. (MICROBIOLOGY),SC,SC,Allotted
1697,116835,All India,"Murshidabad Medical College and Hospital,Station Road, Berhampore, Murshidabad, West Bengal, 742101",M.D. (PATHOLOGY),ST,ST,Allotted
1698,116897,All India,"Pt. Jawahar Lal Nehru Memorial Medical College, RAIPUR,Pt. Jawahar Lal Nehru Memorial Medical College, RAIPUR, Chhattisgarh, 492001",M.D. (PHARMACOLOGY),Open,GN,Allotted
1699,116966,All India,"VIJANAGARA INSTITUTE OF MEDICAL SCIENCES BALLARI,VIJANAGARA INSTITUTE OF MEDICAL SCIENCES BALLARI, Karnataka, 583104",M.D. (MICROBIOLOGY),Open,GN,Allotted
1700,116967,All India,"Maulana Azad Medical College,Maulana Azad Medical College, Delhi (NCT), 110002",M.D. (PHYSIOLOGY),OBC,OBC,Allotted
1701,117067,All India,"Dr. Rajendra Prasad Government Medical College, Tanda,Dr. Rajendra Prasad Government Medical College, Tanda, Himachal Pradesh, 176002",M.D. (PHARMACOLOGY),SC,SC,Allotted
1702,117159,All India,"Seth Gordhandas Sunderdas Medical College, MUMBAI,Seth Gordhandas Sunderdas Medical College, Acharya Donde Marg Parel MUMBAI, Maharashtra, 400012",M.D. (PREVENTIVE and SOCIAL MEDICINE)/ COMMUNITY MEDICINE,ST,ST,Allotted
1703,117337,DNB Quota,"Government Allopathic Medical College, Uttar Pradesh,RANI DURGAVATI MEDICAL COLLEGE NARAINI ROAD BANDA, Uttar Pradesh, 210001",(NBEMS-DIPLOMA) FAMILY MEDICINE,SC,SC,Allotted
1704,117446,All India,"Gulbarga Institute Of Medical Sciences, Kalaburagi,VEERESH NAGAR SEDAM ROAD KALABURAGI, Karnataka, 585105",M.D. (FORENSIC MEDICINE),OBC,OBC,Allotted
1705,117894,All India,"INDIRA GANDHI GOVT.MEDICAL COLLEGE NAGPUR,INDIRA GANDHI GOVT.MEDICAL COLLEGE NAGPUR, Maharashtra, 440018",M.D. (FORENSIC MEDICINE),OBC,OBC,Allotted
1706,118212,DNB Quota,"Sri Krishna Medical College and Hospital, ,Uma Nagar Muzaffarpur Bihar 842004, Bihar, 842004",(NBEMS) BIOCHEMISTRY,Open,OBC,Allotted
1707,118248,All India,"Indira Gandhi Institute of Medical Sciences, Patna,Indira Gandhi Institute of Medical Sciences, Patna, Bihar, 800014",MD/MS (Anatomy),Open,GN,Allotted
1708,118274,All India,"Government Medical College, Nalgonda,Office of the Principal, Government Medical College Nalgonda, Near RTC Bus Stand, Gollaguda, Nalgon, Telangana, 508001",M.D. (MICROBIOLOGY),OBC,OBC,Allotted
1709,118281,All India,"Sher-i-Kashmir Institute of Medical Sciences, Srinagar,J&K ,SKIMS, SOURA, SRINAGAR-190011, Jammu And Kashmir, 190011",M.D. (Hospital Administration),ST,ST,Allotted
1710,118296,All India,"Jorhat Medical College & Hospital,Jorhat Medical College & Hospital, Assam, 785001",M.D. (PREVENTIVE and SOCIAL MEDICINE)/ COMMUNITY MEDICINE,SC,SC,Allotted
1711,118324,All India,"Jorhat Medical College & Hospital,Jorhat Medical College & Hospital, Assam, 785001",M.D. (FORENSIC MEDICINE),OBC,OBC,Allotted
1712,118375,All India,"Government Kilpauk Medical College,Government Kilpauk Medical College, Tamil Nadu, 600010",MD/MS (Anatomy),SC,SC,Allotted
1713,118400,DNB Quota,"Associated Hospital Government Medical College, ,Government Medical College Chack Sajjan Kathua, Jammu And Kashmir, 184101",(NBEMS) PHARMACOLOGY,Open,GN,Allotted
1714,118526,All India,"Ravindra Nath Tagore Medical College, Udaipur,Ravindra Nath Tagore Medical College, Udaipur, Rajasthan, 313001",M.D. (PHARMACOLOGY),SC,SC,Allotted
1715,118532,All India,"BPS Govt. Medical College for Women, Khanpur Kalan Sonepat,BPS Govt. Medical College for Women, Khanpur Kalan Sonepat, Haryana, 131305",M.D. (FORENSIC MEDICINE),SC,SC,Allotted
1716,118683,All India,"Karwar Institute of Medical Sciences, Karnataka,MG Road, Karnataka, 581301",M.D. (PHARMACOLOGY),Open,SC,Allotted
1717,118738,All India,"College of Medicine and JNM Hospital, WBUHS,Block A, Post Office Kalyani, Near Silpanchal Station, Block A2, District Nadia, West Bengal, West Bengal, 741235",M.D. (MICROBIOLOGY),OBC,OBC,Allotted
1718,118855,All India,"GOA MEDICAL COLLEGE,Bambolim, Goa, Goa, 403202",DIP. IN FORENSIC MEDICINE,SC,SC,Allotted
1719,119009,DNB Quota,"Government General Hospital, ,GOVERNMENT GENERAL HOSPITAL, ALANPUR LINK ROAD SAWAI MADHOPUR 322001, Rajasthan, 322001",(NBEMS-DIPLOMA) Tuberculosis and CHEST DISEASES,ST,ST,Allotted
1720,119062,All India,"Tezpur Medical College,Tezpur Medical College, Assam, 784010",M.D. (PREVENTIVE and SOCIAL MEDICINE)/ COMMUNITY MEDICINE,SC,SC,Allotted
1721,119076,All India,"Government Medical College, Gondia,Nehru Chowk, KTS General Hospital Campus, Govt. Medical College, Gondia. 441601. Maharashtra., Maharashtra, 441601",M.D. (PHARMACOLOGY),Open,GN,Allotted
1722,119197,All India,"Grant Medical College, Maharashtra,Grant Medical College, Maharashtra, Maharashtra, 400008",M.D. (PHYSIOLOGY),Open,GN,Allotted
1723,119206,All India,"Kakatiya Medical College,Kakatiya Medical College, Telangana, 506007",M.D. (BIOCHEMISTRY),Open,GN,Allotted
1724,119330,All India,"Assam Medical College,Assam Medical College, Assam, 786002",M.D. (MICROBIOLOGY),OBC,OBC,Allotted
1725,119436,DNB Quota,"Rajiv Gandhi Government General Hospital, Principal Medical Officer General hospital, ,Rajiv Gandhi Government General Hospital, near bijli ghar circle, alwar, Rajasthan, 301001",(NBEMS-DIPLOMA) FAMILY MEDICINE,SC,SC,Allotted
1726,119499,All India,"NALANDA MEDICAL COLLEGE,PATNA,NALANDA MEDICAL COLLEGE,PATNA, Bihar, 800026",M.D. (PHYSIOLOGY),OBC,OBC,Allotted
1727,119712,All India,"ANUGRAH NARAYAN MAGADH MEDICAL COLLEGE,ANUGRAH NARAYAN MAGADH MEDICAL COLLEGE, Bihar, 823001",MD/MS (Anatomy),OBC,OBC,Allotted
1728,119928,All India,"Mahatma Gandhi Memorial Medical College, Indore,Mahatma Gandhi Memorial Medical College, Indore, Madhya Pradesh, 452001",M.D. (PHYSIOLOGY),Open,GN,Allotted
1729,119988,All India,"Dr. Rajendra Prasad Government Medical College, Tanda,Dr. Rajendra Prasad Government Medical College, Tanda, Himachal Pradesh, 176002",M.D. (BIOCHEMISTRY),Open,GN,Allotted
1730,120031,All India,"B.J.Government Medical College, Pune,B.J.Government Medical College, Pune, Maharashtra, 411001",M.D. (PREVENTIVE and SOCIAL MEDICINE)/ COMMUNITY MEDICINE,ST,ST,Allotted
1731,120117,All India,"Guru Gobind Singh Medical College,Guru Gobind Singh Medical College, Punjab, 151203",M.D. (MICROBIOLOGY),SC,SC,Allotted
1732,120215,All India,"GOVT MEDICAL COLLEGE,THRISSUR,GOVT MEDICAL COLLEGE,THRISSUR, Kerala, 680596",MD/MS (Anatomy),SC,SC,Allotted
1733,120219,All India,"LATE SHRI LAKHI RAM AGRAWAL MEMORIAL GOVT.MEDICAL COLLEGE,LATE SHRI LAKHI RAM AGRAWAL MEMORIAL GOVT.MEDICAL COLLEGE, Chhattisgarh, 496001",M.D. (FORENSIC MEDICINE),OBC,OBC,Allotted
1734,120277,All India,"Burdwan Medical College, West Bengal,Burdwan Medical College, West Bengal, West Bengal, 713104",M.D. (PHYSIOLOGY),Open,ST,Allotted
1735,120352,All India,"Vardhman Mahavir Medical College, , New Delhi,Vardhman Mahavir Medical College, , New Delhi, Delhi (NCT), 110029",MD/MS (Anatomy),OBC,OBC,Allotted
1736,120398,All India,"GOVT. MEDICAL COLLEGE, AMRITSAR,GOVT. MEDICAL COLLEGE,CIRCULAR ROAD, AMRITSAR, Punjab, 143001",MD/MS (Anatomy),Open,GN,Allotted
1737,120476,All India,"Dr. Rajendra Prasad Government Medical College, Tanda,Dr. Rajendra Prasad Government Medical College, Tanda, Himachal Pradesh, 176002",MD/MS (Anatomy),Open,GN,Allotted
1738,120713,All India,"Tezpur Medical College,Tezpur Medical College, Assam, 784010",M.D. (PREVENTIVE and SOCIAL MEDICINE)/ COMMUNITY MEDICINE,ST,ST,Allotted
1739,120990,All India,"B.J.Government Medical College, Pune,B.J.Government Medical College, Pune, Maharashtra, 411001",M.D. (PHARMACOLOGY),OBC,OBC,Allotted
1740,121009,All India,"VSS INSTITUTE OF MEDICAL SCIENCES AND RESEARCH,BURLA,VSS INSTITUTE OF MEDICAL SCIENCES AND RESEARCH,BURLA, Odisha, 768017",M.D. (FORENSIC MEDICINE),OBC,OBC,Allotted
1741,121062,All India,"ANUGRAH NARAYAN MAGADH MEDICAL COLLEGE,ANUGRAH NARAYAN MAGADH MEDICAL COLLEGE, Bihar, 823001",M.D. (PHYSIOLOGY),Open,GN,Allotted
1742,121081,All India,"B.J.Government Medical College, Pune,B.J.Government Medical College, Pune, Maharashtra, 411001",M.D. (BIOCHEMISTRY),Open,GN,Allotted
1743,121118,All India,"Kodagu Institute of Medical Sciences, Karnataka,Kodagu Institute of Medical Sciences Madikeri Kodagu, Karnataka, 571201",M.D. (MICROBIOLOGY),SC,SC,Allotted
1744,121119,All India,"BIDAR INSTITUTE OF MEDICAL SCIENCES, BIDAR,BIDAR INSTITUTE OF MEDICAL SCIENCES, BIDAR, Karnataka, 585401",M.D. (PHARMACOLOGY),OBC,OBC,Allotted
1745,121140,All India,"LOKMANYA TILAK MEDICAL COLLEGE MUMBAI,LOKMANYA TILAK MEDICAL COLLEGE MUMBAI, Maharashtra, 400022",M.D. (PREVENTIVE and SOCIAL MEDICINE)/ COMMUNITY MEDICINE,ST,ST,Allotted
1746,121246,DNB Quota,"Government Medical College and Bangur Hospital, Nh62 Sumerpur Road Village Ramasiya Pali Rajasthan , Rajasthan-306401,Government Medical College and Bangur Hospital Nh62 Sumerpur Road Village Ramasiya Pali Rajasthan Ra, Rajasthan, 306401",(NBEMS-DIPLOMA) FAMILY MEDICINE,ST,ST,Allotted
1747,121376,All India,"Uttar Pradesh University of Medical Sciences, Saifai, Etawah,Uttar Pradesh University of Medical Sciences, Saifai, Etawah, Uttar Pradesh, 206130",M.D. (PHARMACOLOGY),SC,SC,Allotted
1748,121379,All India,"B.J.Government Medical College, Pune,B.J.Government Medical College, Pune, Maharashtra, 411001",M.D. (PHYSIOLOGY),Open,GN,Allotted
1749,121519,All India,"Dr Ram Manohar Lohia Institute of Medical Sciences, Lucknow,Dr Ram Manohar Lohia Institute of Medical Sciences, Lucknow, Uttar Pradesh, 226010",M.D. (PHYSIOLOGY),OBC,OBC,Allotted
1750,121527,DNB Quota,"Government Medical College and Associated Group of Hospitals, Government Medical College, Dungarpur and Associated Group of Hospitals Shri Haridev Joshi Hospital,,Government Medical College and Associated Group of Hospitals, Government Medical College, Dungarpur, Rajasthan, 314001",(NBEMS-DIPLOMA) FAMILY MEDICINE,SC,SC,Allotted
1751,121586,All India,"Mahatma Gandhi Institute of Medical Sciences, Wardha,Mahatma Gandhi Institute of Medical Sciences, Sevagram, Wardha, Maharashtra, 442102",M.D. (FORENSIC MEDICINE),OBC,OBC,Allotted
1752,121590,All India,"Agartala Government Medical College,Agartala Government Medical College, Tripura, 799006",MD/MS (Anatomy),Open,GN,Allotted
1753,121703,All India,"Srirama Chandra Bhanja Medical College, CUTTACK,Srirama Chandra Bhanja Medical College, CUTTACK, Odisha, 753007",M.D. (PHARMACOLOGY),OBC,OBC,Allotted
1754,121797,All India,"Karwar Institute of Medical Sciences, Karnataka,MG Road, Karnataka, 581301",M.D. (FORENSIC MEDICINE),OBC,OBC,Allotted
1755,121988,All India,"Shri Vasantrao Naik Govt Medical College Yavatmal,Shri Vasantrao Naik Govt Medical College Yavatmal, Maharashtra, 445001",M.D. (PHARMACOLOGY),Open,GN,Allotted
1756,122090,All India,"Grant Medical College, Maharashtra,Grant Medical College, Maharashtra, Maharashtra, 400008",M.D. (PHARMACOLOGY),OBC,OBC,Allotted
1757,122204,All India,"North Bengal Medical College,North Bengal Medical College, West Bengal, 734012",M.D. (MICROBIOLOGY),ST,ST,Allotted
1758,122412,All India,"Indira Gandhi Institute of Medical Sciences, Patna,Indira Gandhi Institute of Medical Sciences, Patna, Bihar, 800014",M.D. (FORENSIC MEDICINE),SC,SC,Allotted
1759,122434,All India,"Government Medical College Kota,Government Medical College Kota, Rajasthan, 324005",M.D. (MICROBIOLOGY),OBC,OBC,Allotted
1760,122583,All India,"JAWAHAR LAL NEHRU MEDICAL COLLEGE, AJMER,NEAR PATEL STADIUM, AJMER, Rajasthan, 305001",M.D. (PHYSIOLOGY),Open,GN,Allotted
1761,122590,All India,"JAWAHARLAL NEHRU MEDICAL COLLEGE, BHAGALPUR,JAWAHARLAL NEHRU MEDICAL COLLEGE, BHAGALPUR, Bihar, 812001",M.D. (PHARMACOLOGY),SC,SC,Allotted
1762,122677,All India,"NETAJI SUBHASH CHANDRA BOSE MEDICAL COLLEGE, JABALPUR ,NETAJI SUBHASH CHANDRA BOSE MEDICAL COLLEGE, NAGPUR ROAD JABALPUR, Madhya Pradesh, 482003",M.D. (PHARMACOLOGY),Open,GN,Allotted
1763,122710,All India,"Government Medical College Kota,Government Medical College Kota, Rajasthan, 324005",M.D. (PHYSIOLOGY),Open,GN,Allotted
1764,122790,All India,"Indira Gandhi Institute of Medical Sciences, Patna,Indira Gandhi Institute of Medical Sciences, Patna, Bihar, 800014",MD/MS (Anatomy),Open,GN,Allotted
1765,122822,All India,"Mahatma Gandhi Memorial Medical College, Jamshedpur,Mahatma Gandhi Memorial Medical College, Jamshedpur, Jharkhand, 831020",MD/MS (Anatomy),Open,GN,Allotted
1766,122894,All India,"Seth Gordhandas Sunderdas Medical College, MUMBAI,Seth Gordhandas Sunderdas Medical College, Acharya Donde Marg Parel MUMBAI, Maharashtra, 400012",M.D. (MICROBIOLOGY),ST,ST,Allotted
1767,122993,All India,"INDIRA GANDHI MEDICAL COLLEGE AND RESEARCH INSTITUTE, PUDUCHERRY,INDIRA GANDHI MEDICAL COLLEGE AND RESEARCH INSTITUTE, PUDUCHERRY, Puducherry, 605009",MD/MS (Anatomy),OBC,OBC,Allotted
1768,123023,All India,"NIZAMS INSTITUTE OF MEDICAL SCIENCES,NIZAMS INSTITUTE OF MEDICAL SCIENCES PANJAGUTTA HYDERABAD, Telangana, 500082",M.D. (Hospital Administration),EWS,EWS,Allotted
1769,123114,All India,"Maharaja Krushna Chandra Gajapati Medical College , Brahmapur,Maharaja Krushna Chandra Gajapati Medical College , Brahmapur, Odisha, 760004",M.D. (FORENSIC MEDICINE),OBC,OBC,Allotted
1770,123167,All India,"Tezpur Medical College,Tezpur Medical College, Assam, 784010",M.D. (PHARMACOLOGY),Open,OBC,Allotted
1771,123197,All India,"LATE SHRI LAKHI RAM AGRAWAL MEMORIAL GOVT.MEDICAL COLLEGE,LATE SHRI LAKHI RAM AGRAWAL MEMORIAL GOVT.MEDICAL COLLEGE, Chhattisgarh, 496001",M.D. (BIOCHEMISTRY),Open,SC,Allotted
1772,123409,All India,"Burdwan Medical College, West Bengal,Burdwan Medical College, West Bengal, West Bengal, 713104",MD/MS (Anatomy),Open,GN,Allotted
1773,123607,All India,"CALCUTTA NATIONAL MEDICAL COLLEGE,CALCUTTA NATIONAL MEDICAL COLLEGE 32, Gorachand Road, Kolkata 700014, West Bengal, 700014",M.D. (PHYSIOLOGY),Open,GN,Allotted
1774,123665,All India,"PATNA MEDICAL COLLEGE, PATNA,PATNA MEDICAL COLLEGE, PATNA, Bihar, 800004",M.D. (BIOCHEMISTRY),OBC,OBC,Allotted
1775,123699,All India,"JAWAHARLAL NEHRU MEDICAL COLLEGE, BHAGALPUR,JAWAHARLAL NEHRU MEDICAL COLLEGE, BHAGALPUR, Bihar, 812001",M.D. (PHARMACOLOGY),OBC,OBC,Allotted
1776,123717,All India,"College of Medicine & Sagore Dutta Hospital,College of Medicine & Sagore Dutta Hospital, West Bengal, 700058",M.D. (MICROBIOLOGY),OBC,OBC,Allotted
1777,123747,All India,"Moti Lal Nehru Medical College,Moti Lal Nehru Medical College, Uttar Pradesh, 211001",M.D. (PHYSIOLOGY),OBC,OBC,Allotted
1778,123749,All India,"Govt. Bundelkhand Medical College Sagar M.P.,Govt. Bundelkhand Medical College Sagar M.P., Madhya Pradesh, 470001",M.D. (PHARMACOLOGY),Open,GN,Allotted
1779,123885,All India,"SWAMI RAMANAND TEERTH RURAL GOVERNMENT MEDICAL COLLEGE AMBAJOGAI,SWAMI RAMANAND TEERTH RURAL GOVERNMENT MEDICAL COLLEGE AMBAJOGAI, Maharashtra, 431517",M.D. (FORENSIC MEDICINE),OBC,OBC,Allotted
1780,123916,All India,"Karnataka Institute of Medical Sciences, Hubballi,Karnataka Institute of Medical Sciences, Hubballi, Karnataka, 580021",MD/MS (Anatomy),Open,GN,Allotted
1781,123952,All India,"Pt. Jawahar Lal Nehru Memorial Medical College, RAIPUR,Pt. Jawahar Lal Nehru Memorial Medical College, RAIPUR, Chhattisgarh, 492001",M.D. (PREVENTIVE and SOCIAL MEDICINE)/ COMMUNITY MEDICINE,ST,ST,Allotted
1782,124222,DNB Quota,"Govt. District Civil Hospital, ,DIS GOVT HOSPITAL, SRI GANGANAGAR, Rajasthan, 335001",(NBEMS-DIPLOMA) OPHTHALMOLOGY,ST,ST,Allotted
1783,124352,All India,"Baba Raghav Das Medical College,Baba Raghav Das Medical College, Uttar Pradesh, 273013",M.D. (PHYSIOLOGY),OBC,OBC,Allotted
1784,124362,All India,"Jorhat Medical College & Hospital,Jorhat Medical College & Hospital, Assam, 785001",M.D. (MICROBIOLOGY),OBC,OBC,Allotted
1785,124468,DNB Quota,"Government Medical College and Bangur Hospital, Nh62 Sumerpur Road Village Ramasiya Pali Rajasthan , Rajasthan-306401,Government Medical College and Bangur Hospital Nh62 Sumerpur Road Village Ramasiya Pali Rajasthan Ra, Rajasthan, 306401",(NBEMS-DIPLOMA) FAMILY MEDICINE,SC,SC,Allotted
1786,124516,DNB Quota,"Government Medical College and Associated Group of Hospitals, Government Medical College, Dungarpur and Associated Group of Hospitals Shri Haridev Joshi Hospital,,Government Medical College and Associated Group of Hospitals, Government Medical College, Dungarpur, Rajasthan, 314001",(NBEMS-DIPLOMA) FAMILY MEDICINE,SC,SC,Allotted
1787,124520,All India,"Baba Raghav Das Medical College,Baba Raghav Das Medical College, Uttar Pradesh, 273013",M.D. (PREVENTIVE and SOCIAL MEDICINE)/ COMMUNITY MEDICINE,ST,ST,Allotted
1788,124654,All India,"Government Medical College, Gondia,Nehru Chowk, KTS General Hospital Campus, Govt. Medical College, Gondia. 441601. Maharashtra., Maharashtra, 441601",M.D. (BIOCHEMISTRY),Open,GN,Allotted
1789,124696,All India,"Baba Raghav Das Medical College,Baba Raghav Das Medical College, Uttar Pradesh, 273013",M.D. (PHYSIOLOGY),SC,SC,Allotted
1790,124716,All India,"CHHATTISGARH INSTITUTE OF MEDICAL SCIENCES,CHHATTISGARH INSTITUTE OF MEDICAL SCIENCES, Chhattisgarh, 495001",M.D. (MICROBIOLOGY),SC,SC,Allotted
1791,124736,All India,"Government Medical College, Miraj,Government Medical College, Miraj, Maharashtra, 416410",M.D. (MICROBIOLOGY),SC,SC,Allotted
1792,125068,All India,"Sardar Patel Medical College, Bikaner,Sardar Patel Medical College, Bikaner, Rajasthan, 334003",M.D. (FORENSIC MEDICINE),SC,SC,Allotted
1793,125106,All India,"CALCUTTA NATIONAL MEDICAL COLLEGE,CALCUTTA NATIONAL MEDICAL COLLEGE 32, Gorachand Road, Kolkata 700014, West Bengal, 700014",M.D. (PREVENTIVE and SOCIAL MEDICINE)/ COMMUNITY MEDICINE,ST,ST,Allotted
1794,125109,All India,"Government Medical College, Jalgaon,Jilha Peth, Government Hospital Campus, Jalgaon, Maharashtra, 425001",M.D. (PHARMACOLOGY),Open,GN,Allotted
1795,125113,All India,"GAJRA RAJA MEDICAL COLLEGE GWALIOR,GAJRA RAJA MEDICAL COLLEGE GWALIOR, Madhya Pradesh, 474009",M.D. (MICROBIOLOGY),OBC,OBC,Allotted
1796,125125,All India,"JHALAWAR MEDICAL COLLEGE,JHALAWAR MEDICAL COLLEGE, JHALAWAR, Rajasthan, 326001",M.D. (FORENSIC MEDICINE),SC,SC,Allotted
1797,125198,All India,"MEDICAL COLLEGE, KOLKATA,MEDICAL COLLEGE, KOLKATA, West Bengal, 700073",M.D. (PHARMACOLOGY),OBC,OBC,Allotted
1798,125217,All India,"Gandhi Medical College, Bhopal,Gandhi Medical College, Bhopal, Madhya Pradesh, 462001",M.D. (BIOCHEMISTRY),Open,GN,Allotted
1799,125228,All India,"Osmania Medical Collge,Osmania Medical Collge, Telangana, 500095",M.D. (MICROBIOLOGY),ST,ST,Allotted
1800,125236,All India,"Indira Gandhi Medical College Shimla,Indira Gandhi Medical College Shimla, Himachal Pradesh, 171001",M.D. (PREVENTIVE and SOCIAL MEDICINE)/ COMMUNITY MEDICINE,ST,ST,Allotted
1801,125353,All India,"B.J.Government Medical College, Pune,B.J.Government Medical College, Pune, Maharashtra, 411001",MD/MS (Anatomy),Open,GN,Allotted
1802,125373,All India,"Indira Gandhi Medical College Shimla,Indira Gandhi Medical College Shimla, Himachal Pradesh, 171001",M.D. (PHARMACOLOGY),OBC,OBC,Allotted
1803,125409,All India,"Guru Gobind Singh Medical College,Guru Gobind Singh Medical College, Punjab, 151203",M.D. (BIOCHEMISTRY),Open,GN,Allotted
1804,125432,DNB Quota,"Government Medical College and Associated Hospital,,JANGLAT MANDI ANANTNAG, JAMMU AND KASHMIR 192101, Jammu And Kashmir, 192101",(NBEMS) PHARMACOLOGY,OBC,OBC,Allotted
1805,125577,DNB Quota,"Government District General Hospital, ,Government District General Hospital, Noonepalle, Nandyal - 518502, Andhra Pradesh, 518502",(NBEMS-DIPLOMA) ANAESTHESIOLOGY,ST,ST,Allotted
1806,125617,All India,"Government Medical College Srinagar,Administrative Department Government Medical College Karan Nagar Srinagar, Jammu And Kashmir, 190010",M.D. (PHARMACOLOGY),SC,SC,Allotted
1807,125656,DNB Quota,"Government Medical College and Associated Hospital,,JANGLAT MANDI ANANTNAG, JAMMU AND KASHMIR 192101, Jammu And Kashmir, 192101",(NBEMS) COMMUNITY MEDICINE,SC,SC,Allotted
1808,125805,All India,"Government Medical College, Siddipet,SURVEY NO 54 GOVERNMENT MEDICAL COLLEGE ENSANPALLY SIDDIPET 502114, Telangana, 502114",M.D. (PHARMACOLOGY),OBC,OBC,Allotted
1809,125873,DNB Quota,"Sher-I-Kashmir Institute of Medical Sciences, ,Principal SKIMS Medical College Hospital Bemina Srinagar, Jammu And Kashmir, 190018",(NBEMS) Anatomy,OBC,OBC,Allotted
1810,126017,All India,"CALCUTTA NATIONAL MEDICAL COLLEGE,CALCUTTA NATIONAL MEDICAL COLLEGE 32, Gorachand Road, Kolkata 700014, West Bengal, 700014",MD/MS (Anatomy),Open,OBC,Allotted
1811,126094,All India,"GOVERNMENT MEDICAL COLLEGE - KANNUR,GOVERNMENT MEDICAL COLLEGE - KANNUR, Kerala, 670503",M.D. (PREVENTIVE and SOCIAL MEDICINE)/ COMMUNITY MEDICINE,ST,ST,Allotted
1812,126540,All India,"Government Medical College Srinagar,Administrative Department Government Medical College Karan Nagar Srinagar, Jammu And Kashmir, 190010",M.D. (MICROBIOLOGY),OBC,OBC,Allotted
1813,126554,All India,"RAJIV GANDHI MEDICAL COLLEGE KALWA THANE,RAJIV GANDHI MEDICAL COLLEGE,THANE BELAPUR ROAD, KALWA, THANE, Maharashtra, 400605",M.D. (PREVENTIVE and SOCIAL MEDICINE)/ COMMUNITY MEDICINE,ST,ST,Allotted
1814,126736,All India,"LATE SHRI LAKHI RAM AGRAWAL MEMORIAL GOVT.MEDICAL COLLEGE,LATE SHRI LAKHI RAM AGRAWAL MEMORIAL GOVT.MEDICAL COLLEGE, Chhattisgarh, 496001",MD/MS (Anatomy),Open,OBC,Allotted
1815,127040,All India,"RAJIV GANDHI INSTITUTE OF MEDICAL SCIENCES,RAJIV GANDHI INSTITUTE OF MEDICAL SCIENCES ADILABAD -504001 TELANGANA STATE, Telangana, 504001",M.D. (PHARMACOLOGY),OBC,OBC,Allotted
1816,127110,All India,"Kakatiya Medical College,Kakatiya Medical College, Telangana, 506007",M.D. (BIOCHEMISTRY),Open,GN,Allotted
1817,127117,DNB Quota,"Govt. DB General District Hospital, ,Govt. D.B. General District Hospital, Naya Bass, Churu, Rajasthan, 331001",(NBEMS-DIPLOMA) ANAESTHESIOLOGY,ST,ST,Allotted
1818,127309,All India,"Rajmata Shrimati Devendra Kumari Singhdeo Government Medical College, Ambikapur,Kanyaparisar Road Gangapur Ambikapur District Surguja, Chhattisgarh, 497001",M.D. (PHARMACOLOGY),OBC,OBC,Allotted
1819,127439,All India,"Rangaraya Medical College,Rangaraya Medical College Beside SP Office , Pithapuram Road, Kakinada, Andhra Pradesh, 533003",M.D. (PHARMACOLOGY),SC,SC,Allotted
1820,127482,All India,"PATNA MEDICAL COLLEGE, PATNA,PATNA MEDICAL COLLEGE, PATNA, Bihar, 800004",M.D. (PREVENTIVE and SOCIAL MEDICINE)/ COMMUNITY MEDICINE,ST,ST,Allotted
1821,127520,All India,"INDIRA GANDHI GOVT.MEDICAL COLLEGE NAGPUR,INDIRA GANDHI GOVT.MEDICAL COLLEGE NAGPUR, Maharashtra, 440018",MD/MS (Anatomy),Open,GN,Allotted
1822,127535,All India,"Government Medical College, Miraj,Government Medical College, Miraj, Maharashtra, 416410",M.D. (PHARMACOLOGY),Open,GN,Allotted
1823,127577,All India,"Mahatma Gandhi Memorial Medical College, Indore,Mahatma Gandhi Memorial Medical College, Indore, Madhya Pradesh, 452001",M.D. (BIOCHEMISTRY),Open,ST,Allotted
1824,127631,All India,"Gvernment Medical College,Haldwani,Government Medical College, Haldwani, Uttarakhand, 263139",MD/MS (Anatomy),SC,SC,Allotted
1825,127871,All India,"GANDHI MEDICAL COLLEGE,GANDHI MEDICAL COLLEGE, Telangana, 500003",M.D. (PHYSIOLOGY),OBC,OBC,Allotted
1826,127916,All India,"Shaheed Hasan Khan Mewati Government Medical College,Shaheed Hasan Khan Mewati Government Medical College, Haryana, 122107",M.D. (PHARMACOLOGY),SC,SC,Allotted
1827,127976,DNB Quota,"Maharaja Suhel Dev Medical College and Mahrishi Balark Hospital, Uttar Pradesh,MSD AS Medical College KDC Road Bahraich, Uttar Pradesh, 271801",(NBEMS-DIPLOMA) FAMILY MEDICINE,SC,SC,Allotted
1828,127996,DNB Quota,"Govt. Mahatma Gandhi District Hospital, ,COLLETOR ATE CHORAHA NEAR MOHAN COLONY BANSWARA, Rajasthan, 327001",(NBEMS-DIPLOMA) FAMILY MEDICINE,SC,SC,Allotted
1829,128052,DNB Quota,"Taluk General Hospital, Karnataka,Taluk General Hospital Bhadravathi cmobdvtatgmail.com, Karnataka, 577301",(NBEMS-DIPLOMA) ANAESTHESIOLOGY,EWS,EWS,Allotted
1830,128078,All India,"Dr.V.M.Govt.Medical College,Solapur, Maharasthtra,In front of district court civil chowk Dr.V.M.Govt.Medical College,Solapur, Maharasthtra, Maharashtra, 413003",M.D. (FORENSIC MEDICINE),SC,SC,Allotted
1831,128326,All India,"Govt. Medical College, Baroda,Govt. Medical College, Baroda, Gujarat, 390001",MD/MS (Anatomy),OBC,OBC,Allotted
1832,128361,All India,"Government Medical College, Mahabubnagar,Government Medical College, Yedira, Mahabubnagar, Telangana state, Telangana, 509002",M.D. (MICROBIOLOGY),OBC,OBC,Allotted
1833,128440,All India,"Gandhi Medical College, Bhopal,Gandhi Medical College, Bhopal, Madhya Pradesh, 462001",M.D. (BIOCHEMISTRY),Open,GN,Allotted
1834,128446,All India,"Maharaja Krushna Chandra Gajapati Medical College , Brahmapur,Maharaja Krushna Chandra Gajapati Medical College , Brahmapur, Odisha, 760004",M.D. (PATHOLOGY),EWS,EWS,Allotted
1835,128593,All India,"Government Medical College, Jalgaon,Jilha Peth, Government Hospital Campus, Jalgaon, Maharashtra, 425001",M.D. (PHARMACOLOGY),SC,SC,Allotted
1836,128618,All India,"B.J.Government Medical College, Pune,B.J.Government Medical College, Pune, Maharashtra, 411001",MD/MS (Anatomy),Open,GN,Allotted
1837,128908,All India,"Government Medical College, Aurangabad,Government Medical College, Aurangabad, Maharashtra, 431001",M.D. (MICROBIOLOGY),SC,SC,Allotted
1838,128957,All India,"College of Medicine and JNM Hospital, WBUHS,Block A, Post Office Kalyani, Near Silpanchal Station, Block A2, District Nadia, West Bengal, West Bengal, 741235",M.D. (PHARMACOLOGY),OBC,OBC,Allotted
1839,129036,DNB Quota,"District Civil Hospital, ,Maharaja Agrasen District Civil Hospital Hisar, Haryana, 125001",(NBEMS-DIPLOMA) Otorhinolaryngology (E.N.T.),ST,ST,Allotted
1840,129063,All India,"Government Medical College, Aurangabad,Government Medical College, Aurangabad, Maharashtra, 431001",M.D. (FORENSIC MEDICINE),SC,SC,Allotted
1841,129118,DNB Quota,"Government Medical College and Associated Hospital,,JANGLAT MANDI ANANTNAG, JAMMU AND KASHMIR 192101, Jammu And Kashmir, 192101",(NBEMS-DIPLOMA) Tuberculosis and CHEST DISEASES,ST,ST,Allotted
1842,129164,All India,"Government Medical College, Surat,Government Medical College, Majuragate, Surat., Gujarat, 395001",MD/MS (Anatomy),Open,SC,Allotted
1843,129365,All India,"Maharaja Krushna Chandra Gajapati Medical College , Brahmapur,Maharaja Krushna Chandra Gajapati Medical College , Brahmapur, Odisha, 760004",M.D. IN TRANSFUSION MEDICINE/ IMMUNO- HAEMATOLOGY and BLOOD TRANSFUSION,EWS,EWS,Allotted
1844,129456,All India,"GADAG INSTITUTE OF MEDICAL SCIENCES GADAG,Gadag Institute of Medical Sciences Mallasamudra Gadag-582103, Karnataka, 582103",M.D. (MICROBIOLOGY),SC,SC,Allotted
1845,129499,All India,"DR. SHANKARRAO CHAVAN GOVERNMENT MEDICAL COLLEGE, NANDED,DR. SHANKARRAO CHAVAN GOVERNMENT MEDICAL COLLEGE, VISHNUPURI, NANDED, Maharashtra, 431606",M.D. (PHARMACOLOGY),OBC,OBC,Allotted
1846,129734,All India,"Sarojini Naidu Medical College, AGRA,Sarojini Naidu Medical College, AGRA, Uttar Pradesh, 282002",M.D. (PREVENTIVE and SOCIAL MEDICINE)/ COMMUNITY MEDICINE,ST,ST,Allotted
1847,129759,All India,"PATNA MEDICAL COLLEGE, PATNA,PATNA MEDICAL COLLEGE, PATNA, Bihar, 800004",MD/MS (Anatomy),OBC,OBC,Allotted
1848,129860,All India,"R G KAR MEDICAL COLLEGE, West Bengal,R G KAR MEDICAL COLLEGE,1 KHUDIRAM BOSE SARANI,KOLKATA, West Bengal, West Bengal, 700004",M.D. (FORENSIC MEDICINE),SC,SC,Allotted
1849,129989,DNB Quota,"Goverment District Hospital Bundi, ,IN FRONT OF COLLECTORATE BUNDI, Rajasthan, 323001",(NBEMS-DIPLOMA) FAMILY MEDICINE,ST,ST,Allotted
1850,130030,All India,"MANDYA INSTITUTE OF MEDICAL SCIENCES,MANDYA INSTITUTE OF MEDICAL SCIENCES MANDYA, Karnataka, 571401",M.D. (MICROBIOLOGY),OBC,OBC,Allotted
1851,130407,All India,"Sardar Patel Medical College, Bikaner,Sardar Patel Medical College, Bikaner, Rajasthan, 334003",M.D. (GENERAL MEDICINE),OBC PwD,OBC PwD,Allotted
1852,130415,All India,"Dr. Sampurnanand Medical College (SNMC), JODHPUR,Dr. Sampurnanand Medical College (SNMC), JODHPUR, Rajasthan, 342001",M.D. (PHYSIOLOGY),ST,ST,Allotted
1853,130527,All India,"Govt. Doon Medical College, Dehradun,Govt. Doon Medical College Dehrakhas, Patel Nagar Dehradun 248001, Uttarakhand, 248001",M.D. (PHYSIOLOGY),Open,GN,Allotted
1854,130536,All India,"Sardar Patel Medical College, Bikaner,Sardar Patel Medical College, Bikaner, Rajasthan, 334003",M.D. (PHARMACOLOGY),SC,SC,Allotted
1855,130696,All India,"Indira Gandhi Medical College Shimla,Indira Gandhi Medical College Shimla, Himachal Pradesh, 171001",MD/MS (Anatomy),Open,GN,Allotted
1856,130729,All India,"GANDHI MEDICAL COLLEGE,GANDHI MEDICAL COLLEGE, Telangana, 500003",MD/MS (Anatomy),OBC,OBC,Allotted
1857,130806,All India,"INDIRA GANDHI GOVT.MEDICAL COLLEGE NAGPUR,INDIRA GANDHI GOVT.MEDICAL COLLEGE NAGPUR, Maharashtra, 440018",M.D. (MICROBIOLOGY),OBC,OBC,Allotted
1858,130887,All India,"GOVT. MEDICAL COLLEGE, AMRITSAR,GOVT. MEDICAL COLLEGE,CIRCULAR ROAD, AMRITSAR, Punjab, 143001",M.D. (FORENSIC MEDICINE),SC,SC,Allotted
1859,130919,All India,"Hinduhridayasamrat Balasaheb Thackeray Medical College and Dr. R. N. Cooper Municipal General Hospital, Maharashtra,HBT Medical College and Dr R N Cooper Municipal General Hospital Mumbai, Maharashtra, 400056",M.D. (PHYSIOLOGY),Open,GN,Allotted
1860,130979,All India,"GOA MEDICAL COLLEGE,Bambolim, Goa, Goa, 403202",M.D. (BIOCHEMISTRY),Open,GN,Allotted
1861,131014,All India,"Rani Durgavati Medical College, Banda ,Rani Durgavati Medical College Naraini Road Banda, Uttar Pradesh, 210001",M.D. (PHYSIOLOGY),Open,GN,Allotted
1862,131023,All India,"NETAJI SUBHASH CHANDRA BOSE MEDICAL COLLEGE, JABALPUR ,NETAJI SUBHASH CHANDRA BOSE MEDICAL COLLEGE, NAGPUR ROAD JABALPUR, Madhya Pradesh, 482003",M.D. (PHARMACOLOGY),Open,GN,Allotted
1863,131028,All India,"Government Medical College Kota,Government Medical College Kota, Rajasthan, 324005",MD/MS (Anatomy),Open,GN,Allotted
1864,131038,All India,"Sawai Man Singh Medical College, JAIPUR,Sawai Man Singh Medical College, JAIPUR, Rajasthan, 302004",M.D. (BIOCHEMISTRY),OBC,OBC,Allotted
1865,131056,All India,"NETAJI SUBHASH CHANDRA BOSE MEDICAL COLLEGE, JABALPUR ,NETAJI SUBHASH CHANDRA BOSE MEDICAL COLLEGE, NAGPUR ROAD JABALPUR, Madhya Pradesh, 482003",M.D. (PHARMACOLOGY),Open,GN,Allotted
1866,131109,All India,"Government Medical College, Nalgonda,Office of the Principal, Government Medical College Nalgonda, Near RTC Bus Stand, Gollaguda, Nalgon, Telangana, 508001",M.D. (BIOCHEMISTRY),Open,GN,Allotted
1867,131363,All India,"Government Medical College, Mahabubnagar,Government Medical College, Yedira, Mahabubnagar, Telangana state, Telangana, 509002",M.D. (BIOCHEMISTRY),SC,SC,Allotted
1868,131410,All India,"B.J.Government Medical College, Pune,B.J.Government Medical College, Pune, Maharashtra, 411001",M.D. (BIOCHEMISTRY),OBC,OBC,Allotted
1869,131422,All India,"Govt. Doon Medical College, Dehradun,Govt. Doon Medical College Dehrakhas, Patel Nagar Dehradun 248001, Uttarakhand, 248001",M.D. (PHYSIOLOGY),Open,OBC,Allotted
1870,131463,All India,"Jorhat Medical College & Hospital,Jorhat Medical College & Hospital, Assam, 785001",M.D. (PHYSIOLOGY),Open,ST,Allotted
1871,131475,All India,"RUHS COLLEGE OF MEDICAL SCIENCES,RUHS COLLEGE OF MEDICAL SCIENCES, Rajasthan, 302033",M.D. (BIOCHEMISTRY),OBC,OBC,Allotted
1872,131593,All India,"Government Medical College, Nagpur,Government Medical College, Nagpur, Maharashtra, 440003",M.D. (MICROBIOLOGY),ST,ST,Allotted
1873,131672,All India,"GAJRA RAJA MEDICAL COLLEGE GWALIOR,GAJRA RAJA MEDICAL COLLEGE GWALIOR, Madhya Pradesh, 474009",M.D. (PHARMACOLOGY),OBC,OBC,Allotted
1874,131745,All India,"Sarojini Naidu Medical College, AGRA,Sarojini Naidu Medical College, AGRA, Uttar Pradesh, 282002",MD/MS (Anatomy),Open,GN,Allotted
1875,131918,All India,"GANDHI MEDICAL COLLEGE,GANDHI MEDICAL COLLEGE, Telangana, 500003",M.D. (PHARMACOLOGY),ST,ST,Allotted
1876,132004,All India,"Uttar Pradesh University of Medical Sciences, Saifai, Etawah,Uttar Pradesh University of Medical Sciences, Saifai, Etawah, Uttar Pradesh, 206130",M.D. (PHYSIOLOGY),Open,ST,Allotted
1877,132150,All India,"Government Medical College, Datia,Near 29 Batallion, National Highway 44, Dist Datia, Madhya Pradesh Pin - 475661, Madhya Pradesh, 475661",M.D. (BIOCHEMISTRY),Open,SC,Allotted
1878,132156,All India,"Mahatma Gandhi Institute of Medical Sciences, Wardha,Mahatma Gandhi Institute of Medical Sciences, Sevagram, Wardha, Maharashtra, 442102",M.D. (PHARMACOLOGY),SC,SC,Allotted
1879,132342,All India,"Government Medical College, Surat,Government Medical College, Majuragate, Surat., Gujarat, 395001",M.D. (PHYSIOLOGY),OBC,OBC,Allotted
1880,132352,All India,"VARDHMAN INSTITUTE OF MEDICAL SCIENCES, NALANDA,VARDHMAN INSTITUTE OF MEDICAL SCIENCES, Bihar, 803115",MD/MS (Anatomy),Open,OBC,Allotted
1881,132393,All India,"NIL RATAN SIRCAR MEDICAL COLLEGE,NIL RATAN SIRCAR MEDICAL COLLEGE, 138 AJC BOSE ROAD, KOLKATA-700014., West Bengal, 700014",MD/MS (Anatomy),Open,GN,Allotted
1882,132481,IP University Quota,"Vardhman Mahavir Medical College, , New Delhi,Vardhman Mahavir Medical College, , New Delhi, Delhi (NCT), 110029",M.D. (PHYSIOLOGY),Open,SC,Allotted
1883,132658,All India,"INSTITUTE OF MEDICAL SCIENCES, BANARAS HINDU UNIVERSITY,INSTITUTE OF MEDICAL SCIENCES, BANARAS HINDU UNIVERSITY, Uttar Pradesh, 221005",MD/MS (Anatomy),SC,SC,Allotted
1884,132848,All India,"Govt. Medical College, Jammu,Govt. Medical College, Bakshi Nagar, Jamu, Jammu And Kashmir, 180001",M.D. (PHARMACOLOGY),ST,ST,Allotted
1885,133067,All India,"Government Medical College, Latur,Government Medical College, Old Railway station Near Marwadi Rajasthani High-School Latur, Maharashtra, 413512",M.D. (MICROBIOLOGY),OBC,OBC,Allotted
1886,133141,All India,"GOA MEDICAL COLLEGE,Bambolim, Goa, Goa, 403202",DIP. IN FORENSIC MEDICINE,ST,ST,Allotted
1887,133222,All India,"Andhra Medical College,Andhra Medical College, Andhra Pradesh, 530002",M.D. (PHYSIOLOGY),SC,SC,Allotted
1888,133365,All India,"Government Medical College Suryapet Telangana,Amaravadi Nagar Thallagadda Suryapet, Telangana, 508213",M.D. (BIOCHEMISTRY),OBC,OBC,Allotted
1889,133369,All India,"Sarojini Naidu Medical College, AGRA,Sarojini Naidu Medical College, AGRA, Uttar Pradesh, 282002",M.D. (PHYSIOLOGY),SC,SC,Allotted
1890,133454,All India,"College of Medicine and JNM Hospital, WBUHS,Block A, Post Office Kalyani, Near Silpanchal Station, Block A2, District Nadia, West Bengal, West Bengal, 741235",M.D. (PHYSIOLOGY),Open,GN,Allotted
1891,133488,All India,"IPGME&R and SSKM Hospital Kolkata,IPGME&R and SSKM Hospital Kolkata, West Bengal, 700020",MD/MS (Anatomy),Open,GN,Allotted
1892,133719,All India,"SWAMI RAMANAND TEERTH RURAL GOVERNMENT MEDICAL COLLEGE AMBAJOGAI,SWAMI RAMANAND TEERTH RURAL GOVERNMENT MEDICAL COLLEGE AMBAJOGAI, Maharashtra, 431517",M.D. (MICROBIOLOGY),SC,SC,Allotted
1893,133766,All India,"Uttar Pradesh University of Medical Sciences, Saifai, Etawah,Uttar Pradesh University of Medical Sciences, Saifai, Etawah, Uttar Pradesh, 206130",M.D. (PHYSIOLOGY),OBC,OBC,Allotted
1894,133984,All India,"RAJIV GANDHI INSTITUTE OF MEDICAL SCIENCES,RAJIV GANDHI INSTITUTE OF MEDICAL SCIENCES ADILABAD -504001 TELANGANA STATE, Telangana, 504001",M.D. (PHYSIOLOGY),Open,GN,Allotted
1895,134087,All India,"MALDA MEDICAL COLLEGE,MALDA MEDICAL COLLEGE, West Bengal, 732101",M.D. (MICROBIOLOGY),OBC,OBC,Allotted
1896,134154,All India,"Uttar Pradesh University of Medical Sciences, Saifai, Etawah,Uttar Pradesh University of Medical Sciences, Saifai, Etawah, Uttar Pradesh, 206130",MD/MS (Anatomy),Open,GN,Allotted
1897,134186,All India,"B.J.Government Medical College, Pune,B.J.Government Medical College, Pune, Maharashtra, 411001",M.D. (BIOCHEMISTRY),SC,SC,Allotted
1898,134261,All India,"Government Medical College, Siddipet,SURVEY NO 54 GOVERNMENT MEDICAL COLLEGE ENSANPALLY SIDDIPET 502114, Telangana, 502114",M.D. (PHYSIOLOGY),Open,GN,Allotted
1899,134311,All India,"NETAJI SUBHASH CHANDRA BOSE MEDICAL COLLEGE, JABALPUR ,NETAJI SUBHASH CHANDRA BOSE MEDICAL COLLEGE, NAGPUR ROAD JABALPUR, Madhya Pradesh, 482003",MD/MS (Anatomy),Open,GN,Allotted
1900,134510,DNB Quota,"Habra State General Hospital,Habra SGH, North 24 Pgs, Habra, Pin - 743263, West Bengal, 743263",(NBEMS-DIPLOMA) OPHTHALMOLOGY,EWS,EWS,Allotted
1901,134608,All India,"Government Medical College, Miraj,Government Medical College, Miraj, Maharashtra, 416410",M.D. (BIOCHEMISTRY),Open,GN,Allotted
1902,134637,All India,"RAICHUR INSTITUTE OF MEDICAL SCIENCES,RAICHUR INSTITUTE OF MEDICAL SCIENCES, Karnataka, 584102",M.D. (PHYSIOLOGY),Open,GN,Allotted
1903,134711,All India,"Rajarshee Chhatrapati Shahu Maharaj Government Medical College, Kolhapur,R.K. Nagar Road, Shenda Park, Kolhapur, Maharashtra, Maharashtra, 416012",M.D. (PHARMACOLOGY),OBC,OBC,Allotted
1904,134739,All India,"College of Medicine and JNM Hospital, WBUHS,Block A, Post Office Kalyani, Near Silpanchal Station, Block A2, District Nadia, West Bengal, West Bengal, 741235",MD/MS (Anatomy),Open,GN,Allotted
1905,134757,All India,"Government Medical College Kota,Government Medical College Kota, Rajasthan, 324005",M.D. (MICROBIOLOGY),SC,SC,Allotted
1906,135059,All India,"Rajmata Shrimati Devendra Kumari Singhdeo Government Medical College, Ambikapur,Kanyaparisar Road Gangapur Ambikapur District Surguja, Chhattisgarh, 497001",M.D. (MICROBIOLOGY),OBC,OBC,Allotted
1907,135266,All India,"VARDHMAN INSTITUTE OF MEDICAL SCIENCES, NALANDA,VARDHMAN INSTITUTE OF MEDICAL SCIENCES, Bihar, 803115",MD/MS (Anatomy),Open,GN,Allotted
1908,135269,All India,"Rajendra Institute of Medical Sciences, Ranchi,Rajendra Institute of Medical Sciences, Ranchi, Jharkhand, 834009",M.D. (MICROBIOLOGY),SC,SC,Allotted
1909,135301,All India,"Indira Gandhi Medical College Shimla,Indira Gandhi Medical College Shimla, Himachal Pradesh, 171001",M.D. (PHYSIOLOGY),Open,GN,Allotted
1910,135318,All India,"Seth Gordhandas Sunderdas Medical College, MUMBAI,Seth Gordhandas Sunderdas Medical College, Acharya Donde Marg Parel MUMBAI, Maharashtra, 400012",MD/MS (Anatomy),OBC,OBC,Allotted
1911,135324,All India,"Gauhati Medical College, Guwahati,Gauhati Medical College, Guwahati, Assam, 781032",M.D. (MICROBIOLOGY),SC,SC,Allotted
1912,135468,All India,"GOVERNMENT MEDICAL COLLEGE CHANDRAPUR, MAHARASHTRA,TB Hospital Campus, Ram Nagar, Chandrapur - 442401, Maharashtra, 442401",M.D. (PHYSIOLOGY),Open,GN,Allotted
1913,135489,All India,"Govt. Medical College, Jammu,Govt. Medical College, Bakshi Nagar, Jamu, Jammu And Kashmir, 180001",M.D. (PHARMACOLOGY),OBC,OBC,Allotted
1914,135819,All India,"Maharaja Krushna Chandra Gajapati Medical College , Brahmapur,Maharaja Krushna Chandra Gajapati Medical College , Brahmapur, Odisha, 760004",M.D. (BIOCHEMISTRY),OBC,OBC,Allotted
1915,135871,All India,"Government medical college patiala.,Government medical college patiala., Punjab, 147001",M.D. (FORENSIC MEDICINE),ST,ST,Allotted
1916,135949,All India,"Kodagu Institute of Medical Sciences, Karnataka,Kodagu Institute of Medical Sciences Madikeri Kodagu, Karnataka, 571201",M.D. (BIOCHEMISTRY),Open,OBC,Allotted
1917,135964,All India,"GOVT. MEDICAL COLLEGE AND HOSPITAL, CHANDIGARH,GOVT. MEDICAL COLLEGE AND HOSPITAL, CHANDIGARH, Chandigarh, 160030",M.D. (PHYSIOLOGY),OBC,OBC,Allotted
1918,136054,All India,"Ganesh Shankar Vidyarthi Memorial Medical College,Ganesh Shankar Vidyarthi Memorial Medical College, Uttar Pradesh, 208002",MD/MS (Anatomy),SC,SC,Allotted
1919,136078,All India,"Government Medical College, Datia,Near 29 Batallion, National Highway 44, Dist Datia, Madhya Pradesh Pin - 475661, Madhya Pradesh, 475661",M.D. (MICROBIOLOGY),SC,SC,Allotted
1920,136104,All India,"Dr.V.M.Govt.Medical College,Solapur, Maharasthtra,In front of district court civil chowk Dr.V.M.Govt.Medical College,Solapur, Maharasthtra, Maharashtra, 413003",M.D. (PHARMACOLOGY),OBC,OBC,Allotted
1921,136168,All India,"Maharaja Krushna Chandra Gajapati Medical College , Brahmapur,Maharaja Krushna Chandra Gajapati Medical College , Brahmapur, Odisha, 760004",M.D. (PHARMACOLOGY),OBC,OBC,Allotted
1922,136355,All India,"INDIRA GANDHI GOVT.MEDICAL COLLEGE NAGPUR,INDIRA GANDHI GOVT.MEDICAL COLLEGE NAGPUR, Maharashtra, 440018",M.D. (MICROBIOLOGY),SC,SC,Allotted
1923,136552,All India,"Srirama Chandra Bhanja Medical College, CUTTACK,Srirama Chandra Bhanja Medical College, CUTTACK, Odisha, 753007",MD/MS (Anatomy),Open,GN,Allotted
1924,136591,All India,"Bangalore Medical College and Research Institute,Bangalore Medical College and Research Institute, Karnataka, 560002",M.D. (PHYSIOLOGY),SC,SC,Allotted
1925,136712,All India,"Srirama Chandra Bhanja Medical College, CUTTACK,Srirama Chandra Bhanja Medical College, CUTTACK, Odisha, 753007",M.D. (FORENSIC MEDICINE),SC,SC,Allotted
1926,136729,All India,"Government Medical College, Nagpur,Government Medical College, Nagpur, Maharashtra, 440003",M.D. (PHYSIOLOGY),Open,GN,Allotted
1927,136797,All India,"Mahatma Gandhi Memorial Medical College, Indore,Mahatma Gandhi Memorial Medical College, Indore, Madhya Pradesh, 452001",M.D. (PHARMACOLOGY),OBC,OBC,Allotted
1928,136904,All India,"GOVT. MEDICAL COLLEGE, AMRITSAR,GOVT. MEDICAL COLLEGE,CIRCULAR ROAD, AMRITSAR, Punjab, 143001",M.D. (MICROBIOLOGY),OBC,OBC,Allotted
1929,137280,All India,"NETAJI SUBHASH CHANDRA BOSE MEDICAL COLLEGE, JABALPUR ,NETAJI SUBHASH CHANDRA BOSE MEDICAL COLLEGE, NAGPUR ROAD JABALPUR, Madhya Pradesh, 482003",M.D. (MICROBIOLOGY),OBC,OBC,Allotted
1930,137794,All India,"KING GEORGES MEDICAL UNIVERSITY,KING GEORGES MEDICAL UNIVERSITY, Shahmeena Road, Chowk, Lucknow-226003, Uttar Pradesh, 226003",MD/MS (Anatomy),ST,ST,Allotted
1931,137798,All India,"MEDICAL COLLEGE, KOLKATA,MEDICAL COLLEGE, KOLKATA, West Bengal, 700073",MD/MS (Anatomy),SC,SC,Allotted
1932,138013,All India,"NETAJI SUBHASH CHANDRA BOSE MEDICAL COLLEGE, JABALPUR ,NETAJI SUBHASH CHANDRA BOSE MEDICAL COLLEGE, NAGPUR ROAD JABALPUR, Madhya Pradesh, 482003",M.D. (PHARMACOLOGY),OBC,OBC,Allotted
1933,138031,All India,"Rajmata Shrimati Devendra Kumari Singhdeo Government Medical College, Ambikapur,Kanyaparisar Road Gangapur Ambikapur District Surguja, Chhattisgarh, 497001",M.D. (MICROBIOLOGY),SC,SC,Allotted
1934,138103,DNB Quota,"Government Medical College, ,Administrative Department, Government Medical College, Karan Nagar, Srinagar, Jammu And Kashmir, 190010",(NBEMS) FORENSIC MEDICINE,SC,SC,Allotted
1935,138223,All India,"Dr Ram Manohar Lohia Institute of Medical Sciences, Lucknow,Dr Ram Manohar Lohia Institute of Medical Sciences, Lucknow, Uttar Pradesh, 226010",MD/MS (Anatomy),OBC,OBC,Allotted
1936,138663,All India,"Maharaja Krushna Chandra Gajapati Medical College , Brahmapur,Maharaja Krushna Chandra Gajapati Medical College , Brahmapur, Odisha, 760004",M.D. (PHARMACOLOGY),OBC,OBC,Allotted
1937,138924,All India,"Mahatma Gandhi Institute of Medical Sciences, Wardha,Mahatma Gandhi Institute of Medical Sciences, Sevagram, Wardha, Maharashtra, 442102",M.D. (MICROBIOLOGY),SC,SC,Allotted
1938,139128,All India,"Kodagu Institute of Medical Sciences, Karnataka,Kodagu Institute of Medical Sciences Madikeri Kodagu, Karnataka, 571201",M.D. (BIOCHEMISTRY),OBC,OBC,Allotted
1939,139151,DNB Quota,"Durgapur Steel Plant Hospital, ,J M Sengupta Road, B Zone, Durgapur, Dist- Paschim Bardhaman, West Bengal, 713205",(NBEMS-DIPLOMA) Otorhinolaryngology (E.N.T.),ST,ST,Allotted
1940,139298,All India,"Government Medical College, Gondia,Nehru Chowk, KTS General Hospital Campus, Govt. Medical College, Gondia. 441601. Maharashtra., Maharashtra, 441601",M.D. (PREVENTIVE and SOCIAL MEDICINE)/ COMMUNITY MEDICINE,ST,ST,Allotted
1941,139403,All India,"Govt. Medical College, Bhavnagar,Near. S.T. Bus Stand,Jail Road, Bhavnagar-364001, Gujarat, 364001",M.D. (PHYSIOLOGY),OBC,OBC,Allotted
1942,139807,All India,"Veer Chandra Singh Garhwali Govt. Institute of Medical Science & Research,Veer Chandra Singh Garhwali Govt. Institute of Medical Science and Research, Srinagar Garhwal, Uttarakhand, 246174",M.D. (MICROBIOLOGY),OBC,OBC,Allotted
1943,139968,All India,"Government Medical College, Gondia,Nehru Chowk, KTS General Hospital Campus, Govt. Medical College, Gondia. 441601. Maharashtra., Maharashtra, 441601",M.D. (MICROBIOLOGY),SC,SC,Allotted
1944,140144,All India,"Andhra Medical College,Andhra Medical College, Andhra Pradesh, 530002",M.D. (PHYSIOLOGY),OBC,OBC,Allotted
1945,140179,All India,"VSS INSTITUTE OF MEDICAL SCIENCES AND RESEARCH,BURLA,VSS INSTITUTE OF MEDICAL SCIENCES AND RESEARCH,BURLA, Odisha, 768017",M.D. (PHARMACOLOGY),OBC,OBC,Allotted
1946,140257,All India,"Silchar Medical College, Silchar,Silchar Medical College, Silchar, Assam, 788014",M.D. (MICROBIOLOGY),OBC,OBC,Allotted
1947,140320,All India,"Rangaraya Medical College,Rangaraya Medical College Beside SP Office , Pithapuram Road, Kakinada, Andhra Pradesh, 533003",M.D. (PHYSIOLOGY),OBC,OBC,Allotted
1948,140615,All India,"GOVT. MEDICAL COLLEGE AND HOSPITAL, CHANDIGARH,GOVT. MEDICAL COLLEGE AND HOSPITAL, CHANDIGARH, Chandigarh, 160030",MD/MS (Anatomy),SC,SC,Allotted
1949,140693,All India,"Dr.V.M.Govt.Medical College,Solapur, Maharasthtra,In front of district court civil chowk Dr.V.M.Govt.Medical College,Solapur, Maharasthtra, Maharashtra, 413003",M.D. (PHYSIOLOGY),SC,SC,Allotted
1950,140746,All India,"Rims Medical College, Ongole, ,GOVERNMENT MEDICAL COLLEGE ONGOLE, Andhra Pradesh, 523001",M.D. (PHYSIOLOGY),SC,SC,Allotted
1951,141119,All India,"Govt. Bundelkhand Medical College Sagar M.P.,Govt. Bundelkhand Medical College Sagar M.P., Madhya Pradesh, 470001",M.D. (BIOCHEMISTRY),SC,SC,Allotted
1952,141175,All India,"Govt. Medical College, Bhavnagar,Near. S.T. Bus Stand,Jail Road, Bhavnagar-364001, Gujarat, 364001",MD/MS (Anatomy),SC,SC,Allotted
1953,141247,All India,"LOKMANYA TILAK MEDICAL COLLEGE MUMBAI,LOKMANYA TILAK MEDICAL COLLEGE MUMBAI, Maharashtra, 400022",DIPLOMA IN PUBLIC HEALTH,ST,ST,Allotted
1954,141255,All India,"Shri Vasantrao Naik Govt Medical College Yavatmal,Shri Vasantrao Naik Govt Medical College Yavatmal, Maharashtra, 445001",M.D. (MICROBIOLOGY),SC,SC,Allotted
1955,141287,DNB Quota,"Capital Hospital, Orissa,director.chb@gmail.com, Odisha, 751001",(NBEMS-DIPLOMA) OPHTHALMOLOGY,ST,ST,Allotted
1956,141340,All India,"Rajarshee Chhatrapati Shahu Maharaj Government Medical College, Kolhapur,R.K. Nagar Road, Shenda Park, Kolhapur, Maharashtra, Maharashtra, 416012",M.D. (MICROBIOLOGY),SC,SC,Allotted
1957,141371,All India,"Seth Gordhandas Sunderdas Medical College, MUMBAI,Seth Gordhandas Sunderdas Medical College, Acharya Donde Marg Parel MUMBAI, Maharashtra, 400012",M.D. (PHYSIOLOGY),OBC,OBC,Allotted
1958,141472,All India,"INDIRA GANDHI GOVT.MEDICAL COLLEGE NAGPUR,INDIRA GANDHI GOVT.MEDICAL COLLEGE NAGPUR, Maharashtra, 440018",M.D. (PREVENTIVE and SOCIAL MEDICINE)/ COMMUNITY MEDICINE,ST,ST,Allotted
1959,141713,All India,"GOVT. MEDICAL COLLEGE, THIRUVANANTHAPURAM,GOVT. MEDICAL COLLEGE, THIRUVANANTHAPURAM, Kerala, 695011",MD/MS (Anatomy),SC,SC,Allotted
1960,142012,All India,"Tezpur Medical College,Tezpur Medical College, Assam, 784010",M.D. (MICROBIOLOGY),OBC,OBC,Allotted
1961,142225,DNB Quota,"Mahatma Gandhi Hospital, Bhilwara Swami Ram Charan Marg, Bhopal Ganj, Bhilwara, Rajasthan Rajasthan , Rajasthan-311001,Mahatma Gandhi Hospital, Bhilwara Swami Ram Charan Marg, Bhopal Ganj, Bhilwara, Rajasthan Rajasthan, Rajasthan, 311001",(NBEMS-DIPLOMA) ANAESTHESIOLOGY,ST,ST,Allotted
1962,142334,All India,"IPGME&R and SSKM Hospital Kolkata,IPGME&R and SSKM Hospital Kolkata, West Bengal, 700020",M.D. (PHYSIOLOGY),OBC,OBC,Allotted
1963,142570,All India,"Sardar Patel Medical College, Bikaner,Sardar Patel Medical College, Bikaner, Rajasthan, 334003",M.D. (BIOCHEMISTRY),SC,SC,Allotted
1964,142634,All India,"Government Medical College, Nalgonda,Office of the Principal, Government Medical College Nalgonda, Near RTC Bus Stand, Gollaguda, Nalgon, Telangana, 508001",M.D. (PHARMACOLOGY),SC,SC,Allotted
1965,142655,All India,"Karwar Institute of Medical Sciences, Karnataka,MG Road, Karnataka, 581301",MD/MS (Anatomy),OBC,OBC,Allotted
1966,142693,DNB Quota,"Associated Hospital Government Medical College, ,Government Medical College Chack Sajjan Kathua, Jammu And Kashmir, 184101",(NBEMS) PHYSIOLOGY,OBC,OBC,Allotted
1967,142737,All India,"Govt. Doon Medical College, Dehradun,Govt. Doon Medical College Dehrakhas, Patel Nagar Dehradun 248001, Uttarakhand, 248001",M.D. (MICROBIOLOGY),ST,ST,Allotted
1968,143287,All India,"INDIRA GANDHI MEDICAL COLLEGE AND RESEARCH INSTITUTE, PUDUCHERRY,INDIRA GANDHI MEDICAL COLLEGE AND RESEARCH INSTITUTE, PUDUCHERRY, Puducherry, 605009",M.D. (FORENSIC MEDICINE),ST,ST,Allotted
1969,143354,All India,"GOA MEDICAL COLLEGE,Bambolim, Goa, Goa, 403202",M.D. (BIOCHEMISTRY),OBC,OBC,Allotted
1970,143614,All India,"Government medical college patiala.,Government medical college patiala., Punjab, 147001",MD/MS (Anatomy),OBC,OBC,Allotted
1971,143862,All India,"MYSORE MEDICAL COLLEGE AND RESEARCH INSTITUTE,MYSORE MEDICAL COLLEGE AND RESEARCH INSTITUTE, Karnataka, 570001",M.D. (PHYSIOLOGY),SC,SC,Allotted
1972,143917,All India,"Assam Medical College,Assam Medical College, Assam, 786002",MD/MS (Anatomy),OBC,OBC,Allotted
1973,144354,All India,"Mahatma Gandhi Memorial Medical College, Indore,Mahatma Gandhi Memorial Medical College, Indore, Madhya Pradesh, 452001",M.D. (PHARMACOLOGY),SC,SC,Allotted
1974,144569,All India,"Government Medical College Kota,Government Medical College Kota, Rajasthan, 324005",M.D. (BIOCHEMISTRY),SC,SC,Allotted
1975,144620,All India,"Seth Gordhandas Sunderdas Medical College, MUMBAI,Seth Gordhandas Sunderdas Medical College, Acharya Donde Marg Parel MUMBAI, Maharashtra, 400012",M.D. (PHYSIOLOGY),SC,SC,Allotted
1976,145145,All India,"Rani Durgavati Medical College, Banda ,Rani Durgavati Medical College Naraini Road Banda, Uttar Pradesh, 210001",M.D. (PHYSIOLOGY),OBC,OBC,Allotted
1977,145338,All India,"GANDHI MEDICAL COLLEGE,GANDHI MEDICAL COLLEGE, Telangana, 500003",M.D. (PHYSIOLOGY),SC,SC,Allotted
1978,145442,All India,"Chamarajanagar Institute of Medical Sciences, Karnataka,CHAMARAJANAGAR INSTITUTE OF MEDICAL SCIENCES, SY. NO 124, YEDAPURA VILLAGE KASABA HOBLI, CHAMARAJANA, Karnataka, 571313",M.D. (BIOCHEMISTRY),OBC,OBC,Allotted
1979,145635,All India,"R G KAR MEDICAL COLLEGE, West Bengal,R G KAR MEDICAL COLLEGE,1 KHUDIRAM BOSE SARANI,KOLKATA, West Bengal, West Bengal, 700004",M.D. (PHYSIOLOGY),OBC,OBC,Allotted
1980,145640,All India,"VIJANAGARA INSTITUTE OF MEDICAL SCIENCES BALLARI,VIJANAGARA INSTITUTE OF MEDICAL SCIENCES BALLARI, Karnataka, 583104",M.D. (PHYSIOLOGY),SC,SC,Allotted
1981,145755,All India,"GADAG INSTITUTE OF MEDICAL SCIENCES GADAG,Gadag Institute of Medical Sciences Mallasamudra Gadag-582103, Karnataka, 582103",MD/MS (Anatomy),OBC,OBC,Allotted
1982,146103,All India,"BPS Govt. Medical College for Women, Khanpur Kalan Sonepat,BPS Govt. Medical College for Women, Khanpur Kalan Sonepat, Haryana, 131305",M.D. (PHYSIOLOGY),OBC,OBC,Allotted
1983,146116,DNB Quota,"Siliguri District Hospital,,Kachari Road, Siliguri, Dist- Darjeeling, West Bengal, West Bengal, 734001",(NBEMS-DIPLOMA) OPHTHALMOLOGY,ST,ST,Allotted
1984,146521,All India,"Sarojini Naidu Medical College, AGRA,Sarojini Naidu Medical College, AGRA, Uttar Pradesh, 282002",M.D. (MICROBIOLOGY),ST,ST,Allotted
1985,146658,All India,"ANUGRAH NARAYAN MAGADH MEDICAL COLLEGE,ANUGRAH NARAYAN MAGADH MEDICAL COLLEGE, Bihar, 823001",MD/MS (Anatomy),SC,SC,Allotted
1986,146665,All India,"INDIRA GANDHI GOVT.MEDICAL COLLEGE NAGPUR,INDIRA GANDHI GOVT.MEDICAL COLLEGE NAGPUR, Maharashtra, 440018",M.D. (BIOCHEMISTRY),OBC,OBC,Allotted
1987,146953,All India,"SHIMOGA INSTITUTE OF MEDICAL SCIENCES,SHIMOGA INSTITUTE OF MEDICAL SCIENCES, Karnataka, 577201",M.D. (PREVENTIVE and SOCIAL MEDICINE)/ COMMUNITY MEDICINE,ST,ST,Allotted
1988,146968,All India,"Kalpana Chawla Govt Medical College, Karnal, Haryana,Kalpana Chawla Government Medical College Model Town Karnal 132001 Haryana, Haryana, 132001",M.D. (PHARMACOLOGY),ST,ST,Allotted
1989,147468,All India,"Govt. Medical College Akola,Govt. Medical College Akola, Maharashtra, 444001",M.D. (BIOCHEMISTRY),OBC,OBC,Allotted
1990,147532,All India,"Pt. Jawahar Lal Nehru Memorial Medical College, RAIPUR,Pt. Jawahar Lal Nehru Memorial Medical College, RAIPUR, Chhattisgarh, 492001",M.D. (PHYSIOLOGY),OBC,OBC,Allotted
1991,147544,All India,"Sher-i-Kashmir Institute of Medical Sciences, Srinagar,J&K ,SKIMS, SOURA, SRINAGAR-190011, Jammu And Kashmir, 190011",M.D. (PREVENTIVE and SOCIAL MEDICINE)/ COMMUNITY MEDICINE,ST,ST,Allotted
1992,147572,All India,"PATNA MEDICAL COLLEGE, PATNA,PATNA MEDICAL COLLEGE, PATNA, Bihar, 800004",MD/MS (Anatomy),SC,SC,Allotted
1993,148046,All India,"GOVT. MEDICAL COLLEGE, AMRITSAR,GOVT. MEDICAL COLLEGE,CIRCULAR ROAD, AMRITSAR, Punjab, 143001",M.D. (PHYSIOLOGY),OBC,OBC,Allotted
1994,148049,All India,"Srirama Chandra Bhanja Medical College, CUTTACK,Srirama Chandra Bhanja Medical College, CUTTACK, Odisha, 753007",M.D. (PHARMACOLOGY),SC,SC,Allotted
1995,148450,All India,"Government Medical College, Nalgonda,Office of the Principal, Government Medical College Nalgonda, Near RTC Bus Stand, Gollaguda, Nalgon, Telangana, 508001",M.D. (BIOCHEMISTRY),SC,SC,Allotted
1996,148720,All India,"PATNA MEDICAL COLLEGE, PATNA,PATNA MEDICAL COLLEGE, PATNA, Bihar, 800004",M.D. (PHARMACOLOGY),ST,ST,Allotted
1997,148972,All India,"GOA MEDICAL COLLEGE,Bambolim, Goa, Goa, 403202",M.D. (PHYSIOLOGY),OBC,OBC,Allotted
1998,149611,All India,"Government Kilpauk Medical College,Government Kilpauk Medical College, Tamil Nadu, 600010",M.D. (MICROBIOLOGY),ST,ST,Allotted
1999,149806,DNB Quota,"Associated Hospital Government Medical College, ,Kanth Bagh Baramulla, Jammu And Kashmir, 193103",(NBEMS-DIPLOMA) ANAESTHESIOLOGY,ST,ST,Allotted
2000,149810,All India,"KURNOOL MEDICAL COLLEGE,KURNOOL MEDICAL COLLEGE, Andhra Pradesh, 518002",M.D. (PHYSIOLOGY),SC,SC,Allotted
2001,149924,DNB Quota,"General Hospital,,General Hospital Arakalagud Road, Holenarasipura Taluk, Hassan District, Karnataka, 573211",(NBEMS-DIPLOMA) ANAESTHESIOLOGY,ST,ST,Allotted
2002,149948,All India,"Pandit Dindayal Upadhyay Medical College, RAJKOT,Pandit Dindayal Upadhyay Medical College, RAJKOT, Gujarat, 360001",MD/MS (Anatomy),OBC,OBC,Allotted
2003,150067,All India,"Mahatma Gandhi Memorial Medical College, Jamshedpur,Mahatma Gandhi Memorial Medical College, Jamshedpur, Jharkhand, 831020",M.D. (PHYSIOLOGY),SC,SC,Allotted
2004,150190,All India,"Govt. Medical College, Baroda,Govt. Medical College, Baroda, Gujarat, 390001",M.D. (PHYSIOLOGY),OBC,OBC,Allotted
2005,150191,All India,"Burdwan Medical College, West Bengal,Burdwan Medical College, West Bengal, West Bengal, 713104",MD/MS (Anatomy),SC,SC,Allotted
2006,150210,All India,"Dr Ram Manohar Lohia Institute of Medical Sciences, Lucknow,Dr Ram Manohar Lohia Institute of Medical Sciences, Lucknow, Uttar Pradesh, 226010",M.D. (PHARMACOLOGY),ST,ST,Allotted
2007,150420,All India,"GAJRA RAJA MEDICAL COLLEGE GWALIOR,GAJRA RAJA MEDICAL COLLEGE GWALIOR, Madhya Pradesh, 474009",M.D. (PHYSIOLOGY),OBC,OBC,Allotted
2008,150442,All India,"JHALAWAR MEDICAL COLLEGE,JHALAWAR MEDICAL COLLEGE, JHALAWAR, Rajasthan, 326001",M.D. (FORENSIC MEDICINE),ST,ST,Allotted
2009,150606,All India,"BIDAR INSTITUTE OF MEDICAL SCIENCES, BIDAR,BIDAR INSTITUTE OF MEDICAL SCIENCES, BIDAR, Karnataka, 585401",M.D. (BIOCHEMISTRY),SC,SC,Allotted
2010,150781,All India,"GOVT. MEDICAL COLLEGE, AMRITSAR,GOVT. MEDICAL COLLEGE,CIRCULAR ROAD, AMRITSAR, Punjab, 143001",M.D. (PHYSIOLOGY),SC,SC,Allotted
2011,150848,All India,"DR. SHANKARRAO CHAVAN GOVERNMENT MEDICAL COLLEGE, NANDED,DR. SHANKARRAO CHAVAN GOVERNMENT MEDICAL COLLEGE, VISHNUPURI, NANDED, Maharashtra, 431606",MD/MS (Anatomy),OBC,OBC,Allotted
2012,151655,All India,"Murshidabad Medical College and Hospital,Station Road, Berhampore, Murshidabad, West Bengal, 742101",M.D. (BIOCHEMISTRY),OBC,OBC,Allotted
2013,152070,All India,"VIJANAGARA INSTITUTE OF MEDICAL SCIENCES BALLARI,VIJANAGARA INSTITUTE OF MEDICAL SCIENCES BALLARI, Karnataka, 583104",M.D. (PREVENTIVE and SOCIAL MEDICINE)/ COMMUNITY MEDICINE,ST,ST,Allotted
2014,152241,All India,"Burdwan Medical College, West Bengal,Burdwan Medical College, West Bengal, West Bengal, 713104",M.D. (PHYSIOLOGY),OBC,OBC,Allotted
2015,152349,All India,"Ravindra Nath Tagore Medical College, Udaipur,Ravindra Nath Tagore Medical College, Udaipur, Rajasthan, 313001",M.D. (BIOCHEMISTRY),OBC,OBC,Allotted
2016,152410,All India,"MYSORE MEDICAL COLLEGE AND RESEARCH INSTITUTE,MYSORE MEDICAL COLLEGE AND RESEARCH INSTITUTE, Karnataka, 570001",M.D. (BIOCHEMISTRY),SC,SC,Allotted
2017,152758,All India,"M. P. SHAH GOVERNMENT MEDICAL COLLEGE,M. P. SHAH GOVERNMENT MEDICAL COLLEGE, Gujarat, 361008",MD/MS (Anatomy),ST,ST,Allotted
2018,153145,All India,"Kalpana Chawla Govt Medical College, Karnal, Haryana,Kalpana Chawla Government Medical College Model Town Karnal 132001 Haryana, Haryana, 132001",MD/MS (Anatomy),OBC,OBC,Allotted
2019,153552,Delhi University Quota,"Maulana Azad Medical College,Maulana Azad Medical College, Delhi (NCT), 110002",M.D. (BIOCHEMISTRY),ST,ST,Allotted
2020,153561,All India,"BELAGAVI INSTITUTE OF MEDICAL SCIENCES, BELAGAVI,BELAGAVI INSTITUTE OF MEDICAL SCIENCES, BELAGAVI, Karnataka, 590001",M.D. (MICROBIOLOGY),ST,ST,Allotted
2021,153577,All India,"Sawai Man Singh Medical College, JAIPUR,Sawai Man Singh Medical College, JAIPUR, Rajasthan, 302004",M.D. (BIOCHEMISTRY),SC,SC,Allotted
2022,153667,All India,"Sawai Man Singh Medical College, JAIPUR,Sawai Man Singh Medical College, JAIPUR, Rajasthan, 302004",M.D. (BIOCHEMISTRY),SC,SC,Allotted
2023,153956,All India,"Sardar Patel Medical College, Bikaner,Sardar Patel Medical College, Bikaner, Rajasthan, 334003",M.D. (BIOCHEMISTRY),OBC,OBC,Allotted
2024,154071,All India,"RUHS COLLEGE OF MEDICAL SCIENCES,RUHS COLLEGE OF MEDICAL SCIENCES, Rajasthan, 302033",M.D. (MICROBIOLOGY),ST,ST,Allotted
2025,154132,All India,"Gandhi Medical College, Bhopal,Gandhi Medical College, Bhopal, Madhya Pradesh, 462001",M.D. (PHYSIOLOGY),SC,SC,Allotted
2026,154171,All India,"Govt. Doon Medical College, Dehradun,Govt. Doon Medical College Dehrakhas, Patel Nagar Dehradun 248001, Uttarakhand, 248001",MD/MS (Anatomy),OBC,OBC,Allotted
2027,154180,All India,"BIDAR INSTITUTE OF MEDICAL SCIENCES, BIDAR,BIDAR INSTITUTE OF MEDICAL SCIENCES, BIDAR, Karnataka, 585401",MD/MS (Anatomy),OBC,OBC,Allotted
2028,154205,DNB Quota,"Sir C V Raman General Hospital, ,80 FEET ROAD INDIRANAGARA BANGALORE, Karnataka, 560038",(NBEMS-DIPLOMA) ANAESTHESIOLOGY,ST,ST,Allotted
2029,154244,All India,"Mahatma Gandhi Memorial Medical College, Indore,Mahatma Gandhi Memorial Medical College, Indore, Madhya Pradesh, 452001",M.D. (BIOCHEMISTRY),OBC,OBC,Allotted
2030,154295,All India,"Pt. Jawahar Lal Nehru Memorial Medical College, RAIPUR,Pt. Jawahar Lal Nehru Memorial Medical College, RAIPUR, Chhattisgarh, 492001",M.D. (BIOCHEMISTRY),OBC,OBC,Allotted
2031,154820,All India,"College of Medicine & Sagore Dutta Hospital,College of Medicine & Sagore Dutta Hospital, West Bengal, 700058",M.D. (BIOCHEMISTRY),OBC,OBC,Allotted
2032,154916,All India,"Sawai Man Singh Medical College, JAIPUR,Sawai Man Singh Medical College, JAIPUR, Rajasthan, 302004",MD/MS (Anatomy),OBC,OBC,Allotted
2033,154919,All India,"Kakatiya Medical College,Kakatiya Medical College, Telangana, 506007",M.D. (PHYSIOLOGY),OBC,OBC,Allotted
2034,155010,All India,"ESIC Medical College & Hospital, Faridabad,NH-3, NIT, FARIDABAD, Haryana, 121001",M.D. (BIOCHEMISTRY),ST,ST,Allotted
2035,155201,All India,"Sardar Patel Medical College, Bikaner,Sardar Patel Medical College, Bikaner, Rajasthan, 334003",MD/MS (Anatomy),OBC,OBC,Allotted
