sno,rank,quota,institute,course,alloted_category,candidate_category,remarks
1,787,All India,"Sawai Man Singh Medical College, JAIPUR,Sawai Man Singh Medical College, JLN Marg, Jaipur-302004, Rajasthan, 302004",M.D. (GENERAL MEDICINE),Open,General,Allotted
2,1685,All India,"TOPIWALA NATIONAL MEDICAL COLLEGE,TOPIWALA NATIONAL MEDICAL COLLEGE B Y L Nair Ch Hospital, Dr. A.L. Nair Rd, Mumbai Central, Mumbai, Maharashtra, 400008",M.D. (RADIO- DIAGNOSIS),Open,OBC,Allotted
3,1884,DNB Quota,"Yashoda Super Speciality Hospital, ,RAJBHAVAN ROAD SOMAJIGUDA, Telangana, 500082",(NBEMS) RADIO- DIAGNOSIS,Open,General,Allotted
4,2156,All India,"Sawai Man Singh Medical College, JAIPUR,Sawai Man Singh Medical College, JLN Marg, Jaipur-302004, Rajasthan, 302004",M.D. (GENERAL MEDICINE),OBC,OBC,Allotted
5,2265,All India,"Government Medical College, Aurangabad,Government Medical College, Aurangabad, Maharashtra, 431001",M.D. (RADIO- DIAGNOSIS),Open,General,Allotted
6,2815,All India,"Government T D Medical College, Vandanm , Alappuzha,Government T D Medical College, Vandanam , Alappuzha, Kerala, 688005",M.D. (GENERAL MEDICINE),Open,OBC,Allotted
7,2903,All India,"Rangaraya Medical College,Rangaraya Medical College Beside SP Office , Pithapuram Road, Kakinada, Andhra Pradesh, 533003",M.D. (GENERAL MEDICINE),EWS,EWS,Allotted
8,2911,All India,"Govt. Medical College, Baroda,Govt. Medical College, Baroda, Gujarat, 390001",M.D. (RADIO- DIAGNOSIS),Open,General,Allotted
9,3166,All India,"M. P. SHAH GOVERNMENT MEDICAL COLLEGE,M. P. SHAH GOVERNMENT MEDICAL COLLEGE, Gujarat, 361008",M.D. (RADIO- DIAGNOSIS),Open,General,Allotted
10,3248,All India,"SHYAM SHAH MEDICAL COLLEGE,deanmcrewa@rediffmail.com, Madhya Pradesh, 486001",M.D. (RADIO- DIAGNOSIS),Open,General,Allotted
11,3254,All India,"JAWAHARLAL NEHRU MEDICAL COLLEGE, ALIGARH MUSLIM UNIVERSITY STATE UTTAR,JAWAHARLAL NEHRU MEDICAL COLLEGE, ALIGARH MUSLIM UNIVERSITY STATE UTTAR, Uttar Pradesh, 202002",M.D. (GENERAL MEDICINE),OBC,OBC,Allotted
12,3259,All India,"Government Medical College, Aurangabad,Government Medical College, Aurangabad, Maharashtra, 431001",M.D. (RADIO- DIAGNOSIS),OBC,OBC,Allotted
13,3310,All India,"North Bengal Medical College,North Bengal Medical College, West Bengal, 734012",M.D. (GENERAL MEDICINE),Open,General,Allotted
14,3440,All India,"B. J. MEDICAL COLLEGE, Ahmedabad,B.J. Medical College, New Civil Hospital Asarwa,Ahmedabad-380016,Gujarat,India, Gujarat, 380016",M.D. (RADIO- DIAGNOSIS),OBC,OBC,Allotted
15,3487,All India,"Government Medical College, Surat,Government Medical College, Majuragate, Surat., Gujarat, 395001",M.D. (RADIO- DIAGNOSIS),OBC,OBC,Allotted
16,3495,All India,"GOVT MEDICAL COLLEGE, ANANTAPURAMU,GOVT MEDICAL COLLEGE, ANANTAPURAMU, Andhra Pradesh, 515001",M.D. (RADIO- DIAGNOSIS),OBC,OBC,Allotted
17,3646,All India,"MANDYA INSTITUTE OF MEDICAL SCIENCES,MANDYA INSTITUTE OF MEDICAL SCIENCES MANDYA, Karnataka, 571401",M.D. (GENERAL MEDICINE),Open,General,Allotted
18,3810,All India,"Government Medical College, Nagpur,Government Medical College, Nagpur, Maharashtra, 440003",M.D. (GENERAL MEDICINE),OBC,OBC,Allotted
19,3853,All India,"K.A.P.Viswanatham Government Medical College, Tiruchirapalli,PERIYAMILAGUPARAI, TIRUCHIRAPPALLI,, Tamil Nadu, 620001",M.D. (GENERAL MEDICINE),Open,OBC,Allotted
20,3981,All India,"M. P. SHAH GOVERNMENT MEDICAL COLLEGE,M. P. SHAH GOVERNMENT MEDICAL COLLEGE, Gujarat, 361008",M.D. (RADIO- DIAGNOSIS),OBC,OBC,Allotted
21,4232,All India,"NETAJI SUBHASH CHANDRA BOSE MEDICAL COLLEGE, JABALPUR ,NETAJI SUBHASH CHANDRA BOSE MEDICAL COLLEGE, NAGPUR ROAD JABALPUR, Madhya Pradesh, 482003",M.D. (GENERAL MEDICINE),Open,OBC,Allotted
22,4234,All India,"NETAJI SUBHASH CHANDRA BOSE MEDICAL COLLEGE, JABALPUR ,NETAJI SUBHASH CHANDRA BOSE MEDICAL COLLEGE, NAGPUR ROAD JABALPUR, Madhya Pradesh, 482003",M.D. (GENERAL MEDICINE),Open,General,Allotted
23,4240,All India,"Grant Medical College, Maharashtra,Grant Medical College, Maharashtra, Maharashtra, 400008","M.D. (DERM.,VENE. and LEPROSY)/ (DERMATOLOGY)/(SKIN and VENEREAL DISEASES)/(VENEREOL OGY)",Open,General,Allotted
24,4299,All India,"Govt. Medical College, Bhavnagar,Near. S.T. Bus Stand,Jail Road, Bhavnagar-364001, Gujarat, 364001","M.D. (DERM.,VENE. and LEPROSY)/ (DERMATOLOGY)/(SKIN and VENEREAL DISEASES)/(VENEREOL OGY)",Open,General,Allotted
25,4393,All India,"GOVERNMENT MEDICAL COLLEGE CHANDRAPUR, MAHARASHTRA,TB Hospital Campus, Ram Nagar, Chandrapur - 442401, Maharashtra, 442401","M.D. (DERM.,VENE. and LEPROSY)/ (DERMATOLOGY)/(SKIN and VENEREAL DISEASES)/(VENEREOL OGY)",Open,General,Allotted
26,4584,All India,"Govt. Medical College, Bhavnagar,Near. S.T. Bus Stand,Jail Road, Bhavnagar-364001, Gujarat, 364001",M.D. (RADIO- DIAGNOSIS),OBC,OBC,Allotted
27,4608,All India,"NALANDA MEDICAL COLLEGE,PATNA,NALANDA MEDICAL COLLEGE,PATNA, OLD BYPASS KANKARBAGH, Bihar, 800026","M.D. (DERM.,VENE. and LEPROSY)/ (DERMATOLOGY)/(SKIN and VENEREAL DISEASES)/(VENEREOL OGY)",Open,General,Allotted
28,4735,All India,"Lala Lajpat Rai Memorial Medical College, MEERUT,Lala Lajpat Rai Memorial Medical College, MEERUT, Uttar Pradesh, 250004",M.D. (GENERAL MEDICINE),Open,General,Allotted
29,4756,DNB Quota,"St. Stephen`s Hospital, ,Tis Hazari, Delhi (NCT), 110054",(NBEMS) GENERAL MEDICINE,Open,General,Allotted
30,4773,All India,"GOVERNMENT MEDICAL COLLEGE KADAPA (FORMERLY RAJIV GANDHI INSTITUTE OF MEDICAL SCIENCES, KADAPA),GOVERNMENT MEDICAL COLLEGE KADAPA (FORMERLY RAJIV GANDHI INSTITUTE OF MEDICAL SCIENCES, KADAPA), Andhra Pradesh, 516002",M.D. (GENERAL MEDICINE),Open,General,Allotted
31,4778,All India,"BELAGAVI INSTITUTE OF MEDICAL SCIENCES, BELAGAVI,BELAGAVI INSTITUTE OF MEDICAL SCIENCES, BELAGAVI, Karnataka, 590001",M.D. (GENERAL MEDICINE),Open,General,Allotted
32,4937,All India,"DARBHANGA MEDICAL COLLEGE,Sheetal Prasad Marg, Laheriasarai, Darbhanga, Bihar, Bihar, 846003",M.D. (RADIO- DIAGNOSIS),Open,General,Allotted
33,4945,All India,"Maharaja Krushna Chandra Gajapati Medical College , Brahmapur,Maharaja Krushna Chandra Gajapati Medical College , Brahmapur, Odisha, 760004",M.D. (RADIO- DIAGNOSIS),Open,General,Allotted
34,4951,All India,"Post Graduate Institute of Medical Education & Research and Capital Hospital ( PGIMER & CH), Odisha,Post Graduate Institute of Medical Education & Research and Capital Hospital, Bhubaneswar,Udyan Marg, Odisha, 751001",M.D. (PAEDIATRICS),Open,General,Allotted
35,5099,All India,"Pandit Dindayal Upadhyay Medical College, RAJKOT,Pandit Dindayal Upadhyay Medical College, RAJKOT, Gujarat, 360001",M.D. (GENERAL MEDICINE),OBC,OBC,Allotted
36,5208,All India,"VIJANAGARA INSTITUTE OF MEDICAL SCIENCES BALLARI,VIJANAGARA INSTITUTE OF MEDICAL SCIENCES BALLARI, Karnataka, 583104",M.D. (GENERAL MEDICINE),Open,OBC,Allotted
37,5254,DNB Quota,"Kailash hospital neuro institute, Uttar Pradesh,KAILASH HOSPITAL & NEURO INSTITUTE NH-1 SECTOR 71 NOIDA UP, Uttar Pradesh, 201309",(NBEMS) RADIO- DIAGNOSIS,Open,General,Allotted
38,5300,All India,"Midnapore Medical College and Hospital,Midnapore Medical College and Hospital, West Bengal, 721101",M.D. (PAEDIATRICS),Open,General,Allotted
39,5342,All India,"GOA MEDICAL COLLEGE,Bambolim, Goa, Goa, 403202",M.D. (GENERAL MEDICINE),EWS,EWS,Allotted
40,5363,All India,"Rajiv Gandhi Institute of Medical Sciences Srikakulam,Government Medical College Srikakulam Balaga Srikakulam Town Srikakulam District, Andhra Pradesh, 532001",M.D. (GENERAL MEDICINE),Open,General,Allotted
41,5427,DNB Quota,"Tata Medical Center, ,14 MAJOR ARTERIAL ROAD EW NEWTOWN RAJARHAT KOLKATA 700160, West Bengal, 700160",(NBEMS) RADIO- DIAGNOSIS,Open,General,Allotted
42,5505,All India,"GOVERNMENT VELLORE MEDICAL COLLEGE,GOVERNMENT VELLORE MEDICAL COLLEGE, Tamil Nadu, 632011",M.D. (PAEDIATRICS),Open,General,Allotted
43,5623,All India,"NETAJI SUBHASH CHANDRA BOSE MEDICAL COLLEGE, JABALPUR ,NETAJI SUBHASH CHANDRA BOSE MEDICAL COLLEGE, NAGPUR ROAD JABALPUR, Madhya Pradesh, 482003",M.D. (RADIO- DIAGNOSIS),OBC,OBC,Allotted
44,5713,DNB Quota,"Bhabha Atomic Research Centre and Hospital, ,Anushaktinagar, Mumbai, Maharashtra, 400094",(NBEMS) GENERAL MEDICINE,Open,General,Allotted
45,5747,All India,"Rajarshee Chhatrapati Shahu Maharaj Government Medical College, Kolhapur,R.K. Nagar Road, Shenda Park, Kolhapur, Maharashtra, Maharashtra, 416012",M.D. (GENERAL MEDICINE),Open,EWS,Allotted
46,5754,DNB Quota,"K.J. Somaiya Medical College,,SOMAIYA AYURVIHAR , EASTERN EXPRESS HIGHWAY, SION, MUMBAI 400022, Maharashtra, 400022",(NBEMS) GENERAL MEDICINE,Open,General,Allotted
47,5756,DNB Quota,"Sri Shankara Cancer Hospital and Research centre, ,1st Cross, Shankarapuram, Basavanagudi, Bengaluru, Karnataka, 560004",(NBEMS) RADIO- DIAGNOSIS,Open,General,Allotted
48,5952,DNB Quota,"Northern Railway Central Hospital,, ,Basant Lane New Delhi, Delhi (NCT), 110055",(NBEMS) GENERAL MEDICINE,OBC,OBC,Allotted
49,5963,All India,"RAJIV GANDHI INSTITUTE OF MEDICAL SCIENCES,RAJIV GANDHI INSTITUTE OF MEDICAL SCIENCES ADILABAD -504001 TELANGANA STATE, Telangana, 504001",M.D. (GENERAL MEDICINE),Open,OBC,Allotted
50,5965,All India,"NALANDA MEDICAL COLLEGE,PATNA,NALANDA MEDICAL COLLEGE,PATNA, OLD BYPASS KANKARBAGH, Bihar, 800026",M.D. (GENERAL MEDICINE),Open,EWS,Allotted
51,6033,All India,"Government Medical College, Datia,Near 29 Batallion, National Highway 44, Dist Datia, Madhya Pradesh Pin - 475661, Madhya Pradesh, 475661",M.D. (GENERAL MEDICINE),Open,General,Allotted
52,6138,All India,"JAWAHAR LAL NEHRU MEDICAL COLLEGE, AJMER,NEAR PATEL STADIUM, AJMER, Rajasthan, 305001",M.D. (RADIO- DIAGNOSIS),OBC,OBC,Allotted
53,6194,All India,"Government Medical College Kota,Government Medical College Kota, Rajasthan, 324005",M.D. (PAEDIATRICS),Open,General,Allotted
54,6209,All India,"Gvernment Medical College,Haldwani,Government Medical College, Haldwani, Uttarakhand, 263139",M.D. (GENERAL MEDICINE),OBC,OBC,Allotted
55,6410,Delhi University Quota,"University College of Medical Sciences,University College of Medical Sciences, Delhi (NCT), 110095",M.S. (GENERAL SURGERY),Open,General,Allotted
56,6433,DNB Quota,"Batra Hospital and Medical Research Centre, ,1, Tughlakabad institutional Area, Mehrauli Badarpur Road, New Delhi, Delhi (NCT), 110062",(NBEMS) GENERAL MEDICINE,Open,General,Allotted
57,6458,All India,"Seth Gordhandas Sunderdas Medical College, MUMBAI,Seth Gordhandas Sunderdas Medical College, Acharya Donde Marg Parel MUMBAI, Maharashtra, 400012",M.S. (ORTHOPAEDICS),Open,OBC,Allotted
58,6495,DNB Quota,"Gujarat MRI Centre, ,1ST FLOOR,SAMVED HOSPITAL,STADIUM COMMERCE COLLEGE ROAD,NAVRANGPURA,AHMEDABAD, Gujarat, 380009",(NBEMS) RADIO- DIAGNOSIS,Open,General,Allotted
59,6663,All India,"Rajmata Shrimati Devendra Kumari Singhdeo Government Medical College, Ambikapur,Kanyaparisar Road Gangapur Ambikapur District Surguja, Chhattisgarh, 497001",M.D. (GENERAL MEDICINE),Open,General,Allotted
60,6706,All India,"INDIRA GANDHI INSTITUTE OF CHILD HEALTH, BANGALORE,INDIRA GANDHI INSTITUTE OF CHILD HEALTH, BANGALORE, Karnataka, 560029",M.D. (PAEDIATRICS),OBC,OBC,Allotted
61,6746,All India,"North Bengal Medical College,North Bengal Medical College, West Bengal, 734012",M.D. (GENERAL MEDICINE),EWS,EWS,Allotted
62,6866,All India,"College of Medicine & Sagore Dutta Hospital,College of Medicine & Sagore Dutta Hospital, West Bengal, 700058",M.D. (Tuberculosis and Respiratory diseases)/Pulmonary Medicine /M.D. (Respiratory Medicine),Open,General,Allotted
63,6929,All India,"MADRAS MEDICAL COLLEGE,EVR PERIYAR SALAI, CHENNAI-03, Tamil Nadu, 600003",M.D. (GENERAL MEDICINE),EWS,EWS,Allotted
64,6997,All India,"PGIMER, DR. RML Hospital,ABVIMS, DR. RML Hospital, Baba Kharak Singh Marg, Cannaught Place, Delhi (NCT), 110001",M.D. (ANAESTHESIOLOGY),Open,OBC,Allotted
65,7020,All India,"Dr. Sampurnanand Medical College (SNMC), JODHPUR,Dr. Sampurnanand Medical College (SNMC), JODHPUR, Rajasthan, 342001",M.D. (PAEDIATRICS),Open,General,Allotted
66,7182,All India,"B.J.Government Medical College, Pune,B.J.Government Medical College, Pune, Maharashtra, 411001",M.D. (PAEDIATRICS),Open,General,Allotted
67,7212,DNB Quota,"Apollo Gleneagles Hospital, ,58 Canal Circular Road Kolkata 700054, West Bengal, 700054",(NBEMS) GENERAL MEDICINE,Open,General,Allotted
68,7215,All India,"Karnataka Institute of Medical Sciences, Hubballi,Karnataka Institute of Medical Sciences, Hubballi, Karnataka, 580021",M.D. (GENERAL MEDICINE),OBC,OBC,Allotted
69,7226,All India,"MYSORE MEDICAL COLLEGE AND RESEARCH INSTITUTE,MYSORE MEDICAL COLLEGE AND RESEARCH INSTITUTE, Karnataka, 570001","M.D. (DERM.,VENE. and LEPROSY)/ (DERMATOLOGY)/(SKIN and VENEREAL DISEASES)/(VENEREOL OGY)",OBC,OBC,Allotted
70,7247,All India,"INSTITUTE OF MEDICAL SCIENCES, BANARAS HINDU UNIVERSITY,INSTITUTE OF MEDICAL SCIENCES, BANARAS HINDU UNIVERSITY, Uttar Pradesh, 221005",M.D. (PAEDIATRICS),EWS,EWS,Allotted
71,7443,All India,"SHIMOGA INSTITUTE OF MEDICAL SCIENCES,SHIMOGA INSTITUTE OF MEDICAL SCIENCES, Karnataka, 577201",M.D. (GENERAL MEDICINE),OBC,OBC,Allotted
72,7480,All India,"ESIC Medical College & Hospital, Faridabad,NH3 NIT FARIDABAD, Haryana, 121001",M.S. (GENERAL SURGERY),Open,General,Allotted
73,7494,DNB Quota,"Malabar Institute of Medical Sciences, ,Govindapuram P.O., Mini Bypass Road, Kozhikode, Kerala, 673016",(NBEMS) GENERAL MEDICINE,Open,General,Allotted
74,7502,DNB Quota,"Bansal Hospital,,C- Sector Shahpura, Bhopal, Madhya Pradesh, 462016",(NBEMS) GENERAL MEDICINE,Open,General,Allotted
75,7513,All India,"Dr. B. C. Roy Post Graduate Institute of Paediatric Sciences,111 Narkeldanga Main Road Kolkata, West Bengal, 700054",M.D. (PAEDIATRICS),Open,General,Allotted
76,7587,DNB Quota,"Bhabha Atomic Research Centre and Hospital, ,Anushaktinagar, Mumbai, Maharashtra, 400094",(NBEMS) GENERAL MEDICINE,Open,General,Allotted
77,7625,All India,"Jawaharlal Institute of Medical Sciences, Manipur,Jawaharlal Nehru Institute of Medical Sciences, Porompat, Imphal -East, Manipur-795005, Manipur, 795005",M.D. (GENERAL MEDICINE),OBC,OBC,Allotted
78,7829,DNB Quota,"Government Institute of Medical Sciences, ,Greater Noida, Kasna, Uttar Pradesh, 201310",(NBEMS) GENERAL MEDICINE,Open,EWS,Allotted
79,7885,All India,"INSTITUTE OF MEDICAL SCIENCES, BANARAS HINDU UNIVERSITY,INSTITUTE OF MEDICAL SCIENCES, BANARAS HINDU UNIVERSITY, Uttar Pradesh, 221005",M.S. (OPHTHALMOLOGY),Open,General,Allotted
80,7968,All India,"GOA MEDICAL COLLEGE,Bambolim, Goa, Goa, 403202",M.D. (PAEDIATRICS),Open,EWS,Allotted
81,7981,DNB Quota,"B.R. Singh Hospital and Centre for Medical Education and Research,,Eastern Railway, Sealdah, Kolkata, West Bengal, 700014",(NBEMS) GENERAL MEDICINE,OBC,OBC,Allotted
82,7987,DNB Quota,"Apollo Hospital, ,APOLLO HOSPITALS BANGALORE A UNIT OF IMPERIAL HOSPITALS AND RESEARCH CENTRE LIMITED 154/11 Opp IIM B, Karnataka, 560076",(NBEMS) GENERAL MEDICINE,Open,OBC,Allotted
83,8085,DNB Quota,"BharatRatna Dr. Babasaheb Ambedkar Municipal General Hospital, Kandivali (West), Maharashtra,Parekh Nagar, SV Road, Opp. Kandivali Police station, Kandivali West, Mumbai, Maharashtra, 400067",(NBEMS) GENERAL MEDICINE,Open,EWS,Allotted
84,8094,All India,"Karnataka Institute of Medical Sciences, Hubballi,Karnataka Institute of Medical Sciences, Hubballi, Karnataka, 580021",M.D. (Obst. and Gynae)/MS (Obstetrics and Gynaecology),Open,General,Allotted
85,8124,All India,"Andhra Medical College,Andhra Medical College, Andhra Pradesh, 530002",M.D. (Tuberculosis and Respiratory diseases)/Pulmonary Medicine /M.D. (Respiratory Medicine),Open,General,Allotted
86,8167,All India,"Dr. B. C. Roy Post Graduate Institute of Paediatric Sciences,111 Narkeldanga Main Road Kolkata, West Bengal, 700054",M.D. (PAEDIATRICS),Open,General,Allotted
87,8178,All India,"Seth Gordhandas Sunderdas Medical College, MUMBAI,Seth Gordhandas Sunderdas Medical College, Acharya Donde Marg Parel MUMBAI, Maharashtra, 400012",M.D. (PAEDIATRICS),OBC,OBC,Allotted
88,8220,All India,"Osmania Medical Collge,Osmania Medical Collge, Telangana, 500095",M.D. (Obst. and Gynae)/MS (Obstetrics and Gynaecology),Open,General,Allotted
89,8224,All India,"MANDYA INSTITUTE OF MEDICAL SCIENCES,MANDYA INSTITUTE OF MEDICAL SCIENCES MANDYA, Karnataka, 571401",M.D. (PAEDIATRICS),OBC,OBC,Allotted
90,8279,All India,"INSTITUTE OF MEDICAL SCIENCES, BANARAS HINDU UNIVERSITY,INSTITUTE OF MEDICAL SCIENCES, BANARAS HINDU UNIVERSITY, Uttar Pradesh, 221005",M.D. (PSYCHIATRY),Open,General,Allotted
91,8292,All India,"North Bengal Medical College,North Bengal Medical College, West Bengal, 734012",M.D. (PAEDIATRICS),Open,General,Allotted
92,8382,All India,"CALCUTTA NATIONAL MEDICAL COLLEGE,CALCUTTA NATIONAL MEDICAL COLLEGE 32, Gorachand Road, Kolkata 700014, West Bengal, 700014",M.S. (ORTHOPAEDICS),Open,General,Allotted
93,8426,DNB Quota,"Kaveri Medical Centre and Hospital,,No-1, KC Road, Tennur, Trichy-620017, Tamil Nadu, 620017",(NBEMS) GENERAL MEDICINE,Open,OBC,Allotted
94,8463,All India,"Sawai Man Singh Medical College, JAIPUR,Sawai Man Singh Medical College, JLN Marg, Jaipur-302004, Rajasthan, 302004",M.D. (Obst. and Gynae)/MS (Obstetrics and Gynaecology),Open,General,Allotted
95,8505,DNB Quota,"Kokilaben Dhirubhai Ambani Hospital and Medical Research Institute,,Achyutrao Patwardhan Marg Andheri West Mumbai Maharashtra, Maharashtra, 400053",(NBEMS) Otorhinolaryngology (E.N.T.),Open,General,Allotted
96,8739,All India,"EMPLOYEES STATE INSURANCE CORPORATION MEDICAL COLLEGE AND PGIMSR,EMPLOYEES STATE INSURANCE CORPORATION MEDICAL COLLEGE AND PGIMSR, Karnataka, 560010",M.D. (Obst. and Gynae)/MS (Obstetrics and Gynaecology),Open,OBC,Allotted
97,8823,All India,"Dr.V.M.Govt.Medical College,Solapur, Maharasthtra,In front of district court civil chowk Dr.V.M.Govt.Medical College,Solapur, Maharasthtra, Maharashtra, 413003",M.D. (PAEDIATRICS),Open,EWS,Allotted
98,8849,All India,"GOVT. MEDICAL COLLEGE, AMRITSAR,GOVT. MEDICAL COLLEGE,CIRCULAR ROAD, AMRITSAR, Punjab, 143001",M.D. (PAEDIATRICS),Open,General,Allotted
99,8930,All India,"Karnataka Institute of Medical Sciences, Hubballi,Karnataka Institute of Medical Sciences, Hubballi, Karnataka, 580021",M.D. (PAEDIATRICS),Open,OBC,Allotted
100,8981,All India,"Seth Gordhandas Sunderdas Medical College, MUMBAI,Seth Gordhandas Sunderdas Medical College, Acharya Donde Marg Parel MUMBAI, Maharashtra, 400012",M.D. (PAEDIATRICS),OBC,OBC,Allotted
101,9001,DNB Quota,"Shri Balaji Institute of Medical Sceince,,MOWA, RAIPUR, Chhattisgarh, 492001",(NBEMS) GENERAL MEDICINE,Open,OBC,Allotted
102,9003,All India,"Government Medical College, Aurangabad,Government Medical College, Aurangabad, Maharashtra, 431001",M.D. (PAEDIATRICS),Open,EWS,Allotted
103,9009,All India,"Government Medical College, Bettiah,Government Medical College Bettiah West Champaran Bihar, Bihar, 845438",M.D. (RADIO- DIAGNOSIS),OBC,OBC,Allotted
104,9046,DNB Quota,"Metas Adventist Hospital, ,PB NO. 24, OPP KP COMMERCE COLLEGE, ATHWALINES, Gujarat, 395001",(NBEMS) GENERAL MEDICINE,Open,General,Allotted
105,9151,All India,"ESIC Medical College and PGIMSR,ESIC Medical College and PGIMSR, KK Nagar, Chennai - 600 078, Tamil Nadu, 600078",M.D. (PAEDIATRICS),Open,OBC,Allotted
106,9158,All India,"CALCUTTA NATIONAL MEDICAL COLLEGE,CALCUTTA NATIONAL MEDICAL COLLEGE 32, Gorachand Road, Kolkata 700014, West Bengal, 700014",M.D. (Obst. and Gynae)/MS (Obstetrics and Gynaecology),Open,General,Allotted
107,9342,All India,"Government Medical College Kota,Government Medical College Kota, Rajasthan, 324005",M.D. (PAEDIATRICS),Open,General,Allotted
108,9387,All India,"Dr. Rajendra Prasad Government Medical College, Tanda,Dr. Rajendra Prasad Government Medical College, Tanda, Himachal Pradesh, 176002",M.D. (PAEDIATRICS),Open,General,Allotted
109,9474,All India,"STANLEY MEDICAL COLLEGE,STANLEY MEDICAL COLLEGE NO.1, OLD JAIL ROAD, CHENNAI-600001, Tamil Nadu, 600001",M.D. (Obst. and Gynae)/MS (Obstetrics and Gynaecology),OBC,OBC,Allotted
110,9499,All India,"Gauhati Medical College, Guwahati,Gauhati Medical College, Guwahati, Assam, 781032","M.D. (DERM.,VENE. and LEPROSY)/ (DERMATOLOGY)/(SKIN and VENEREAL DISEASES)/(VENEREOL OGY)",OBC,OBC,Allotted
111,9577,All India,"Chittaranjan Seva Sadan Hospital,37, S.P. MUKHERJEE ROAD, KOLKATA, West Bengal, 700026",M.D. (Obst. and Gynae)/MS (Obstetrics and Gynaecology),Open,General,Allotted
112,9595,DNB Quota,"Aditya Birla Memorial Hospital, Maharashtra,Aditya Birla Hospital Marg, P.O.- Chinchwad, Pune, Maharashtra, 411033",(NBEMS) GENERAL MEDICINE,Open,General,Allotted
113,9670,All India,"Silchar Medical College, Silchar,Silchar Medical College, Silchar, Assam, 788014","M.D. (DERM.,VENE. and LEPROSY)/ (DERMATOLOGY)/(SKIN and VENEREAL DISEASES)/(VENEREOL OGY)",OBC,OBC,Allotted
114,9711,All India,"GOA MEDICAL COLLEGE,Bambolim, Goa, Goa, 403202",M.D. (PAEDIATRICS),Open,General,Allotted
115,9769,All India,"HASSAN INSTITUTE OF MEDICAL SCIENCES, HASSAN,HASSAN INSTITUTE OF MEDICAL SCIENCES, HASSAN, Karnataka, 573201",M.D. (PAEDIATRICS),Open,OBC,Allotted
116,9803,All India,"Midnapore Medical College and Hospital,Midnapore Medical College and Hospital, West Bengal, 721101",M.D. (Obst. and Gynae)/MS (Obstetrics and Gynaecology),Open,General,Allotted
117,9812,All India,"KING GEORGES MEDICAL UNIVERSITY,KING GEORGES MEDICAL UNIVERSITY, Shahmeena Road, Chowk, Lucknow-226003, Uttar Pradesh, 226003",M.S. (GENERAL SURGERY),Open,General,Allotted
118,9849,All India,"Mahatma Gandhi Memorial Medical College, Jamshedpur,Mahatma Gandhi Memorial Medical College, Jamshedpur, Jharkhand, 831020",M.D. (GENERAL MEDICINE),OBC,OBC,Allotted
119,9872,All India,"North Bengal Medical College,North Bengal Medical College, West Bengal, 734012",M.D. (Obst. and Gynae)/MS (Obstetrics and Gynaecology),Open,General,Allotted
120,9877,All India,"INDIRA GANDHI GOVT.MEDICAL COLLEGE NAGPUR,INDIRA GANDHI GOVT.MEDICAL COLLEGE NAGPUR, Maharashtra, 440018",M.D. (PAEDIATRICS),OBC,OBC,Allotted
121,9920,All India,"Govt. Medical College, Baroda,Govt. Medical College, Baroda, Gujarat, 390001",M.S. (GENERAL SURGERY),Open,General,Allotted
122,9939,All India,"Government Kilpauk Medical College,Government Kilpauk Medical College Poonthamalli main roadl, Kilpauk, Chennai 10, Tamil Nadu, 600010",M.D. (Obst. and Gynae)/MS (Obstetrics and Gynaecology),Open,OBC,Allotted
123,9962,DNB Quota,"Aakash Healthcare Super Specialty Hospital, Delhi,HOSPITAL PLOT, ROAD NO- 201,SECTOR 3 DWARKA, Delhi (NCT), 110075",(NBEMS) GENERAL MEDICINE,Open,General,Allotted
124,9985,All India,"Govt. Medical College Akola,Govt. Medical College Akola, Maharashtra, 444001",M.D. (PAEDIATRICS),Open,General,Allotted
125,10002,All India,"JAWAHARLAL NEHRU MEDICAL COLLEGE, ALIGARH MUSLIM UNIVERSITY STATE UTTAR,JAWAHARLAL NEHRU MEDICAL COLLEGE, ALIGARH MUSLIM UNIVERSITY STATE UTTAR, Uttar Pradesh, 202002",M.S. (ORTHOPAEDICS),Open,OBC,Allotted
126,10027,All India,"JAWAHARLAL NEHRU MEDICAL COLLEGE, ALIGARH MUSLIM UNIVERSITY STATE UTTAR,JAWAHARLAL NEHRU MEDICAL COLLEGE, ALIGARH MUSLIM UNIVERSITY STATE UTTAR, Uttar Pradesh, 202002",M.D. (Obst. and Gynae)/MS (Obstetrics and Gynaecology),OBC,OBC,Allotted
127,10071,DNB Quota,"Apex Hospital, ,SP 4 AND 6 MALVIYA INDUSTRIAL AREA MALVIYA NAGAR , JAIPUR, Rajasthan, 302017",(NBEMS) GENERAL MEDICINE,Open,General,Allotted
128,10159,All India,"Osmania Medical Collge,Osmania Medical Collge, Telangana, 500095",M.D. (Obst. and Gynae)/MS (Obstetrics and Gynaecology),OBC,OBC,Allotted
129,10181,DNB Quota,"Government Multi Specialty Hospital, ,Director Health and Family Welfare Govt. Multi Speciality Hospital Sector 16 Chandigarh, Chandigarh, 160016",(NBEMS) GENERAL MEDICINE,OBC,OBC,Allotted
130,10202,All India,"Koppal Institute of Medical Sciences Koppal, Karnataka,Gangavati Road Kiddidal Gate koppal, Karnataka, 583231",M.D. (Obst. and Gynae)/MS (Obstetrics and Gynaecology),Open,General,Allotted
131,10215,DNB Quota,"Apollo Speciality Hospitals,Chennai by-pass road, near old palpannai, Ariyamangalam, Trichy , Tamil Nadu, Tamil Nadu, 620010",(NBEMS) GENERAL MEDICINE,Open,OBC,Allotted
132,10236,All India,"KING GEORGES MEDICAL UNIVERSITY,KING GEORGES MEDICAL UNIVERSITY, Shahmeena Road, Chowk, Lucknow-226003, Uttar Pradesh, 226003",M.S. (GENERAL SURGERY),Open,General,Allotted
133,10285,DNB Quota,"Care Hospital,,Care Hospitals Road No1 Banjara Hills Hyderabad Telangana, Telangana, 500034",(NBEMS) GENERAL MEDICINE,Open,EWS,Allotted
134,10287,All India,"Government Medical College, Ratlam,Gram Banjali, Sailana Road, NH927A, Madhya Pradesh 457001, India, Madhya Pradesh, 457001",M.D. (PAEDIATRICS),Open,General,Allotted
135,10364,All India,"JAWAHAR LAL NEHRU MEDICAL COLLEGE, AJMER,NEAR PATEL STADIUM, AJMER, Rajasthan, 305001",M.D. (PAEDIATRICS),OBC,OBC,Allotted
136,10415,DNB Quota,"QRG Medicare, ,Plot No. 1, Sector-16, Faridabad, Haryana, Haryana, 121002",(NBEMS) GENERAL MEDICINE,Open,General,Allotted
137,10425,All India,"Govt. Medical College, Baroda,Govt. Medical College, Baroda, Gujarat, 390001",M.S. (GENERAL SURGERY),Open,General,Allotted
138,10450,All India,"Moti Lal Nehru Medical College,Moti Lal Nehru Medical College, Uttar Pradesh, 211001",M.D. (Obst. and Gynae)/MS (Obstetrics and Gynaecology),Open,General,Allotted
139,10467,All India,"Uttar Pradesh University of Medical Sciences, Saifai, Etawah,Uttar Pradesh University of Medical Sciences, Saifai, Etawah, Uttar Pradesh, 206130",M.D. (Obst. and Gynae)/MS (Obstetrics and Gynaecology),Open,General,Allotted
140,10486,All India,"Bangalore Medical College and Research Institute,Bangalore Medical College and Research Institute, Karnataka, 560002",M.S. (GENERAL SURGERY),Open,General,Allotted
141,10559,DNB Quota,"GMERS Medical College and Hospital, ,GMERS Medical College Valsad,Nanakwada Halar Road,Valsad ,Gujarat, Gujarat, 396001",(NBEMS) OPHTHALMOLOGY,Open,EWS,Allotted
142,10690,All India,"M. P. SHAH GOVERNMENT MEDICAL COLLEGE,M. P. SHAH GOVERNMENT MEDICAL COLLEGE, Gujarat, 361008",M.D. (PAEDIATRICS),EWS,EWS,Allotted
143,10742,DNB Quota,"Manipal Hospital, Karnataka,71 11th main opposite to Malleshwaram railway station Malleshwaram Bengaluru 560003, Karnataka, 560003",(NBEMS) GENERAL MEDICINE,Open,OBC,Allotted
144,10745,DNB Quota,"Apollo BGS Hospital,,Apollo BGS Hospitals, Adhichunchangiri Road, Kuvempunagar, Mysore, Karnataka, 570023",(NBEMS) GENERAL MEDICINE,Open,OBC,Allotted
145,10772,DNB Quota,"Apollo Hospital, Health City, ,Apollo Hospitals, Health City, Chinagadhili, Visakhapatnam, Andhra Pradesh, 530040",(NBEMS) GENERAL MEDICINE,Open,EWS,Allotted
146,10773,All India,"Osmania Medical Collge,Osmania Medical Collge, Telangana, 500095",M.S. (ORTHOPAEDICS),Open,General,Allotted
147,10814,All India,"VIJANAGARA INSTITUTE OF MEDICAL SCIENCES BALLARI,VIJANAGARA INSTITUTE OF MEDICAL SCIENCES BALLARI, Karnataka, 583104",M.D. (PAEDIATRICS),OBC,OBC,Allotted
148,10875,All India,"GOVT. MEDICAL COLLEGE, AMRITSAR,GOVT. MEDICAL COLLEGE,CIRCULAR ROAD, AMRITSAR, Punjab, 143001",M.S. (GENERAL SURGERY),Open,General,Allotted
149,10970,All India,"NSC Government Medical College, Khandwa (MP),LUV KUSH NAGAR,MUNDI NAGAR, KHANDWA, Madhya Pradesh, 450001",M.D. (PAEDIATRICS),Open,General,Allotted
150,11020,All India,"Osmania Medical Collge,Osmania Medical Collge, Telangana, 500095",M.D. (Obst. and Gynae)/MS (Obstetrics and Gynaecology),OBC,OBC,Allotted
151,11195,All India,"S.V. Medical College, Tirupathi ,S.V. Medical College, Tirupathi, Andhra Pradesh, 517507",M.D. (Obst. and Gynae)/MS (Obstetrics and Gynaecology),OBC,OBC,Allotted
152,11262,All India,"Government Medical College, Bettiah,Government Medical College Bettiah West Champaran Bihar, Bihar, 845438",M.D. (PAEDIATRICS),Open,General,Allotted
153,11314,DNB Quota,"Kothari Medical and Research Institute, ,NH-15, Jaisalmer road, Bikaner, Rajasthan, 334004",(NBEMS) GENERAL MEDICINE,Open,General,Allotted
154,11324,All India,"Sri Venkateswara Institute of Medical Sciences (SVIMS), A State University estd. by Govt. of A.P.,Sri Venkateswara Institute of Medical Sciences, SVIMS, Alipiri Road, Tirupati, Andhra Pradesh, 517507",M.S. (GENERAL SURGERY),Open,General,Allotted
155,11349,All India,"ESIC Medical College & Hospital, Faridabad,NH3 NIT FARIDABAD, Haryana, 121001",M.D. (Tuberculosis and Respiratory diseases)/Pulmonary Medicine /M.D. (Respiratory Medicine),Open,General,Allotted
156,11393,All India,"Murshidabad Medical College and Hospital,Station Road, Berhampore, Murshidabad, West Bengal, 742101",M.S. (ORTHOPAEDICS),Open,OBC,Allotted
157,11402,All India,"SWAMI RAMANAND TEERTH RURAL GOVERNMENT MEDICAL COLLEGE AMBAJOGAI,SWAMI RAMANAND TEERTH RURAL GOVERNMENT MEDICAL COLLEGE AMBAJOGAI, Maharashtra, 431517",M.D. (PAEDIATRICS),Open,General,Allotted
158,11420,DNB Quota,"St. Philomena`s Hospital, ,No.4, Campbell Road, Viveknagar P.O. Bangalore - 560047, Karnataka, 560047",(NBEMS) PAEDIATRICS,Open,OBC,Allotted
159,11459,All India,"Jorhat Medical College & Hospital,Jorhat Medical College & Hospital, Assam, 785001",M.D. (PAEDIATRICS),Open,General,Allotted
160,11490,All India,"GOVERNMENT VELLORE MEDICAL COLLEGE,GOVERNMENT VELLORE MEDICAL COLLEGE, Tamil Nadu, 632011",M.D. (Obst. and Gynae)/MS (Obstetrics and Gynaecology),OBC,OBC,Allotted
161,11561,All India,"Central Institute of Psychiatry, Ranchi,Central Institute of Psychiatry, Ranchi, Jharkhand, 834006",M.D. (PSYCHIATRY),Open,General,Allotted
162,11610,All India,"GOVT. MEDICAL COLLEGE, AMRITSAR,GOVT. MEDICAL COLLEGE,CIRCULAR ROAD, AMRITSAR, Punjab, 143001",M.D. (Tuberculosis and Respiratory diseases)/Pulmonary Medicine /M.D. (Respiratory Medicine),Open,General,Allotted
163,11655,All India,"SWAMI RAMANAND TEERTH RURAL GOVERNMENT MEDICAL COLLEGE AMBAJOGAI,SWAMI RAMANAND TEERTH RURAL GOVERNMENT MEDICAL COLLEGE AMBAJOGAI, Maharashtra, 431517",M.D. (Obst. and Gynae)/MS (Obstetrics and Gynaecology),Open,General,Allotted
164,11678,All India,"Govt. Medical College, Baroda,Govt. Medical College, Baroda, Gujarat, 390001",M.D. (PAEDIATRICS),OBC,OBC,Allotted
165,11709,DNB Quota,"St. Theresa`s Hospital,,7-1-645/A ERRAGADA SANATHNAGAAR HYDERABAD, Telangana, 500018",(NBEMS) GENERAL MEDICINE,Open,General,Allotted
166,11712,DNB Quota,"Indus International Hospital, ,CHANDIGARH-AMBALA ROAD NH-22, DERABASSI, Punjab, 140507",(NBEMS) GENERAL MEDICINE,Open,General,Allotted
167,11715,All India,"GOVT. MEDICAL COLLEGE AND HOSPITAL, CHANDIGARH,GOVT. MEDICAL COLLEGE AND HOSPITAL, CHANDIGARH, Chandigarh, 160030",M.S. (GENERAL SURGERY),OBC,OBC,Allotted
168,11739,DNB Quota,"Ozone Multispeciality hospital and Critical care center, Maharashtra,Holycross convent Road, Kedia Plots, Akola, Maharashtra, 444005",(NBEMS-DIPLOMA) RADIO-DIAGNOSIS,Open,General,Allotted
169,11748,All India,"Dr. Rajendra Prasad Government Medical College, Tanda,Dr. Rajendra Prasad Government Medical College, Tanda, Himachal Pradesh, 176002",M.D. (Obst. and Gynae)/MS (Obstetrics and Gynaecology),Open,General,Allotted
170,11814,DNB Quota,"OZONE Institute of Medical Sciences,Telangana,OZONE INSTITUTE OF MEDICAL SCIENCES PVT LTD, GREEN HILLS COLONY, ROAD NO 4, KOTHAPET, HYDERABAD, TEL, Telangana, 500035",(NBEMS) GENERAL MEDICINE,Open,OBC,Allotted
171,11816,DNB Quota,"KIMS Al Shifa Hospital, ,KIMS Al Shifa Healthcare Pvt Ltd. PB No 26 . Ootty Road. Perinthalmanna, Malappuram district, Ke, Kerala, 679322",(NBEMS-DIPLOMA) RADIO-DIAGNOSIS,Open,OBC,Allotted
172,11835,All India,"Chamarajanagar Institute of Medical Sciences, Karnataka,CHAMARAJANAGAR INSTITUTE OF MEDICAL SCIENCES, SY. NO 124, YEDAPURA VILLAGE KASABA HOBLI, CHAMARAJANA, Karnataka, 571313",M.D. (Obst. and Gynae)/MS (Obstetrics and Gynaecology),Open,OBC,Allotted
173,11966,All India,"GADAG INSTITUTE OF MEDICAL SCIENCES GADAG,Gadag Institute of Medical Sciences Mallasamudra Gadag-582103, Karnataka, 582103",M.D. (PAEDIATRICS),Open,OBC,Allotted
174,11995,All India,"Burdwan Medical College, West Bengal,Burdwan Medical College, West Bengal, West Bengal, 713104",M.S. (GENERAL SURGERY),Open,General,Allotted
175,12023,All India,"Sri Venkateswara Institute of Medical Sciences (SVIMS), A State University estd. by Govt. of A.P.,Sri Venkateswara Institute of Medical Sciences, SVIMS, Alipiri Road, Tirupati, Andhra Pradesh, 517507",M.S. (GENERAL SURGERY),Open,General,Allotted
176,12039,All India,"Gauhati Medical College, Guwahati,Gauhati Medical College, Guwahati, Assam, 781032",M.D. (Obst. and Gynae)/MS (Obstetrics and Gynaecology),Open,General,Allotted
177,12080,All India,"Bankura Sammilani Medical College,Bankura Sammilani Medical College, West Bengal, 722102",M.S. (ORTHOPAEDICS),Open,General,Allotted
178,12128,All India,"Karwar Institute of Medical Sciences, Karnataka,MG Road, Karnataka, 581301",M.D. (Obst. and Gynae)/MS (Obstetrics and Gynaecology),Open,General,Allotted
179,12154,All India,"Mahatma Gandhi Institute of Medical Sciences, Wardha,Mahatma Gandhi Institute of Medical Sciences, Sevagram, Wardha, Maharashtra, 442102",M.S. (GENERAL SURGERY),Open,General,Allotted
180,12210,All India,"Moti Lal Nehru Medical College,Moti Lal Nehru Medical College, Uttar Pradesh, 211001",M.S. (GENERAL SURGERY),Open,General,Allotted
181,12212,All India,"GAJRA RAJA MEDICAL COLLEGE GWALIOR,GAJRA RAJA MEDICAL COLLEGE GWALIOR, Madhya Pradesh, 474009",M.D. (PAEDIATRICS),OBC,OBC,Allotted
182,12255,DNB Quota,"VIKASH MULTI SPECIALITY HOSPITAL, Orissa,AH-46 BARAHAGUDA CANAL CHOWK DIST BARGARH, Odisha, 768040",(NBEMS) GENERAL MEDICINE,Open,General,Allotted
183,12272,All India,"Agartala Government Medical College,Agartala Government Medical College, Tripura, 799006",M.D. (GENERAL MEDICINE),OBC,OBC,Allotted
184,12308,DNB Quota,"Darbhanga Medical College Hospital,Sheetal Prasad Marg, Laheriasarai, Darbhanga, Bihar, Bihar, 846003",(NBEMS) DERMATOLOGY and VENEREOLOGY and LEPROSY,OBC,OBC,Allotted
185,12329,All India,"MAHARANI LAXMI BAI MEDICAL COLLEGE JHANSI,MAHARANI LAXMI BAI MEDICAL COLLEGE JHANSI, Uttar Pradesh, 284128",M.D. (Tuberculosis and Respiratory diseases)/Pulmonary Medicine /M.D. (Respiratory Medicine),Open,General,Allotted
186,12343,All India,"Burdwan Medical College, West Bengal,Burdwan Medical College, West Bengal, West Bengal, 713104",M.S. (GENERAL SURGERY),Open,General,Allotted
187,12380,All India,"Koppal Institute of Medical Sciences Koppal, Karnataka,Gangavati Road Kiddidal Gate koppal, Karnataka, 583231",M.D. (Obst. and Gynae)/MS (Obstetrics and Gynaecology),Open,EWS,Allotted
188,12388,All India,"Thiruvarur Govt.Medical College,Thiruvarur Govt.Medical College, Tamil Nadu, 610004",M.D. (Obst. and Gynae)/MS (Obstetrics and Gynaecology),OBC,OBC,Allotted
189,12482,DNB Quota,"Sundram Arulrhaj Hospital, ,145-5B, JEYARAJ ROAD ,TUTICORIN, Tamil Nadu, 628002",(NBEMS) GENERAL MEDICINE,Open,OBC,Allotted
190,12483,All India,"Ravindra Nath Tagore Medical College, Udaipur,Ravindra Nath Tagore Medical College, Udaipur, Rajasthan, 313001",M.D. (PAEDIATRICS),EWS,EWS,Allotted
191,12499,DNB Quota,"Shifaa Hospital, ,NO 332, QUEENS ROAD, SHIVAJINAGAR, Karnataka, 560052",(NBEMS) GENERAL MEDICINE,Open,OBC,Allotted
192,12508,All India,"NETAJI SUBHASH CHANDRA BOSE MEDICAL COLLEGE, JABALPUR ,NETAJI SUBHASH CHANDRA BOSE MEDICAL COLLEGE, NAGPUR ROAD JABALPUR, Madhya Pradesh, 482003",M.D. (RADIO- DIAGNOSIS),SC,SC,Allotted
193,12564,DNB Quota,"Sundram Arulrhaj Hospital, ,145-5B, JEYARAJ ROAD ,TUTICORIN, Tamil Nadu, 628002",(NBEMS) GENERAL MEDICINE,Open,General,Allotted
194,12613,All India,"M. P. SHAH GOVERNMENT MEDICAL COLLEGE,M. P. SHAH GOVERNMENT MEDICAL COLLEGE, Gujarat, 361008",M.D. (PAEDIATRICS),OBC,OBC,Allotted
195,12652,All India,"Uttar Pradesh University of Medical Sciences, Saifai, Etawah,Uttar Pradesh University of Medical Sciences, Saifai, Etawah, Uttar Pradesh, 206130",M.D. (PAEDIATRICS),OBC,OBC,Allotted
196,12677,All India,"Karnataka Institute of Medical Sciences, Hubballi,Karnataka Institute of Medical Sciences, Hubballi, Karnataka, 580021",M.D. (PSYCHIATRY),Open,OBC,Allotted
197,12693,All India,"MADRAS MEDICAL COLLEGE,EVR PERIYAR SALAI, CHENNAI-03, Tamil Nadu, 600003",M.S. (GENERAL SURGERY),OBC,OBC,Allotted
198,12719,All India,"Government T D Medical College, Vandanm , Alappuzha,Government T D Medical College, Vandanam , Alappuzha, Kerala, 688005",M.S. (GENERAL SURGERY),Open,OBC,Allotted
199,12754,DNB Quota,"General Hospital, ,4th T Block, Beside Rajiv Gandhi University of Health Sciences Jayanagar,, Karnataka, 560041",(NBEMS-DIPLOMA) RADIO-DIAGNOSIS,Open,General,Allotted
200,12763,All India,"Government Medical College, Nagpur,Government Medical College, Nagpur, Maharashtra, 440003",M.D. (Tuberculosis and Respiratory diseases)/Pulmonary Medicine /M.D. (Respiratory Medicine),Open,OBC,Allotted
201,12800,All India,"Sarojini Naidu Medical College, AGRA,Sarojini Naidu Medical College, AGRA, Uttar Pradesh, 282002",M.S. (GENERAL SURGERY),EWS,EWS,Allotted
202,12820,DNB Quota,"Kokilaben Dhirubhai Ambani Hospital and Medical Research Institute,,Achyutrao Patwardhan Marg Andheri West Mumbai Maharashtra, Maharashtra, 400053",(NBEMS) PAEDIATRICS,Open,General,Allotted
203,12856,All India,"Gauhati Medical College, Guwahati,Gauhati Medical College, Guwahati, Assam, 781032",M.D. (Obst. and Gynae)/MS (Obstetrics and Gynaecology),Open,OBC,Allotted
204,12910,DNB Quota,"Narayana Hrudayalaya Hospital, (NH-Narayana Health City, Bangalore) ,#258 Bommasandra Industrial Area, Bangalore, Karnataka, 560099",(NBEMS) PAEDIATRICS,Open,General,Allotted
205,13016,All India,"MANDYA INSTITUTE OF MEDICAL SCIENCES,MANDYA INSTITUTE OF MEDICAL SCIENCES MANDYA, Karnataka, 571401",M.S. (GENERAL SURGERY),Open,General,Allotted
206,13033,All India,"DARBHANGA MEDICAL COLLEGE,Sheetal Prasad Marg, Laheriasarai, Darbhanga, Bihar, Bihar, 846003",M.D. (Obst. and Gynae)/MS (Obstetrics and Gynaecology),Open,OBC,Allotted
207,13062,All India,"MEDICAL COLLEGE, KOLKATA,MEDICAL COLLEGE, KOLKATA, West Bengal, 700073",M.D. (Obst. and Gynae)/MS (Obstetrics and Gynaecology),OBC,OBC,Allotted
208,13089,All India,"Government Medical College, Aurangabad,Government Medical College, Aurangabad, Maharashtra, 431001",M.S. (ORTHOPAEDICS),Open,General,Allotted
209,13091,All India,"North Bengal Medical College,North Bengal Medical College, West Bengal, 734012",M.D. (Obst. and Gynae)/MS (Obstetrics and Gynaecology),Open,General,Allotted
210,13146,All India,"Shrikrishna Medical College & Hospital, Muzaffarpur,Shrikrishna Medical College & Hospital, Muzaffarpur, Bihar, 842004",M.D. (GENERAL MEDICINE),OBC,OBC,Allotted
211,13153,DNB Quota,"Rainbow Children`s Hospital, ,Rainbow Childrens Hospital, Road No.2, Banjara Hills, Hyderabad, Telangana, 500034",(NBEMS) PAEDIATRICS,Open,OBC,Allotted
212,13197,All India,"Midnapore Medical College and Hospital,Midnapore Medical College and Hospital, West Bengal, 721101",M.D. (Obst. and Gynae)/MS (Obstetrics and Gynaecology),Open,General,Allotted
213,13210,All India,"Midnapore Medical College and Hospital,Midnapore Medical College and Hospital, West Bengal, 721101",M.S. (GENERAL SURGERY),Open,General,Allotted
214,13335,DNB Quota,"District Hospital, ,District Hospital Next to Sainik School second gate Athani Road, Vijayapura Karnataka 586103, Karnataka, 586103",(NBEMS) GENERAL MEDICINE,Open,OBC,Allotted
215,13369,All India,"North Bengal Medical College,North Bengal Medical College, West Bengal, 734012",M.S. (GENERAL SURGERY),Open,General,Allotted
216,13411,All India,"Lady Hardinge Medical College,Lady Hardinge Medical College, Delhi (NCT), 110001",M.S. (OPHTHALMOLOGY),OBC,OBC,Allotted
217,13459,All India,"University College of Medical Sciences,University College of Medical Sciences, Delhi (NCT), 110095",M.D. (ANAESTHESIOLOGY),Open,General,Allotted
218,13491,All India,"RAJIV GANDHI INSTITUTE OF MEDICAL SCIENCES,RAJIV GANDHI INSTITUTE OF MEDICAL SCIENCES ADILABAD -504001 TELANGANA STATE, Telangana, 504001",M.S. (ORTHOPAEDICS),Open,General,Allotted
219,13495,DNB Quota,"Manipal Hospital Whitefield,,ITPL Main Rd, KIADB Export Promotion Industrial Area, Krishnarajapura, Bengaluru, Karnataka, 560066",(NBEMS) PAEDIATRICS,Open,OBC,Allotted
220,13521,DNB Quota,"B.R. Singh Hospital and Centre for Medical Education and Research,,Eastern Railway, Sealdah, Kolkata, West Bengal, 700014",(NBEMS) GENERAL SURGERY,Open,General,Allotted
221,13553,All India,"Gandhi Medical College, Bhopal,Gandhi Medical College, Bhopal, Madhya Pradesh, 462001",M.S. (ORTHOPAEDICS),OBC,OBC,Allotted
222,13567,All India,"Pt. Jawahar Lal Nehru Memorial Medical College, RAIPUR,Pt. Jawahar Lal Nehru Memorial Medical College, RAIPUR, Chhattisgarh, 492001",M.S. (GENERAL SURGERY),Open,General,Allotted
223,13568,All India,"Government Medical College, Bettiah,Government Medical College Bettiah West Champaran Bihar, Bihar, 845438",M.D. (RADIO- DIAGNOSIS),SC,SC,Allotted
224,13572,DNB Quota,"Care Hospital,,Care Hospitals Road No1 Banjara Hills Hyderabad Telangana, Telangana, 500034",(NBEMS) Obstetrics and Gynaecology,Open,OBC,Allotted
225,13610,All India,"Government Medical College, Latur,Government Medical College, Old Railway station Near Marwadi Rajasthani High-School Latur, Maharashtra, 413512",M.D. (PAEDIATRICS),EWS,EWS,Allotted
226,13681,All India,"MALDA MEDICAL COLLEGE,MALDA MEDICAL COLLEGE, West Bengal, 732101",M.D. (Obst. and Gynae)/MS (Obstetrics and Gynaecology),Open,General,Allotted
227,13700,DNB Quota,"St. Martha`s Hospital , ,No.5, Nrupathunga Road, Bengaluru, Karnataka, 560001",(NBEMS) PAEDIATRICS,Open,OBC,Allotted
228,13719,All India,"Sanjay Gandhi Institute of Trauma and Orthopaedics,Sanjay Gandhi Institute of Trauma and Orthopaedics, Karnataka, 560011",M.S. (ORTHOPAEDICS),Open,General,Allotted
229,13723,DNB Quota,"Rajiv Gandhi Medical College and Chhatrapati Shivaji Maharaj Hospital, ,RAJIV GANDHI MEDICAL COLLEGE,THANE BELAPUR ROAD, KALWA, THANE, Maharashtra, 400605",(NBEMS) PAEDIATRICS,Open,General,Allotted
230,13837,All India,"GAJRA RAJA MEDICAL COLLEGE GWALIOR,GAJRA RAJA MEDICAL COLLEGE GWALIOR, Madhya Pradesh, 474009",M.S. (GENERAL SURGERY),Open,General,Allotted
231,13882,All India,"Pt. Jawahar Lal Nehru Memorial Medical College, RAIPUR,Pt. Jawahar Lal Nehru Memorial Medical College, RAIPUR, Chhattisgarh, 492001",M.D. (Tuberculosis and Respiratory diseases)/Pulmonary Medicine /M.D. (Respiratory Medicine),Open,General,Allotted
232,13898,All India,"NIL RATAN SIRCAR MEDICAL COLLEGE,NIL RATAN SIRCAR MEDICAL COLLEGE, 138 AJC BOSE ROAD, KOLKATA-700014., West Bengal, 700014",M.S. (OPHTHALMOLOGY),Open,General,Allotted
233,13950,All India,"GUNTUR MEDICAL COLLEGE,GUNTUR MEDICAL COLLEGE, Andhra Pradesh, 522004",M.S. (GENERAL SURGERY),OBC,OBC,Allotted
234,13954,All India,"Government medical college patiala.,Government medical college patiala., Punjab, 147001",M.S. (GENERAL SURGERY),Open,General,Allotted
235,13962,DNB Quota,"Dr. B. Nanavati Hospital, Vivekanand Rd,Swami Vivekananda Rd, near LIC, LIC Colony, Suresh Colony, Vile Parle West, Mumbai, Maharashtra 4000, Maharashtra, 400056",(NBEMS) PAEDIATRICS,Open,General,Allotted
236,13966,DNB Quota,"Max Smart Super Specialty Hospital, (Formerly Known as Saket City Hospital), ,Mandir Marg, Press Enclave Road, Saket, New Delhi, Delhi (NCT), 110017",(NBEMS) PAEDIATRICS,Open,General,Allotted
237,13979,All India,"GOVT MEDICAL COLLEGE, ANANTAPURAMU,GOVT MEDICAL COLLEGE, ANANTAPURAMU, Andhra Pradesh, 515001",M.S. (GENERAL SURGERY),Open,OBC,Allotted
238,13988,All India,"Tirunelveli Medical College,TIRUNELVELI MEDICAL COLLEGE, HIGHGROUND, TIRUNELVELI-11, Tamil Nadu, 627011",M.S. (GENERAL SURGERY),Open,OBC,Allotted
239,14084,All India,"RAICHUR INSTITUTE OF MEDICAL SCIENCES,RAICHUR INSTITUTE OF MEDICAL SCIENCES, Karnataka, 584102",M.S. (GENERAL SURGERY),Open,General,Allotted
240,14109,All India,"Karnataka Institute of Medical Sciences, Hubballi,Karnataka Institute of Medical Sciences, Hubballi, Karnataka, 580021",M.S. (GENERAL SURGERY),OBC,OBC,Allotted
241,14125,All India,"DR. SHANKARRAO CHAVAN GOVERNMENT MEDICAL COLLEGE, NANDED,DR. SHANKARRAO CHAVAN GOVERNMENT MEDICAL COLLEGE, VISHNUPURI, NANDED, Maharashtra, 431606",M.D. (Tuberculosis and Respiratory diseases)/Pulmonary Medicine /M.D. (Respiratory Medicine),Open,General,Allotted
242,14173,All India,"Govt. Medical College, Jammu,Govt. Medical College, Bakshi Nagar, Jamu, Jammu And Kashmir, 180001",M.S. (ORTHOPAEDICS),Open,General,Allotted
243,14182,All India,"Burdwan Medical College, West Bengal,Burdwan Medical College, West Bengal, West Bengal, 713104",M.D. (PAEDIATRICS),OBC,OBC,Allotted
244,14225,All India,"Govt. Medical College, Bhavnagar,Near. S.T. Bus Stand,Jail Road, Bhavnagar-364001, Gujarat, 364001",M.S. (GENERAL SURGERY),OBC,OBC,Allotted
245,14271,DNB Quota,"District Hospital, Dharwad,dsdharwad at gmail dot com, Karnataka, 580001",(NBEMS) GENERAL MEDICINE,Open,General,Allotted
246,14383,All India,"M. P. SHAH GOVERNMENT MEDICAL COLLEGE,M. P. SHAH GOVERNMENT MEDICAL COLLEGE, Gujarat, 361008",M.D. (PSYCHIATRY),Open,General,Allotted
247,14445,All India,"Silchar Medical College, Silchar,Silchar Medical College, Silchar, Assam, 788014",M.S. (GENERAL SURGERY),Open,General,Allotted
248,14446,DNB Quota,"GMERS Medical College and Hospital, ,GMERS Medical College Valsad,Nanakwada Halar Road,Valsad ,Gujarat, Gujarat, 396001",(NBEMS) PAEDIATRICS,Open,General,Allotted
249,14460,All India,"Government Medical College, Siddipet,SURVEY NO 54 GOVERNMENT MEDICAL COLLEGE ENSANPALLY SIDDIPET 502114, Telangana, 502114",M.S. (GENERAL SURGERY),Open,General,Allotted
250,14468,All India,"Government Medical College, Cuddalore District,Govt. Medical College and Hospital, Cuddalore District Erstwhile Rajah Muthiah Medical College, Tamil Nadu, 608002",M.S. (GENERAL SURGERY),Open,General,Allotted
251,14544,All India,"JAWAHARLAL NEHRU MEDICAL COLLEGE, BHAGALPUR,JAWAHARLAL NEHRU MEDICAL COLLEGE, BHAGALPUR, Bihar, 812001",M.S. (ORTHOPAEDICS),Open,General,Allotted
252,14560,DNB Quota,"Sahyadri Super Speciality Hospital, Maharashtra,Survey No.-185A Shastri Nagar Near MSEB office Yerawada Nagar Road, Pune-411006, Maharashtra, 411006",(NBEMS) PAEDIATRICS,Open,General,Allotted
253,14638,DNB Quota,"District Hospital, Dharwad,dsdharwad at gmail dot com, Karnataka, 580001",(NBEMS) GENERAL MEDICINE,Open,EWS,Allotted
254,14645,All India,"Burdwan Medical College, West Bengal,Burdwan Medical College, West Bengal, West Bengal, 713104",M.D. (PAEDIATRICS),OBC,OBC,Allotted
255,14648,All India,"Dr. Sampurnanand Medical College (SNMC), JODHPUR,Dr. Sampurnanand Medical College (SNMC), JODHPUR, Rajasthan, 342001",M.D. (ANAESTHESIOLOGY),Open,General,Allotted
256,14666,DNB Quota,"Aditya Birla Memorial Hospital, Maharashtra,Aditya Birla Hospital Marg, P.O.- Chinchwad, Pune, Maharashtra, 411033",(NBEMS) NUCLEAR MEDICINE,Open,General,Allotted
257,14745,DNB Quota,"Raja Sukhdev Singh DH Poonch, Jammu and Kashmir,RAJA SUKDEV SINGH DISTRIC HOSPITAL POONCH, Jammu And Kashmir, 185101",(NBEMS) GENERAL MEDICINE,Open,General,Allotted
258,14752,All India,"Atal Bihari Vajpayee Government Medical College, Vidisha,NH 86 INFRONT OF KHEL PARISAR SANCHI ROAD VIDISHA MP, Madhya Pradesh, 464001",M.S. (ORTHOPAEDICS),OBC,OBC,Allotted
259,14861,Management/Paid Seats Quota,"SRI SIDDHARTHA MEDICAL COLLEGE, TUMKUR,SRI SIDDHARTHA MEDICAL COLLEGE, TUMKUR, Karnataka, 572107",M.D. (RADIO- DIAGNOSIS),Open,OBC,Allotted
260,14866,All India,"JAWAHARLAL NEHRU MEDICAL COLLEGE, ALIGARH MUSLIM UNIVERSITY STATE UTTAR,JAWAHARLAL NEHRU MEDICAL COLLEGE, ALIGARH MUSLIM UNIVERSITY STATE UTTAR, Uttar Pradesh, 202002",M.D. (Obst. and Gynae)/MS (Obstetrics and Gynaecology),EWS,EWS,Allotted
261,14900,All India,"JAWAHAR LAL NEHRU MEDICAL COLLEGE, AJMER,NEAR PATEL STADIUM, AJMER, Rajasthan, 305001",M.S. (GENERAL SURGERY),OBC,OBC,Allotted
262,14927,All India,"M. P. SHAH GOVERNMENT MEDICAL COLLEGE,M. P. SHAH GOVERNMENT MEDICAL COLLEGE, Gujarat, 361008",M.S. (GENERAL SURGERY),OBC,OBC,Allotted
263,14947,All India,"Assam Medical College,Assam Medical College, Assam, 786002",M.S. (ORTHOPAEDICS),Open,General,Allotted
264,14967,All India,"Karwar Institute of Medical Sciences, Karnataka,MG Road, Karnataka, 581301",M.S. (GENERAL SURGERY),Open,General,Allotted
265,14987,All India,"Rangaraya Medical College,Rangaraya Medical College Beside SP Office , Pithapuram Road, Kakinada, Andhra Pradesh, 533003",M.S. (ORTHOPAEDICS),Open,General,Allotted
266,15013,All India,"IPGME&R and SSKM Hospital Kolkata,244, Acharya J. C. Bose Road, Kolkata-700020, West Bengal, 700020",M.D. (Obst. and Gynae)/MS (Obstetrics and Gynaecology),EWS,EWS,Allotted
267,15042,Non-Resident Indian,"Hamdard Institute of Medical Sciences and Research,HIMSR, Jamia Hamdard, Guru Ravidas Marg, Hamdard Nagar, New Delhi, Delhi (NCT), 110062",M.D. (RADIO- DIAGNOSIS),Open,General,Allotted
268,15078,DNB Quota,"ANKURA MEDICAL AND RESEARCH CENTRE PVT.LTD. , Telangana,Plot No. 1-18, Raghavendra Nagar, Peerzadiguda, Narapally, Uppal, Hyderabad, Telangana, 500039",(NBEMS) PAEDIATRICS,Open,OBC,Allotted
269,15095,DNB Quota,"Maharaja Agrasen Medical College,,NH- 9, VPO - Agroha, District Hisar, Haryana, 125047",(NBEMS) Obstetrics and Gynaecology,Open,General,Allotted
270,15096,All India,"Indira Gandhi Medical College Shimla,Indira Gandhi Medical College Shimla, Himachal Pradesh, 171001",M.S. (ORTHOPAEDICS),OBC,OBC,Allotted
271,15170,DNB Quota,"Rainbow Childrens Hospital,,, Tamil Nadu, 600015",(NBEMS) PAEDIATRICS,Open,OBC,Allotted
272,15171,All India,"Gvernment Medical College,Haldwani,Government Medical College, Haldwani, Uttarakhand, 263139",M.D. (Obst. and Gynae)/MS (Obstetrics and Gynaecology),EWS,EWS,Allotted
273,15188,All India,"INSTITUTE OF MEDICAL SCIENCES, BANARAS HINDU UNIVERSITY,INSTITUTE OF MEDICAL SCIENCES, BANARAS HINDU UNIVERSITY, Uttar Pradesh, 221005",M.D. (ANAESTHESIOLOGY),Open,General,Allotted
274,15196,DNB Quota,"Government Medical College and Associated Hospital,,JANGLAT MANDI ANANTNAG, JAMMU AND KASHMIR 192101, Jammu And Kashmir, 192101",(NBEMS-DIPLOMA) RADIO-DIAGNOSIS,Open,EWS,Allotted
275,15206,DNB Quota,"St. Stephen`s Hospital, ,Tis Hazari, Delhi (NCT), 110054",(NBEMS) ORTHOPAEDICS,Open,General,Allotted
276,15227,All India,"Kakatiya Medical College,Kakatiya Medical College, Telangana, 506007",M.D. (Tuberculosis and Respiratory diseases)/Pulmonary Medicine /M.D. (Respiratory Medicine),EWS,EWS,Allotted
277,15251,DNB Quota,"Narayana Hrudayalaya Hospital, (NH-Narayana Health City, Bangalore) ,#258 Bommasandra Industrial Area, Bangalore, Karnataka, 560099",(NBEMS) Obstetrics and Gynaecology,Open,General,Allotted
278,15252,DNB Quota,"Fortis Hospital, ,Mulund - Goregaon Link Rd, Nahur West, Industrial Area, Bhandup West, Mumbai, Maharashtra 400078, Maharashtra, 400078",(NBEMS) PAEDIATRICS,Open,EWS,Allotted
279,15277,All India,"S.V. Medical College, Tirupathi ,S.V. Medical College, Tirupathi, Andhra Pradesh, 517507",M.S. (ORTHOPAEDICS),Open,General,Allotted
280,15289,All India,"Government Medical College, Aurangabad,Government Medical College, Aurangabad, Maharashtra, 431001",M.S. (GENERAL SURGERY),OBC,OBC,Allotted
281,15303,All India,"Chamarajanagar Institute of Medical Sciences, Karnataka,CHAMARAJANAGAR INSTITUTE OF MEDICAL SCIENCES, SY. NO 124, YEDAPURA VILLAGE KASABA HOBLI, CHAMARAJANA, Karnataka, 571313",M.S. (ORTHOPAEDICS),Open,General,Allotted
282,15313,All India,"STANLEY MEDICAL COLLEGE,STANLEY MEDICAL COLLEGE NO.1, OLD JAIL ROAD, CHENNAI-600001, Tamil Nadu, 600001",M.D. (Emergency and Critical Care)/M.D. (Emergency Medicine),OBC,OBC,Allotted
283,15435,DNB Quota,"Apollo Hospital, Parsik Hill Road, ,APOLLO HOSPITAL PARSIK HILL ROAD ROAD NO 13 SECTOR 23 CBD BELAPUR NAVI MUMBAI, Maharashtra, 400614",(NBEMS) PAEDIATRICS,Open,OBC,Allotted
284,15448,All India,"Jawaharlal Institute of Medical Sciences, Manipur,Jawaharlal Nehru Institute of Medical Sciences, Porompat, Imphal -East, Manipur-795005, Manipur, 795005",M.S. (GENERAL SURGERY),Open,General,Allotted
285,15465,DNB Quota,"GMERS Medical College and Hospital, ,GMERS MEDICAL COLLEGE, NEAR GUJARAT HIGH COURT, S.G HIGH WAY, SOLA, AHMEDABAD, Gujarat, 380060",(NBEMS) PAEDIATRICS,OBC,OBC,Allotted
286,15480,DNB Quota,"Tata Motors Hospital, ,KHARANGAJHAR, TELCO COLONY JAMSHEDPUR, Jharkhand, 831003",(NBEMS) PAEDIATRICS,Open,General,Allotted
287,15635,All India,"Government medical college patiala.,Government medical college patiala., Punjab, 147001",M.S. (OPHTHALMOLOGY),Open,General,Allotted
288,15734,DNB Quota,"Woodlands Multispeciality Hospital Limited, ,8-5 ALIPORE ROAD KOLKATA, West Bengal, 700027",(NBEMS-DIPLOMA) RADIO-DIAGNOSIS,Open,General,Allotted
289,15783,All India,"Chamarajanagar Institute of Medical Sciences, Karnataka,CHAMARAJANAGAR INSTITUTE OF MEDICAL SCIENCES, SY. NO 124, YEDAPURA VILLAGE KASABA HOBLI, CHAMARAJANA, Karnataka, 571313",M.S. (GENERAL SURGERY),Open,General,Allotted
290,15804,All India,"Agartala Government Medical College,Agartala Government Medical College, Tripura, 799006",M.D. (PAEDIATRICS),OBC,OBC,Allotted
291,15820,DNB Quota,"Sagar Hospital, Karnataka,academics@sagarhospitals.in, Karnataka, 560041",(NBEMS) PAEDIATRICS,Open,General,Allotted
292,15837,DNB Quota,"Autonomous State Medical college Society and S.N.M District Hospital, ,DAULATTAPUR JALESAR ROAD NARKHI FIROZABAD, Uttar Pradesh, 283203",(NBEMS) PAEDIATRICS,OBC,OBC,Allotted
293,15845,All India,"Regional Institute of Medical Sciences, Imphal,Regional Institute of Medical Sciences, Imphal, Lamphelpat, Manipur, 795004",M.S. (GENERAL SURGERY),OBC,OBC,Allotted
294,15851,All India,"Government Medical College, Aurangabad,Government Medical College, Aurangabad, Maharashtra, 431001",M.S. (GENERAL SURGERY),OBC,OBC,Allotted
295,15881,All India,"Ravindra Nath Tagore Medical College, Udaipur,Ravindra Nath Tagore Medical College, Udaipur, Rajasthan, 313001",M.D. (Tuberculosis and Respiratory diseases)/Pulmonary Medicine /M.D. (Respiratory Medicine),EWS,EWS,Allotted
296,15882,All India,"MANDYA INSTITUTE OF MEDICAL SCIENCES,MANDYA INSTITUTE OF MEDICAL SCIENCES MANDYA, Karnataka, 571401",M.S. (GENERAL SURGERY),OBC,OBC,Allotted
297,15895,DNB Quota,"Lotus Children`s Hospital,,6-2-29,Lakdikapul, Hyderabad - 500004, Telangana, 500004",(NBEMS) PAEDIATRICS,Open,EWS,Allotted
298,15904,DNB Quota,"Max Super Specialty Hospital, (A unit of Balaji Medical and Diagnostic Research Centre) ,Max Super Specialty Hospital -108A IP Extension Patparganj New Delhi, Delhi (NCT), 110092",(NBEMS) PAEDIATRICS,Open,General,Allotted
299,15931,All India,"TATA MEMORIAL CENTRE, MUMBAI,OFFICE OF THE DIRECTOR ACADEMICS, 13TH FLOOR, HOMI BHABHA BLOCK, TATA MEMORIAL HOSPITAL, PAREL, MUMB, Maharashtra, 400012",M.D. (Radiotherapy/ Radiation Oncology),Open,General,Allotted
300,15961,DNB Quota,"Hindu Rao Hospital, ,SUBZI MANDI, MALKA GANJ, DELHI-110007, Delhi (NCT), 110007",(NBEMS) ORTHOPAEDICS,OBC,OBC,Allotted
301,15968,DNB Quota,"Santokbha Durlabhji Memorial Hospital Cum Medical Research Institute, ,dnb.sdmh@gmail.com, Rajasthan, 302015",(NBEMS) Obstetrics and Gynaecology,Open,General,Allotted
302,16185,All India,"Calcutta School Of Tropical Medicine,Calcutta School Of Tropical Medicine, West Bengal, 700073",M.D. (TROPICAL MEDICINE),Open,General,Allotted
303,16235,All India,"Jawaharlal Institute of Medical Sciences, Manipur,Jawaharlal Nehru Institute of Medical Sciences, Porompat, Imphal -East, Manipur-795005, Manipur, 795005",M.D. (Obst. and Gynae)/MS (Obstetrics and Gynaecology),OBC,OBC,Allotted
304,16252,All India,"Siddhartha Medical College, Vijayawada,Siddhartha Medical College, Vijayawada, Andhra Pradesh, 520008",M.S. (ORTHOPAEDICS),OBC,OBC,Allotted
305,16297,All India,"Midnapore Medical College and Hospital,Midnapore Medical College and Hospital, West Bengal, 721101",M.D. (GENERAL MEDICINE),SC,SC,Allotted
306,16360,DNB Quota,"Civil Hospital GURDASPUR, Punjab,smodhgsp@gmail.com, Punjab, 143521",(NBEMS) PAEDIATRICS,Open,General,Allotted
307,16380,All India,"Seth Gordhandas Sunderdas Medical College, MUMBAI,Seth Gordhandas Sunderdas Medical College, Acharya Donde Marg Parel MUMBAI, Maharashtra, 400012",M.S. (GENERAL SURGERY),EWS,EWS,Allotted
308,16410,All India,"INSTITUTE OF MEDICAL SCIENCES, BANARAS HINDU UNIVERSITY,INSTITUTE OF MEDICAL SCIENCES, BANARAS HINDU UNIVERSITY, Uttar Pradesh, 221005",M.D. (ANAESTHESIOLOGY),Open,General,Allotted
309,16435,DNB Quota,"Sir Ganga Ram Hospital, ,Rajinder Nagar, New Delhi, Delhi (NCT), 110060",(NBEMS) Paediatric Surgery (Direct 6 Years Course),Open,OBC,Allotted
310,16481,DNB Quota,"Apollo Hospital, Parsik Hill Road, ,APOLLO HOSPITAL PARSIK HILL ROAD ROAD NO 13 SECTOR 23 CBD BELAPUR NAVI MUMBAI, Maharashtra, 400614",(NBEMS) Obstetrics and Gynaecology,Open,OBC,Allotted
311,16497,All India,"Midnapore Medical College and Hospital,Midnapore Medical College and Hospital, West Bengal, 721101",M.D. (Obst. and Gynae)/MS (Obstetrics and Gynaecology),OBC,OBC,Allotted
312,16507,All India,"ESIC Medical College, Hyderbad,Sanathnagar, Hyderabad, Telangana, 500038",M.S. (OPHTHALMOLOGY),Open,OBC,Allotted
313,16538,All India,"DARBHANGA MEDICAL COLLEGE,Sheetal Prasad Marg, Laheriasarai, Darbhanga, Bihar, Bihar, 846003",M.S. (GENERAL SURGERY),OBC,OBC,Allotted
314,16541,DNB Quota,"The Calcutta Medical Research Institute, ,The Calcutta Medical Research Institute 7 by 2 Diamond Harbour Road Kolkata 700027, West Bengal, 700027",(NBEMS) PAEDIATRICS,Open,OBC,Allotted
315,16568,DNB Quota,"Mata Chanan Devi Hospital,, ,C-1 JANAKPURI, Delhi (NCT), 110058",(NBEMS) Obstetrics and Gynaecology,Open,General,Allotted
316,16578,DNB Quota,"Sarvodaya Hospital and Research Centre, ,YMCA road Sector 08 Faridabad, Haryana, 121006",(NBEMS) Respiratory Medicine,Open,General,Allotted
317,16588,All India,"R G KAR MEDICAL COLLEGE, West Bengal,R G KAR MEDICAL COLLEGE,1 KHUDIRAM BOSE SARANI,KOLKATA, West Bengal, West Bengal, 700004",M.D. (Tuberculosis and Respiratory diseases)/Pulmonary Medicine /M.D. (Respiratory Medicine),EWS,EWS,Allotted
318,16589,Management/Paid Seats Quota,"JSS Medical College, Mysuru,JSS Medical Institutions Campus Sri Shivarathreeshwara Nagar Bannimantap Mysuru, Karnataka, 570015","M.D. (DERM.,VENE. and LEPROSY)/ (DERMATOLOGY)/(SKIN and VENEREAL DISEASES)/(VENEREOL OGY)",Open,EWS,Allotted
319,16621,All India,"Government Medical College Kozhikode,Government Medical College Kozhikode principalmcc@gmail.com, Kerala, 673008",M.D. (ANAESTHESIOLOGY),Open,OBC,Allotted
320,16642,All India,"College of Medicine and JNM Hospital, WBUHS,Block A, Post Office Kalyani, Near Silpanchal Station, Block A2, District Nadia, West Bengal, West Bengal, 741235",M.D. (Obst. and Gynae)/MS (Obstetrics and Gynaecology),OBC,OBC,Allotted
321,16651,All India,"VIJANAGARA INSTITUTE OF MEDICAL SCIENCES BALLARI,VIJANAGARA INSTITUTE OF MEDICAL SCIENCES BALLARI, Karnataka, 583104",M.S. (ORTHOPAEDICS),OBC,OBC,Allotted
322,16725,DNB Quota,"Apollo Hospital, ,APOLLO HOSPITALS BANGALORE A UNIT OF IMPERIAL HOSPITALS AND RESEARCH CENTRE LIMITED 154/11 Opp IIM B, Karnataka, 560076",(NBEMS) Obstetrics and Gynaecology,Open,OBC,Allotted
323,16760,All India,"S.V. Medical College, Tirupathi ,S.V. Medical College, Tirupathi, Andhra Pradesh, 517507",M.S. (ORTHOPAEDICS),OBC,OBC,Allotted
324,16773,DNB Quota,"Healthworld Hospital, ,Healthworld Hospitals [A Unit of Parashmani Medical Centre Pvt.Ltd.], C-49,Commercial Area, Opp. ESI, West Bengal, 713216",(NBEMS) PAEDIATRICS,Open,General,Allotted
325,16807,DNB Quota,"Chandan Hospital, ,Vijayant Khand, Gomti Nagar, Lucknow, Uttar Pradesh, 226010",(NBEMS) Respiratory Medicine,Open,General,Allotted
326,16808,DNB Quota,"Mumbai Port Trust Hospital, ,L.M. Nadkarni Marg, Wadala, Mumbai, Maharashtra, 400037",(NBEMS) GENERAL SURGERY,Open,General,Allotted
327,16818,All India,"JHALAWAR MEDICAL COLLEGE,JHALAWAR MEDICAL COLLEGE, JHALAWAR, Rajasthan, 326001",M.D. (Obst. and Gynae)/MS (Obstetrics and Gynaecology),EWS,EWS,Allotted
328,16851,All India,"INSTITUTE OF MEDICAL SCIENCES, BANARAS HINDU UNIVERSITY,INSTITUTE OF MEDICAL SCIENCES, BANARAS HINDU UNIVERSITY, Uttar Pradesh, 221005",M.D. (ANAESTHESIOLOGY),Open,OBC,Allotted
329,16894,All India,"Government Medical College Srinagar,Administrative Block Government Medical College Karan Nagar Srinagar, Jammu And Kashmir, 190010",M.S. (ORTHOPAEDICS),OBC,OBC,Allotted
330,16898,All India,"Government T D Medical College, Vandanm , Alappuzha,Government T D Medical College, Vandanam , Alappuzha, Kerala, 688005",M.S. (OPHTHALMOLOGY),Open,General,Allotted
331,16905,Management/Paid Seats Quota,"SRI DEVARAJ URS MEDICAL COLLEGE, TAMAKA,Tamaka, Kolar, Karnataka, 563103","M.D. (DERM.,VENE. and LEPROSY)/ (DERMATOLOGY)/(SKIN and VENEREAL DISEASES)/(VENEREOL OGY)",Open,General,Allotted
332,16964,All India,"Rajmata Shrimati Devendra Kumari Singhdeo Government Medical College, Ambikapur,Kanyaparisar Road Gangapur Ambikapur District Surguja, Chhattisgarh, 497001",M.D. (Obst. and Gynae)/MS (Obstetrics and Gynaecology),EWS,EWS,Allotted
333,16972,All India,"Sawai Man Singh Medical College, JAIPUR,Sawai Man Singh Medical College, JLN Marg, Jaipur-302004, Rajasthan, 302004",M.D. (Emergency and Critical Care)/M.D. (Emergency Medicine),OBC,OBC,Allotted
334,17013,DNB Quota,"ANKURA HOSPITAL FOR WOMEN AND CHILDREN(A UNIT OF ANKURA TIRUPATI HOSPITALS PVT LTD), Andhra Pradesh,ANKURA HOSPITAL FOR WOMEN AND CHILDREN RENIGUNTA ROAD TIRUPATHI, Andhra Pradesh, 517501",(NBEMS) PAEDIATRICS,Open,OBC,Allotted
335,17023,All India,"Dr. Rajendra Prasad Government Medical College, Tanda,Dr. Rajendra Prasad Government Medical College, Tanda, Himachal Pradesh, 176002",M.D. (Obst. and Gynae)/MS (Obstetrics and Gynaecology),OBC,OBC,Allotted
336,17030,DNB Quota,"Tomo Riba Institute of Health and Medical Sciences,,TRIHMS. Old Assembly Block. Near Rajiv Gandhi Stadium. Naharlagun-791110. Arunachal Pradesh, Arunachal Pradesh, 791110",(NBEMS-DIPLOMA) RADIO-DIAGNOSIS,OBC,OBC,Allotted
337,17117,All India,"R G KAR MEDICAL COLLEGE, West Bengal,R G KAR MEDICAL COLLEGE,1 KHUDIRAM BOSE SARANI,KOLKATA, West Bengal, West Bengal, 700004",M.S. (GENERAL SURGERY),OBC,OBC,Allotted
338,17169,All India,"BELAGAVI INSTITUTE OF MEDICAL SCIENCES, BELAGAVI,BELAGAVI INSTITUTE OF MEDICAL SCIENCES, BELAGAVI, Karnataka, 590001",M.S. (GENERAL SURGERY),OBC,OBC,Allotted
339,17192,DNB Quota,"GMERS Medical College, ,Office of the Dean, First Floor, Civil Hospital Campus, Sector- 12, Gandhinagar, Gujarat, 382016",(NBEMS) Obstetrics and Gynaecology,EWS,EWS,Allotted
340,17235,DNB Quota,"Narayana Multispecialty Hospital, ,Narayana Multispecialty Hospital, Jaipur Sec-28,Kumbha Marg, Pratap Nagar Sanganer 302033",(NBEMS) GENERAL SURGERY,Open,General,Allotted
341,17295,All India,"R G KAR MEDICAL COLLEGE, West Bengal,R G KAR MEDICAL COLLEGE,1 KHUDIRAM BOSE SARANI,KOLKATA, West Bengal, West Bengal, 700004",M.D. (Obst. and Gynae)/MS (Obstetrics and Gynaecology),EWS,EWS,Allotted
342,17302,All India,"Kakatiya Medical College,Kakatiya Medical College, Telangana, 506007",M.D. (Emergency and Critical Care)/M.D. (Emergency Medicine),Open,OBC,Allotted
343,17351,All India,"GOVERNMENT DHARMAPURI MEDICAL COLLEGE, DHARMAPURI, TAMIL NADU,GOVERNMENT DHARMAPURI MEDICAL COLLEGE, NETHAJI BYE PASS ROAD, DHARMAPURI, TAMIL NADU, Tamil Nadu, 636701",M.D. (ANAESTHESIOLOGY),OBC,OBC,Allotted
344,17353,DNB Quota,"Sir Hurkisondas Nurrotumdas Hospital and Research Centre, ,Prarthana Samaj, Raja Ram Mohan Roy road, Girgaon, MUMBAI, Maharashtra, 400004",(NBEMS) Obstetrics and Gynaecology,Open,General,Allotted
345,17372,All India,"JAWAHARLAL NEHRU MEDICAL COLLEGE, BHAGALPUR,JAWAHARLAL NEHRU MEDICAL COLLEGE, BHAGALPUR, Bihar, 812001",M.S. (GENERAL SURGERY),EWS,EWS,Allotted
346,17382,DNB Quota,"Kovai Medical Centre, ,Kovai Medical Center and Hospital, 99, Avanashi Road, Coimbatore - 641014, Tamil Nadu, 641014",(NBEMS) ORTHOPAEDICS,Open,OBC,Allotted
347,17408,DNB Quota,"Dr. L H Hiranandani Hospital, ,HILL SIDE AVENUE, HIRANANDANI GARDENS, POWAI-400076, Maharashtra, 400076",(NBEMS) Obstetrics and Gynaecology,Open,General,Allotted
348,17430,DNB Quota,"Imambara District Hospital,,AKHANBAZAR ROAD, CHINSURA, HOOGHLY, West Bengal, 712101",(NBEMS) Obstetrics and Gynaecology,Open,OBC,Allotted
349,17432,All India,"Kasturba Hospital, Daryaganj,Delhi,Daryaganj,Delhi",DIP.IN GYNAE. and OBST.,Open,General,Allotted
350,17437,All India,"M. P. SHAH GOVERNMENT MEDICAL COLLEGE,M. P. SHAH GOVERNMENT MEDICAL COLLEGE, Gujarat, 361008",DIP.IN GYNAE. and OBST.,Open,General,Allotted
351,17458,All India,"MADRAS MEDICAL COLLEGE,EVR PERIYAR SALAI, CHENNAI-03, Tamil Nadu, 600003",M.S. (E.N.T.),Open,OBC,Allotted
352,17494,All India,"Midnapore Medical College and Hospital,Midnapore Medical College and Hospital, West Bengal, 721101",M.S. (GENERAL SURGERY),OBC,OBC,Allotted
353,17499,DNB Quota,"Shri Lal Bahadur Shastri Government Medical College and Hospital , ,VPO- Bhangrotu, MC- Ner Chowk, District- Mandi, Himachal Pradesh, 175021",(NBEMS) PAEDIATRICS,EWS,EWS,Allotted
354,17608,All India,"Jawaharlal Institute of Medical Sciences, Manipur,Jawaharlal Nehru Institute of Medical Sciences, Porompat, Imphal -East, Manipur-795005, Manipur, 795005",M.S. (GENERAL SURGERY),Open,General,Allotted
355,17641,DNB Quota,"Tata Motors Hospital, ,KHARANGAJHAR, TELCO COLONY JAMSHEDPUR, Jharkhand, 831003",(NBEMS) GENERAL SURGERY,Open,General,Allotted
356,17704,All India,"JAWAHARLAL NEHRU MEDICAL COLLEGE, ALIGARH MUSLIM UNIVERSITY STATE UTTAR,JAWAHARLAL NEHRU MEDICAL COLLEGE, ALIGARH MUSLIM UNIVERSITY STATE UTTAR, Uttar Pradesh, 202002",M.S. (OPHTHALMOLOGY),OBC,OBC,Allotted
357,17786,Management/Paid Seats Quota,"Kasturba Medical College Manipal, Manipal Academy Of Higher Education, Manipal,Kasturba Medical College Manipal, Manipal Academy Of Higher Education, Manipal, Karnataka, 576104",M.D. (Obst. and Gynae)/MS (Obstetrics and Gynaecology),Open,OBC,Allotted
358,17787,All India,"Karnataka Institute of Medical Sciences, Hubballi,Karnataka Institute of Medical Sciences, Hubballi, Karnataka, 580021",M.S. (E.N.T.),OBC,OBC,Allotted
359,17805,All India,"R G KAR MEDICAL COLLEGE, West Bengal,R G KAR MEDICAL COLLEGE,1 KHUDIRAM BOSE SARANI,KOLKATA, West Bengal, West Bengal, 700004",M.S. (OPHTHALMOLOGY),Open,General,Allotted
360,17908,All India,"Jorhat Medical College & Hospital,Jorhat Medical College & Hospital, Assam, 785001",M.D. (Obst. and Gynae)/MS (Obstetrics and Gynaecology),OBC,OBC,Allotted
361,17915,All India,"Government Medical College, Latur,Government Medical College, Old Railway station Near Marwadi Rajasthani High-School Latur, Maharashtra, 413512",M.S. (GENERAL SURGERY),OBC,OBC,Allotted
362,17935,DNB Quota,"Advanced Medical Research Institute (AMRI) Hospital,,AMRI Hospitals, Bhubaneswar Plot no-1, Besides Satya Sai Enclave, Khandagiri, Bhubaneswar, Odisha, 751030",(NBEMS-DIPLOMA) PAEDIATRICS,Open,General,Allotted
363,18001,DNB Quota,"Bangalore Baptist Hospital, ,Bangalore Baptist Hospital, Bellary Road, Hebbal, Bangalore - 560024, Karnataka, 560024",(NBEMS) GENERAL SURGERY,Open,General,Allotted
364,18007,All India,"HASSAN INSTITUTE OF MEDICAL SCIENCES, HASSAN,HASSAN INSTITUTE OF MEDICAL SCIENCES, HASSAN, Karnataka, 573201",M.S. (GENERAL SURGERY),OBC,OBC,Allotted
365,18118,DNB Quota,"Lilavati Hospital and Research Centre, ,Lilavati Hospital And Research Centre A-791, Bandra Reclamation, Bandra - West, Mumbai, Maharashtra, 400050",(NBEMS) GENERAL SURGERY,Open,General,Allotted
366,18159,All India,"Government Medical College, Nagpur,Government Medical College, Nagpur, Maharashtra, 440003",M.D. (ANAESTHESIOLOGY),Open,General,Allotted
367,18181,All India,"Government Erode Medical College- Formerly IRT-Perundurai Medical College,GOVERNMENT ERODE MEDICAL COLLEGE AND HOSPITAL PERUNDURAI SANATORIUM POST ERODE DISTRICT, Tamil Nadu, 638053",M.D. (Emergency and Critical Care)/M.D. (Emergency Medicine),OBC,OBC,Allotted
368,18191,All India,"Tirunelveli Medical College,TIRUNELVELI MEDICAL COLLEGE, HIGHGROUND, TIRUNELVELI-11, Tamil Nadu, 627011",M.D. (ANAESTHESIOLOGY),Open,OBC,Allotted
369,18207,Aligarh Muslim University,"JAWAHARLAL NEHRU MEDICAL COLLEGE, ALIGARH MUSLIM UNIVERSITY STATE UTTAR,JAWAHARLAL NEHRU MEDICAL COLLEGE, ALIGARH MUSLIM UNIVERSITY STATE UTTAR, Uttar Pradesh, 202002",M.S. (ORTHOPAEDICS),Open,OBC,Allotted
370,18210,All India,"STANLEY MEDICAL COLLEGE,STANLEY MEDICAL COLLEGE NO.1, OLD JAIL ROAD, CHENNAI-600001, Tamil Nadu, 600001",M.S. (ORTHOPAEDICS),EWS,EWS,Allotted
371,18417,All India,"STANLEY MEDICAL COLLEGE,STANLEY MEDICAL COLLEGE NO.1, OLD JAIL ROAD, CHENNAI-600001, Tamil Nadu, 600001",M.D. (ANAESTHESIOLOGY),Open,OBC,Allotted
372,18433,All India,"Government Medical College, Cuddalore District,Govt. Medical College and Hospital, Cuddalore District Erstwhile Rajah Muthiah Medical College, Tamil Nadu, 608002",M.D. (PSYCHIATRY),Open,General,Allotted
373,18449,All India,"Gandhi Medical College, Bhopal,Gandhi Medical College, Bhopal, Madhya Pradesh, 462001",M.D. (PSYCHIATRY),Open,General,Allotted
374,18489,DNB Quota,"INDLAS Vijayawada Institute of Mental Health and Neuro Sciences (INDLAS VIMHANS Hospital), ,29 7 32 V V RAO STREET DEVI OIL MILL ROAD SURYARAOPETA VIJAYAWADA 520002, Andhra Pradesh, 520002",(NBEMS) PSYCHIATRY,Open,General,Allotted
375,18522,All India,"Govt. Doon Medical College, Dehradun,Govt. Doon Medical College Dehrakhas, Patel Nagar Dehradun 248001, Uttarakhand, 248001",M.S. (GENERAL SURGERY),OBC,OBC,Allotted
376,18536,All India,"Sardar Patel Medical College, Bikaner,Sardar Patel Medical College, Bikaner, Rajasthan, 334003",M.S. (ORTHOPAEDICS),EWS,EWS,Allotted
377,18540,All India,"SHIMOGA INSTITUTE OF MEDICAL SCIENCES,SHIMOGA INSTITUTE OF MEDICAL SCIENCES, Karnataka, 577201",M.S. (GENERAL SURGERY),OBC,OBC,Allotted
378,18614,DNB Quota,"MGM Health Care Private Limited, Tamil Nadu,New No 72, Old No 54, Nelson Manickam Road, Aminjikarai, Chennai – 600029 Tamilnadu State, Tamil Nadu, 600029",(NBEMS-DIPLOMA) PAEDIATRICS,Open,OBC,Allotted
379,18622,All India,"THANJAVUR MEDICAL COLLEGE, THANJAVUR,THANJAVUR MEDICAL COLLEGE, THANJAVUR, Tamil Nadu, 613004",M.S. (GENERAL SURGERY),EWS,EWS,Allotted
380,18723,DNB Quota,"Shaheed Hasan Khan Mewati Government Medical College , ,Shaheed Hasan Khan Mewati Government Medical College Nalhar Nuh, Haryana, 122107",(NBEMS) ORTHOPAEDICS,OBC,OBC,Allotted
381,18784,DNB Quota,"GMERS Medical College and Hospital, ,GMERS MEDICAL COLLEGE, NEAR GUJARAT HIGH COURT, S.G HIGH WAY, SOLA, AHMEDABAD, Gujarat, 380060",(NBEMS) ORTHOPAEDICS,Open,EWS,Allotted
382,18811,All India,"Jawaharlal Institute of Medical Sciences, Manipur,Jawaharlal Nehru Institute of Medical Sciences, Porompat, Imphal -East, Manipur-795005, Manipur, 795005",M.S. (GENERAL SURGERY),OBC,OBC,Allotted
383,18924,Management/Paid Seats Quota,"AMRITA SCHOOL OF MEDICINE,Kochi,AMRITA SCHOOL OF MEDICINE,Kochi, Kerala, 682041",M.D. (GENERAL MEDICINE),Open,General,Allotted
384,18946,All India,"ESI-POST GRADUATE INSTITUTE OF MEDICAL SCIENCES AND RESEARCH, BASAIDARAPUR, NEW DELHI,ESI-POST GRADUATE INSTITUTE OF MEDICAL SCIENCES AND RESEARCH, BASAIDARAPUR, NEW DELHI, Delhi (NCT), 110015",M.D. (ANAESTHESIOLOGY),OBC,OBC,Allotted
385,18968,All India,"Sawai Man Singh Medical College, JAIPUR,Sawai Man Singh Medical College, JLN Marg, Jaipur-302004, Rajasthan, 302004",M.D. (ANAESTHESIOLOGY),Open,General,Allotted
386,19000,DNB Quota,"Jehangir Hospital, ,32 Sasoon Road Pune, Maharashtra, 411001",(NBEMS) FAMILY MEDICINE,Open,General,Allotted
387,19019,DNB Quota,"Rajiv Gandhi Government Women and Children Hospital, (Formerly Indira Gandhi. General Hospital) ,100 feet road, Ellaipillaichavady, Puducherry, 605005",(NBEMS-DIPLOMA) PAEDIATRICS,Open,General,Allotted
388,19072,All India,"CHHATTISGARH INSTITUTE OF MEDICAL SCIENCES,CHHATTISGARH INSTITUTE OF MEDICAL SCIENCES, Chhattisgarh, 495001",M.D. (PSYCHIATRY),Open,General,Allotted
389,19179,All India,"Agartala Government Medical College,Agartala Government Medical College, Tripura, 799006",M.S. (GENERAL SURGERY),OBC,OBC,Allotted
390,19285,DNB Quota,"Bhabha Atomic Research Centre and Hospital, ,Anushaktinagar, Mumbai, Maharashtra, 400094",(NBEMS) ORTHOPAEDICS,OBC,OBC,Allotted
391,19351,All India,"ESIC MEDICAL COLLEGE, JOKA,ESI-PGIMSR & ESIC MEDICAL COLLEGE, JOKA, KOLKATA, WEST BENGAL, West Bengal, 700104",M.S. (ORTHOPAEDICS),SC,SC,Allotted
392,19419,DNB Quota,"District Hospital, ,DISTRICT HOSPITAL NEAR SANGAM CIRCLE DR RAJ KUMAR ROAD BALLARI-583101 KARNATAKA, Karnataka, 583101",(NBEMS-DIPLOMA) PAEDIATRICS,Open,OBC,Allotted
393,19475,All India,"INSTITUTE OF MEDICAL SCIENCES, BANARAS HINDU UNIVERSITY,INSTITUTE OF MEDICAL SCIENCES, BANARAS HINDU UNIVERSITY, Uttar Pradesh, 221005",M.S. (E.N.T.),OBC,OBC,Allotted
394,19535,All India,"Seth Gordhandas Sunderdas Medical College, MUMBAI,Seth Gordhandas Sunderdas Medical College, Acharya Donde Marg Parel MUMBAI, Maharashtra, 400012",M.D. (ANAESTHESIOLOGY),OBC,OBC,Allotted
395,19585,All India,"Regional Institute of Medical Sciences, Imphal,Regional Institute of Medical Sciences, Imphal, Lamphelpat, Manipur, 795004",M.S. (GENERAL SURGERY),EWS,EWS,Allotted
396,19629,All India,"CHENGALPATTU MEDICAL COLLEGE, CHENGALPATTU,CHENGALPATTU MEDICAL COLLEGE, CHENGALPATTU, Tamil Nadu, 603001",M.S. (E.N.T.),Open,OBC,Allotted
397,19652,All India,"STANLEY MEDICAL COLLEGE,STANLEY MEDICAL COLLEGE NO.1, OLD JAIL ROAD, CHENNAI-600001, Tamil Nadu, 600001",M.S. (OPHTHALMOLOGY),Open,General,Allotted
398,19735,All India,"STANLEY MEDICAL COLLEGE,STANLEY MEDICAL COLLEGE NO.1, OLD JAIL ROAD, CHENNAI-600001, Tamil Nadu, 600001",M.S. (OPHTHALMOLOGY),Open,General,Allotted
399,19773,All India,"Sarojini Naidu Medical College, AGRA,Sarojini Naidu Medical College, AGRA, Uttar Pradesh, 282002",M.S. (OPHTHALMOLOGY),Open,General,Allotted
400,19881,DNB Quota,"Baby Memorial Hospital, ,Indira Gandhi Road Kozhikode, Kerala, 673004",(NBEMS) GENERAL SURGERY,Open,General,Allotted
401,19937,DNB Quota,"Lakeshore Hospital and Res. ,Maradu, Nettoor P O, Kochi, Kerala, 682040",(NBEMS) ORTHOPAEDICS,Open,OBC,Allotted
402,19939,All India,"Sarojini Naidu Medical College, AGRA,Sarojini Naidu Medical College, AGRA, Uttar Pradesh, 282002",M.S. (OPHTHALMOLOGY),Open,General,Allotted
403,19990,All India,"S.V. Medical College, Tirupathi ,S.V. Medical College, Tirupathi, Andhra Pradesh, 517507",M.D. (ANAESTHESIOLOGY),Open,OBC,Allotted
404,20234,DNB Quota,"Kokilaben Dhirubhai Ambani Hospital and Medical Research Institute,,Achyutrao Patwardhan Marg Andheri West Mumbai Maharashtra, Maharashtra, 400053",(NBEMS) ORTHOPAEDICS,Open,EWS,Allotted
405,20248,All India,"Gauhati Medical College, Guwahati,Gauhati Medical College, Guwahati, Assam, 781032",M.D. (PSYCHIATRY),Open,General,Allotted
406,20268,DNB Quota,"Central Super Speciality Hospital, ,mdcsshecr@gmail.com, Bihar, 800001",(NBEMS-DIPLOMA) PAEDIATRICS,Open,General,Allotted
407,20299,DNB Quota,"Apollo Specialty Hospital, ,NO. 320, PADMA COMPLEX, MOUNT ROAD, CHENNAI, Tamil Nadu, 600035",(NBEMS) RADIATION ONCOLOGY,Open,General,Allotted
408,20340,DNB Quota,"Kerala Institute of Medical Sciences, ,PB NO.1, ANAYARA PO, TRIVANDRUM, Kerala, 695024",(NBEMS) GENERAL SURGERY,Open,General,Allotted
409,20489,All India,"Osmania Medical Collge,Osmania Medical Collge, Telangana, 500095",M.D. (ANAESTHESIOLOGY),Open,OBC,Allotted
410,20493,All India,"Sri Venkateswara Institute of Medical Sciences (SVIMS), A State University estd. by Govt. of A.P.,Sri Venkateswara Institute of Medical Sciences, SVIMS, Alipiri Road, Tirupati, Andhra Pradesh, 517507",M.D. (ANAESTHESIOLOGY),Open,OBC,Allotted
411,20495,All India,"Grant Medical College, Maharashtra,Grant Medical College, Maharashtra, Maharashtra, 400008",M.D. (ANAESTHESIOLOGY),Open,OBC,Allotted
412,20558,DNB Quota,"Sir Ganga Ram Hospital, ,Rajinder Nagar, New Delhi, Delhi (NCT), 110060",(NBEMS) Otorhinolaryngology (E.N.T.),Open,General,Allotted
413,20583,DNB Quota,"Apollo BGS Hospital,,Apollo BGS Hospitals, Adhichunchangiri Road, Kuvempunagar, Mysore, Karnataka, 570023",(NBEMS) Emergency Medicine,Open,OBC,Allotted
414,20599,All India,"Agartala Government Medical College,Agartala Government Medical College, Tripura, 799006",M.S. (GENERAL SURGERY),OBC,OBC,Allotted
415,20669,All India,"PATNA MEDICAL COLLEGE, PATNA,PATNA MEDICAL COLLEGE, PATNA, Bihar, 800004",M.S. (OPHTHALMOLOGY),Open,General,Allotted
416,20715,All India,"Karnataka Institute of Medical Sciences, Hubballi,Karnataka Institute of Medical Sciences, Hubballi, Karnataka, 580021",M.S. (OPHTHALMOLOGY),Open,General,Allotted
417,20729,DNB Quota,"Civil Hospital GURDASPUR, Punjab,smodhgsp@gmail.com, Punjab, 143521",(NBEMS) Obstetrics and Gynaecology,OBC,OBC,Allotted
418,21017,All India,"Government Medical College, Cuddalore District,Govt. Medical College and Hospital, Cuddalore District Erstwhile Rajah Muthiah Medical College, Tamil Nadu, 608002",M.S. (OPHTHALMOLOGY),Open,General,Allotted
419,21023,DNB Quota,"Shroff Eye Centre,,A-9, Kailash Colony, New Delhi, Delhi (NCT), 110048",(NBEMS) OPHTHALMOLOGY,Open,General,Allotted
420,21030,DNB Quota,"GMERS Medical College and Hospital,,GMERS Medical College and Hospital Campus, Dharpur, Patan-Unjha State Highway, Patan (North Gujarat,, Gujarat, 384265",(NBEMS) ORTHOPAEDICS,OBC,OBC,Allotted
421,21097,DNB Quota,"Max Super Specialty Hospital,,FC 50, Max Wali Rd, C and D Block, Shalimar Place Site, Shalimar Bagh, New Delhi, Delhi 110088, Delhi (NCT), 110088",(NBEMS) Emergency Medicine,Open,OBC,Allotted
422,21100,All India,"Rajendra Institute of Medical Sciences, Ranchi,Rajendra Institute of Medical Sciences, Ranchi, Jharkhand, 834009",M.S. (E.N.T.),Open,OBC,Allotted
423,21147,All India,"Pandit Bhagwat Dayal Sharma Post Graduate Institute of Medical Sciences, Rohtak,Pandit Bhagwat Dayal Sharma Post Graduate Institute of Medical Sciences, Rohtak, Haryana, 124001",M.S. (OPHTHALMOLOGY),OBC,OBC,Allotted
424,21278,All India,"Government Medical College, Cuddalore District,Govt. Medical College and Hospital, Cuddalore District Erstwhile Rajah Muthiah Medical College, Tamil Nadu, 608002",M.S. (GENERAL SURGERY),EWS,EWS,Allotted
425,21394,DNB Quota,"Jaipur Golden Hospital, ,2 INSTITUTIONAL AREA, SECTOR-3, ROHINI, Delhi (NCT), 110085",(NBEMS) GENERAL SURGERY,Open,OBC,Allotted
426,21491,DNB Quota,"AIG Hospital,Door No: 1 66 AIG 2 to 5 Mindspace Road Gachibowli Hyderabad Telangana 500032",(NBEMS) Otorhinolaryngology (E.N.T.),Open,EWS,Allotted
427,21494,All India,"MADURAI MEDICAL COLLEGE,MADURAI MEDICAL COLLEGE, Tamil Nadu, 625020",M.D. (Emergency and Critical Care)/M.D. (Emergency Medicine),EWS,EWS,Allotted
428,21518,All India,"Rajiv Gandhi Institute of Medical Sciences Srikakulam,Government Medical College Srikakulam Balaga Srikakulam Town Srikakulam District, Andhra Pradesh, 532001",M.S. (OPHTHALMOLOGY),OBC,OBC,Allotted
429,21520,All India,"TOPIWALA NATIONAL MEDICAL COLLEGE,TOPIWALA NATIONAL MEDICAL COLLEGE B Y L Nair Ch Hospital, Dr. A.L. Nair Rd, Mumbai Central, Mumbai, Maharashtra, 400008",M.D. (ANAESTHESIOLOGY),Open,General,Allotted
430,21557,All India,"Osmania Medical Collge,Osmania Medical Collge, Telangana, 500095",M.D. (ANAESTHESIOLOGY),OBC,OBC,Allotted
431,21567,All India,"Rangaraya Medical College,Rangaraya Medical College Beside SP Office , Pithapuram Road, Kakinada, Andhra Pradesh, 533003",M.S. (OPHTHALMOLOGY),Open,EWS,Allotted
432,21721,DNB Quota,"ESI Hospital, ,IG ESI HOSPITAL JHILMIL DELHI - 95, Delhi (NCT), 110095",(NBEMS-DIPLOMA) Tuberculosis and CHEST DISEASES,OBC,OBC,Allotted
433,21744,All India,"VIJANAGARA INSTITUTE OF MEDICAL SCIENCES BALLARI,VIJANAGARA INSTITUTE OF MEDICAL SCIENCES BALLARI, Karnataka, 583104",M.D. (ANAESTHESIOLOGY),Open,EWS,Allotted
434,21755,All India,"R G KAR MEDICAL COLLEGE, West Bengal,R G KAR MEDICAL COLLEGE,1 KHUDIRAM BOSE SARANI,KOLKATA, West Bengal, West Bengal, 700004",M.D. (Radiotherapy/ Radiation Oncology),Open,General,Allotted
435,21792,All India,"Government Medical College, Nagpur,Government Medical College, Nagpur, Maharashtra, 440003",M.D. (ANAESTHESIOLOGY),Open,General,Allotted
436,21811,DNB Quota,"Ruby Hall Clinic, ,GRANT MEDICAL FOUNDATION, 40 SASSOON ROAD, PUNE 411001, Maharashtra, 411001",(NBEMS) ORTHOPAEDICS,Open,OBC,Allotted
437,21869,All India,"S.V. Medical College, Tirupathi ,S.V. Medical College, Tirupathi, Andhra Pradesh, 517507",M.S. (OPHTHALMOLOGY),OBC,OBC,Allotted
438,21894,All India,"Sawai Man Singh Medical College, JAIPUR,Sawai Man Singh Medical College, JLN Marg, Jaipur-302004, Rajasthan, 302004",M.D. (ANAESTHESIOLOGY),Open,General,Allotted
439,21992,DNB Quota,"Sir Hurkisondas Nurrotumdas Hospital and Research Centre, ,Prarthana Samaj, Raja Ram Mohan Roy road, Girgaon, MUMBAI, Maharashtra, 400004",(NBEMS) GENERAL SURGERY,Open,General,Allotted
440,22022,All India,"Central Institute of Psychiatry, Ranchi,Central Institute of Psychiatry, Ranchi, Jharkhand, 834006",M.D. (PSYCHIATRY),OBC,OBC,Allotted
441,22073,DNB Quota,"Tirumala Hospital, ,PSR COMPLEX, NEAR RTC COMPLEX, VIZIANAGARAM, Andhra Pradesh, 535003",(NBEMS) Emergency Medicine,Open,General,Allotted
442,22074,All India,"Government medical college patiala.,Government medical college patiala., Punjab, 147001",M.D. (ANAESTHESIOLOGY),Open,General,Allotted
443,22095,DNB Quota,"Choithram Hospital and Research Centre,Manika Bagh Road Indore, Madhya Pradesh, 452014",(NBEMS) GENERAL SURGERY,Open,General,Allotted
444,22196,All India,"NETAJI SUBHASH CHANDRA BOSE MEDICAL COLLEGE, JABALPUR ,NETAJI SUBHASH CHANDRA BOSE MEDICAL COLLEGE, NAGPUR ROAD JABALPUR, Madhya Pradesh, 482003",M.S. (E.N.T.),Open,General,Allotted
445,22241,All India,"HASSAN INSTITUTE OF MEDICAL SCIENCES, HASSAN,HASSAN INSTITUTE OF MEDICAL SCIENCES, HASSAN, Karnataka, 573201",M.S. (E.N.T.),Open,OBC,Allotted
446,22298,All India,"MANDYA INSTITUTE OF MEDICAL SCIENCES,MANDYA INSTITUTE OF MEDICAL SCIENCES MANDYA, Karnataka, 571401",M.D. (GENERAL MEDICINE),SC,SC,Allotted
447,22348,All India,"Siddhartha Medical College, Vijayawada,Siddhartha Medical College, Vijayawada, Andhra Pradesh, 520008",M.D. (ANAESTHESIOLOGY),OBC,OBC,Allotted
448,22455,DNB Quota,"Swami Dayanand Hospital, ,Dilshad Garden, Shahdara, Delhi, Delhi (NCT), 110095",(NBEMS-DIPLOMA) Obstetrics and Gynaecology,OBC,OBC,Allotted
449,22466,DNB Quota,"Medanta The Medicity, ,Medanta The Medicity Sector 38 Gurgoan, Haryana, 122001",(NBEMS) OPHTHALMOLOGY,Open,EWS,Allotted
450,22595,All India,"Baba Raghav Das Medical College,Baba Raghav Das Medical College, Gorakhpur, Uttar Pradesh, 273013",M.S. (E.N.T.),Open,OBC,Allotted
451,22630,DNB Quota,"Kalpana Chawla Govt Medical College, ,Model Town, Karnal, Haryana, 132001",(NBEMS) GENERAL SURGERY,OBC,OBC,Allotted
452,22679,DNB Quota,"Sagar Hospital, Karnataka,academics@sagarhospitals.in, Karnataka, 560041",(NBEMS) GENERAL SURGERY,Open,OBC,Allotted
453,22792,All India,"Kakatiya Medical College,Kakatiya Medical College, Telangana, 506007",M.D. (ANAESTHESIOLOGY),OBC,OBC,Allotted
454,22796,All India,"ESI-POST GRADUATE INSTITUTE OF MEDICAL SCIENCES AND RESEARCH, BASAIDARAPUR, NEW DELHI,ESI-POST GRADUATE INSTITUTE OF MEDICAL SCIENCES AND RESEARCH, BASAIDARAPUR, NEW DELHI, Delhi (NCT), 110015",M.D. (GENERAL MEDICINE),ST,ST,Allotted
455,22799,All India,"Government Medical College, Latur,Government Medical College, Old Railway station Near Marwadi Rajasthani High-School Latur, Maharashtra, 413512",M.S. (E.N.T.),Open,OBC,Allotted
456,22802,DNB Quota,"Ganga Medical Centre and Hospital,,313 Mettupalayam Road Coimbatore 641043, Tamil Nadu, 641043",(NBEMS) ORTHOPAEDICS,Open,OBC,Allotted
457,22842,DNB Quota,"Chaithanya Eye Hospital, Thiruvananthapuram, Kerala,Kesavadasapuram, Thiruvananthapuram Kerala-695004, Kerala, 695004",(NBEMS) OPHTHALMOLOGY,Open,OBC,Allotted
458,22886,All India,"JAWAHAR LAL NEHRU MEDICAL COLLEGE, AJMER,NEAR PATEL STADIUM, AJMER, Rajasthan, 305001",M.D. (PSYCHIATRY),OBC,OBC,Allotted
459,22943,Delhi University Quota,"Lady Hardinge Medical College,Lady Hardinge Medical College, Delhi (NCT), 110001",M.D. (PATHOLOGY),Open,SC,Allotted
460,23036,All India,"University College of Medical Sciences,University College of Medical Sciences, Delhi (NCT), 110095",M.D. (ANAESTHESIOLOGY),EWS,EWS,Allotted
461,23057,All India,"GADAG INSTITUTE OF MEDICAL SCIENCES GADAG,Gadag Institute of Medical Sciences Mallasamudra Gadag-582103, Karnataka, 582103",M.D. (GENERAL MEDICINE),SC,SC,Allotted
462,23111,All India,"GOVERNMENT MEDICAL COLLEGE KADAPA (FORMERLY RAJIV GANDHI INSTITUTE OF MEDICAL SCIENCES, KADAPA),GOVERNMENT MEDICAL COLLEGE KADAPA (FORMERLY RAJIV GANDHI INSTITUTE OF MEDICAL SCIENCES, KADAPA), Andhra Pradesh, 516002",M.D. (ANAESTHESIOLOGY),OBC,OBC,Allotted
463,23124,Management/Paid Seats Quota,"Pravara Rural Medical College, Loni,Dr. Balasaheb Vikhe Patil Rural Medical College (Formerly Called As Rural Medical College, Loni), Maharashtra, 413736",M.D. (GENERAL MEDICINE),Open,OBC,Allotted
464,23127,DNB Quota,"GMERS Medical College, ,Office of the Dean, First Floor, Civil Hospital Campus, Sector- 12, Gandhinagar, Gujarat, 382016",(NBEMS) ORTHOPAEDICS,OBC,OBC,Allotted
465,23131,DNB Quota,"Ispat General Hospital,,Ispat General Hospital Rourkela Steel Plant SAIL Rourkela 769005, Odisha, 769005",(NBEMS) GENERAL SURGERY,Open,EWS,Allotted
466,23168,Management/Paid Seats Quota,"Jawaharlal Nehru Medical College, Belagavi,Jawaharlal Nehru Medical College, Belagavi, Karnataka, 590010",M.D. (Obst. and Gynae)/MS (Obstetrics and Gynaecology),Open,OBC,Allotted
467,23197,All India,"Mahatma Gandhi Memorial Medical College, Jamshedpur,Mahatma Gandhi Memorial Medical College, Jamshedpur, Jharkhand, 831020",M.S. (OPHTHALMOLOGY),Open,General,Allotted
468,23243,DNB Quota,"Apollo Hospital,,DNB office, 3rd Floor Opp Library Apollo Hospitals, Jubilee Hills, Hyderabad, Telangana, 500033",(NBEMS) Otorhinolaryngology (E.N.T.),Open,General,Allotted
469,23303,All India,"Indira Gandhi Medical College Shimla,Indira Gandhi Medical College Shimla, Himachal Pradesh, 171001",M.S. (E.N.T.),Open,General,Allotted
470,23313,All India,"DR. SHANKARRAO CHAVAN GOVERNMENT MEDICAL COLLEGE, NANDED,DR. SHANKARRAO CHAVAN GOVERNMENT MEDICAL COLLEGE, VISHNUPURI, NANDED, Maharashtra, 431606",M.D. (ANAESTHESIOLOGY),Open,General,Allotted
471,23426,All India,"INSTITUTE OF MEDICAL SCIENCES, BANARAS HINDU UNIVERSITY,INSTITUTE OF MEDICAL SCIENCES, BANARAS HINDU UNIVERSITY, Uttar Pradesh, 221005",M.D. (PSYCHIATRY),SC,SC,Allotted
472,23428,DNB Quota,"Max Smart Super Specialty Hospital, (Formerly Known as Saket City Hospital), ,Mandir Marg, Press Enclave Road, Saket, New Delhi, Delhi (NCT), 110017",(NBEMS) ORTHOPAEDICS,Open,OBC,Allotted
473,23485,DNB Quota,"Dr M K Shah Medical College And SMS Multispeciality Hospital,,Near Tapovan circle, Visat Gandhinagar Highway chandkheda ahmedabad, Gujarat, 382424",(NBEMS) Emergency Medicine,Open,OBC,Allotted
474,23545,All India,"VIJANAGARA INSTITUTE OF MEDICAL SCIENCES BALLARI,VIJANAGARA INSTITUTE OF MEDICAL SCIENCES BALLARI, Karnataka, 583104",M.D. (ANAESTHESIOLOGY),OBC,OBC,Allotted
475,23603,DNB Quota,"Government Headquarters Hospital, ,Udumalai Road, Pollachi, Tamil Nadu, Tamil Nadu, 642001",(NBEMS) GENERAL SURGERY,Open,General,Allotted
476,23656,DNB Quota,"Aadhar Health Institute, (A UNIT OF VLCOM HEALTHCARE P LTD.) ,Aadhar Health Institute, A UNIT OF VLCOM HEALTHCARE P LTD. Tosham Road, Hisar, Haryana- 125001, Haryana, 125001",(NBEMS) GENERAL SURGERY,Open,OBC,Allotted
477,23741,DNB Quota,"General Hospital, Dist.Belgaum, Karnataka,GENERAL HOSPITAL AND MCH FALLS ROAD GOKAK DIST BELGAUM KARNATAKA, Karnataka, 591307",(NBEMS-DIPLOMA) Obstetrics and Gynaecology,Open,EWS,Allotted
478,23743,All India,"INDIRA GANDHI GOVT.MEDICAL COLLEGE NAGPUR,INDIRA GANDHI GOVT.MEDICAL COLLEGE NAGPUR, Maharashtra, 440018",M.D. (PSYCHIATRY),EWS,EWS,Allotted
479,23751,DNB Quota,"St. Stephen`s Hospital, ,Tis Hazari, Delhi (NCT), 110054",(NBEMS-DIPLOMA) Obstetrics and Gynaecology,Open,General,Allotted
480,23764,DNB Quota,"GMERS Medical College and General Hospital , ,GMERS MEDICAL COLLEGE , Hadiyol-Gadhoda Road, Near-Government Polytechnic, Hiimmatnagar, Gujarat, 383001",(NBEMS) GENERAL SURGERY,OBC,OBC,Allotted
481,23843,All India,"SHIMOGA INSTITUTE OF MEDICAL SCIENCES,SHIMOGA INSTITUTE OF MEDICAL SCIENCES, Karnataka, 577201",M.S. (OPHTHALMOLOGY),Open,OBC,Allotted
482,23848,All India,"IPGME&R and SSKM Hospital Kolkata,244, Acharya J. C. Bose Road, Kolkata-700020, West Bengal, 700020",M.D. (ANAESTHESIOLOGY),OBC,OBC,Allotted
483,23852,All India,"Assam Medical College,Assam Medical College, Assam, 786002",M.S. (OPHTHALMOLOGY),Open,General,Allotted
484,23879,All India,"Govt. Medical College, Baroda,Govt. Medical College, Baroda, Gujarat, 390001",M.D. (ANAESTHESIOLOGY),Open,EWS,Allotted
485,23886,All India,"Agartala Government Medical College,Agartala Government Medical College, Tripura, 799006",M.D. (PSYCHIATRY),Open,General,Allotted
486,23934,DNB Quota,"Shija Hospitals and Research Institute, ,SHIJA HOSPITALS AND RESEARCH INSTITUTE, LANGOL, LAMPHELPAT, IMPHAL WEST, MANIPUR 795004, Manipur, 795004",(NBEMS) Emergency Medicine,Open,General,Allotted
487,23992,All India,"Sardar Patel Medical College, Bikaner,Sardar Patel Medical College, Bikaner, Rajasthan, 334003",M.D. (ANAESTHESIOLOGY),Open,General,Allotted
488,24019,All India,"Government medical college patiala.,Government medical college patiala., Punjab, 147001",M.D. (Radiotherapy/ Radiation Oncology),Open,General,Allotted
489,24047,All India,"IPGME&R and SSKM Hospital Kolkata,244, Acharya J. C. Bose Road, Kolkata-700020, West Bengal, 700020",M.D. (Radiotherapy/ Radiation Oncology),Open,General,Allotted
490,24079,DNB Quota,"Down Town Hospital, G S Road, ,G S Road, Dispur, Guwahati-781006, Assam, 781006",(NBEMS) GENERAL SURGERY,Open,General,Allotted
491,24091,DNB Quota,"Rajiv Gandhi Medical College and Chhatrapati Shivaji Maharaj Hospital, ,RAJIV GANDHI MEDICAL COLLEGE,THANE BELAPUR ROAD, KALWA, THANE, Maharashtra, 400605",(NBEMS) OPHTHALMOLOGY,Open,General,Allotted
492,24318,DNB Quota,"Dhayal Hospital and Research Centre, Rajasthan ,Dhayal Hospital and Research Centre, Nh52,Near Math Mandir, Reengus, Sikar,Rajasthan-332404, Rajasthan, 332404",(NBEMS-DIPLOMA) PAEDIATRICS,Open,General,Allotted
493,24319,DNB Quota,"Apollo Hospital, ,NO. 21, OFF GREAMS LANE, GREAMS ROAD, CHENNAI, Tamil Nadu, 600006",(NBEMS) ORTHOPAEDICS,Open,OBC,Allotted
494,24353,DNB Quota,"Swami Dayanand Hospital, ,Dilshad Garden, Shahdara, Delhi, Delhi (NCT), 110095",(NBEMS) GENERAL MEDICINE,SC,SC,Allotted
495,24370,All India,"Sher-i-Kashmir Institute of Medical Sciences, Srinagar,J&K ,SKIMS, SOURA, SRINAGAR-190011, Jammu And Kashmir, 190011",M.D. (ANAESTHESIOLOGY),Open,General,Allotted
496,24428,DNB Quota,"Holy Spirit Hospital, ,Mahakali Caves Road Andheri East Mumbai, Maharashtra, 400093",(NBEMS) ORTHOPAEDICS,Open,General,Allotted
497,24498,All India,"INSTITUTE OF MEDICAL SCIENCES, BANARAS HINDU UNIVERSITY,INSTITUTE OF MEDICAL SCIENCES, BANARAS HINDU UNIVERSITY, Uttar Pradesh, 221005",M.D. (ANAESTHESIOLOGY),EWS,EWS,Allotted
498,24539,DNB Quota,"Mahathma Eye Hospital, ,No. 6, Seshapuram, Tennur, Tiruchirappalli - 620017, Tamilnadu, Tamil Nadu, 620017",(NBEMS) OPHTHALMOLOGY,Open,OBC,Allotted
499,24611,All India,"Government Medical College, Aurangabad,Government Medical College, Aurangabad, Maharashtra, 431001",M.D. (ANAESTHESIOLOGY),Open,General,Allotted
500,24619,All India,"RAICHUR INSTITUTE OF MEDICAL SCIENCES,RAICHUR INSTITUTE OF MEDICAL SCIENCES, Karnataka, 584102",M.S. (OPHTHALMOLOGY),Open,General,Allotted
501,24679,All India,"Bangalore Medical College and Research Institute,Bangalore Medical College and Research Institute, Karnataka, 560002",M.S. (GENERAL SURGERY),SC,SC,Allotted
502,24707,All India,"Guru Gobind Singh Medical College,Guru Gobind Singh Medical College, Punjab, 151203",M.D. (ANAESTHESIOLOGY),Open,General,Allotted
503,24778,DNB Quota,"Manipal Hospital Whitefield,,ITPL Main Rd, KIADB Export Promotion Industrial Area, Krishnarajapura, Bengaluru, Karnataka, 560066",(NBEMS) GENERAL SURGERY,Open,General,Allotted
504,24784,DNB Quota,"Government Medical College and Associated Hospital,,JANGLAT MANDI ANANTNAG, JAMMU AND KASHMIR 192101, Jammu And Kashmir, 192101",(NBEMS) GENERAL SURGERY,OBC,OBC,Allotted
505,24792,All India,"MANDYA INSTITUTE OF MEDICAL SCIENCES,MANDYA INSTITUTE OF MEDICAL SCIENCES MANDYA, Karnataka, 571401",M.S. (E.N.T.),Open,OBC,Allotted
506,24813,All India,"Karwar Institute of Medical Sciences, Karnataka,MG Road, Karnataka, 581301",M.S. (E.N.T.),Open,General,Allotted
507,24840,All India,"Government Medical College Srinagar,Administrative Block Government Medical College Karan Nagar Srinagar, Jammu And Kashmir, 190010",M.D. (ANAESTHESIOLOGY),Open,General,Allotted
508,24917,Management/Paid Seats Quota,"SRM MEDICAL COLLEGE HOSPITAL AND RESEARCH CENTRE, SRM INSTITUTE OF SCIENCE AND TECHNOLOGY,SRM MEDICAL COLLEGE HOSPITAL AND RESEARCH CENTRE,SRM IST, KATTANKULATHUR , CHENGALPATTU DIST, Tamil Nadu, 603203",M.S. (OPHTHALMOLOGY),Open,General,Allotted
509,24919,All India,"MYSORE MEDICAL COLLEGE AND RESEARCH INSTITUTE,MYSORE MEDICAL COLLEGE AND RESEARCH INSTITUTE, Karnataka, 570001",M.S. (GENERAL SURGERY),SC,SC,Allotted
510,24981,All India,"Maharashtra Post Graduate Institute of Medical Education and Research, Nashik,Maharashtra Post Graduation Institute Of Medical Education and Research Civil Hospital campus Trimba, Maharashtra, 422002",M.D. (ANAESTHESIOLOGY),Open,General,Allotted
511,24984,All India,"Government Medical College, Nizamabad, Telangana State,Government Medical College, Nizamabad, Telangana State, Telangana, 503001",M.D. (ANAESTHESIOLOGY),Open,OBC,Allotted
512,25013,All India,"Karnataka Institute of Medical Sciences, Hubballi,Karnataka Institute of Medical Sciences, Hubballi, Karnataka, 580021",M.D. (ANAESTHESIOLOGY),Open,OBC,Allotted
513,25024,DNB Quota,"Bokaro General Hospital, ,SECTOR - 4 BOKARO STEEL CITY DIST - BOKARO, Jharkhand, 827004",(NBEMS) GENERAL SURGERY,OBC,OBC,Allotted
514,25121,DNB Quota,"Fortis Hospital, ,Sector-62, Phase VIII, Mohali- 160062, Punjab, 160062",(NBEMS) Cardio Vascular and Thoracic Surgery (Direct 6 Years Course),Open,OBC,Allotted
515,25122,All India,"GAJRA RAJA MEDICAL COLLEGE GWALIOR,GAJRA RAJA MEDICAL COLLEGE GWALIOR, Madhya Pradesh, 474009",M.D. (ANAESTHESIOLOGY),Open,General,Allotted
516,25195,DNB Quota,"Fortis Hospital, Shalimar Bagh,A- Block, Shalimar Bagh, Delhi (NCT), 110088",(NBEMS) GENERAL SURGERY,Open,General,Allotted
517,25199,DNB Quota,"Area Hospital, Andhra Pradesh,Area Hospital Amalapuram, East Godavari District, Andhra Pradesh, 533201",(NBEMS-DIPLOMA) PAEDIATRICS,Open,General,Allotted
518,25231,All India,"SHIMOGA INSTITUTE OF MEDICAL SCIENCES,SHIMOGA INSTITUTE OF MEDICAL SCIENCES, Karnataka, 577201",M.D. (ANAESTHESIOLOGY),Open,General,Allotted
519,25372,DNB Quota,"Venkateshwar Hospital, ,Sector- 18 A, Dwarka, New Delhi, Delhi (NCT), 110075",(NBEMS) GENERAL SURGERY,Open,General,Allotted
520,25413,DNB Quota,"Sri Ramakrishna Hospital, ,395, Sarojini Naidu Road, Sidhapudur, Coimbatore - 641 044, Tamil Nadu, 641044",(NBEMS) ANAESTHESIOLOGY,Open,OBC,Allotted
521,25430,All India,"RAICHUR INSTITUTE OF MEDICAL SCIENCES,RAICHUR INSTITUTE OF MEDICAL SCIENCES, Karnataka, 584102","M.D. (DERM.,VENE. and LEPROSY)/ (DERMATOLOGY)/(SKIN and VENEREAL DISEASES)/(VENEREOL OGY)",SC,SC,Allotted
522,25446,All India,"Maharaja Krushna Chandra Gajapati Medical College , Brahmapur,Maharaja Krushna Chandra Gajapati Medical College , Brahmapur, Odisha, 760004",M.D. IN TRANSFUSION MEDICINE/ IMMUNO- HAEMATOLOGY and BLOOD TRANSFUSION,Open,OBC,Allotted
523,25484,All India,"Vardhman Mahavir Medical College, , New Delhi,Vardhman Mahavir Medical College, , New Delhi, Delhi (NCT), 110029",M.D. (PATHOLOGY),Open,General,Allotted
524,25535,All India,"Bangalore Medical College and Research Institute,Bangalore Medical College and Research Institute, Karnataka, 560002",M.D. (PATHOLOGY),OBC,OBC,Allotted
525,25540,DNB Quota,"Apollo Hospital,,DNB office, 3rd Floor Opp Library Apollo Hospitals, Jubilee Hills, Hyderabad, Telangana, 500033",(NBEMS) Neuro Surgery (Direct 6 Years Course),Open,General,Allotted
526,25566,All India,"Late Baliram Kashyap Memorial Govt Medical Dimrapal,Late Baliram Kashyap Memorial Govt Medical Dimrapal, Chhattisgarh, 494001",M.S. (OPHTHALMOLOGY),Open,General,Allotted
527,25586,DNB Quota,"Shanmuga Hospital and Salem Cancer Institute, ,24/51 SARADA COLLEGE ROAD ,SHANMUGA HOSPITAL, SALEM TAMILNADU 636007, Tamil Nadu, 636007",(NBEMS) Emergency Medicine,Open,OBC,Allotted
528,25627,All India,"Govt. Medical College, Bhavnagar,Near. S.T. Bus Stand,Jail Road, Bhavnagar-364001, Gujarat, 364001",M.D. (ANAESTHESIOLOGY),Open,General,Allotted
529,25654,Management/Paid Seats Quota,"Kasturba Medical College Mangalore, Manipal Academy of Higher Education, Mangalore,Kasturba Medical College Mangalore, Manipal Academy of Higher Education, Mangalore, Karnataka, 575001",M.S. (GENERAL SURGERY),Open,OBC,Allotted
530,25728,All India,"Grant Medical College, Maharashtra,Grant Medical College, Maharashtra, Maharashtra, 400008",M.D. (ANAESTHESIOLOGY),OBC,OBC,Allotted
531,25731,DNB Quota,"P.D. Hinduja National Hospital and Medical Research Centre, ,Veer Savarkar Marg, Mahim, Maharashtra, 400016",(NBEMS) OPHTHALMOLOGY,Open,General,Allotted
532,25743,All India,"Karnataka Institute of Medical Sciences, Hubballi,Karnataka Institute of Medical Sciences, Hubballi, Karnataka, 580021",M.D. (ANAESTHESIOLOGY),OBC,OBC,Allotted
533,25767,DNB Quota,"APOLLO SPECTRA HOSPITALS ,H. No. 1-7-70 to 73, Mashallah Building, Paradise Circle, S. D Road, Secunderabad, Telangana, 500003",(NBEMS-DIPLOMA) PAEDIATRICS,Open,General,Allotted
534,25864,DNB Quota,"Drashti Nethralaya, ,DRASHTI NETRALAYA CHAKALIA ROAD DAHOD-389151, Gujarat, 389151",(NBEMS) OPHTHALMOLOGY,Open,General,Allotted
535,25888,All India,"Ganesh Shankar Vidyarthi Memorial Medical College,Ganesh Shankar Vidyarthi Memorial Medical College, Uttar Pradesh, 208002",M.S. (E.N.T.),OBC,OBC,Allotted
536,25931,All India,"NETAJI SUBHASH CHANDRA BOSE MEDICAL COLLEGE, JABALPUR ,NETAJI SUBHASH CHANDRA BOSE MEDICAL COLLEGE, NAGPUR ROAD JABALPUR, Madhya Pradesh, 482003",M.D. (ANAESTHESIOLOGY),Open,General,Allotted
537,25934,DNB Quota,"Civil Hospital, Punjab,chhsp1234@gmail.com, Punjab, 146001",(NBEMS-DIPLOMA) PAEDIATRICS,Open,General,Allotted
538,25946,All India,"GOVT. MEDICAL COLLEGE, AMRITSAR,GOVT. MEDICAL COLLEGE,CIRCULAR ROAD, AMRITSAR, Punjab, 143001",M.S. (E.N.T.),OBC,OBC,Allotted
539,25957,All India,"GAJRA RAJA MEDICAL COLLEGE GWALIOR,GAJRA RAJA MEDICAL COLLEGE GWALIOR, Madhya Pradesh, 474009",M.D. (PAEDIATRICS),SC,SC,Allotted
540,25965,DNB Quota,"Central Hospital, ,CENTRAL HOSPITAL, NORTH WESTERN RAILWAY, GANPATI NAGAR, HASANPURA ROAD, JAIPUR, Rajasthan, 302006",(NBEMS-DIPLOMA) Obstetrics and Gynaecology,Open,EWS,Allotted
541,26015,All India,"RAJIV GANDHI INSTITUTE OF MEDICAL SCIENCES,RAJIV GANDHI INSTITUTE OF MEDICAL SCIENCES ADILABAD -504001 TELANGANA STATE, Telangana, 504001",M.D. (ANAESTHESIOLOGY),OBC,OBC,Allotted
542,26028,DNB Quota,"AMAR HOSPITAL, Karnataka ,Amar Hospital, Julai Nagar, Gangavathi, Karnataka, 583227",(NBEMS-DIPLOMA) PAEDIATRICS,Open,OBC,Allotted
543,26050,DNB Quota,"Saifee Hospital, ,postbox no 3771, 15-17 Maharshi Karve Marg, Charni road, Mumbai, Maharashtra, 400004",(NBEMS) GENERAL SURGERY,Open,OBC,Allotted
544,26058,DNB Quota,"Meenakshi Mission Hospital and Research Centre, ,Lake Area, Melur Road, Madurai, Tamil Nadu, 625107",(NBEMS) Neuro Surgery (Direct 6 Years Course),Open,General,Allotted
545,26070,DNB Quota,"Jupiter Lifeline Hospital,,Jupiter Lifeline Hospital, Sr No 142/12, And 143/1/4/5, Near Prathamesh Park, Baner, Pune, Maharasht, Maharashtra, 411045",(NBEMS) GENERAL SURGERY,Open,General,Allotted
546,26097,All India,"Gauhati Medical College, Guwahati,Gauhati Medical College, Guwahati, Assam, 781032",M.D. (ANAESTHESIOLOGY),Open,General,Allotted
547,26105,DNB Quota,"Ashwini Trauma Centre, ,plot no.1-COM-14-Sector-1 CDA BIDANASHI Cuttack 753014, Odisha, 753014",(NBEMS) ORTHOPAEDICS,Open,General,Allotted
548,26141,All India,"Government Medical College, Gondia,Nehru Chowk, KTS General Hospital Campus, Govt. Medical College, Gondia. 441601. Maharashtra., Maharashtra, 441601",M.S. (E.N.T.),Open,General,Allotted
549,26181,DNB Quota,"C.S.I. Holdsworth Memorial Hospital, ,P.B.No. 38, Sawday Road, Mandi Mohalla, Mysuru, Karnataka, 570001",(NBEMS) GENERAL SURGERY,Open,EWS,Allotted
550,26204,DNB Quota,"Fortis Hospital,,B-22, Sector 62, Noida, Uttar Pradesh, Uttar Pradesh, 201301",(NBEMS) GENERAL SURGERY,Open,General,Allotted
551,26205,All India,"INDIRA GANDHI GOVT.MEDICAL COLLEGE NAGPUR,INDIRA GANDHI GOVT.MEDICAL COLLEGE NAGPUR, Maharashtra, 440018",M.D. (ANAESTHESIOLOGY),Open,General,Allotted
552,26234,All India,"Government Medical College, Latur,Government Medical College, Old Railway station Near Marwadi Rajasthani High-School Latur, Maharashtra, 413512",M.D. (ANAESTHESIOLOGY),OBC,OBC,Allotted
553,26236,DNB Quota,"Krishna Institute of Medical Sciences Ltd, ,Dargamitta, Nellore, Andhra Pradesh, 524003",(NBEMS) GENERAL SURGERY,Open,OBC,Allotted
554,26268,All India,"Govt. Bundelkhand Medical College Sagar M.P.,Govt. Bundelkhand Medical College Sagar M.P., Madhya Pradesh, 470001",M.S. (OPHTHALMOLOGY),OBC,OBC,Allotted
555,26272,All India,"Jorhat Medical College & Hospital,Jorhat Medical College & Hospital, Assam, 785001",M.D. (ANAESTHESIOLOGY),Open,General,Allotted
556,26316,DNB Quota,"Indira Gandhi Medical College and Research Institute, Pondicherry,Vazhudavour Road, Kadirkamam, Puducherry, 605009",(NBEMS) ANAESTHESIOLOGY,Open,OBC,Allotted
557,26324,All India,"GADAG INSTITUTE OF MEDICAL SCIENCES GADAG,Gadag Institute of Medical Sciences Mallasamudra Gadag-582103, Karnataka, 582103",M.S. (OPHTHALMOLOGY),OBC,OBC,Allotted
558,26350,All India,"Pt. Jawahar Lal Nehru Memorial Medical College, RAIPUR,Pt. Jawahar Lal Nehru Memorial Medical College, RAIPUR, Chhattisgarh, 492001",M.S. (E.N.T.),Open,General,Allotted
559,26414,DNB Quota,"District Hospital, Jammu and Kashmir ,DUDERHAMA GANDERBAL, Jammu And Kashmir, 191201",(NBEMS) GENERAL SURGERY,Open,General,Allotted
560,26453,All India,"JHALAWAR MEDICAL COLLEGE,JHALAWAR MEDICAL COLLEGE, JHALAWAR, Rajasthan, 326001",M.D. (ANAESTHESIOLOGY),Open,General,Allotted
561,26485,All India,"Grant Medical College, Maharashtra,Grant Medical College, Maharashtra, Maharashtra, 400008",M.D. (PATHOLOGY),Open,EWS,Allotted
562,26488,DNB Quota,"Narayana Hrudayalaya Hospital (Formerly Sparsh Hospital),,mahadevan.s@narayanahealth.org, Karnataka, 560099",(NBEMS) ORTHOPAEDICS,Open,General,Allotted
563,26523,All India,"Government Medical College, Aurangabad,Government Medical College, Aurangabad, Maharashtra, 431001",M.D. (ANAESTHESIOLOGY),Open,General,Allotted
564,26536,All India,"DR. SHANKARRAO CHAVAN GOVERNMENT MEDICAL COLLEGE, NANDED,DR. SHANKARRAO CHAVAN GOVERNMENT MEDICAL COLLEGE, VISHNUPURI, NANDED, Maharashtra, 431606",M.D. (PHARMACOLOGY),Open,General,Allotted
565,26554,All India,"LATE SHRI LAKHI RAM AGRAWAL MEMORIAL GOVT.MEDICAL COLLEGE,LATE SHRI LAKHI RAM AGRAWAL MEMORIAL GOVT.MEDICAL COLLEGE, Chhattisgarh, 496001",M.S. (E.N.T.),Open,General,Allotted
566,26556,All India,"BELAGAVI INSTITUTE OF MEDICAL SCIENCES, BELAGAVI,BELAGAVI INSTITUTE OF MEDICAL SCIENCES, BELAGAVI, Karnataka, 590001",M.D. (ANAESTHESIOLOGY),Open,EWS,Allotted
567,26572,All India,"DARBHANGA MEDICAL COLLEGE,Sheetal Prasad Marg, Laheriasarai, Darbhanga, Bihar, Bihar, 846003",M.D. (ANAESTHESIOLOGY),Open,General,Allotted
568,26623,All India,"Government Medical College, Nizamabad, Telangana State,Government Medical College, Nizamabad, Telangana State, Telangana, 503001",M.D. (ANAESTHESIOLOGY),Open,OBC,Allotted
569,26661,All India,"ESIC MEDICAL COLLEGE, JOKA,ESI-PGIMSR & ESIC MEDICAL COLLEGE, JOKA, KOLKATA, WEST BENGAL, West Bengal, 700104",M.S. (E.N.T.),OBC,OBC,Allotted
570,26724,All India,"Fakhruddin Ali Ahmed Medical College,Fakhruddin Ali Ahmed Medical College, Assam, 781301",M.D. (GENERAL MEDICINE),SC,SC,Allotted
571,26739,All India,"Andhra Medical College,Andhra Medical College, Andhra Pradesh, 530002",M.D. (PATHOLOGY),Open,OBC,Allotted
572,26782,DNB Quota,"Aayush NRI LEPL healthcare Private Limited, Andhra Pradesh,48-13-3 3 A, SRI RAMACHANDRA NAGAR VIJAYAWADA, Andhra Pradesh, 520008",(NBEMS) Emergency Medicine,Open,OBC,Allotted
573,26834,DNB Quota,"Max Super Specialty Hospital, ,1,2, Press Enclave Road, Saket, New Delhi, Delhi (NCT), 110017",(NBEMS) FAMILY MEDICINE,Open,EWS,Allotted
574,26862,DNB Quota,"Malabar Institute of Medical Sciences, ,Govindapuram P.O., Mini Bypass Road, Kozhikode, Kerala, 673016",(NBEMS) ANAESTHESIOLOGY,Open,OBC,Allotted
575,26871,All India,"SHIMOGA INSTITUTE OF MEDICAL SCIENCES,SHIMOGA INSTITUTE OF MEDICAL SCIENCES, Karnataka, 577201",M.D. (ANAESTHESIOLOGY),OBC,OBC,Allotted
576,26878,DNB Quota,"Rural Development Trust Hospital, ,Kadiri Road,Bathalapalli, Anantapur District Andhra Pradesh, Andhra Pradesh, 515661",(NBEMS) GENERAL SURGERY,Open,OBC,Allotted
577,26892,DNB Quota,"Charak Hospital and Research Center, Uttar Pradesh,Hardoi Road, Dubagga, Lucknow, Uttar Pradesh, 226003",(NBEMS-DIPLOMA) Tuberculosis and CHEST DISEASES,Open,General,Allotted
578,26909,DNB Quota,"Paediatric Surgery Centre and P.G. Institute, Maharashtra,8750 Vishrambag Sangli, Maharashtra, 416415",(NBEMS) Paediatric Surgery (Direct 6 Years Course),Open,EWS,Allotted
579,26956,DNB Quota,"St. Stephen`s Hospital, ,Tis Hazari, Delhi (NCT), 110054",(NBEMS) Otorhinolaryngology (E.N.T.),Open,EWS,Allotted
580,26991,All India,"GADAG INSTITUTE OF MEDICAL SCIENCES GADAG,Gadag Institute of Medical Sciences Mallasamudra Gadag-582103, Karnataka, 582103",M.S. (E.N.T.),Open,OBC,Allotted
581,27055,DNB Quota,"Apollo Hospital, ,APOLLO HOSPITALS BANGALORE A UNIT OF IMPERIAL HOSPITALS AND RESEARCH CENTRE LIMITED 154/11 Opp IIM B, Karnataka, 560076",(NBEMS) ORTHOPAEDICS,Open,OBC,Allotted
582,27121,DNB Quota,"Tej Bahadur Sapru Hospital, ,Stanley Road opp Erny memorial school Beli Goan Prayagraj up pin- 211002, Uttar Pradesh, 211002",(NBEMS-DIPLOMA) PAEDIATRICS,Open,General,Allotted
583,27213,All India,"Mahatma Gandhi Memorial Medical College, Jamshedpur,Mahatma Gandhi Memorial Medical College, Jamshedpur, Jharkhand, 831020",M.S. (E.N.T.),Open,OBC,Allotted
584,27236,All India,"Government Medical College, Miraj,Government Medical College, Miraj, Maharashtra, 416410",M.D. (PAEDIATRICS),SC,SC,Allotted
585,27239,All India,"Chamarajanagar Institute of Medical Sciences, Karnataka,CHAMARAJANAGAR INSTITUTE OF MEDICAL SCIENCES, SY. NO 124, YEDAPURA VILLAGE KASABA HOBLI, CHAMARAJANA, Karnataka, 571313",M.D. (ANAESTHESIOLOGY),Open,General,Allotted
586,27311,DNB Quota,"SUDARSANI EYE HOSPITAL, Andhra Pradesh,12-25-167, Main Road, Kothapeta, Guntur 522001, Andhra Pradesh, 522001",(NBEMS) OPHTHALMOLOGY,Open,General,Allotted
587,27358,DNB Quota,"Medanta The Medicity, ,Medanta The Medicity Sector 38 Gurgoan, Haryana, 122001",(NBEMS) OPHTHALMOLOGY,Open,General,Allotted
588,27360,All India,"MANDYA INSTITUTE OF MEDICAL SCIENCES,MANDYA INSTITUTE OF MEDICAL SCIENCES MANDYA, Karnataka, 571401",M.D. (ANAESTHESIOLOGY),OBC,OBC,Allotted
589,27362,All India,"Kidwai Memorial Institute of Oncolgy,Kidwai Memorial Institute of Oncolgy, Karnataka, 560029",M.D. (ANAESTHESIOLOGY),OBC,OBC,Allotted
590,27414,All India,"Ganesh Shankar Vidyarthi Memorial Medical College,Ganesh Shankar Vidyarthi Memorial Medical College, Uttar Pradesh, 208002",M.D. (PREVENTIVE and SOCIAL MEDICINE)/ COMMUNITY MEDICINE,Open,General,Allotted
591,27465,DNB Quota,"Vishnuprasad Nandrai Desai Municipal General Hospital, Maharashtra,11 TH GOLIBAR ROAD TPS,SANTACRUZ EAST, Maharashtra, 400055",(NBEMS-DIPLOMA) Obstetrics and Gynaecology,OBC,OBC,Allotted
592,27469,All India,"College of Medicine & Sagore Dutta Hospital,College of Medicine & Sagore Dutta Hospital, West Bengal, 700058",M.D. (ANAESTHESIOLOGY),Open,General,Allotted
593,27484,DNB Quota,"Felix Hospital, ,NH-01 SECTOR 137 NOIDA EXPRESSWAY UP, Uttar Pradesh, 201305",(NBEMS-DIPLOMA) PAEDIATRICS,Open,EWS,Allotted
594,27536,All India,"Ganesh Shankar Vidyarthi Memorial Medical College,Ganesh Shankar Vidyarthi Memorial Medical College, Uttar Pradesh, 208002",M.D. (PAEDIATRICS),SC,SC,Allotted
595,27608,DNB Quota,"Aravind Eye Hospital and Postgraduate Institute of Ophthalmology, ,371, Periyakulam Road, Theni, Tamil Nadu, 625531",(NBEMS) OPHTHALMOLOGY,Open,OBC,Allotted
596,27624,DNB Quota,"K.G. Hospital and PG Medical Institute ,,No:5, Arts College Road, Coimbatore - 641018, Tamil Nadu, 641018",(NBEMS-DIPLOMA) Tuberculosis and CHEST DISEASES,Open,OBC,Allotted
597,27645,All India,"COIMBATORE MEDICAL COLLEGE,COIMBATORE MEDICAL COLLEGE, Tamil Nadu, 641014",M.D. (BIOCHEMISTRY),Open,OBC,Allotted
598,27675,DNB Quota,"Raja Sukhdev Singh DH Poonch, Jammu and Kashmir,RAJA SUKDEV SINGH DISTRIC HOSPITAL POONCH, Jammu And Kashmir, 185101",(NBEMS) GENERAL SURGERY,OBC,OBC,Allotted
599,27677,DNB Quota,"The Signature Hospital,Sector-37D, Dwarka Expressway, Gurgaon, Haryana, Haryana, 122001",(NBEMS) Emergency Medicine,Open,OBC,Allotted
600,27718,DNB Quota,"The Eye Foundation,,582A D B Road, R S Puram, Coimbatore-641002, Tamil Nadu, 641002",(NBEMS) OPHTHALMOLOGY,Open,OBC,Allotted
601,27727,All India,"ESIC Medical College, Hyderbad,Sanathnagar, Hyderabad, Telangana, 500038",M.D. (PHYSICAL MED. and REHABILITATION),Open,OBC,Allotted
602,27728,All India,"ANUGRAH NARAYAN MAGADH MEDICAL COLLEGE,ANUGRAH NARAYAN MAGADH MEDICAL COLLEGE, Bihar, 823001",M.S. (E.N.T.),Open,EWS,Allotted
603,27739,All India,"Agartala Government Medical College,Agartala Government Medical College, Tripura, 799006",M.S. (E.N.T.),Open,General,Allotted
604,27760,Management/Paid Seats Quota,"Kasturba Medical College Manipal, Manipal Academy Of Higher Education, Manipal,Kasturba Medical College Manipal, Manipal Academy Of Higher Education, Manipal, Karnataka, 576104",M.D. (PSYCHIATRY),Open,General,Allotted
605,27815,All India,"Dr. Sampurnanand Medical College (SNMC), JODHPUR,Dr. Sampurnanand Medical College (SNMC), JODHPUR, Rajasthan, 342001",M.D. (ANAESTHESIOLOGY),OBC,OBC,Allotted
606,27834,All India,"Regional Institute of Medical Sciences, Imphal,Regional Institute of Medical Sciences, Imphal, Lamphelpat, Manipur, 795004",M.D. (ANAESTHESIOLOGY),Open,OBC,Allotted
607,27911,DNB Quota,"Bangalore Baptist Hospital, ,Bangalore Baptist Hospital, Bellary Road, Hebbal, Bangalore - 560024, Karnataka, 560024",(NBEMS) ORTHOPAEDICS,Open,OBC,Allotted
608,27915,All India,"GADAG INSTITUTE OF MEDICAL SCIENCES GADAG,Gadag Institute of Medical Sciences Mallasamudra Gadag-582103, Karnataka, 582103",M.D. (ANAESTHESIOLOGY),OBC,OBC,Allotted
609,27919,All India,"Dr. Rajendra Prasad Government Medical College, Tanda,Dr. Rajendra Prasad Government Medical College, Tanda, Himachal Pradesh, 176002",M.S. (OPHTHALMOLOGY),OBC,OBC,Allotted
610,27947,DNB Quota,"General Hospital, ,4th T Block, Beside Rajiv Gandhi University of Health Sciences Jayanagar,, Karnataka, 560041",(NBEMS-DIPLOMA) PAEDIATRICS,Open,OBC,Allotted
611,27998,DNB Quota,"Bhagwan Mahaveer Jain Hospital, ,MILLERS ROAD, VASANTHNAGAR, BANGALORE, Karnataka, 560052",(NBEMS) GENERAL SURGERY,Open,OBC,Allotted
612,28050,All India,"Grant Medical College, Maharashtra,Grant Medical College, Maharashtra, Maharashtra, 400008",M.D. (ANAESTHESIOLOGY),EWS,EWS,Allotted
613,28051,DNB Quota,"Dr. Agarwal`s Eye Hospital and Research Centre, ,222, TTK Road, Alwarpet, Chennai, Tamil Nadu, 600018",(NBEMS) OPHTHALMOLOGY,Open,OBC,Allotted
614,28070,DNB Quota,"BGS Global Hospital, ,BGS Global Hospital, Uttarahalli Road, Kengeri Bangalore, Karnataka, 560060",(NBEMS) ORTHOPAEDICS,Open,General,Allotted
615,28136,All India,"Mahatma Gandhi Memorial Medical College, Indore,Mahatma Gandhi Memorial Medical College, Indore, Madhya Pradesh, 452001",M.D. (Radiotherapy/ Radiation Oncology),OBC,OBC,Allotted
616,28148,DNB Quota,"Paras HMRI Hospital, ,Paras HMRI Hospital NH 30 Bailey Road Raja Bazaar Patna 800014 Bihar, Bihar, 800014",(NBEMS) ORTHOPAEDICS,Open,EWS,Allotted
617,28155,DNB Quota,"Kanchi Kamakoti Childs Trust Hospital, ,12 A, NAGESWARA ROAD, NUNGAMBAKKAM, CHENNAI., Tamil Nadu, 600034",(NBEMS) Paediatric Surgery (Direct 6 Years Course),Open,OBC,Allotted
618,28204,DNB Quota,"Medica Superspecialty Hospital, ,127 Mukundapur, E.M. Byapss, Kolkata, West Bengal, 700099",(NBEMS) GENERAL SURGERY,Open,General,Allotted
619,28262,DNB Quota,"Bangalore West Lions Superspecialty Eye Hospital, ,J C road Bangalore -560002, Karnataka, 560002",(NBEMS) OPHTHALMOLOGY,Open,General,Allotted
620,28276,DNB Quota,"Peerless Hospital and B K Roy Research Centre, ,360, Panchasayar, Kolkata - 700 -094, West Bengal, 700094",(NBEMS) ORTHOPAEDICS,Open,General,Allotted
621,28286,All India,"Indira Gandhi Medical College Shimla,Indira Gandhi Medical College Shimla, Himachal Pradesh, 171001",M.D. (ANAESTHESIOLOGY),Open,General,Allotted
622,28321,All India,"Govt. Doon Medical College, Dehradun,Govt. Doon Medical College Dehrakhas, Patel Nagar Dehradun 248001, Uttarakhand, 248001",M.S. (OPHTHALMOLOGY),OBC,OBC,Allotted
623,28341,DNB Quota,"Felix Hospital, ,NH-01 SECTOR 137 NOIDA EXPRESSWAY UP, Uttar Pradesh, 201305",(NBEMS) ORTHOPAEDICS,Open,General,Allotted
624,28429,DNB Quota,"St. Martha`s Hospital , ,No.5, Nrupathunga Road, Bengaluru, Karnataka, 560001",(NBEMS) ORTHOPAEDICS,Open,OBC,Allotted
625,28455,DNB Quota,"Ramkrishna Care Hospital, ,AUROBINDO ENCLAVE, PACHPEDI NAKA,DAHAMTARI ROAD, RAIPUR, Chhattisgarh, 492001",(NBEMS) GENERAL SURGERY,Open,General,Allotted
626,28485,All India,"Kasturba Hospital, Daryaganj,Delhi,Daryaganj,Delhi",M.D. (Obst. and Gynae)/MS (Obstetrics and Gynaecology),SC,SC,Allotted
627,28528,All India,"RAICHUR INSTITUTE OF MEDICAL SCIENCES,RAICHUR INSTITUTE OF MEDICAL SCIENCES, Karnataka, 584102",M.D. (ANAESTHESIOLOGY),Open,General,Allotted
628,28555,DNB Quota,"Oriana Hospital, Uttar Pradesh,6,7,8, Ravindrapuri Varanasi, Uttar Pradesh, 221005",(NBEMS) ORTHOPAEDICS,Open,OBC,Allotted
629,28560,All India,"Smt. G. R. Doshi and Smt. K. M. Mehta Institute of Kidney Diseases & Research Centre Dr. H. L. Trivedi Institute of Transplantation Sciences (IKDRC-ITS),Opp. Trauma Centre, Civil Hospital Campus, Asarwa, Ahmedabad, Gujarat, 380016",M.D. (ANAESTHESIOLOGY),Open,General,Allotted
630,28573,All India,"GANDHI MEDICAL COLLEGE,GANDHI MEDICAL COLLEGE, Telangana, 500003",M.D. (ANAESTHESIOLOGY),SC,SC,Allotted
631,28648,DNB Quota,"Amar Hospital, ,#8, Bank Colony, Income Tax Office Road, Patiala, Punjab, 147001",(NBEMS) GENERAL SURGERY,Open,General,Allotted
632,28669,DNB Quota,"Apollo Hospital, ,NO. 21, OFF GREAMS LANE, GREAMS ROAD, CHENNAI, Tamil Nadu, 600006",(NBEMS) Neuro Surgery (Direct 6 Years Course),Open,OBC,Allotted
633,28698,All India,"Calcutta School Of Tropical Medicine,Calcutta School Of Tropical Medicine, West Bengal, 700073",M.D. (TROPICAL MEDICINE),OBC,OBC,Allotted
634,28767,All India,"GOVERNMENT MEDICAL COLLEGE KADAPA (FORMERLY RAJIV GANDHI INSTITUTE OF MEDICAL SCIENCES, KADAPA),GOVERNMENT MEDICAL COLLEGE KADAPA (FORMERLY RAJIV GANDHI INSTITUTE OF MEDICAL SCIENCES, KADAPA), Andhra Pradesh, 516002",M.S. (E.N.T.),EWS,EWS,Allotted
635,28785,All India,"Rajarshee Chhatrapati Shahu Maharaj Government Medical College, Kolhapur,R.K. Nagar Road, Shenda Park, Kolhapur, Maharashtra, Maharashtra, 416012",M.D. (PSYCHIATRY),OBC,OBC,Allotted
636,28855,All India,"Regional Institute of Medical Sciences, Imphal,Regional Institute of Medical Sciences, Imphal, Lamphelpat, Manipur, 795004",M.D. (Radiotherapy/ Radiation Oncology),Open,OBC,Allotted
637,28868,All India,"Karwar Institute of Medical Sciences, Karnataka,MG Road, Karnataka, 581301",M.D. (ANAESTHESIOLOGY),OBC,OBC,Allotted
638,28875,Delhi University Quota,"Maulana Azad Medical College,Maulana Azad Medical College, Delhi (NCT), 110002",M.S. (E.N.T.),Open,OBC,Allotted
639,28880,All India,"North Bengal Medical College,North Bengal Medical College, West Bengal, 734012",M.D. (ANAESTHESIOLOGY),Open,OBC,Allotted
640,28895,All India,"DR. SHANKARRAO CHAVAN GOVERNMENT MEDICAL COLLEGE, NANDED,DR. SHANKARRAO CHAVAN GOVERNMENT MEDICAL COLLEGE, VISHNUPURI, NANDED, Maharashtra, 431606",M.D. (ANAESTHESIOLOGY),OBC,OBC,Allotted
641,28942,All India,"Rajarshee Chhatrapati Shahu Maharaj Government Medical College, Kolhapur,R.K. Nagar Road, Shenda Park, Kolhapur, Maharashtra, Maharashtra, 416012",M.D. (ANAESTHESIOLOGY),Open,General,Allotted
642,29003,DNB Quota,"The Signature Hospital,Sector-37D, Dwarka Expressway, Gurgaon, Haryana, Haryana, 122001",(NBEMS) Emergency Medicine,Open,OBC,Allotted
643,29007,All India,"Sarojini Naidu Medical College, AGRA,Sarojini Naidu Medical College, AGRA, Uttar Pradesh, 282002",M.D. (Radiotherapy/ Radiation Oncology),OBC,OBC,Allotted
644,29042,Management/Paid Seats Quota,"Sri Ramachandra Medical College and Research Institute,Sri Ramachandra Medical College and Research Institute, Tamil Nadu, 600116",M.S. (GENERAL SURGERY),Open,General,Allotted
645,29061,DNB Quota,"National Institute Of Ophthalmology, ,1187.30 ShivajiNagar, off Ghole Road, Pune, Maharashtra, 411005",(NBEMS) OPHTHALMOLOGY,Open,OBC,Allotted
646,29076,DNB Quota,"District Hospital, Dharwad,dsdharwad at gmail dot com, Karnataka, 580001",(NBEMS) GENERAL SURGERY,OBC,OBC,Allotted
647,29106,All India,"Dharwad Institute of Mental Health and Neurosciences (DIMHANS),Dharwad Institute of Mental Health and Neurosciences, Belagavi Road, Dharwad, Karnataka, 580008",M.D. (PSYCHIATRY),OBC,OBC,Allotted
648,29145,DNB Quota,"Guru Gobind Singh Govt. Hospital, Delhi,F-Block, Raghubir Nagar, New Delhi, Delhi (NCT), 110027",(NBEMS-DIPLOMA) PAEDIATRICS,OBC,OBC,Allotted
649,29206,All India,"Silchar Medical College, Silchar,Silchar Medical College, Silchar, Assam, 788014",M.D. (GENERAL MEDICINE),SC,SC,Allotted
650,29211,DNB Quota,"Bhagat Phool Singh Govt. Medical College for Women,BHAGAT PHOOL SINGH GOVT. MEDICAL COLLEGE FOR WOMEN KHANPUR KALAN SONEPAT, Haryana, 131305",(NBEMS) OPHTHALMOLOGY,Open,General,Allotted
651,29229,All India,"IPGME&R and SSKM Hospital Kolkata,244, Acharya J. C. Bose Road, Kolkata-700020, West Bengal, 700020",M.D. (Emergency and Critical Care)/M.D. (Emergency Medicine),EWS,EWS,Allotted
652,29237,DNB Quota,"Krishna Institute of Medical Sciences Ltd, ,Dargamitta, Nellore, Andhra Pradesh, 524003",(NBEMS) ORTHOPAEDICS,Open,OBC,Allotted
653,29253,DNB Quota,"St. Stephen`s Hospital, ,Tis Hazari, Delhi (NCT), 110054",(NBEMS) ANAESTHESIOLOGY,Open,General,Allotted
654,29270,DNB Quota,"Sakra World Hospital, (A Unit of Takshasila Hospitals Operating Private Limited) ,LOVEKESH\DOT\PHASU\AT\SAKRAWORLDHOSPITAL\DOT\COM, Karnataka, 560103",(NBEMS) Neuro Surgery (Direct 6 Years Course),Open,General,Allotted
655,29291,All India,"R G KAR MEDICAL COLLEGE, West Bengal,R G KAR MEDICAL COLLEGE,1 KHUDIRAM BOSE SARANI,KOLKATA, West Bengal, West Bengal, 700004",M.S. (E.N.T.),OBC,OBC,Allotted
656,29306,All India,"College of Medicine and JNM Hospital, WBUHS,Block A, Post Office Kalyani, Near Silpanchal Station, Block A2, District Nadia, West Bengal, West Bengal, 741235",M.S. (E.N.T.),OBC,OBC,Allotted
657,29353,All India,"Karnataka Institute of Medical Sciences, Hubballi,Karnataka Institute of Medical Sciences, Hubballi, Karnataka, 580021",M.D. (PSYCHIATRY),OBC,OBC,Allotted
658,29428,All India,"Indira Gandhi Medical College Shimla,Indira Gandhi Medical College Shimla, Himachal Pradesh, 171001",M.D. (Radiotherapy/ Radiation Oncology),Open,General,Allotted
659,29430,All India,"Burdwan Medical College, West Bengal,Burdwan Medical College, West Bengal, West Bengal, 713104",M.S. (E.N.T.),OBC,OBC,Allotted
660,29524,All India,"Government Medical College, Jalgaon,Jilha Peth, Government Hospital Campus, Jalgaon, Maharashtra, 425001",M.D. (ANAESTHESIOLOGY),Open,OBC,Allotted
661,29532,DNB Quota,"Nasa Brain And Spine Centre, Punjab,128 GURUNANAK PURA KAPURTHALA ROAD JALANDHAR, Punjab, 144008",(NBEMS) Neuro Surgery (Direct 6 Years Course),Open,OBC,Allotted
662,29661,All India,"Bankura Sammilani Medical College,Bankura Sammilani Medical College, West Bengal, 722102",M.S. (E.N.T.),OBC,OBC,Allotted
663,29664,DNB Quota,"Visakha Eye Hospital , ,Managed By Visakha Nethra Jyothi Pvt Ltd 8-1-64 Pedda Waltari Visakhapatnam, Andhra Pradesh, 530017",(NBEMS) OPHTHALMOLOGY,Open,EWS,Allotted
664,29676,All India,"Sardar Patel Medical College, Bikaner,Sardar Patel Medical College, Bikaner, Rajasthan, 334003",M.D. (ANAESTHESIOLOGY),OBC,OBC,Allotted
665,29683,All India,"MEDICAL COLLEGE, KOLKATA,MEDICAL COLLEGE, KOLKATA, West Bengal, 700073",M.D. (ANAESTHESIOLOGY),OBC,OBC,Allotted
666,29688,All India,"Indira Gandhi Medical College Shimla,Indira Gandhi Medical College Shimla, Himachal Pradesh, 171001",M.D. (ANAESTHESIOLOGY),Open,General,Allotted
667,29757,DNB Quota,"Indraprastha Apollo Hospital,,Sarita Vihar, New Delhi 110 076, Delhi (NCT), 110076",(NBEMS) ANAESTHESIOLOGY,Open,General,Allotted
668,29764,DNB Quota,"Narayana Multispecialty Hospital, ,Narayana Multispecialty Hospital, Jaipur Sec-28,Kumbha Marg, Pratap Nagar Sanganer 302033",(NBEMS) Cardio Vascular and Thoracic Surgery (Direct 6 Years Course),Open,OBC,Allotted
669,29773,DNB Quota,"GURUKRIPA HOSPITALS ,JYOTI NAGAR PIPRALI ROAD SIKAR RAJASTHAN, Rajasthan, 332001",(NBEMS) ORTHOPAEDICS,Open,General,Allotted
670,29815,DNB Quota,"Manipal Hospital, ,#98, Rustom Bagh, HAL Airport Road, Bengaluru, Karnataka, 560017",(NBEMS) OPHTHALMOLOGY,Open,General,Allotted
671,29865,All India,"Employees' State Insurance Corporation Medical College & Hospital, Gulbarga,ESIC MEDICAL COLLEGE SEDAM ROAD GULBARGA, Karnataka, 585106",M.D. (Obst. and Gynae)/MS (Obstetrics and Gynaecology),SC,SC,Allotted
672,29884,All India,"Gvernment Medical College,Haldwani,Government Medical College, Haldwani, Uttarakhand, 263139",M.D. (GENERAL MEDICINE),SC,SC,Allotted
673,29947,All India,"Sawai Man Singh Medical College, JAIPUR,Sawai Man Singh Medical College, JLN Marg, Jaipur-302004, Rajasthan, 302004",M.D. (ANAESTHESIOLOGY),EWS,EWS,Allotted
674,29961,DNB Quota,"GMERS Medical College and Hospital, ,GMERS Medical College Valsad,Nanakwada Halar Road,Valsad ,Gujarat, Gujarat, 396001",(NBEMS) ANAESTHESIOLOGY,Open,General,Allotted
675,29972,All India,"Shaikh-Ul-Hind Maulana Mahmood Hasan Medical College, Saharanpur,Pilkhani Ambala Road, Uttar Pradesh, 247232",M.D. (ANAESTHESIOLOGY),OBC,OBC,Allotted
676,29983,DNB Quota,"Sparsh Super Specialty Hospital, ,SPARSH SUPER SPECIALITY HOSPITAL, TUMKUR ROAD, YESHWANTHPURA, BANGALORE, Karnataka, 560022",(NBEMS) ORTHOPAEDICS,Open,EWS,Allotted
677,30035,DNB Quota,"Government Multi Specialty Hospital, ,Director Health and Family Welfare Govt. Multi Speciality Hospital Sector 16 Chandigarh, Chandigarh, 160016",(NBEMS) ANAESTHESIOLOGY,Open,EWS,Allotted
678,30131,All India,"PATNA MEDICAL COLLEGE, PATNA,PATNA MEDICAL COLLEGE, PATNA, Bihar, 800004",M.D. (PAEDIATRICS),SC,SC,Allotted
679,30134,All India,"College of Medicine & Sagore Dutta Hospital,College of Medicine & Sagore Dutta Hospital, West Bengal, 700058",M.D. (ANAESTHESIOLOGY),Open,OBC,Allotted
680,30146,DNB Quota,"Christian Institute of Health Sciences and Research, ,4th Mile, Central Jail Road, Dimapur, Nagaland, 797115",(NBEMS) GENERAL SURGERY,Open,OBC,Allotted
681,30165,DNB Quota,"Dr. Ramesh Cardiac and Multi Speciality Hospital,,Collector office road, Nagarampalem, Guntur , AP, Andhra Pradesh, 522004",(NBEMS) ORTHOPAEDICS,Open,OBC,Allotted
682,30171,DNB Quota,"Kerala Institute of Medical Sciences, ,PB NO.1, ANAYARA PO, TRIVANDRUM, Kerala, 695024",(NBEMS) RADIATION ONCOLOGY,Open,General,Allotted
683,30176,All India,"LATE SHRI LAKHI RAM AGRAWAL MEMORIAL GOVT.MEDICAL COLLEGE,LATE SHRI LAKHI RAM AGRAWAL MEMORIAL GOVT.MEDICAL COLLEGE, Chhattisgarh, 496001",M.D. (ANAESTHESIOLOGY),Open,EWS,Allotted
684,30198,All India,"Jawaharlal Institute of Medical Sciences, Manipur,Jawaharlal Nehru Institute of Medical Sciences, Porompat, Imphal -East, Manipur-795005, Manipur, 795005",M.D. (ANAESTHESIOLOGY),Open,General,Allotted
685,30199,All India,"Government Medical College Kota,Government Medical College Kota, Rajasthan, 324005",M.D. (ANAESTHESIOLOGY),OBC,OBC,Allotted
686,30243,DNB Quota,"Dr. Ramesh Cardiac and Multi Speciality Hospital,,Collector office road, Nagarampalem, Guntur , AP, Andhra Pradesh, 522004",(NBEMS) Cardio Vascular and Thoracic Surgery (Direct 6 Years Course),Open,General,Allotted
687,30290,DNB Quota,"Fortis Hospital, West Bengal,730, Em By pass Road, Anandapur, Kolkata, West Bengal, 700107",(NBEMS) Emergency Medicine,Open,OBC,Allotted
688,30338,All India,"Sardar Patel Medical College, Bikaner,Sardar Patel Medical College, Bikaner, Rajasthan, 334003",M.D. (ANAESTHESIOLOGY),OBC,OBC,Allotted
689,30353,DNB Quota,"Prabha Eye Clinic And Research Centre, ,No. 504, 40th cross, 8th Block, Jayanagar, Bangalore 560070, Karnataka, 560070",(NBEMS) OPHTHALMOLOGY,Open,OBC,Allotted
690,30401,All India,"Govt. Medical College, Jammu,Govt. Medical College, Bakshi Nagar, Jamu, Jammu And Kashmir, 180001",M.S. (E.N.T.),OBC,OBC,Allotted
691,30403,DNB Quota,"Moolchand Khairatiram Hospital and Ayurvedic Research Institute,,,Lajpat Nagar-III, New Delhi-110024, Delhi (NCT), 110024",(NBEMS-DIPLOMA) PAEDIATRICS,Open,OBC,Allotted
692,30408,DNB Quota,"Jaipur Golden Hospital, ,2 INSTITUTIONAL AREA, SECTOR-3, ROHINI, Delhi (NCT), 110085",(NBEMS) FAMILY MEDICINE,Open,General,Allotted
693,30419,All India,"GOVERNMENT MEDICAL COLLEGE KADAPA (FORMERLY RAJIV GANDHI INSTITUTE OF MEDICAL SCIENCES, KADAPA),GOVERNMENT MEDICAL COLLEGE KADAPA (FORMERLY RAJIV GANDHI INSTITUTE OF MEDICAL SCIENCES, KADAPA), Andhra Pradesh, 516002",M.D. (Radiotherapy/ Radiation Oncology),OBC,OBC,Allotted
694,30489,DNB Quota,"Indira Gandhi Govt. General Hospital and PG Institute, No. 1, ,No.1, Victor Simonel street, Puducherry -1., Puducherry, 605001",(NBEMS) ANAESTHESIOLOGY,Open,General,Allotted
695,30572,DNB Quota,"Q1 Hospital, Andhra Pradesh,Q1 HOSPITAL A UNIT OF Q1 BONEAND JOINT HOSPITAL,D.NO 13A AND 13 B,HEALTH CITY, ARILOVA VISAKHAPATNAM, Andhra Pradesh, 530040",(NBEMS) ORTHOPAEDICS,Open,General,Allotted
696,30579,DNB Quota,"Meenakshi Hospital, ,244-2, Trichy Main Road, Near New Bus stand, Thanjavur, Tamil Nadu, 613005",(NBEMS) ANAESTHESIOLOGY,Open,OBC,Allotted
697,30628,DNB Quota,"Alakh Nayan Mandir Insttitute of Ophthalmology, ,Ashok Nagar, Udaipur - 313001, Rajasthan, 313001",(NBEMS) OPHTHALMOLOGY,Open,General,Allotted
698,30629,All India,"JHALAWAR MEDICAL COLLEGE,JHALAWAR MEDICAL COLLEGE, JHALAWAR, Rajasthan, 326001",M.D. (ANAESTHESIOLOGY),OBC,OBC,Allotted
699,30634,All India,"Mahatma Gandhi Memorial Medical College, Jamshedpur,Mahatma Gandhi Memorial Medical College, Jamshedpur, Jharkhand, 831020",M.D. (ANAESTHESIOLOGY),OBC,OBC,Allotted
700,30674,All India,"BELAGAVI INSTITUTE OF MEDICAL SCIENCES, BELAGAVI,BELAGAVI INSTITUTE OF MEDICAL SCIENCES, BELAGAVI, Karnataka, 590001",M.D. (Obst. and Gynae)/MS (Obstetrics and Gynaecology),SC,SC,Allotted
701,30693,DNB Quota,"Mahavir Hospital Manish IVF Center, Gujarat,Dr Manish R Pandya Lati plot , Opp. District Library, Near C J hospital Surendranagar, Gujarat, 363001",(NBEMS-DIPLOMA) Obstetrics and Gynaecology,Open,General,Allotted
702,30740,All India,"GOVERNMENT MEDICAL COLLEGE KADAPA (FORMERLY RAJIV GANDHI INSTITUTE OF MEDICAL SCIENCES, KADAPA),GOVERNMENT MEDICAL COLLEGE KADAPA (FORMERLY RAJIV GANDHI INSTITUTE OF MEDICAL SCIENCES, KADAPA), Andhra Pradesh, 516002",M.D. (PSYCHIATRY),OBC,OBC,Allotted
703,30817,DNB Quota,"Anand Hospital and Eye Centre, ,21 BHARAT MATA LANE JAMNA LAL BAJAJ MARG C SCHEME JAIPUR EXT. SER. AT 406 SURESH MARG NEAR BAGADIA B, Rajasthan, 302001",(NBEMS) OPHTHALMOLOGY,Open,General,Allotted
704,30837,DNB Quota,"NEMCARE Hospital,,G.S.Road, Bhangagarh, Guwahati, Assam, 781005",(NBEMS) GENERAL SURGERY,Open,OBC,Allotted
705,30860,All India,"Rajmata Shrimati Devendra Kumari Singhdeo Government Medical College, Ambikapur,Kanyaparisar Road Gangapur Ambikapur District Surguja, Chhattisgarh, 497001",M.D. (ANAESTHESIOLOGY),OBC,OBC,Allotted
706,30883,DNB Quota,"Almadeena Institute of Medical Science, ,ALMAS HOSPITAL, CHANGUVETTY, KOTTAKKAL, MALAPPURAM DISTRICT, Kerala, 676503",(NBEMS) ORTHOPAEDICS,Open,OBC,Allotted
707,30940,DNB Quota,"K.G. Hospital and PG Medical Institute ,,No:5, Arts College Road, Coimbatore - 641018, Tamil Nadu, 641018",(NBEMS) Cardio Vascular and Thoracic Surgery (Direct 6 Years Course),Open,OBC,Allotted
708,30958,DNB Quota,"District Hospital, ,District Hospital, B.H.Road, Tumakuru-572101, Karnataka, 572101",(NBEMS) OPHTHALMOLOGY,Open,OBC,Allotted
709,30960,DNB Quota,"Hindu Rao Hospital, ,SUBZI MANDI, MALKA GANJ, DELHI-110007, Delhi (NCT), 110007",(NBEMS) OPHTHALMOLOGY,OBC,OBC,Allotted
710,30961,DNB Quota,"Manipal Hospital, ,#98, Rustom Bagh, HAL Airport Road, Bengaluru, Karnataka, 560017",(NBEMS) Cardio Vascular and Thoracic Surgery (Direct 6 Years Course),Open,OBC,Allotted
711,31061,DNB Quota,"Shri Vinoba Bhave Civil Hospital,,S R Delkar Marg, Saily Road, Silvassa, Dadra And Nagar Haveli, 396230",(NBEMS) ANAESTHESIOLOGY,Open,General,Allotted
712,31076,DNB Quota,"Yashoda Hospital, ,ALEXANDER ROAD, BESIDE HARIHARA KALABHAVAN, NEAR CLOCK TOWER, SECUNDERBAD, Telangana, 500003",(NBEMS) Cardio Vascular and Thoracic Surgery (Direct 6 Years Course),Open,General,Allotted
713,31138,All India,"Bankura Sammilani Medical College,Bankura Sammilani Medical College, West Bengal, 722102",M.D. (ANAESTHESIOLOGY),Open,General,Allotted
714,31252,All India,"Lady Hardinge Medical College,Lady Hardinge Medical College, Delhi (NCT), 110001",M.D. (BIOCHEMISTRY),Open,EWS,Allotted
715,31286,DNB Quota,"Dr. Ramesh Cardiac and Multi Speciality Hospital,,Collector office road, Nagarampalem, Guntur , AP, Andhra Pradesh, 522004",(NBEMS-DIPLOMA) Obstetrics and Gynaecology,Open,OBC,Allotted
716,31331,All India,"Government Medical College, Nagpur,Government Medical College, Nagpur, Maharashtra, 440003",M.D. (Radiotherapy/ Radiation Oncology),OBC,OBC,Allotted
717,31359,DNB Quota,"Medivision Eye and Health Care Centre, ,10-3-304/1 to 4, Indira Sadan,Humayun Nagar, Near NMDC, Hyderabad., Telangana, 500028",(NBEMS) OPHTHALMOLOGY,Open,General,Allotted
718,31454,DNB Quota,"G Kuppuswamy Naidu Memorial Hospital, ,Post Box No.6327, Nethaji Road, Pappanaickenpalayam, Coimbatore, Tamil Nadu, 641037",(NBEMS) RADIATION ONCOLOGY,Open,General,Allotted
719,31459,Management/Paid Seats Quota,"SREE BALAJI MEDICAL COLLEGE AND HOSPITAL, CHENNAI,NO,7 WORKS ROAD,CHROMEPET,CHENNAI, Tamil Nadu, 600044",M.D. (GENERAL MEDICINE),Open,OBC,Allotted
720,31470,DNB Quota,"Narayana Hrudayalaya Hospital, (NH-Narayana Health City, Bangalore) ,#258 Bommasandra Industrial Area, Bangalore, Karnataka, 560099",(NBEMS) ANAESTHESIOLOGY,Open,EWS,Allotted
721,31487,DNB Quota,"Laxmi Narasimha Hospital, Telangana,H NO 2 2 316 BESIDE PUSHPANJALI FUNCTION HALL NAIM NAGAR HANAMKONDA, Telangana, 506001",(NBEMS-DIPLOMA) Obstetrics and Gynaecology,Open,General,Allotted
722,31515,DNB Quota,"Fortis Hospital, Shalimar Bagh,A- Block, Shalimar Bagh, Delhi (NCT), 110088",(NBEMS) ANAESTHESIOLOGY,Open,General,Allotted
723,31591,DNB Quota,"ANURADHA SUPERSPECIALITY EYE HOSPITAL LLP, Maharashtra,9652-53-71, 100 FT Road, Gandhi Colony, Ganesh Mandir Bylane, Vishrambhag, Sangli, Maharashtra, 416415",(NBEMS) OPHTHALMOLOGY,Open,OBC,Allotted
724,31600,DNB Quota,"GMERS Medical College and Hospital, ,GMERS MEDICAL COLLEGE, NEAR GUJARAT HIGH COURT, S.G HIGH WAY, SOLA, AHMEDABAD, Gujarat, 380060",(NBEMS) GENERAL MEDICINE,SC,SC,Allotted
725,31722,All India,"Indira Gandhi Medical College Shimla,Indira Gandhi Medical College Shimla, Himachal Pradesh, 171001",M.D. (ANAESTHESIOLOGY),OBC,OBC,Allotted
726,31739,All India,"Silchar Medical College, Silchar,Silchar Medical College, Silchar, Assam, 788014",M.D. (ANAESTHESIOLOGY),OBC,OBC,Allotted
727,31742,DNB Quota,"Employee State Insurance Corporation Model Hospital,,Bharat Nagar, Ludhiana, Punjab, 141001",(NBEMS-DIPLOMA) PAEDIATRICS,Open,EWS,Allotted
728,31790,All India,"Dr. Rajendra Prasad Government Medical College, Tanda,Dr. Rajendra Prasad Government Medical College, Tanda, Himachal Pradesh, 176002",M.D. (ANAESTHESIOLOGY),OBC,OBC,Allotted
729,31796,DNB Quota,"Mata Chanan Devi Hospital,, ,C-1 JANAKPURI, Delhi (NCT), 110058",(NBEMS) ANAESTHESIOLOGY,Open,General,Allotted
730,31906,DNB Quota,"Susrut Eye Foundation and Research Centre, West Bengal,Susrut Eye Foundation and Research Centre Berhampore 25 1 Kalikapur Road Berhampore 742101 Murshida, West Bengal, 742101",(NBEMS) OPHTHALMOLOGY,Open,EWS,Allotted
731,31909,DNB Quota,"Alakh Nayan Mandir Insttitute of Ophthalmology, ,Ashok Nagar, Udaipur - 313001, Rajasthan, 313001",(NBEMS) OPHTHALMOLOGY,Open,OBC,Allotted
732,31997,DNB Quota,"Bhima Bhoi Medical College and Hospital, Balangir,At-Laltikra Po-Rajendra College, Balangir, Odisha, 767002",(NBEMS-DIPLOMA) RADIO-DIAGNOSIS,SC,SC,Allotted
733,32010,DNB Quota,"Sri Sathya Sai General Hospital, ,MAINROAD, PRASANTHI NILAYAM, PUTTAPARTHI, DISTRRICT ANATAPURAM, Andhra Pradesh, 515134",(NBEMS) FAMILY MEDICINE,Open,EWS,Allotted
734,32033,DNB Quota,"Kailash hospital neuro institute, Uttar Pradesh,KAILASH HOSPITAL & NEURO INSTITUTE NH-1 SECTOR 71 NOIDA UP, Uttar Pradesh, 201309",(NBEMS) ANAESTHESIOLOGY,Open,OBC,Allotted
735,32062,All India,"North Bengal Medical College,North Bengal Medical College, West Bengal, 734012",M.D. (ANAESTHESIOLOGY),OBC,OBC,Allotted
736,32068,DNB Quota,"Sankara Eye Hospital, ,Village- Panau Purwa, Post- Tatiyaganj, Dist.- Kanpur Nagar, Uttar Pradesh, 209217",(NBEMS) OPHTHALMOLOGY,Open,OBC,Allotted
737,32073,DNB Quota,"Associated Hospital Government Medical College, ,Kanth Bagh Baramulla, Jammu And Kashmir, 193103",(NBEMS-DIPLOMA) PAEDIATRICS,Open,OBC,Allotted
738,32075,All India,"INSTITUTE OF MEDICAL SCIENCES, BANARAS HINDU UNIVERSITY,INSTITUTE OF MEDICAL SCIENCES, BANARAS HINDU UNIVERSITY, Uttar Pradesh, 221005",M.D. (PATHOLOGY),Open,General,Allotted
739,32086,DNB Quota,"B.R. Singh Hospital and Centre for Medical Education and Research,,Eastern Railway, Sealdah, Kolkata, West Bengal, 700014",(NBEMS) GENERAL MEDICINE,SC,SC,Allotted
740,32094,All India,"JAWAHARLAL NEHRU MEDICAL COLLEGE, ALIGARH MUSLIM UNIVERSITY STATE UTTAR,JAWAHARLAL NEHRU MEDICAL COLLEGE, ALIGARH MUSLIM UNIVERSITY STATE UTTAR, Uttar Pradesh, 202002",M.D. (PHARMACOLOGY),Open,General,Allotted
741,32281,All India,"BELAGAVI INSTITUTE OF MEDICAL SCIENCES, BELAGAVI,BELAGAVI INSTITUTE OF MEDICAL SCIENCES, BELAGAVI, Karnataka, 590001",M.S. (OPHTHALMOLOGY),EWS,EWS,Allotted
742,32289,DNB Quota,"Indira Gandhi Institute of Medical Sciences, ,Indira Gandhi Institute of Medical College, Sheikhpura, Bihar, 800014",(NBEMS) Emergency Medicine,SC,SC,Allotted
743,32313,DNB Quota,"Civil Hospital Palwal, Palwal , Haryana,Civil Hospital Palwal, Haryana, 121102",(NBEMS-DIPLOMA) PAEDIATRICS,Open,OBC,Allotted
744,32330,DNB Quota,"K.E.M. Hospital, ,489, SARDAR MOODLIAR ROAD, RASTA PETH, PUNE 411011, Maharashtra, 411011",(NBEMS) ANAESTHESIOLOGY,Open,EWS,Allotted
745,32374,All India,"Dr. Rajendra Prasad Government Medical College, Tanda,Dr. Rajendra Prasad Government Medical College, Tanda, Himachal Pradesh, 176002",M.D. (ANAESTHESIOLOGY),OBC,OBC,Allotted
746,32380,All India,"R G KAR MEDICAL COLLEGE, West Bengal,R G KAR MEDICAL COLLEGE,1 KHUDIRAM BOSE SARANI,KOLKATA, West Bengal, West Bengal, 700004",M.D. (PHYSICAL MED. and REHABILITATION),Open,General,Allotted
747,32384,DNB Quota,"Down Town Hospital, G S Road, ,G S Road, Dispur, Guwahati-781006, Assam, 781006",(NBEMS) Otorhinolaryngology (E.N.T.),Open,OBC,Allotted
748,32522,DNB Quota,"N S Memorial Institute of Medical Sciences ,N S Memorial Institute of Medical Sciences Palathara, Thattamala, Kollam, Kerala, 691020",(NBEMS-DIPLOMA) Otorhinolaryngology (E.N.T.),Open,OBC,Allotted
749,32530,DNB Quota,"VIKASH MULTI SPECIALITY HOSPITAL, Orissa,AH-46 BARAHAGUDA CANAL CHOWK DIST BARGARH, Odisha, 768040",(NBEMS) Otorhinolaryngology (E.N.T.),Open,OBC,Allotted
750,32535,DNB Quota,"Alchemist Hospital, Haryana,Alchemist Hospital Sector 21, Panchkula, Haryana, 134112",(NBEMS-DIPLOMA) Tuberculosis and CHEST DISEASES,Open,General,Allotted
751,32541,All India,"Sher-i-Kashmir Institute of Medical Sciences, Srinagar,J&K ,SKIMS, SOURA, SRINAGAR-190011, Jammu And Kashmir, 190011",M.D. (Radiotherapy/ Radiation Oncology),OBC,OBC,Allotted
752,32544,All India,"Agartala Government Medical College,Agartala Government Medical College, Tripura, 799006",M.D. (Radiotherapy/ Radiation Oncology),Open,General,Allotted
753,32584,DNB Quota,"Apollo Hospital, ,APOLLO HOSPITALS BANGALORE A UNIT OF IMPERIAL HOSPITALS AND RESEARCH CENTRE LIMITED 154/11 Opp IIM B, Karnataka, 560076",(NBEMS) ANAESTHESIOLOGY,Open,General,Allotted
754,32623,DNB Quota,"Employee State Insurance Corporation Model Hospital,,Bharat Nagar, Ludhiana, Punjab, 141001",(NBEMS-DIPLOMA) Obstetrics and Gynaecology,Open,General,Allotted
755,32629,DNB Quota,"Gujarat Institute of Mental Health Hospital, ,Hospital for Mental Health, Outside Delhi Gate, Shahibug, Ahmedabad, Gujarat, 380004",(NBEMS) PSYCHIATRY,OBC,OBC,Allotted
756,32633,All India,"TATA MEMORIAL CENTRE, MUMBAI,OFFICE OF THE DIRECTOR ACADEMICS, 13TH FLOOR, HOMI BHABHA BLOCK, TATA MEMORIAL HOSPITAL, PAREL, MUMB, Maharashtra, 400012",M.D. IN TRANSFUSION MEDICINE/ IMMUNO- HAEMATOLOGY and BLOOD TRANSFUSION,Open,General,Allotted
757,32640,DNB Quota,"Aster CMI Hospital, ,43/2 New Airport Road, NH-7, Kodigehalli, Sahakara Nagar, Hebbal, Bengaluru, Karnataka, 560092",(NBEMS-DIPLOMA) Obstetrics and Gynaecology,Open,OBC,Allotted
758,32641,DNB Quota,"Chandra Mother and Eye Care Pvt Ltd, Uttar Pradesh,Chandra Tower TC-13 V-III Vibhuti Khand gomti Nagar Lucknow, Uttar Pradesh, 226010",(NBEMS) OPHTHALMOLOGY,Open,General,Allotted
759,32667,All India,"Government Medical College Kota,Government Medical College Kota, Rajasthan, 324005",M.D. (Tuberculosis and Respiratory diseases)/Pulmonary Medicine /M.D. (Respiratory Medicine),SC,SC,Allotted
760,32727,All India,"Indira Gandhi Medical College Shimla,Indira Gandhi Medical College Shimla, Himachal Pradesh, 171001",M.D. (ANAESTHESIOLOGY),EWS,EWS,Allotted
761,32773,DNB Quota,"Dharan Hospital , Tamil Nadu,14 SEELANAICKENPATTY BYPASS SALEM 636201, Tamil Nadu, 636201",(NBEMS) ANAESTHESIOLOGY,Open,OBC,Allotted
762,32823,DNB Quota,"Dr. Kothari`s Eye Hospital,,Patel Circle, Udaipur, Rajasthan, 313001",(NBEMS) OPHTHALMOLOGY,Open,General,Allotted
763,32875,All India,"Burdwan Medical College, West Bengal,Burdwan Medical College, West Bengal, West Bengal, 713104",M.D. (Radiotherapy/ Radiation Oncology),OBC,OBC,Allotted
764,32884,All India,"Dr Ram Manohar Lohia Institute of Medical Sciences, Lucknow,Dr Ram Manohar Lohia Institute of Medical Sciences, Lucknow, Uttar Pradesh, 226010",M.D. (PATHOLOGY),Open,OBC,Allotted
765,32944,DNB Quota,"Anand Rishiji Hospital and Medical Research Centre, ,124, Anandrishiji Marg, Ahmednagar, Maharashtra, 414001",(NBEMS) ANAESTHESIOLOGY,Open,OBC,Allotted
766,32974,DNB Quota,"General Hospital, ,General Hospital Pavagada Tumakuru District Karnataka 561202, Karnataka, 561202",(NBEMS-DIPLOMA) PAEDIATRICS,Open,EWS,Allotted
767,33012,DNB Quota,"Moolchand Khairatiram Hospital and Ayurvedic Research Institute,,,Lajpat Nagar-III, New Delhi-110024, Delhi (NCT), 110024",(NBEMS-DIPLOMA) PAEDIATRICS,Open,General,Allotted
768,33108,All India,"Bankura Sammilani Medical College,Bankura Sammilani Medical College, West Bengal, 722102",M.D. (ANAESTHESIOLOGY),OBC,OBC,Allotted
769,33149,All India,"MEDICAL COLLEGE, KOLKATA,MEDICAL COLLEGE, KOLKATA, West Bengal, 700073",M.D. (Radiotherapy/ Radiation Oncology),OBC,OBC,Allotted
770,33152,DNB Quota,"Manipal Hospital,Survey NO 46 by 2 Ward no 150 Ambalipura Sarjapur Road Bangalore, Karnataka, 560102",(NBEMS) ANAESTHESIOLOGY,Open,OBC,Allotted
771,33158,DNB Quota,"Government Medical College, ,Government Medical College, Karan Nagar, Srinagar, Jammu And Kashmir, 190010",(NBEMS) IMMUNO- HAEMATOLOGY AND BLOOD TRANSFUSION,Open,General,Allotted
772,33164,DNB Quota,"District Hospital, Dholpur,Old City Road Dholpur, Rajasthan, 328001",(NBEMS-DIPLOMA) PAEDIATRICS,OBC,OBC,Allotted
773,33178,All India,"Vardhman Mahavir Medical College, , New Delhi,Vardhman Mahavir Medical College, , New Delhi, Delhi (NCT), 110029",M.D. (PATHOLOGY),OBC,OBC,Allotted
774,33202,DNB Quota,"Indus International Hospital, ,CHANDIGARH-AMBALA ROAD NH-22, DERABASSI, Punjab, 140507",(NBEMS) ANAESTHESIOLOGY,Open,EWS,Allotted
775,33362,DNB Quota,"Bhagwan Mahavir Medica Superspecialty Hospital, ,INFRONT OF P.H.E.D. COLONY, BARIATU ROAD, NEAR BOOTY MORE, RANCHI, Jharkhand, 834009",(NBEMS) ANAESTHESIOLOGY,Open,OBC,Allotted
776,33424,All India,"GADAG INSTITUTE OF MEDICAL SCIENCES GADAG,Gadag Institute of Medical Sciences Mallasamudra Gadag-582103, Karnataka, 582103",M.S. (OPHTHALMOLOGY),EWS,EWS,Allotted
777,33470,DNB Quota,"Aster CMI Hospital, ,43/2 New Airport Road, NH-7, Kodigehalli, Sahakara Nagar, Hebbal, Bengaluru, Karnataka, 560092",(NBEMS) Palliative Medicine,Open,General,Allotted
778,33481,DNB Quota,"SBLS Civil Hospital, ,NEAR JYOTI CHOWK JAIL ROAD JALANDHAR, Punjab, 144001",(NBEMS) GENERAL MEDICINE,SC,SC,Allotted
779,33483,DNB Quota,"Bhagwan Mahaveer Jain Hospital, ,MILLERS ROAD, VASANTHNAGAR, BANGALORE, Karnataka, 560052",(NBEMS) ANAESTHESIOLOGY,Open,OBC,Allotted
780,33583,DNB Quota,"Advanced Medical Research Institute (AMRI) Hospital,,AMRI Hospitals, Bhubaneswar Plot no-1, Besides Satya Sai Enclave, Khandagiri, Bhubaneswar, Odisha, 751030",(NBEMS) ANAESTHESIOLOGY,Open,EWS,Allotted
781,33628,Management/Paid Seats Quota,"D. Y. Patil Medical College, Kolhapur,869 E D. Y. PatilVidyanagar Kolhapur 416 006, Maharashtra, 416006",M.D. (RADIO- DIAGNOSIS),Open,EWS,Allotted
782,33640,All India,"ESI-POST GRADUATE INSTITUTE OF MEDICAL SCIENCES AND RESEARCH, BASAIDARAPUR, NEW DELHI,ESI-POST GRADUATE INSTITUTE OF MEDICAL SCIENCES AND RESEARCH, BASAIDARAPUR, NEW DELHI, Delhi (NCT), 110015",M.D. (PATHOLOGY),Open,OBC,Allotted
783,33645,DNB Quota,"Sir Ganga Ram Hospital, ,Rajinder Nagar, New Delhi, Delhi (NCT), 110060",(NBEMS) Palliative Medicine,Open,General,Allotted
784,33721,DNB Quota,"Choithram Hospital and Research Centre,Manika Bagh Road Indore, Madhya Pradesh, 452014",(NBEMS) ANAESTHESIOLOGY,Open,General,Allotted
785,33734,Management/Paid Seats Quota,"SRI DEVARAJ URS MEDICAL COLLEGE, TAMAKA,Tamaka, Kolar, Karnataka, 563103",M.D. (GENERAL MEDICINE),Open,OBC,Allotted
786,33754,DNB Quota,"AMAR HOSPITAL, Karnataka ,Amar Hospital, Julai Nagar, Gangavathi, Karnataka, 583227",(NBEMS-DIPLOMA) PAEDIATRICS,Open,General,Allotted
787,33818,All India,"SHIMOGA INSTITUTE OF MEDICAL SCIENCES,SHIMOGA INSTITUTE OF MEDICAL SCIENCES, Karnataka, 577201",M.S. (ORTHOPAEDICS),SC,SC,Allotted
788,33875,DNB Quota,"District Hospital, Andhra Pradesh,District Hospital Machilipatnam House No 30-21-12-M Block No 30 Revenue ward no 30 Locality Machil, Andhra Pradesh, 521001",(NBEMS-DIPLOMA) Obstetrics and Gynaecology,OBC,OBC,Allotted
789,33919,All India,"Atal Bihari Vajpayee Government Medical College, Vidisha,NH 86 INFRONT OF KHEL PARISAR SANCHI ROAD VIDISHA MP, Madhya Pradesh, 464001",M.D. (PAEDIATRICS),SC,SC,Allotted
790,33933,DNB Quota,"Fortis Hospital, ,Mundian Kalan, Chandigarh Road, Ludhiana-141015, Punjab, 141015",(NBEMS) ANAESTHESIOLOGY,Open,OBC,Allotted
791,33941,DNB Quota,"Jabalpur Hospital and Research Centre, Jabalpur, Madhya Pradesh,Russel Chowk Napier Town Jabalpur, Madhya Pradesh, 482002",(NBEMS-DIPLOMA) Obstetrics and Gynaecology,Open,OBC,Allotted
792,33957,All India,"KANYAKUMARI GOVERNMENT MEDICAL COLLEGE,KANYAKUMARI GOVERNMENT MEDICAL COLLEGE, Tamil Nadu, 629201",M.S. (E.N.T.),EWS,EWS,Allotted
793,33967,All India,"MEDICAL COLLEGE, KOLKATA,MEDICAL COLLEGE, KOLKATA, West Bengal, 700073",M.D. (Radiotherapy/ Radiation Oncology),EWS,EWS,Allotted
794,34048,DNB Quota,"HEALTH CITY HOSPITAL , Assam ,UDAY NAGAR KOINADHARA KHANAPARA GUWAHATI KAMRUP M, Assam, 781022",(NBEMS) ANAESTHESIOLOGY,Open,General,Allotted
795,34050,All India,"ACSR GOVERNMENT MEDICAL COLLEGE,NELLORE,Opp AC Subbareddy Stadium Dargamitta Nellore, Andhra Pradesh, 524004",M.D. (PSYCHIATRY),EWS,EWS,Allotted
796,34054,All India,"Employees' State Insurance Corporation Medical College & Hospital, Gulbarga,ESIC MEDICAL COLLEGE SEDAM ROAD GULBARGA, Karnataka, 585106",M.S. (OPHTHALMOLOGY),EWS,EWS,Allotted
797,34057,DNB Quota,"General Hospital, ,General Hospital Pavagada Tumakuru District Karnataka 561202, Karnataka, 561202",(NBEMS-DIPLOMA) PAEDIATRICS,OBC,OBC,Allotted
798,34064,All India,"MADURAI MEDICAL COLLEGE,MADURAI MEDICAL COLLEGE, Tamil Nadu, 625020",M.D. IN TRANSFUSION MEDICINE/ IMMUNO- HAEMATOLOGY and BLOOD TRANSFUSION,OBC,OBC,Allotted
799,34115,All India,"Osmania Medical Collge,Osmania Medical Collge, Telangana, 500095",DIP. IN T.B. and CHEST DISEASES,OBC,OBC,Allotted
800,34138,All India,"Agartala Government Medical College,Agartala Government Medical College, Tripura, 799006",M.D. (ANAESTHESIOLOGY),OBC,OBC,Allotted
801,34177,DNB Quota,"Govt. R. D. B. P. Jaipuria Hospital, (Attached with RUHS College of Medical Sciences),,GOVTRDBPJAIPURIAHOSPITALJAIPUR@GMAIL.COM, Rajasthan, 302018",(NBEMS) ANAESTHESIOLOGY,OBC,OBC,Allotted
802,34180,All India,"Pt. Jawahar Lal Nehru Memorial Medical College, RAIPUR,Pt. Jawahar Lal Nehru Memorial Medical College, RAIPUR, Chhattisgarh, 492001",M.D. (Radiotherapy/ Radiation Oncology),OBC,OBC,Allotted
803,34220,DNB Quota,"Anand Charitable Trusts Anand Hospital, Maharashtra,Anand Hospital, Phulewadi Road, Vaijapur Dist. Aurangabad, Maharashtra, 423701",(NBEMS-DIPLOMA) PAEDIATRICS,Open,OBC,Allotted
804,34250,DNB Quota,"Shri Lal Bahadur Shastri Government Medical College and Hospital , ,VPO- Bhangrotu, MC- Ner Chowk, District- Mandi, Himachal Pradesh, 175021",(NBEMS) ANAESTHESIOLOGY,OBC,OBC,Allotted
805,34264,All India,"B. J. MEDICAL COLLEGE, Ahmedabad,B.J. Medical College, New Civil Hospital Asarwa,Ahmedabad-380016,Gujarat,India, Gujarat, 380016",M.S. (GENERAL SURGERY),SC,SC,Allotted
806,34337,DNB Quota,"Bhabha Atomic Research Centre and Hospital, ,Anushaktinagar, Mumbai, Maharashtra, 400094",(NBEMS) PSYCHIATRY,OBC,OBC,Allotted
807,34383,Banaras Hindu University,"INSTITUTE OF MEDICAL SCIENCES, BANARAS HINDU UNIVERSITY,INSTITUTE OF MEDICAL SCIENCES, BANARAS HINDU UNIVERSITY, Uttar Pradesh, 221005",M.S. (GENERAL SURGERY),Open,General,Allotted
808,34403,DNB Quota,"Max Super Specialty Hospital, A Unit of Hometrail Buildtech Pvt Ltd. ,Near Civil Hospital, Phase-6, Mohali, Punjab-160055, Punjab, 160055",(NBEMS) ANAESTHESIOLOGY,Open,General,Allotted
809,34406,DNB Quota,"Rabindranath Tagore International Institute of Cardiac Sciences, ,PREMISES NO. 1489 124 MUKUNDAPUR E M BYPASS KOLKATA-700099, West Bengal, 700099",(NBEMS-DIPLOMA) Tuberculosis and CHEST DISEASES,Open,OBC,Allotted
810,34416,All India,"PGIMER, DR. RML Hospital,ABVIMS, DR. RML Hospital, Baba Kharak Singh Marg, Cannaught Place, Delhi (NCT), 110001",M.D. (ANAESTHESIOLOGY),SC,SC,Allotted
811,34528,DNB Quota,"Dr. B L Kapur Memorial Hospital,Pusa Road New Delhi, Delhi (NCT), 110005",(NBEMS) RADIATION ONCOLOGY,Open,EWS,Allotted
812,34631,DNB Quota,"Apex Hospital,,N7 2A 5D BLW Hydel Road Varanasi, Uttar Pradesh, 221004",(NBEMS) ANAESTHESIOLOGY,Open,General,Allotted
813,34681,All India,"ESI-POST GRADUATE INSTITUTE OF MEDICAL SCIENCES AND RESEARCH, BASAIDARAPUR, NEW DELHI,ESI-POST GRADUATE INSTITUTE OF MEDICAL SCIENCES AND RESEARCH, BASAIDARAPUR, NEW DELHI, Delhi (NCT), 110015",M.D. (PATHOLOGY),OBC,OBC,Allotted
814,34694,DNB Quota,"Rabindranath Tagore International Institute of Cardiac Sciences, ,PREMISES NO. 1489 124 MUKUNDAPUR E M BYPASS KOLKATA-700099, West Bengal, 700099",(NBEMS) ANAESTHESIOLOGY,Open,General,Allotted
815,34725,All India,"Kodagu Institute of Medical Sciences, Karnataka,Kodagu Institute of Medical Sciences Madikeri Kodagu, Karnataka, 571201",M.D. (Obst. and Gynae)/MS (Obstetrics and Gynaecology),SC,SC,Allotted
816,34747,All India,"Sawai Man Singh Medical College, JAIPUR,Sawai Man Singh Medical College, JLN Marg, Jaipur-302004, Rajasthan, 302004",M.D. (Obst. and Gynae)/MS (Obstetrics and Gynaecology),SC,SC,Allotted
817,34802,All India,"Rangaraya Medical College,Rangaraya Medical College Beside SP Office , Pithapuram Road, Kakinada, Andhra Pradesh, 533003",M.S. (OPHTHALMOLOGY),SC,SC,Allotted
818,34836,DNB Quota,"Dr. Ramesh Cardiac and Multi Speciality Hospital,,Collector office road, Nagarampalem, Guntur , AP, Andhra Pradesh, 522004",(NBEMS-DIPLOMA) Obstetrics and Gynaecology,Open,OBC,Allotted
819,34878,All India,"Osmania Medical Collge,Osmania Medical Collge, Telangana, 500095",M.D. (Tuberculosis and Respiratory diseases)/Pulmonary Medicine /M.D. (Respiratory Medicine),SC,SC,Allotted
820,34925,DNB Quota,"HCG Manavata Cancer Centre, A Unit of HCG Manavata Oncology LLP,,Near Mylan Circle, Mumbai Naka, Nashik-422002, Maharashtra, 422002",(NBEMS) RADIATION ONCOLOGY,Open,General,Allotted
821,34928,All India,"GOVERNMENT THOOTHUKUDI MEDICAL COLLEGE, THOOTHUKUDI,GOVERNMENT THOOTHUKUDI MEDICAL COLLEGE, 3rd Mile,Kamaraj Nagar,Thoothukudi., Tamil Nadu, 628008",M.D. (ANAESTHESIOLOGY),SC,SC,Allotted
822,34930,DNB Quota,"District Hospital, ,DISTRICT HOSPITAL NEAR SANGAM CIRCLE DR RAJ KUMAR ROAD BALLARI-583101 KARNATAKA, Karnataka, 583101",(NBEMS) ANAESTHESIOLOGY,Open,OBC,Allotted
823,34943,DNB Quota,"Fortis Hospital, ,Mundian Kalan, Chandigarh Road, Ludhiana-141015, Punjab, 141015",(NBEMS) ANAESTHESIOLOGY,Open,OBC,Allotted
824,35047,DNB Quota,"Sri Shankara Cancer Hospital and Research centre, ,1st Cross, Shankarapuram, Basavanagudi, Bengaluru, Karnataka, 560004",(NBEMS) RADIATION ONCOLOGY,Open,General,Allotted
825,35071,All India,"Grant Medical College, Maharashtra,Grant Medical College, Maharashtra, Maharashtra, 400008",M.D. (PATHOLOGY),Open,General,Allotted
826,35102,All India,"INDIRA GANDHI GOVT.MEDICAL COLLEGE NAGPUR,INDIRA GANDHI GOVT.MEDICAL COLLEGE NAGPUR, Maharashtra, 440018",M.D. (PREVENTIVE and SOCIAL MEDICINE)/ COMMUNITY MEDICINE,Open,General,Allotted
827,35105,DNB Quota,"Apollo Hospital, Village Lingiadih,,Apollo Hospitals Bilaspur Seepat Road Lingyadih Village Bilaspur, Chhattisgarh, 495006",(NBEMS) ANAESTHESIOLOGY,Open,OBC,Allotted
828,35121,All India,"Sawai Man Singh Medical College, JAIPUR,Sawai Man Singh Medical College, JLN Marg, Jaipur-302004, Rajasthan, 302004",M.D. IN TRANSFUSION MEDICINE/ IMMUNO- HAEMATOLOGY and BLOOD TRANSFUSION,Open,OBC,Allotted
829,35146,Management/Paid Seats Quota,"M.M. Institute of Medical Sciences and Research, Ambala,M.M. Institute of Medical Sciences and Research, Ambala, Haryana, 133207",M.D. (GENERAL MEDICINE),Open,OBC,Allotted
830,35155,Management/Paid Seats Quota,"SRI DEVARAJ URS MEDICAL COLLEGE, TAMAKA,Tamaka, Kolar, Karnataka, 563103",M.D. (RADIO- DIAGNOSIS),Open,General,Allotted
831,35190,DNB Quota,"Mallige Medical Centre, ,No 31 32 Crescent Road Bangalore 560001, Karnataka, 560001",(NBEMS-DIPLOMA) ANAESTHESIOLOGY,Open,SC,Allotted
832,35218,DNB Quota,"Bhagat Phool Singh Govt. Medical College for Women,BHAGAT PHOOL SINGH GOVT. MEDICAL COLLEGE FOR WOMEN KHANPUR KALAN SONEPAT, Haryana, 131305",(NBEMS-DIPLOMA) Tuberculosis and CHEST DISEASES,EWS,EWS,Allotted
833,35233,DNB Quota,"Jagjivan Ram Railway Hospital,,Maratha Mandir Marg, Mumbai Central, Mumbai, Maharashtra, 400008",(NBEMS) PAEDIATRICS,SC,SC,Allotted
834,35266,DNB Quota,"Max Super Specialty Hospital, (Formerly- Pushpanjali Crosslay Hospital) ,W-3, Sector-1, Vaishali, Ghaziabad, Uttar Pradesh, 201012",(NBEMS) RADIATION ONCOLOGY,Open,General,Allotted
835,35268,All India,"Government Medical College, Ratlam,Gram Banjali, Sailana Road, NH927A, Madhya Pradesh 457001, India, Madhya Pradesh, 457001",M.D. (Obst. and Gynae)/MS (Obstetrics and Gynaecology),SC,SC,Allotted
836,35285,DNB Quota,"FIMS HOSPITAL(FRANK INSTITUTE OF MEDICAL SCIENCES), Haryana,Sonipat- Bahalgarh Road, Sonipat-NCR, Sonipat, Haryana, 131001",(NBEMS-DIPLOMA) PAEDIATRICS,Open,General,Allotted
837,35301,DNB Quota,"Bombay Hospital and Institute of Medical Sciences, ,12, New Marine Lines, Mumbai, Maharashtra, 400020",(NBEMS-DIPLOMA) FAMILY MEDICINE,Open,EWS,Allotted
838,35357,DNB Quota,"Apollo Hospital, ,APOLLO HOSPITALS BANGALORE A UNIT OF IMPERIAL HOSPITALS AND RESEARCH CENTRE LIMITED 154/11 Opp IIM B, Karnataka, 560076",(NBEMS) RADIATION ONCOLOGY,Open,OBC,Allotted
839,35396,DNB Quota,"Narayana Multispeciality Hospital , West Bengal,Andul road, Podrah Chunavati Howrah, West Bengal, 711109",(NBEMS-DIPLOMA) Obstetrics and Gynaecology,Open,General,Allotted
840,35420,DNB Quota,"Domkal Sub Divisional and Super Speciality Hospital, West Bengal,Vill - Bablabona, P.O - P.T. Rasulpur , P.S - Domkal , Dist - Murshidabad, West Bengal, 742303",(NBEMS-DIPLOMA) Obstetrics and Gynaecology,OBC,OBC,Allotted
841,35421,DNB Quota,"Capitol Hospital,,jalandhar pathankot road NH 44 Near Reru Chowk Jalandhar, Punjab, 144012",(NBEMS) RADIATION ONCOLOGY,Open,General,Allotted
842,35467,All India,"GOVT. MEDICAL COLLEGE, THIRUVANANTHAPURAM,GOVT. MEDICAL COLLEGE, THIRUVANANTHAPURAM, Kerala, 695011",M.D. IN TRANSFUSION MEDICINE/ IMMUNO- HAEMATOLOGY and BLOOD TRANSFUSION,Open,General,Allotted
843,35516,All India,"ESIC Medical College, Hyderbad,Sanathnagar, Hyderabad, Telangana, 500038",M.D. IN TRANSFUSION MEDICINE/ IMMUNO- HAEMATOLOGY and BLOOD TRANSFUSION,OBC,OBC,Allotted
844,35528,DNB Quota,"Govt. BDK hospital, govt. ,OPPOSITE ROADWAYS BUS STAND MAAN NAGAR JHUNJHUNU RAJASTHAN, Rajasthan, 333001",(NBEMS-DIPLOMA) Obstetrics and Gynaecology,OBC,OBC,Allotted
845,35617,All India,"Rangaraya Medical College,Rangaraya Medical College Beside SP Office , Pithapuram Road, Kakinada, Andhra Pradesh, 533003",M.S. (GENERAL SURGERY),SC,SC,Allotted
846,35714,DNB Quota,"Anand Rishiji Hospital and Medical Research Centre, ,124, Anandrishiji Marg, Ahmednagar, Maharashtra, 414001",(NBEMS) ANAESTHESIOLOGY,Open,EWS,Allotted
847,35881,All India,"Government Medical College, Datia,Near 29 Batallion, National Highway 44, Dist Datia, Madhya Pradesh Pin - 475661, Madhya Pradesh, 475661",M.D. (Obst. and Gynae)/MS (Obstetrics and Gynaecology),SC,SC,Allotted
848,35890,All India,"CALCUTTA NATIONAL MEDICAL COLLEGE,CALCUTTA NATIONAL MEDICAL COLLEGE 32, Gorachand Road, Kolkata 700014, West Bengal, 700014",M.D. (Tuberculosis and Respiratory diseases)/Pulmonary Medicine /M.D. (Respiratory Medicine),SC,SC,Allotted
849,36016,All India,"JHALAWAR MEDICAL COLLEGE,JHALAWAR MEDICAL COLLEGE, JHALAWAR, Rajasthan, 326001",M.D. (PAEDIATRICS),SC,SC,Allotted
850,36125,DNB Quota,"Ispat General Hospital,,Ispat General Hospital Rourkela Steel Plant SAIL Rourkela 769005, Odisha, 769005",(NBEMS) ANAESTHESIOLOGY,OBC,OBC,Allotted
851,36191,DNB Quota,"Govt. District Civil Hospital, ,DIS GOVT HOSPITAL, SRI GANGANAGAR, Rajasthan, 335001",(NBEMS-DIPLOMA) PAEDIATRICS,Open,General,Allotted
852,36280,DNB Quota,"Pandit Madan Mohan Malaviya Shatabdi Hospital, Maharashtra,Pandit Madan Mohan Malaviya Shatabdi Hospital Waman Tukaram Patil Marg Govandi Mumbai 400088, Maharashtra, 400088",(NBEMS) ANAESTHESIOLOGY,OBC,OBC,Allotted
853,36332,DNB Quota,"Mahavir Jaipuriya Rajasthan Hospital, Rajasthan ,Opposite Jaipuriya Hospital, Hospital Road, Milap Nagar, JLN Marg, Jaipur, Rajasthan, 302018",(NBEMS) ANAESTHESIOLOGY,Open,General,Allotted
854,36439,All India,"Pandit Bhagwat Dayal Sharma Post Graduate Institute of Medical Sciences, Rohtak,Pandit Bhagwat Dayal Sharma Post Graduate Institute of Medical Sciences, Rohtak, Haryana, 124001",M.S. (GENERAL SURGERY),SC,SC,Allotted
855,36480,DNB Quota,"ESIC MEDICAL COLLEGE AND HOSPITAL, Bihar,ESIC Medical College and Hospital,Ara Danapur Road, Sikandarpur, Bihta, Patna, Bihar, 801103",(NBEMS) FAMILY MEDICINE,Open,OBC,Allotted
856,36482,DNB Quota,"Associated Hospital Government Medical College, ,Kanth Bagh Baramulla, Jammu And Kashmir, 193103",(NBEMS-DIPLOMA) PAEDIATRICS,OBC,OBC,Allotted
857,36520,DNB Quota,"The Mission Hospital, West Bengal ,The Mission Hospital, 219 P, Immon Kalyan Sarani, Sector-2C, Bidhannagar, Durgapur, Dist- Paschim Ba, West Bengal, 713212",(NBEMS) ANAESTHESIOLOGY,Open,General,Allotted
858,36536,DNB Quota,"Maitri Hospital, Rajasthan,2-A, Commerce College Rd, Sector - A, Talwandi, Kota, Rajasthan, 324005",(NBEMS-DIPLOMA) PAEDIATRICS,Open,EWS,Allotted
859,36600,All India,"PATNA MEDICAL COLLEGE, PATNA,PATNA MEDICAL COLLEGE, PATNA, Bihar, 800004",M.D. (PHYSICAL MED. and REHABILITATION),Open,General,Allotted
860,36632,DNB Quota,"Kothari Medical and Research Institute, ,NH-15, Jaisalmer road, Bikaner, Rajasthan, 334004",(NBEMS) ANAESTHESIOLOGY,Open,OBC,Allotted
861,36681,DNB Quota,"Cosmos Hospital, Uttar Pradesh,PREM NAGAR POST KAZIPURA KANTH ROAD MORADABAD, Uttar Pradesh, 244001",(NBEMS) ANAESTHESIOLOGY,Open,OBC,Allotted
862,36713,DNB Quota,"Venugram Hospital, Belagavi, Karnataka,CTS 785, 2nd Cross, Hindu Nagar, Near 3rd Railway Gate, Belagavi, Karnataka, 590006",(NBEMS-DIPLOMA) FAMILY MEDICINE,Open,OBC,Allotted
863,36715,DNB Quota,"ADK Jain Eye Hospital, Uttar Pradesh,Pathshala Road Khekra Baghpat, Uttar Pradesh, 250101",(NBEMS) OPHTHALMOLOGY,Open,General,Allotted
864,36826,All India,"Govt. Medical College, Bhavnagar,Near. S.T. Bus Stand,Jail Road, Bhavnagar-364001, Gujarat, 364001",M.S. (ORTHOPAEDICS),SC,SC,Allotted
865,36873,DNB Quota,"Indira Gandhi Govt. General Hospital and PG Institute, No. 1, ,No.1, Victor Simonel street, Puducherry -1., Puducherry, 605001",(NBEMS-DIPLOMA) Otorhinolaryngology (E.N.T.),Open,OBC,Allotted
866,36915,All India,"Gauhati Medical College, Guwahati,Gauhati Medical College, Guwahati, Assam, 781032",M.D. (Obst. and Gynae)/MS (Obstetrics and Gynaecology),SC,SC,Allotted
867,36919,Management/Paid Seats Quota,"JSS Medical College, Mysuru,JSS Medical Institutions Campus Sri Shivarathreeshwara Nagar Bannimantap Mysuru, Karnataka, 570015",M.D. (PAEDIATRICS),Open,OBC,Allotted
868,36941,All India,"Jawaharlal Institute of Medical Sciences, Manipur,Jawaharlal Nehru Institute of Medical Sciences, Porompat, Imphal -East, Manipur-795005, Manipur, 795005",M.D. (ANAESTHESIOLOGY),EWS,EWS,Allotted
869,36964,DNB Quota,"Mahavir Cancer Sansthan and Research Centre, ,Phulwarisharif, Patna, Bihar, 801505",(NBEMS) RADIATION ONCOLOGY,Open,OBC,Allotted
870,36969,All India,"IPGME&R and SSKM Hospital Kolkata,244, Acharya J. C. Bose Road, Kolkata-700020, West Bengal, 700020",M.D. (Obst. and Gynae)/MS (Obstetrics and Gynaecology),SC,SC,Allotted
871,37001,Management/Paid Seats Quota,"SRI SIDDHARTHA MEDICAL COLLEGE, TUMKUR,SRI SIDDHARTHA MEDICAL COLLEGE, TUMKUR, Karnataka, 572107",M.D. (GENERAL MEDICINE),Open,General,Allotted
872,37038,All India,"GOVT. MEDICAL COLLEGE, THIRUVANANTHAPURAM,GOVT. MEDICAL COLLEGE, THIRUVANANTHAPURAM, Kerala, 695011",M.D. (Tuberculosis and Respiratory diseases)/Pulmonary Medicine /M.D. (Respiratory Medicine),SC,SC,Allotted
873,37131,All India,"NETAJI SUBHASH CHANDRA BOSE MEDICAL COLLEGE, JABALPUR ,NETAJI SUBHASH CHANDRA BOSE MEDICAL COLLEGE, NAGPUR ROAD JABALPUR, Madhya Pradesh, 482003",M.D. (Tuberculosis and Respiratory diseases)/Pulmonary Medicine /M.D. (Respiratory Medicine),SC,SC,Allotted
874,37143,Non-Resident Indian,"JSS Medical College, Mysuru,JSS Medical Institutions Campus Sri Shivarathreeshwara Nagar Bannimantap Mysuru, Karnataka, 570015",M.D. (RADIO- DIAGNOSIS),Open,General,Allotted
875,37146,DNB Quota,"HealthCare Global Specialty Hospital, (Formerly Bangalore Institute of Oncology) ,HCG Towers, No. 8, P Kalinga Rao Road, Sampangi Ram Nagar, Bangalore, Karnataka, 560027",(NBEMS) RADIATION ONCOLOGY,Open,General,Allotted
876,37196,All India,"VSS INSTITUTE OF MEDICAL SCIENCES AND RESEARCH,BURLA,VSS INSTITUTE OF MEDICAL SCIENCES AND RESEARCH,BURLA, Odisha, 768017",M.D. (Obst. and Gynae)/MS (Obstetrics and Gynaecology),SC,SC,Allotted
877,37235,DNB Quota,"Amar Hospital, ,#8, Bank Colony, Income Tax Office Road, Patiala, Punjab, 147001",(NBEMS) ANAESTHESIOLOGY,Open,General,Allotted
878,37240,DNB Quota,"Shija Hospitals and Research Institute, ,SHIJA HOSPITALS AND RESEARCH INSTITUTE, LANGOL, LAMPHELPAT, IMPHAL WEST, MANIPUR 795004, Manipur, 795004",(NBEMS) ANAESTHESIOLOGY,Open,OBC,Allotted
879,37298,All India,"Govt. Medical College, Bhavnagar,Near. S.T. Bus Stand,Jail Road, Bhavnagar-364001, Gujarat, 364001",M.D. (Tuberculosis and Respiratory diseases)/Pulmonary Medicine /M.D. (Respiratory Medicine),SC,SC,Allotted
880,37313,All India,"B.J.Government Medical College, Pune,B.J.Government Medical College, Pune, Maharashtra, 411001",M.S. (GENERAL SURGERY),SC,SC,Allotted
881,37318,All India,"Ravindra Nath Tagore Medical College, Udaipur,Ravindra Nath Tagore Medical College, Udaipur, Rajasthan, 313001",M.S. (GENERAL SURGERY),SC,SC,Allotted
882,37356,All India,"EMPLOYEES STATE INSURANCE CORPORATION MEDICAL COLLEGE AND PGIMSR,EMPLOYEES STATE INSURANCE CORPORATION MEDICAL COLLEGE AND PGIMSR, Karnataka, 560010",M.D. (PREVENTIVE and SOCIAL MEDICINE)/ COMMUNITY MEDICINE,Open,General,Allotted
883,37363,DNB Quota,"Jagannath Gupta Institute of Medical Sciences and Hospital, ,BUITA, K P MONDAL ROAD, BUDGE BUDGE, SOUTH 24 PARGANAS, KOLKATA, West Bengal, 700137",(NBEMS) ANAESTHESIOLOGY,Open,General,Allotted
884,37382,DNB Quota,"Apollo Hospital, ,LOTUS TOWER, G S ROAD, GUWAHATI, Assam, 781005",(NBEMS) ANAESTHESIOLOGY,Open,OBC,Allotted
885,37423,All India,"JAWAHARLAL NEHRU MEDICAL COLLEGE, ALIGARH MUSLIM UNIVERSITY STATE UTTAR,JAWAHARLAL NEHRU MEDICAL COLLEGE, ALIGARH MUSLIM UNIVERSITY STATE UTTAR, Uttar Pradesh, 202002",M.D. (ANAESTHESIOLOGY),SC,SC,Allotted
886,37434,All India,"GOVT. MEDICAL COLLEGE, AMRITSAR,GOVT. MEDICAL COLLEGE,CIRCULAR ROAD, AMRITSAR, Punjab, 143001",M.S. (ORTHOPAEDICS),SC,SC,Allotted
887,37467,DNB Quota,"Civil Hospital, ,Medical Superintendent Office, Civil Hospital, Dawrpui, Aizawl, Mizoram, 796001",(NBEMS) ANAESTHESIOLOGY,Open,EWS,Allotted
888,37493,All India,"JAWAHARLAL NEHRU MEDICAL COLLEGE, BHAGALPUR,JAWAHARLAL NEHRU MEDICAL COLLEGE, BHAGALPUR, Bihar, 812001",M.D. (PAEDIATRICS),SC,SC,Allotted
889,37531,All India,"Siddhartha Medical College, Vijayawada,Siddhartha Medical College, Vijayawada, Andhra Pradesh, 520008",M.D. (PATHOLOGY),Open,General,Allotted
890,37548,All India,"GOVT. MEDICAL COLLEGE AND HOSPITAL, CHANDIGARH,GOVT. MEDICAL COLLEGE AND HOSPITAL, CHANDIGARH, Chandigarh, 160030",M.S. (GENERAL SURGERY),SC,SC,Allotted
891,37585,DNB Quota,"Woodlands Multispeciality Hospital Limited, ,8-5 ALIPORE ROAD KOLKATA, West Bengal, 700027",(NBEMS) ANAESTHESIOLOGY,Open,General,Allotted
892,37587,Non-Resident Indian,"JSS Medical College, Mysuru,JSS Medical Institutions Campus Sri Shivarathreeshwara Nagar Bannimantap Mysuru, Karnataka, 570015",M.D. (PAEDIATRICS),Open,General,Allotted
893,37644,All India,"Kakatiya Medical College,Kakatiya Medical College, Telangana, 506007",M.D. (Tuberculosis and Respiratory diseases)/Pulmonary Medicine /M.D. (Respiratory Medicine),SC,SC,Allotted
894,37667,All India,"PATNA MEDICAL COLLEGE, PATNA,PATNA MEDICAL COLLEGE, PATNA, Bihar, 800004",M.D. (PHYSICAL MED. and REHABILITATION),Open,General,Allotted
895,37674,All India,"Rangaraya Medical College,Rangaraya Medical College Beside SP Office , Pithapuram Road, Kakinada, Andhra Pradesh, 533003",M.D. (ANAESTHESIOLOGY),SC,SC,Allotted
896,37714,DNB Quota,"FIMS HOSPITAL(FRANK INSTITUTE OF MEDICAL SCIENCES), Haryana,Sonipat- Bahalgarh Road, Sonipat-NCR, Sonipat, Haryana, 131001",(NBEMS-DIPLOMA) Tuberculosis and CHEST DISEASES,Open,General,Allotted
897,37798,All India,"Vardhman Mahavir Medical College, , New Delhi,Vardhman Mahavir Medical College, , New Delhi, Delhi (NCT), 110029",M.D. (MICROBIOLOGY),Open,General,Allotted
898,37830,All India,"B.J.Government Medical College, Pune,B.J.Government Medical College, Pune, Maharashtra, 411001",M.D. (PATHOLOGY),OBC,OBC,Allotted
899,37991,DNB Quota,"Dr. B.R. Ambedkar State Institute of Medical Sciences, Punjab,aimsestablishment@gmail.com, Punjab, 160055",(NBEMS) ANAESTHESIOLOGY,OBC,OBC,Allotted
900,38148,All India,"TOPIWALA NATIONAL MEDICAL COLLEGE,TOPIWALA NATIONAL MEDICAL COLLEGE B Y L Nair Ch Hospital, Dr. A.L. Nair Rd, Mumbai Central, Mumbai, Maharashtra, 400008",M.D. (ANAESTHESIOLOGY),SC,SC,Allotted
901,38211,All India,"DR. SHANKARRAO CHAVAN GOVERNMENT MEDICAL COLLEGE, NANDED,DR. SHANKARRAO CHAVAN GOVERNMENT MEDICAL COLLEGE, VISHNUPURI, NANDED, Maharashtra, 431606",M.D. (Tuberculosis and Respiratory diseases)/Pulmonary Medicine /M.D. (Respiratory Medicine),SC,SC,Allotted
902,38251,DNB Quota,"Omega Hospital,,MLA Colony, Road No. 12, Banjara Hills, Hyderabad, Telangana, 500034",(NBEMS) RADIATION ONCOLOGY,Open,OBC,Allotted
903,38261,All India,"B. J. MEDICAL COLLEGE, Ahmedabad,B.J. Medical College, New Civil Hospital Asarwa,Ahmedabad-380016,Gujarat,India, Gujarat, 380016",M.D. (PATHOLOGY),EWS,EWS,Allotted
904,38300,DNB Quota,"Mahatma Gandhi Cancer Hospital and Research Institute,,Plot No.1\7, MVP COLONY, VISAKHAPATNAM, Andhra Pradesh, 530017",(NBEMS) RADIATION ONCOLOGY,Open,OBC,Allotted
905,38305,All India,"Gvernment Medical College,Haldwani,Government Medical College, Haldwani, Uttarakhand, 263139",M.D. (Tuberculosis and Respiratory diseases)/Pulmonary Medicine /M.D. (Respiratory Medicine),SC,SC,Allotted
906,38322,DNB Quota,"Narayana Hrudayalaya Hospital, (NH-Narayana Health City, Bangalore) ,#258 Bommasandra Industrial Area, Bangalore, Karnataka, 560099",(NBEMS-DIPLOMA) ANAESTHESIOLOGY,Open,EWS,Allotted
907,38371,DNB Quota,"Government Medical College and Associated Hospital,,JANGLAT MANDI ANANTNAG, JAMMU AND KASHMIR 192101, Jammu And Kashmir, 192101",(NBEMS) DERMATOLOGY and VENEREOLOGY and LEPROSY,SC,SC,Allotted
908,38409,All India,"STANLEY MEDICAL COLLEGE,STANLEY MEDICAL COLLEGE NO.1, OLD JAIL ROAD, CHENNAI-600001, Tamil Nadu, 600001",M.S. (E.N.T.),SC,SC,Allotted
909,38412,All India,"M. P. SHAH GOVERNMENT MEDICAL COLLEGE,M. P. SHAH GOVERNMENT MEDICAL COLLEGE, Gujarat, 361008",M.S. (GENERAL SURGERY),SC,SC,Allotted
910,38487,All India,"NETAJI SUBHASH CHANDRA BOSE MEDICAL COLLEGE, JABALPUR ,NETAJI SUBHASH CHANDRA BOSE MEDICAL COLLEGE, NAGPUR ROAD JABALPUR, Madhya Pradesh, 482003",M.S. (GENERAL SURGERY),SC,SC,Allotted
911,38543,All India,"COIMBATORE MEDICAL COLLEGE,COIMBATORE MEDICAL COLLEGE, Tamil Nadu, 641014",M.D. (PSYCHIATRY),EWS,EWS,Allotted
912,38553,DNB Quota,"Maitri Hospital, Rajasthan,2-A, Commerce College Rd, Sector - A, Talwandi, Kota, Rajasthan, 324005",(NBEMS-DIPLOMA) PAEDIATRICS,Open,EWS,Allotted
913,38588,All India,"Pimpri Chichwad Municipal Corporation Postgraduate Institute Y.C.M.Hospital Pimpri,Pune 18,Dean Office, Y.C.M.Hospital, Sant Tukaramnagar Pimpri, Pune, Maharashtra, 411018",M.S. (GENERAL SURGERY),SC,SC,Allotted
914,38620,All India,"Government Medical College, Nagpur,Government Medical College, Nagpur, Maharashtra, 440003",M.S. (GENERAL SURGERY),SC,SC,Allotted
915,38712,DNB Quota,"Bangalore Baptist Hospital, ,Bangalore Baptist Hospital, Bellary Road, Hebbal, Bangalore - 560024, Karnataka, 560024",(NBEMS-DIPLOMA) ANAESTHESIOLOGY,Open,General,Allotted
916,38725,All India,"Government Medical College, Surat,Government Medical College, Majuragate, Surat., Gujarat, 395001",M.D. (FORENSIC MEDICINE),Open,EWS,Allotted
917,38734,DNB Quota,"Deben Mahato (Sadar) Hospital,,Main Road Near SP office PO Purulia Main PS Purulia Town Dist Purulia West Bengal, West Bengal, 723101",(NBEMS) ANAESTHESIOLOGY,OBC,OBC,Allotted
918,38804,All India,"Lala Lajpat Rai Memorial Medical College, MEERUT,Lala Lajpat Rai Memorial Medical College, MEERUT, Uttar Pradesh, 250004",DIPLOMA IN OPHTHALMOLOGY/DOM S,Open,EWS,Allotted
919,38820,All India,"Guru Gobind Singh Medical College,Guru Gobind Singh Medical College, Punjab, 151203",M.S. (GENERAL SURGERY),SC,SC,Allotted
920,38865,All India,"Government Medical College, Surat,Government Medical College, Majuragate, Surat., Gujarat, 395001",M.S. (GENERAL SURGERY),SC,SC,Allotted
921,39005,All India,"JAWAHARLAL NEHRU MEDICAL COLLEGE, ALIGARH MUSLIM UNIVERSITY STATE UTTAR,JAWAHARLAL NEHRU MEDICAL COLLEGE, ALIGARH MUSLIM UNIVERSITY STATE UTTAR, Uttar Pradesh, 202002","M.D. (DERM.,VENE. and LEPROSY)/ (DERMATOLOGY)/(SKIN and VENEREAL DISEASES)/(VENEREOL OGY)",ST,ST,Allotted
922,39260,DNB Quota,"District Hospital, ,District Hospital, B.H.Road, Tumakuru-572101, Karnataka, 572101",(NBEMS-DIPLOMA) Obstetrics and Gynaecology,EWS,EWS,Allotted
923,39261,DNB Quota,"Mothers Care Children Hospital and Research Centre, ,SAGOLBAND MOIRANG LEIRAK, IMPHAL WEST, Manipur, 795001",(NBEMS-DIPLOMA) PAEDIATRICS,Open,EWS,Allotted
924,39284,All India,"KURNOOL MEDICAL COLLEGE,KURNOOL MEDICAL COLLEGE, Andhra Pradesh, 518002",M.D. (Tuberculosis and Respiratory diseases)/Pulmonary Medicine /M.D. (Respiratory Medicine),SC,SC,Allotted
925,39310,DNB Quota,"Burnpur Hospital, West Bengal,Burnpur Hospital, SAIL-ISP, Burnpur, Asansol, Dist- Paschim Bardhaman, WB-713325, West Bengal, 713325",(NBEMS-DIPLOMA) PAEDIATRICS,EWS,EWS,Allotted
926,39315,DNB Quota,"Ruby General Hospital, ,576 Anandapur, Kasba Golpark, E. M. Bypass, Kolkata 700107, West Bengal, 700107",(NBEMS) RADIATION ONCOLOGY,Open,OBC,Allotted
927,39330,DNB Quota,"Kolhapur Cancer Centre Pvt. Ltd., Maharashtra,RS 238, opp mayur petrol pump,Gokul Shirgaon, Kolhapur, Maharashtra 416234, Maharashtra, 416234",(NBEMS) RADIATION ONCOLOGY,Open,EWS,Allotted
928,39380,DNB Quota,"FIMS HOSPITAL(FRANK INSTITUTE OF MEDICAL SCIENCES), Haryana,Sonipat- Bahalgarh Road, Sonipat-NCR, Sonipat, Haryana, 131001",(NBEMS-DIPLOMA) Tuberculosis and CHEST DISEASES,Open,EWS,Allotted
929,39444,All India,"NETAJI SUBHASH CHANDRA BOSE MEDICAL COLLEGE, JABALPUR ,NETAJI SUBHASH CHANDRA BOSE MEDICAL COLLEGE, NAGPUR ROAD JABALPUR, Madhya Pradesh, 482003",M.D. (PATHOLOGY),Open,General,Allotted
930,39446,All India,"M. P. SHAH GOVERNMENT MEDICAL COLLEGE,M. P. SHAH GOVERNMENT MEDICAL COLLEGE, Gujarat, 361008",M.S. (GENERAL SURGERY),SC,SC,Allotted
931,39577,All India,"GANDHI MEDICAL COLLEGE,GANDHI MEDICAL COLLEGE, Telangana, 500003",M.D. (PATHOLOGY),Open,EWS,Allotted
932,39637,DNB Quota,"Chinmaya Mission Hospital,,Chinmaya Mission Hospital, 80 Feet CMH Road, Indiranagar, Bangalore, Karnataka, 560038",(NBEMS-DIPLOMA) ANAESTHESIOLOGY,Open,EWS,Allotted
933,39650,DNB Quota,"Government Medical College & Attached Hospital Bharatpur,GOVERNMENT MEDICAL COLLEGE BHARATPUR VILLAGE RAMPURA NH 21, Rajasthan, 321001",(NBEMS-DIPLOMA) Tuberculosis and CHEST DISEASES,OBC,OBC,Allotted
934,39652,All India,"Atal Bihari Vajpayee Government Medical College, Vidisha,NH 86 INFRONT OF KHEL PARISAR SANCHI ROAD VIDISHA MP, Madhya Pradesh, 464001",M.S. (GENERAL SURGERY),SC,SC,Allotted
935,39826,All India,"GOVT. MEDICAL COLLEGE, THIRUVANANTHAPURAM,GOVT. MEDICAL COLLEGE, THIRUVANANTHAPURAM, Kerala, 695011",M.D. (PATHOLOGY),OBC,OBC,Allotted
936,39834,Management/Paid Seats Quota,"Sri Lakshmi narayana institute of medical sciences,puducherry,Sri Lakshmi narayana institute of medical sciences,puducherry, Puducherry, 605502",M.D. (RADIO- DIAGNOSIS),Open,General,Allotted
937,39849,All India,"JAWAHARLAL NEHRU MEDICAL COLLEGE, ALIGARH MUSLIM UNIVERSITY STATE UTTAR,JAWAHARLAL NEHRU MEDICAL COLLEGE, ALIGARH MUSLIM UNIVERSITY STATE UTTAR, Uttar Pradesh, 202002",DIPLOMA IN OPHTHALMOLOGY/DOM S,OBC,OBC,Allotted
938,40123,DNB Quota,"Alexis Multispecialty Hospital,232, Mankapur Square, Koradi road, NAGPUR, Maharashtra, 440030",(NBEMS-DIPLOMA) ANAESTHESIOLOGY,Open,OBC,Allotted
939,40125,All India,"CALCUTTA NATIONAL MEDICAL COLLEGE,CALCUTTA NATIONAL MEDICAL COLLEGE 32, Gorachand Road, Kolkata 700014, West Bengal, 700014",DIPLOMA IN ANAESTHESIOLOGY,OBC,OBC,Allotted
940,40159,All India,"Government Medical College Srinagar,Administrative Block Government Medical College Karan Nagar Srinagar, Jammu And Kashmir, 190010",DIPLOMA IN OPHTHALMOLOGY/DOM S,Open,General,Allotted
941,40234,All India,"Silchar Medical College, Silchar,Silchar Medical College, Silchar, Assam, 788014",M.D. (PATHOLOGY),Open,General,Allotted
942,40253,DNB Quota,"Narayana Multispecialty Hospital, ,Narayana Multispecialty Hospital, Jaipur Sec-28,Kumbha Marg, Pratap Nagar Sanganer 302033",(NBEMS-DIPLOMA) ANAESTHESIOLOGY,Open,OBC,Allotted
943,40280,All India,"Rajkiya Medical College, Jalaun,kalpi Road orai Jalaun, Uttar Pradesh, 285001",M.D. (PATHOLOGY),OBC,OBC,Allotted
944,40287,All India,"Rajiv Gandhi Institute of Medical Sciences Srikakulam,Government Medical College Srikakulam Balaga Srikakulam Town Srikakulam District, Andhra Pradesh, 532001",M.S. (ORTHOPAEDICS),SC,SC,Allotted
945,40295,All India,"Government Medical College, Nagpur,Government Medical College, Nagpur, Maharashtra, 440003",M.S. (GENERAL SURGERY),SC,SC,Allotted
946,40392,Management/Paid Seats Quota,"KALINGA INSTITUTE OF MEDICAL SCIENCES,KALINGA INSTITUTE OF MEDICAL SCIENCES, Odisha, 751024",M.S. (E.N.T.),Open,OBC,Allotted
947,40561,DNB Quota,"Venkateshwar Hospital, ,Sector- 18 A, Dwarka, New Delhi, Delhi (NCT), 110075",(NBEMS-DIPLOMA) FAMILY MEDICINE,Open,General,Allotted
948,40741,DNB Quota,"Lord Mahavir Civil Hospital,,Lord Mahavir Civil Hospital, MCH Wing Fieldganj Road Ludhiana, Punjab, 141008",(NBEMS-DIPLOMA) Tuberculosis and CHEST DISEASES,EWS,EWS,Allotted
949,40754,All India,"JAWAHARLAL NEHRU MEDICAL COLLEGE, ALIGARH MUSLIM UNIVERSITY STATE UTTAR,JAWAHARLAL NEHRU MEDICAL COLLEGE, ALIGARH MUSLIM UNIVERSITY STATE UTTAR, Uttar Pradesh, 202002",M.D. (PREVENTIVE and SOCIAL MEDICINE)/ COMMUNITY MEDICINE,Open,General,Allotted
950,40897,All India,"Government Medical College Kozhikode,Government Medical College Kozhikode principalmcc@gmail.com, Kerala, 673008",M.D. (PATHOLOGY),OBC,OBC,Allotted
951,40926,All India,"Kakatiya Medical College,Kakatiya Medical College, Telangana, 506007",M.S. (OPHTHALMOLOGY),SC,SC,Allotted
952,40969,All India,"R G KAR MEDICAL COLLEGE, West Bengal,R G KAR MEDICAL COLLEGE,1 KHUDIRAM BOSE SARANI,KOLKATA, West Bengal, West Bengal, 700004",M.D. (PATHOLOGY),Open,General,Allotted
953,41009,DNB Quota,"Bokaro General Hospital, ,SECTOR - 4 BOKARO STEEL CITY DIST - BOKARO, Jharkhand, 827004",(NBEMS) PAEDIATRICS,SC,SC,Allotted
954,41017,DNB Quota,"BALURGHAT DH and SSH, West Bengal,PO BT PARK, PS BALURGHAT, DIST DAKSHIN DINAJUPUR, West Bengal, 733103",(NBEMS-DIPLOMA) PAEDIATRICS,OBC,OBC,Allotted
955,41043,DNB Quota,"TIBRA EYE HOSPITAL AND RETINA CENTRE, Rajasthan,W-28, SANTOSHI MATA MANDIR KE PAS, RANI SATI ROAD, SIKAR, Rajasthan, 332001",(NBEMS-DIPLOMA) OPHTHALMOLOGY,Open,EWS,Allotted
956,41047,DNB Quota,"Durgapur Steel Plant Hospital, ,J M Sengupta Road, B Zone, Durgapur, Dist- Paschim Bardhaman, West Bengal, 713205",(NBEMS) PAEDIATRICS,SC,SC,Allotted
957,41144,DNB Quota,"Saifee Hospital, ,postbox no 3771, 15-17 Maharshi Karve Marg, Charni road, Mumbai, Maharashtra, 400004",(NBEMS) PATHOLOGY,Open,General,Allotted
958,41161,Delhi University Quota,"Lady Hardinge Medical College,Lady Hardinge Medical College, Delhi (NCT), 110001",M.S. (GENERAL SURGERY),SC,SC,Allotted
959,41170,All India,"INSTITUTE OF MEDICAL SCIENCES, BANARAS HINDU UNIVERSITY,INSTITUTE OF MEDICAL SCIENCES, BANARAS HINDU UNIVERSITY, Uttar Pradesh, 221005",M.D. (MICROBIOLOGY),Open,General,Allotted
960,41330,All India,"Andhra Medical College,Andhra Medical College, Andhra Pradesh, 530002",M.D. (PATHOLOGY),OBC,OBC,Allotted
961,41412,DNB Quota,"Adarsha Hospital, ,Near KSRTC Bus Stand, Udupi Taluk and District, Karnataka, Karnataka, 576101",(NBEMS-DIPLOMA) ANAESTHESIOLOGY,Open,OBC,Allotted
962,41444,All India,"Atal Bihari Vajpayee Government Medical College, Vidisha,NH 86 INFRONT OF KHEL PARISAR SANCHI ROAD VIDISHA MP, Madhya Pradesh, 464001",M.D. (PATHOLOGY),Open,General,Allotted
963,41445,All India,"GOVERNMENT MEDICAL COLLEGE - KANNUR,GOVERNMENT MEDICAL COLLEGE - KANNUR, Kerala, 670503",M.D. (ANAESTHESIOLOGY),SC,SC,Allotted
964,41464,All India,"INDIRA GANDHI GOVT.MEDICAL COLLEGE NAGPUR,INDIRA GANDHI GOVT.MEDICAL COLLEGE NAGPUR, Maharashtra, 440018",M.D. (PREVENTIVE and SOCIAL MEDICINE)/ COMMUNITY MEDICINE,OBC,OBC,Allotted
965,41475,All India,"INDIRA GANDHI GOVT.MEDICAL COLLEGE NAGPUR,INDIRA GANDHI GOVT.MEDICAL COLLEGE NAGPUR, Maharashtra, 440018",M.S. (GENERAL SURGERY),SC,SC,Allotted
966,41508,All India,"REGIONAL CANCER CENTRE,REGIONAL CANCER CENTRE, Kerala, 695011",M.D. (ANAESTHESIOLOGY),SC,SC,Allotted
967,41621,All India,"Government Medical College, Datia,Near 29 Batallion, National Highway 44, Dist Datia, Madhya Pradesh Pin - 475661, Madhya Pradesh, 475661",M.D. (PATHOLOGY),Open,General,Allotted
968,41724,All India,"JAWAHARLAL NEHRU MEDICAL COLLEGE, BHAGALPUR,JAWAHARLAL NEHRU MEDICAL COLLEGE, BHAGALPUR, Bihar, 812001",M.S. (GENERAL SURGERY),SC,SC,Allotted
969,41731,DNB Quota,"Government General Hospital, ,GOVERNMENT GENERAL HOSPITAL, ALANPUR LINK ROAD SAWAI MADHOPUR 322001, Rajasthan, 322001",(NBEMS-DIPLOMA) Tuberculosis and CHEST DISEASES,OBC,OBC,Allotted
970,41740,DNB Quota,"Sir Ganga Ram Hospital, ,Rajinder Nagar, New Delhi, Delhi (NCT), 110060",(NBEMS) Hospital Administration,Open,General,Allotted
971,41814,All India,"Karnataka Institute of Medical Sciences, Hubballi,Karnataka Institute of Medical Sciences, Hubballi, Karnataka, 580021",M.S. (GENERAL SURGERY),SC,SC,Allotted
972,41895,All India,"LOKMANYA TILAK MEDICAL COLLEGE MUMBAI,LOKMANYA TILAK MEDICAL COLLEGE MUMBAI, Maharashtra, 400022",PG Diploma in Psychological Medicine / Psychiatric Medicine,OBC,OBC,Allotted
973,41942,All India,"Grant Medical College, Maharashtra,Grant Medical College, Maharashtra, Maharashtra, 400008",M.D. (PATHOLOGY),EWS,EWS,Allotted
974,41998,DNB Quota,"Delhi Hospital And Nursing Home, Haryana,METRO PILLAR NO. 812 NEAR SHYAMJI COMPLEX BAHADURGARH DIST JHAJJAR-124507, Haryana, 124507",(NBEMS-DIPLOMA) ANAESTHESIOLOGY,Open,General,Allotted
975,42070,DNB Quota,"Sir C V Raman General Hospital, ,80 FEET ROAD INDIRANAGARA BANGALORE, Karnataka, 560038",(NBEMS-DIPLOMA) ANAESTHESIOLOGY,OBC,OBC,Allotted
976,42175,All India,"DR. SHANKARRAO CHAVAN GOVERNMENT MEDICAL COLLEGE, NANDED,DR. SHANKARRAO CHAVAN GOVERNMENT MEDICAL COLLEGE, VISHNUPURI, NANDED, Maharashtra, 431606",M.D. (PATHOLOGY),Open,General,Allotted
977,42222,DNB Quota,"Chettinad Super Speciality Hospital, Tamil Nadu,Rajiv Gandhi Salai, Kelambakkam, Chengalpattu District, Tamil Nadu, 603103",(NBEMS-DIPLOMA) OPHTHALMOLOGY,Open,OBC,Allotted
978,42225,All India,"Koppal Institute of Medical Sciences Koppal, Karnataka,Gangavati Road Kiddidal Gate koppal, Karnataka, 583231",M.S. (GENERAL SURGERY),SC,SC,Allotted
979,42274,All India,"Karnataka Institute of Medical Sciences, Hubballi,Karnataka Institute of Medical Sciences, Hubballi, Karnataka, 580021",M.D. (ANAESTHESIOLOGY),SC,SC,Allotted
980,42314,DNB Quota,"Vishnuprasad Nandrai Desai Municipal General Hospital, Maharashtra,11 TH GOLIBAR ROAD TPS,SANTACRUZ EAST, Maharashtra, 400055",(NBEMS) PATHOLOGY,Open,General,Allotted
981,42319,All India,"SHIMOGA INSTITUTE OF MEDICAL SCIENCES,SHIMOGA INSTITUTE OF MEDICAL SCIENCES, Karnataka, 577201",M.D. (ANAESTHESIOLOGY),SC,SC,Allotted
982,42322,All India,"B. J. MEDICAL COLLEGE, Ahmedabad,B.J. Medical College, New Civil Hospital Asarwa,Ahmedabad-380016,Gujarat,India, Gujarat, 380016",M.D. (PATHOLOGY),OBC,OBC,Allotted
983,42519,All India,"Kakatiya Medical College,Kakatiya Medical College, Telangana, 506007",M.D. (ANAESTHESIOLOGY),SC,SC,Allotted
984,42558,All India,"GOA MEDICAL COLLEGE,Bambolim, Goa, Goa, 403202",M.D. (PATHOLOGY),OBC,OBC,Allotted
985,42617,All India,"Karnataka Institute of Medical Sciences, Hubballi,Karnataka Institute of Medical Sciences, Hubballi, Karnataka, 580021",M.D. (PATHOLOGY),Open,General,Allotted
986,42659,All India,"Sher-i-Kashmir Institute of Medical Sciences, Srinagar,J&K ,SKIMS, SOURA, SRINAGAR-190011, Jammu And Kashmir, 190011",M.S. (GENERAL SURGERY),SC,SC,Allotted
987,42666,Management/Paid Seats Quota,"KRISHNA INSTITUTE OF MEDICAL SCIENCES, KARAD,KRISHNA INSTITUTE OF MEDICAL SCIENCES, KARAD, Maharashtra, 415110",M.D. (Obst. and Gynae)/MS (Obstetrics and Gynaecology),Open,General,Allotted
988,42720,All India,"GANDHI MEDICAL COLLEGE,GANDHI MEDICAL COLLEGE, Telangana, 500003",M.D. (PATHOLOGY),EWS,EWS,Allotted
989,42804,All India,"VSS INSTITUTE OF MEDICAL SCIENCES AND RESEARCH,BURLA,VSS INSTITUTE OF MEDICAL SCIENCES AND RESEARCH,BURLA, Odisha, 768017",M.S. (GENERAL SURGERY),SC,SC,Allotted
990,42810,DNB Quota,"Santokbha Durlabhji Memorial Hospital Cum Medical Research Institute, ,dnb.sdmh@gmail.com, Rajasthan, 302015",(NBEMS) PATHOLOGY,Open,General,Allotted
991,42829,All India,"JAWAHARLAL NEHRU MEDICAL COLLEGE, ALIGARH MUSLIM UNIVERSITY STATE UTTAR,JAWAHARLAL NEHRU MEDICAL COLLEGE, ALIGARH MUSLIM UNIVERSITY STATE UTTAR, Uttar Pradesh, 202002",M.D. (GENERAL MEDICINE),ST,ST,Allotted
992,42833,All India,"GANDHI MEDICAL COLLEGE,GANDHI MEDICAL COLLEGE, Telangana, 500003",M.D. (Hospital Administration),Open,OBC,Allotted
993,42841,All India,"Lady Hardinge Medical College,Lady Hardinge Medical College, Delhi (NCT), 110001",M.D. (PAEDIATRICS),ST,ST,Allotted
994,42866,All India,"Bangalore Medical College and Research Institute,Bangalore Medical College and Research Institute, Karnataka, 560002",M.D. (PATHOLOGY),OBC,OBC,Allotted
995,42926,All India,"Kidwai Memorial Institute of Oncolgy,Kidwai Memorial Institute of Oncolgy, Karnataka, 560029",DIP. IN MEDICAL RADIO- THERAPY,Open,OBC,Allotted
996,43047,All India,"Grant Medical College, Maharashtra,Grant Medical College, Maharashtra, Maharashtra, 400008",M.D. (FORENSIC MEDICINE),Open,OBC,Allotted
997,43210,All India,"Bangalore Medical College and Research Institute,Bangalore Medical College and Research Institute, Karnataka, 560002",M.D. IN TRANSFUSION MEDICINE/ IMMUNO- HAEMATOLOGY and BLOOD TRANSFUSION,OBC,OBC,Allotted
998,43290,Management/Paid Seats Quota,"SRI SIDDHARTHA MEDICAL COLLEGE, TUMKUR,SRI SIDDHARTHA MEDICAL COLLEGE, TUMKUR, Karnataka, 572107","M.D. (DERM.,VENE. and LEPROSY)/ (DERMATOLOGY)/(SKIN and VENEREAL DISEASES)/(VENEREOL OGY)",Open,General,Allotted
999,43368,Management/Paid Seats Quota,"SRI DEVARAJ URS MEDICAL COLLEGE, TAMAKA,Tamaka, Kolar, Karnataka, 563103",M.D. (Obst. and Gynae)/MS (Obstetrics and Gynaecology),Open,General,Allotted
1000,43429,All India,"JHALAWAR MEDICAL COLLEGE,JHALAWAR MEDICAL COLLEGE, JHALAWAR, Rajasthan, 326001",M.D. (PATHOLOGY),Open,General,Allotted
1001,43452,DNB Quota,"Government Allopathic Medical College, Uttar Pradesh,RANI DURGAVATI MEDICAL COLLEGE NARAINI ROAD BANDA, Uttar Pradesh, 210001",(NBEMS-DIPLOMA) FAMILY MEDICINE,Open,OBC,Allotted
1002,43558,All India,"DARBHANGA MEDICAL COLLEGE,Sheetal Prasad Marg, Laheriasarai, Darbhanga, Bihar, Bihar, 846003",DIPLOMA IN ANAESTHESIOLOGY,Open,General,Allotted
1003,43577,All India,"Karwar Institute of Medical Sciences, Karnataka,MG Road, Karnataka, 581301",M.S. (GENERAL SURGERY),SC,SC,Allotted
1004,43717,All India,"Maulana Azad Medical College,Maulana Azad Medical College, Delhi (NCT), 110002",M.D. (FORENSIC MEDICINE),Open,General,Allotted
1005,43763,All India,"GOVERNMENT MEDICAL COLLEGE KADAPA (FORMERLY RAJIV GANDHI INSTITUTE OF MEDICAL SCIENCES, KADAPA),GOVERNMENT MEDICAL COLLEGE KADAPA (FORMERLY RAJIV GANDHI INSTITUTE OF MEDICAL SCIENCES, KADAPA), Andhra Pradesh, 516002",M.D. (PSYCHIATRY),SC,SC,Allotted
1006,43945,Management/Paid Seats Quota,"SRI SIDDHARTHA MEDICAL COLLEGE, TUMKUR,SRI SIDDHARTHA MEDICAL COLLEGE, TUMKUR, Karnataka, 572107",M.D. (Obst. and Gynae)/MS (Obstetrics and Gynaecology),Open,General,Allotted
1007,43950,Management/Paid Seats Quota,"SRI DEVARAJ URS MEDICAL COLLEGE, TAMAKA,Tamaka, Kolar, Karnataka, 563103",M.D. (Obst. and Gynae)/MS (Obstetrics and Gynaecology),Open,OBC,Allotted
1008,44150,DNB Quota,"District Hospital, ,DISTRICT SUREGEON DISTRICT HOSPITAL SETOR-11 NAVANAGAR BAGALKOTE KARNATAKA, Karnataka, 587103",(NBEMS-DIPLOMA) Otorhinolaryngology (E.N.T.),Open,OBC,Allotted
1009,44158,All India,"SWAMI RAMANAND TEERTH RURAL GOVERNMENT MEDICAL COLLEGE AMBAJOGAI,SWAMI RAMANAND TEERTH RURAL GOVERNMENT MEDICAL COLLEGE AMBAJOGAI, Maharashtra, 431517",M.D. (PATHOLOGY),EWS,EWS,Allotted
1010,44251,DNB Quota,"Jai Prakash District Government Hospital, ,Jai Prakash District Goverment Hospital, 1250, Link Road No.2 Tulsi Nagar, Shivaji Nagar, Bhopal,, Madhya Pradesh, 462001",(NBEMS) FAMILY MEDICINE,EWS,EWS,Allotted
1011,44302,All India,"Shri Vasantrao Naik Govt Medical College Yavatmal,Shri Vasantrao Naik Govt Medical College Yavatmal, Maharashtra, 445001",M.D. (ANAESTHESIOLOGY),SC,SC,Allotted
1012,44303,All India,"PATNA MEDICAL COLLEGE, PATNA,PATNA MEDICAL COLLEGE, PATNA, Bihar, 800004",M.D. (PATHOLOGY),OBC,OBC,Allotted
1013,44331,DNB Quota,"Dana Shivam Heart and Superspeciality Hospital, Rajasthan ,PLOT NO2 BLOCKB SECTOR2 OPPOSITE CENTRAL SPINE BUILDING VIDHYADHAR NAGAR, Rajasthan, 302039",(NBEMS-DIPLOMA) ANAESTHESIOLOGY,Open,OBC,Allotted
1014,44444,All India,"Government Medical College, Cuddalore District,Govt. Medical College and Hospital, Cuddalore District Erstwhile Rajah Muthiah Medical College, Tamil Nadu, 608002",DIP.IN GYNAE. and OBST.,SC,SC,Allotted
1015,44472,DNB Quota,"Sri Krishna Medical College and Hospital, ,Uma Nagar Muzaffarpur Bihar 842004, Bihar, 842004",(NBEMS) PAEDIATRICS,SC,SC,Allotted
1016,44478,All India,"Dr. Sampurnanand Medical College (SNMC), JODHPUR,Dr. Sampurnanand Medical College (SNMC), JODHPUR, Rajasthan, 342001",M.D. IN TRANSFUSION MEDICINE/ IMMUNO- HAEMATOLOGY and BLOOD TRANSFUSION,Open,OBC,Allotted
1017,44514,DNB Quota,"Dr. Babasaheb Ambedkar Central Railway Hospital, ,Bharatratna Dr. Babasaheb Ambedkar Memorial Hospital, Central Railway, Dr. Babasaheb Ambedkar Road,, Maharashtra, 400027",(NBEMS-DIPLOMA) PAEDIATRICS,SC,SC,Allotted
1018,44544,All India,"Guru Gobind Singh Medical College,Guru Gobind Singh Medical College, Punjab, 151203",M.S. (E.N.T.),SC,SC,Allotted
1019,44576,DNB Quota,"Asansol District Hospital, ,S. B. GORAI ROAD, P.O.- ASANSOL, DIST.- PASCHIM BARDHAMAN, West Bengal, 713301",(NBEMS) GENERAL SURGERY,SC,SC,Allotted
1020,44578,All India,"S.V. Medical College, Tirupathi ,S.V. Medical College, Tirupathi, Andhra Pradesh, 517507",M.D. (PATHOLOGY),OBC,OBC,Allotted
1021,44638,All India,"Maulana Azad Medical College,Maulana Azad Medical College, Delhi (NCT), 110002",M.D. (PHYSIOLOGY),Open,General,Allotted
1022,44645,All India,"Government Medical College Kota,Government Medical College Kota, Rajasthan, 324005",M.S. (OPHTHALMOLOGY),SC,SC,Allotted
1023,44662,Non-Resident Indian,"SRM MEDICAL COLLEGE HOSPITAL AND RESEARCH CENTRE, SRM INSTITUTE OF SCIENCE AND TECHNOLOGY,SRM MEDICAL COLLEGE HOSPITAL AND RESEARCH CENTRE,SRM IST, KATTANKULATHUR , CHENGALPATTU DIST, Tamil Nadu, 603203",M.S. (OPHTHALMOLOGY),Open,OBC,Allotted
1024,44711,DNB Quota,"HealthCare Global Specialty Hospital, (Formerly Bangalore Institute of Oncology) ,HCG Towers, No. 8, P Kalinga Rao Road, Sampangi Ram Nagar, Bangalore, Karnataka, 560027",(NBEMS) PATHOLOGY,Open,OBC,Allotted
1025,44865,DNB Quota,"Yashoda Super Speciality Hospital, Uttar Pradesh,H-1, 24,26,27, KAUSHAMBI, NEAR DABUR CHOWK, GHAZIABAD, Uttar Pradesh, 201010",(NBEMS) PATHOLOGY,Open,General,Allotted
1026,44914,All India,"NETAJI SUBHASH CHANDRA BOSE MEDICAL COLLEGE, JABALPUR ,NETAJI SUBHASH CHANDRA BOSE MEDICAL COLLEGE, NAGPUR ROAD JABALPUR, Madhya Pradesh, 482003",M.D. (ANAESTHESIOLOGY),SC,SC,Allotted
1027,45043,All India,"Mahatma Gandhi Institute of Medical Sciences, Wardha,Mahatma Gandhi Institute of Medical Sciences, Sevagram, Wardha, Maharashtra, 442102",M.D. (ANAESTHESIOLOGY),SC,SC,Allotted
1028,45069,All India,"Rajendra Institute of Medical Sciences, Ranchi,Rajendra Institute of Medical Sciences, Ranchi, Jharkhand, 834009",M.S. (OPHTHALMOLOGY),SC,SC,Allotted
1029,45086,All India,"Gandhi Medical College, Bhopal,Gandhi Medical College, Bhopal, Madhya Pradesh, 462001",M.D. (PATHOLOGY),EWS,EWS,Allotted
1030,45151,Management/Paid Seats Quota,"GITAM Institute of Medical Sciences & Research, Visakhapatnam,GITAM Deemed to be University Rushikonda, Visakhapatnam - 530045 Andhra Pradesh, Andhra Pradesh, 530045",M.D. (Obst. and Gynae)/MS (Obstetrics and Gynaecology),Open,General,Allotted
1031,45260,All India,"B. J. MEDICAL COLLEGE, Ahmedabad,B.J. Medical College, New Civil Hospital Asarwa,Ahmedabad-380016,Gujarat,India, Gujarat, 380016",M.D. (PSYCHIATRY),SC,SC,Allotted
1032,45301,DNB Quota,"Tomo Riba Institute of Health and Medical Sciences,,TRIHMS. Old Assembly Block. Near Rajiv Gandhi Stadium. Naharlagun-791110. Arunachal Pradesh, Arunachal Pradesh, 791110",(NBEMS) Obstetrics and Gynaecology,SC,SC,Allotted
1033,45344,All India,"Pt. Jawahar Lal Nehru Memorial Medical College, RAIPUR,Pt. Jawahar Lal Nehru Memorial Medical College, RAIPUR, Chhattisgarh, 492001",M.D. (PATHOLOGY),OBC,OBC,Allotted
1034,45452,All India,"Karnataka Institute of Medical Sciences, Hubballi,Karnataka Institute of Medical Sciences, Hubballi, Karnataka, 580021",M.S. (OPHTHALMOLOGY),SC,SC,Allotted
1035,45481,DNB Quota,"Jabalpur Hospital and Research Centre, Jabalpur, Madhya Pradesh,Russel Chowk Napier Town Jabalpur, Madhya Pradesh, 482002",(NBEMS-DIPLOMA) ANAESTHESIOLOGY,Open,OBC,Allotted
1036,45483,All India,"GMC Bharat Ratna Late Shri Atal Bihari Vajpayee Memorial Medical College, Chhattisgarh ,BHARAT RATNA LATE SHRI ATAL BIHARI VAJPAYEE MEMORIAL MEDICAL COLLEGE, PENDRI, RAJNANDGAON, CHHATTIS, Chhattisgarh, 491441",M.S. (OPHTHALMOLOGY),SC,SC,Allotted
1037,45490,All India,"Gvernment Medical College,Haldwani,Government Medical College, Haldwani, Uttarakhand, 263139",M.D. (PATHOLOGY),Open,General,Allotted
1038,45576,DNB Quota,"Divisional Railway Hospital,,Near Railway Gate Valdhuni Kalyan west dist Thane, Maharashtra, 421301",(NBEMS-DIPLOMA) OPHTHALMOLOGY,Open,General,Allotted
1039,45802,DNB Quota,"Dr. B L Kapur Memorial Hospital,Pusa Road New Delhi, Delhi (NCT), 110005",(NBEMS) IMMUNO- HAEMATOLOGY AND BLOOD TRANSFUSION,Open,General,Allotted
1040,45810,All India,"ESIC Medical College & Hospital, Faridabad,NH3 NIT FARIDABAD, Haryana, 121001",M.D. (ANAESTHESIOLOGY),SC,SC,Allotted
1041,45811,All India,"M. P. SHAH GOVERNMENT MEDICAL COLLEGE,M. P. SHAH GOVERNMENT MEDICAL COLLEGE, Gujarat, 361008",M.S. (OPHTHALMOLOGY),SC,SC,Allotted
1042,45849,All India,"Kidwai Memorial Institute of Oncolgy,Kidwai Memorial Institute of Oncolgy, Karnataka, 560029",M.D. (Radiotherapy/ Radiation Oncology),SC,SC,Allotted
1043,45906,All India,"Government Medical College,Churu,Civil Line, Shekhawat Colony, Churu-331001, Rajasthan, 331001",M.D. (PATHOLOGY),Open,General,Allotted
1044,45975,DNB Quota,"VCSG Govt Institute of Medical Science and Research and HNB Base Teaching Hospital , ,Srikot Ganganali Srinagar Garhwal Uttarakhand, Uttarakhand, 246174",(NBEMS-DIPLOMA) ANAESTHESIOLOGY,OBC,OBC,Allotted
1045,46000,DNB Quota,"DISTRICT HOSPITAL , Chhattisgarh,Room No. 122 - Government District Hospital Near Mandi Gate Pandari, Raipur, Chhattisgarh, 492001, , Chhattisgarh, 492001",(NBEMS-DIPLOMA) ANAESTHESIOLOGY,Open,General,Allotted
1046,46015,DNB Quota,"Government Multi Specialty Hospital, ,Director Health and Family Welfare Govt. Multi Speciality Hospital Sector 16 Chandigarh, Chandigarh, 160016",(NBEMS-DIPLOMA) Otorhinolaryngology (E.N.T.),Open,General,Allotted
1047,46217,DNB Quota,"Mahathma Eye Hospital, ,No. 6, Seshapuram, Tennur, Tiruchirappalli - 620017, Tamilnadu, Tamil Nadu, 620017",(NBEMS-DIPLOMA) OPHTHALMOLOGY,Open,General,Allotted
1048,46352,DNB Quota,"District Hospital, Maharashtra,Barshi Road Beed, Maharashtra, 431122",(NBEMS-DIPLOMA) Obstetrics and Gynaecology,SC,SC,Allotted
1049,46598,All India,"Rangaraya Medical College,Rangaraya Medical College Beside SP Office , Pithapuram Road, Kakinada, Andhra Pradesh, 533003",M.D. (Hospital Administration),Open,General,Allotted
1050,46627,All India,"DARBHANGA MEDICAL COLLEGE,Sheetal Prasad Marg, Laheriasarai, Darbhanga, Bihar, Bihar, 846003",M.D. (PATHOLOGY),Open,General,Allotted
1051,46811,All India,"Agartala Government Medical College,Agartala Government Medical College, Tripura, 799006",M.D. (PATHOLOGY),Open,General,Allotted
1052,46872,DNB Quota,"Walsh S.D.H., West Bengal,22A, T.C Goswami Street, Serampore, Hooghly, West Bengal, 712201",(NBEMS) Obstetrics and Gynaecology,SC,SC,Allotted
1053,46962,Management/Paid Seats Quota,"Mahatma Gandhi Medical College and Research Institute, Pondicherry,SBV Pondicherry Campus, Pillaiyarkuppam, Pondicherry, Puducherry, 607402",M.D. (GENERAL MEDICINE),Open,OBC,Allotted
1054,47043,DNB Quota,"St. Stephen`s Hospital, ,Tis Hazari, Delhi (NCT), 110054",(NBEMS) COMMUNITY MEDICINE,Open,General,Allotted
1055,47100,All India,"VIJANAGARA INSTITUTE OF MEDICAL SCIENCES BALLARI,VIJANAGARA INSTITUTE OF MEDICAL SCIENCES BALLARI, Karnataka, 583104",M.D. (ANAESTHESIOLOGY),SC,SC,Allotted
1056,47165,All India,"Government Medical College, Surat,Government Medical College, Majuragate, Surat., Gujarat, 395001",M.S. (E.N.T.),SC,SC,Allotted
1057,47171,All India,"JAWAHAR LAL NEHRU MEDICAL COLLEGE, AJMER,NEAR PATEL STADIUM, AJMER, Rajasthan, 305001",M.S. (OPHTHALMOLOGY),SC,SC,Allotted
1058,47214,All India,"Vardhman Mahavir Medical College, , New Delhi,Vardhman Mahavir Medical College, , New Delhi, Delhi (NCT), 110029",M.D. (BIOCHEMISTRY),Open,General,Allotted
1059,47345,DNB Quota,"General Hospital, ,SECTOR-6, PANCHKULA, HARYANA-134108, Haryana, 134108",(NBEMS) ORTHOPAEDICS,SC,SC,Allotted
1060,47518,Management/Paid Seats Quota,"MGM Medical College, Aurangabad,MGM Medical College, Aurangabad, Maharashtra, 431003",M.S. (OPHTHALMOLOGY),Open,General,Allotted
1061,47542,All India,"GAJRA RAJA MEDICAL COLLEGE GWALIOR,GAJRA RAJA MEDICAL COLLEGE GWALIOR, Madhya Pradesh, 474009",M.D. (ANAESTHESIOLOGY),SC,SC,Allotted
1062,47570,All India,"Vardhman Mahavir Medical College, , New Delhi,Vardhman Mahavir Medical College, , New Delhi, Delhi (NCT), 110029",M.D. (PREVENTIVE and SOCIAL MEDICINE)/ COMMUNITY MEDICINE,OBC,OBC,Allotted
1063,47672,All India,"Tezpur Medical College,Tumuki, Bihaguri, Tezpur, Sonitpur, Assam, Assam, 784010",M.D. (PSYCHIATRY),SC,SC,Allotted
1064,47841,DNB Quota,"Erode Medical Centre, Tamil Nadu,374-2,3,5, PERUNDURAI ROAD, OPPOSITE TO RELIANCE MALL, ERODE, Tamil Nadu, 638011",(NBEMS-DIPLOMA) ANAESTHESIOLOGY,Open,OBC,Allotted
1065,47917,All India,"Vardhman Mahavir Medical College, , New Delhi,Vardhman Mahavir Medical College, , New Delhi, Delhi (NCT), 110029",M.D. (PHYSIOLOGY),Open,EWS,Allotted
1066,47990,Management/Paid Seats Quota,"AMRITA SCHOOL OF MEDICINE,Kochi,AMRITA SCHOOL OF MEDICINE,Kochi, Kerala, 682041",M.S. (OPHTHALMOLOGY),Open,General,Allotted
1067,48012,All India,"VIJANAGARA INSTITUTE OF MEDICAL SCIENCES BALLARI,VIJANAGARA INSTITUTE OF MEDICAL SCIENCES BALLARI, Karnataka, 583104",M.D. (PATHOLOGY),Open,General,Allotted
1068,48061,All India,"Sawai Man Singh Medical College, JAIPUR,Sawai Man Singh Medical College, JLN Marg, Jaipur-302004, Rajasthan, 302004",M.D. (ANAESTHESIOLOGY),SC,SC,Allotted
1069,48157,All India,"BELAGAVI INSTITUTE OF MEDICAL SCIENCES, BELAGAVI,BELAGAVI INSTITUTE OF MEDICAL SCIENCES, BELAGAVI, Karnataka, 590001",M.D. (PATHOLOGY),Open,General,Allotted
1070,48550,Management/Paid Seats Quota,"Bharati Vidyapeeth (Deemed to be University) Medical College and Hospital, Sangli,Bharati Vidyapeeth (Deemed to be University) Medical College and Hospital, Sangli, Maharashtra, 416416",M.D. (PSYCHIATRY),Open,General,Allotted
1071,48724,All India,"Sawai Man Singh Medical College, JAIPUR,Sawai Man Singh Medical College, JLN Marg, Jaipur-302004, Rajasthan, 302004",M.D. (PREVENTIVE and SOCIAL MEDICINE)/ COMMUNITY MEDICINE,OBC,OBC,Allotted
1072,48748,All India,"JHALAWAR MEDICAL COLLEGE,JHALAWAR MEDICAL COLLEGE, JHALAWAR, Rajasthan, 326001",M.D. (ANAESTHESIOLOGY),SC,SC,Allotted
1073,48751,All India,"Sher-i-Kashmir Institute of Medical Sciences, Srinagar,J&K ,SKIMS, SOURA, SRINAGAR-190011, Jammu And Kashmir, 190011",M.D. (Hospital Administration),Open,General,Allotted
1074,48757,All India,"SHIMOGA INSTITUTE OF MEDICAL SCIENCES,SHIMOGA INSTITUTE OF MEDICAL SCIENCES, Karnataka, 577201",M.D. (PATHOLOGY),OBC,OBC,Allotted
1075,48814,All India,"Jawaharlal Institute of Medical Sciences, Manipur,Jawaharlal Nehru Institute of Medical Sciences, Porompat, Imphal -East, Manipur-795005, Manipur, 795005",M.D. (PSYCHIATRY),SC,SC,Allotted
1076,48959,DNB Quota,"Government Head Quarters Hospital,,NO.5 RAILWAY ROAD, KANCHIPURAM., Tamil Nadu, 631501",(NBEMS-DIPLOMA) Obstetrics and Gynaecology,SC,SC,Allotted
1077,49007,All India,"SWAMI RAMANAND TEERTH RURAL GOVERNMENT MEDICAL COLLEGE AMBAJOGAI,SWAMI RAMANAND TEERTH RURAL GOVERNMENT MEDICAL COLLEGE AMBAJOGAI, Maharashtra, 431517",M.D. (ANAESTHESIOLOGY),SC,SC,Allotted
1078,49029,All India,"VIJANAGARA INSTITUTE OF MEDICAL SCIENCES BALLARI,VIJANAGARA INSTITUTE OF MEDICAL SCIENCES BALLARI, Karnataka, 583104",M.D. (PAEDIATRICS),ST,ST,Allotted
1079,49047,All India,"MEDICAL COLLEGE, KOLKATA,MEDICAL COLLEGE, KOLKATA, West Bengal, 700073",DIPLOMA IN OPHTHALMOLOGY/DOM S,Open,OBC,Allotted
1080,49060,DNB Quota,"K.E.M. Hospital, ,489, SARDAR MOODLIAR ROAD, RASTA PETH, PUNE 411011, Maharashtra, 411011",(NBEMS-DIPLOMA) Otorhinolaryngology (E.N.T.),Open,General,Allotted
1081,49067,All India,"R G KAR MEDICAL COLLEGE, West Bengal,R G KAR MEDICAL COLLEGE,1 KHUDIRAM BOSE SARANI,KOLKATA, West Bengal, West Bengal, 700004",M.D. (PREVENTIVE and SOCIAL MEDICINE)/ COMMUNITY MEDICINE,Open,General,Allotted
1082,49186,DNB Quota,"KAUVERY HOSPITAL, Karnataka,no.92, 1 A B, Konappana Agrahara, Electronic City, Bangalore, Karnataka, 560100",(NBEMS-DIPLOMA) ANAESTHESIOLOGY,Open,General,Allotted
1083,49334,All India,"Indira Gandhi Medical College Shimla,Indira Gandhi Medical College Shimla, Himachal Pradesh, 171001",M.D. (ANAESTHESIOLOGY),SC,SC,Allotted
1084,49397,All India,"B. J. MEDICAL COLLEGE, Ahmedabad,B.J. Medical College, New Civil Hospital Asarwa,Ahmedabad-380016,Gujarat,India, Gujarat, 380016",M.D. IN TRANSFUSION MEDICINE/ IMMUNO- HAEMATOLOGY and BLOOD TRANSFUSION,OBC,OBC,Allotted
1085,49457,All India,"Jorhat Medical College & Hospital,Jorhat Medical College & Hospital, Assam, 785001",M.S. (OPHTHALMOLOGY),SC,SC,Allotted
1086,49465,All India,"Government Medical College Kota,Government Medical College Kota, Rajasthan, 324005",M.D. (ANAESTHESIOLOGY),SC,SC,Allotted
1087,49488,All India,"IPGME&R and SSKM Hospital Kolkata,244, Acharya J. C. Bose Road, Kolkata-700020, West Bengal, 700020",M.D. (PATHOLOGY),OBC,OBC,Allotted
1088,49529,All India,"LOKMANYA TILAK MEDICAL COLLEGE MUMBAI,LOKMANYA TILAK MEDICAL COLLEGE MUMBAI, Maharashtra, 400022",M.D. (PREVENTIVE and SOCIAL MEDICINE)/ COMMUNITY MEDICINE,Open,EWS,Allotted
1089,49620,DNB Quota,"Charak Hospital and Research Center, Uttar Pradesh,Hardoi Road, Dubagga, Lucknow, Uttar Pradesh, 226003",(NBEMS-DIPLOMA) ANAESTHESIOLOGY,Open,OBC,Allotted
1090,49634,Management/Paid Seats Quota,"DR. D. Y. PATIL MEDICAL COLLEGE, PUNE,Dr. D. Y. Patil Medical College, Hospital and Research Centre, Sant Tukaram Nagar, Pimpri, Pune., Maharashtra, 411018",M.D. (Obst. and Gynae)/MS (Obstetrics and Gynaecology),Open,General,Allotted
1091,49722,All India,"JAWAHAR LAL NEHRU MEDICAL COLLEGE, AJMER,NEAR PATEL STADIUM, AJMER, Rajasthan, 305001",M.D. (ANAESTHESIOLOGY),SC,SC,Allotted
1092,49725,DNB Quota,"Dr. Ram Manohar Lohia Institute of Medical Sciences, Vibhuti khand, ,Dr Ram Manohar Lohia Institute of Medical Sciences, Lucknow, Vibhuti Khand, Gomti Nagar, Lucknow, Uttar Pradesh, 226010",(NBEMS) FORENSIC MEDICINE,Open,OBC,Allotted
1093,49730,DNB Quota,"Government Medical College, ,COLLECTORATE BEHIND, RAMANATHAPURAM., Tamil Nadu, 623503",(NBEMS-DIPLOMA) ANAESTHESIOLOGY,Open,OBC,Allotted
1094,49744,All India,"Government Medical College, Siddipet,SURVEY NO 54 GOVERNMENT MEDICAL COLLEGE ENSANPALLY SIDDIPET 502114, Telangana, 502114",M.D. (PATHOLOGY),Open,General,Allotted
1095,49753,DNB Quota,"Bansal Hospital,,C- Sector Shahpura, Bhopal, Madhya Pradesh, 462016",(NBEMS-DIPLOMA) FAMILY MEDICINE,Open,OBC,Allotted
1096,49759,All India,"Sardar Patel Medical College, Bikaner,Sardar Patel Medical College, Bikaner, Rajasthan, 334003",M.D. (PATHOLOGY),OBC,OBC,Allotted
1097,49762,All India,"MEDICAL COLLEGE, KOLKATA,MEDICAL COLLEGE, KOLKATA, West Bengal, 700073",M.D. (PATHOLOGY),OBC,OBC,Allotted
1098,49778,All India,"Regional Institute of Medical Sciences, Imphal,Regional Institute of Medical Sciences, Imphal, Lamphelpat, Manipur, 795004",M.D. Sports Medicine,SC,SC,Allotted
1099,49866,All India,"Jawaharlal Institute of Medical Sciences, Manipur,Jawaharlal Nehru Institute of Medical Sciences, Porompat, Imphal -East, Manipur-795005, Manipur, 795005",M.D. (FORENSIC MEDICINE),Open,OBC,Allotted
1100,49896,DNB Quota,"SETH V. C. GANDHI and M. A. VORA MUNICIPAL GENERAL HOSPITAL (RAJAWADI HOSPITAL), Maharashtra,hospital.rajawadi@gmail.com, Maharashtra, 400077",(NBEMS-DIPLOMA) Otorhinolaryngology (E.N.T.),Open,General,Allotted
1101,49897,All India,"Indira Gandhi Medical College Shimla,Indira Gandhi Medical College Shimla, Himachal Pradesh, 171001",M.S. (E.N.T.),SC,SC,Allotted
1102,49903,All India,"NIL RATAN SIRCAR MEDICAL COLLEGE,NIL RATAN SIRCAR MEDICAL COLLEGE, 138 AJC BOSE ROAD, KOLKATA-700014., West Bengal, 700014",M.D. (ANAESTHESIOLOGY),SC,SC,Allotted
1103,49916,DNB Quota,"Sahyadri Narayana Multispecialty Hospital, Harakere,,NT ROAD, HARAKERE , SHIMOGA, Karnataka, 577202",(NBEMS-DIPLOMA) ANAESTHESIOLOGY,Open,EWS,Allotted
1104,49919,DNB Quota,"Adarsha Hospital, ,Near KSRTC Bus Stand, Udupi Taluk and District, Karnataka, Karnataka, 576101",(NBEMS-DIPLOMA) ANAESTHESIOLOGY,Open,OBC,Allotted
1105,49938,DNB Quota,"Govt. BDK hospital, govt. ,OPPOSITE ROADWAYS BUS STAND MAAN NAGAR JHUNJHUNU RAJASTHAN, Rajasthan, 333001",(NBEMS-DIPLOMA) Otorhinolaryngology (E.N.T.),Open,OBC,Allotted
1106,49957,DNB Quota,"Kalpana Chawla Govt Medical College, ,Model Town, Karnal, Haryana, 132001",(NBEMS) ANAESTHESIOLOGY,SC,SC,Allotted
1107,50010,All India,"PATNA MEDICAL COLLEGE, PATNA,PATNA MEDICAL COLLEGE, PATNA, Bihar, 800004",M.S. (E.N.T.),SC,SC,Allotted
1108,50015,All India,"Sher-i-Kashmir Institute of Medical Sciences, Srinagar,J&K ,SKIMS, SOURA, SRINAGAR-190011, Jammu And Kashmir, 190011",M.D. (Hospital Administration),Open,General,Allotted
1109,50023,All India,"Grant Medical College, Maharashtra,Grant Medical College, Maharashtra, Maharashtra, 400008",M.D. IN TRANSFUSION MEDICINE/ IMMUNO- HAEMATOLOGY and BLOOD TRANSFUSION,Open,OBC,Allotted
1110,50031,DNB Quota,"Syed Ammal Trust Hospital, Tamil Nadu,DR E M ABDULLAH CAMPUS 127 SWAMY VIVEKANANDAR SALAI RAMANATHAPURAM, Tamil Nadu, 623501",(NBEMS-DIPLOMA) ANAESTHESIOLOGY,Open,OBC,Allotted
1111,50077,DNB Quota,"DISTRICT HOSPITAL , Chhattisgarh,Room No. 122 - Government District Hospital Near Mandi Gate Pandari, Raipur, Chhattisgarh, 492001, , Chhattisgarh, 492001",(NBEMS-DIPLOMA) PAEDIATRICS,SC,SC,Allotted
1112,50105,DNB Quota,"General Hospital, ,General Hospital Kanakapura near KSRTC garage Melekote Kanakpura taluk Ramanagara district, Karnataka, 562117",(NBEMS-DIPLOMA) ANAESTHESIOLOGY,Open,General,Allotted
1113,50161,All India,"Dr. Rajendra Prasad Government Medical College, Tanda,Dr. Rajendra Prasad Government Medical College, Tanda, Himachal Pradesh, 176002",M.D. (ANAESTHESIOLOGY),SC,SC,Allotted
1114,50231,DNB Quota,"Govt Amrit Kaur Hospital, ,PRINCIPAL MEDICAL OFFICER GOVT. AMRIT KAUR HOSPITAL BEAWAR, Rajasthan, 305901",(NBEMS-DIPLOMA) ANAESTHESIOLOGY,OBC,OBC,Allotted
1115,50292,All India,"Grant Medical College, Maharashtra,Grant Medical College, Maharashtra, Maharashtra, 400008",M.D. IN TRANSFUSION MEDICINE/ IMMUNO- HAEMATOLOGY and BLOOD TRANSFUSION,Open,General,Allotted
1116,50299,All India,"Dr. Rajendra Prasad Government Medical College, Tanda,Dr. Rajendra Prasad Government Medical College, Tanda, Himachal Pradesh, 176002",M.S. (E.N.T.),SC,SC,Allotted
1117,50300,DNB Quota,"Prasad Netralaya Superspeciality EYe Hospital, Karnataka ,A J ALSE ROAD UDUPI, Karnataka, 576101",(NBEMS-DIPLOMA) OPHTHALMOLOGY,Open,OBC,Allotted
1118,50325,All India,"Burdwan Medical College, West Bengal,Burdwan Medical College, West Bengal, West Bengal, 713104",M.D. (ANAESTHESIOLOGY),SC,SC,Allotted
1119,50373,DNB Quota,"Hospital for Mental Health, ,Near Jeevan Bharti School,Karelibaug,Vadodara, Gujarat, 390018",(NBEMS) PSYCHIATRY,SC,SC,Allotted
1120,50433,All India,"CHENGALPATTU MEDICAL COLLEGE, CHENGALPATTU,CHENGALPATTU MEDICAL COLLEGE, CHENGALPATTU, Tamil Nadu, 603001",M.D. (PHARMACOLOGY),Open,OBC,Allotted
1121,50550,All India,"Vardhman Mahavir Medical College, , New Delhi,Vardhman Mahavir Medical College, , New Delhi, Delhi (NCT), 110029",M.D. (PAEDIATRICS),ST,ST,Allotted
1122,50607,Management/Paid Seats Quota,"JSS Medical College, Mysuru,JSS Medical Institutions Campus Sri Shivarathreeshwara Nagar Bannimantap Mysuru, Karnataka, 570015",M.S. (GENERAL SURGERY),Open,General,Allotted
1123,50643,All India,"Chamarajanagar Institute of Medical Sciences, Karnataka,CHAMARAJANAGAR INSTITUTE OF MEDICAL SCIENCES, SY. NO 124, YEDAPURA VILLAGE KASABA HOBLI, CHAMARAJANA, Karnataka, 571313",M.D. (PATHOLOGY),Open,OBC,Allotted
1124,50808,DNB Quota,"Venugram Hospital, Belagavi, Karnataka,CTS 785, 2nd Cross, Hindu Nagar, Near 3rd Railway Gate, Belagavi, Karnataka, 590006",(NBEMS-DIPLOMA) ANAESTHESIOLOGY,Open,General,Allotted
1125,50809,All India,"Government Medical College Kota,Government Medical College Kota, Rajasthan, 324005",M.D. IN TRANSFUSION MEDICINE/ IMMUNO- HAEMATOLOGY and BLOOD TRANSFUSION,Open,General,Allotted
1126,50908,All India,"Shri Atal Bihari Vajpayee Medical College & Research Institute, Bengaluru,Opposite to Shivajinagar Bus stop, Shivajinagar, Bengaluru., Karnataka, 560001",M.D. (PATHOLOGY),SC,SC,Allotted
1127,50968,All India,"KING GEORGES MEDICAL UNIVERSITY,KING GEORGES MEDICAL UNIVERSITY, Shahmeena Road, Chowk, Lucknow-226003, Uttar Pradesh, 226003",M.D. (PHYSICAL MED. and REHABILITATION),EWS,EWS,Allotted
1128,51039,DNB Quota,"Employee State Insurance Corporation Model Hospital,,Bharat Nagar, Ludhiana, Punjab, 141001",(NBEMS-DIPLOMA) Obstetrics and Gynaecology,SC,SC,Allotted
1129,51142,All India,"PATNA MEDICAL COLLEGE, PATNA,PATNA MEDICAL COLLEGE, PATNA, Bihar, 800004",M.D. (ANAESTHESIOLOGY),SC,SC,Allotted
1130,51184,DNB Quota,"Fortis Hospitals Limited Fortis Escorts Hospital, Punjab,Majitha Verka Bypass Road Amritsar, Punjab, 143004",(NBEMS-DIPLOMA) ANAESTHESIOLOGY,Open,General,Allotted
1131,51317,All India,"Dr. Sampurnanand Medical College (SNMC), JODHPUR,Dr. Sampurnanand Medical College (SNMC), JODHPUR, Rajasthan, 342001",M.S. (ORTHOPAEDICS),ST,ST,Allotted
1132,51393,DNB Quota,"Regency Hospital,,A-2, Sarvodaya Nagar, Kanpur, Uttar Pradesh, 208005",(NBEMS) PATHOLOGY,Open,General,Allotted
1133,51430,DNB Quota,"Indraprastha Apollo Hospital,,Sarita Vihar, New Delhi 110 076, Delhi (NCT), 110076",(NBEMS) IMMUNO- HAEMATOLOGY AND BLOOD TRANSFUSION,Open,OBC,Allotted
1134,51469,All India,"Indira Gandhi Institute of Medical Sciences, Patna,Indira Gandhi Institute of Medical Sciences, Patna, Bihar, 800014",M.D. (MICROBIOLOGY),Open,General,Allotted
1135,51499,All India,"Karnataka Institute of Medical Sciences, Hubballi,Karnataka Institute of Medical Sciences, Hubballi, Karnataka, 580021",M.D. (PATHOLOGY),OBC,OBC,Allotted
1136,51503,All India,"MEDICAL COLLEGE, KOLKATA,MEDICAL COLLEGE, KOLKATA, West Bengal, 700073",DIPLOMA IN OPHTHALMOLOGY/DOM S,Open,General,Allotted
1137,51581,All India,"Rajiv Gandhi Institute of Medical Sciences Srikakulam,Government Medical College Srikakulam Balaga Srikakulam Town Srikakulam District, Andhra Pradesh, 532001",M.D. (PATHOLOGY),OBC,OBC,Allotted
1138,51656,DNB Quota,"V Y Institute of Medical Science, ,Near Kamal Vihar, Dhamtari Road, Raipur, Chhattisgarh, 492001",(NBEMS-DIPLOMA) ANAESTHESIOLOGY,Open,OBC,Allotted
1139,51673,DNB Quota,"Yashvedh Healthcare Services, Andhra Pradesh,Gaigolupadu Junction Kakinada, Andhra Pradesh, 533005",(NBEMS-DIPLOMA) OPHTHALMOLOGY,Open,OBC,Allotted
1140,51732,DNB Quota,"Renee Hospital, Karimnagar, Telangana,H. No 3-7-1 and 3-7-02, Indira Nagar, Karimnagar-505001, Telangana, Telangana, 505001",(NBEMS-DIPLOMA) ANAESTHESIOLOGY,Open,OBC,Allotted
1141,51782,DNB Quota,"Gheesibai Memorial Mittal Hospital and Research Centre,,Gheesi Bai Memorial Mittal Hospital and Research Centre, Pushkar Road, Ajmer, Rajasthan, 305004",(NBEMS-DIPLOMA) FAMILY MEDICINE,Open,General,Allotted
1142,51909,DNB Quota,"District Hospital, Dholpur,Old City Road Dholpur, Rajasthan, 328001",(NBEMS-DIPLOMA) FAMILY MEDICINE,Open,EWS,Allotted
1143,51912,All India,"Gauhati Medical College, Guwahati,Gauhati Medical College, Guwahati, Assam, 781032",M.D. (PATHOLOGY),OBC,OBC,Allotted
1144,51928,DNB Quota,"Charak Hospital and Research Center, Uttar Pradesh,Hardoi Road, Dubagga, Lucknow, Uttar Pradesh, 226003",(NBEMS-DIPLOMA) ANAESTHESIOLOGY,Open,General,Allotted
1145,51983,DNB Quota,"Amandeep Medicity, Mall Road, Amritsar, Punjab,Mall Rd, near Novelty Chownk, Maharaja Ranjit Singh Nagar, Joshi Colony, Amritsar, Punjab 143001, Punjab, 143001",(NBEMS-DIPLOMA) ANAESTHESIOLOGY,Open,EWS,Allotted
1146,51986,DNB Quota,"Sorake Chandrashekar Hospital (S.C.S.), Mangalore, Karnataka,SCS Hospital, Upper Bendoor, Mangalore., Karnataka, 575002",(NBEMS-DIPLOMA) ANAESTHESIOLOGY,Open,General,Allotted
1147,51993,All India,"Pandit Dindayal Upadhyay Medical College, RAJKOT,Pandit Dindayal Upadhyay Medical College, RAJKOT, Gujarat, 360001",M.D. (PATHOLOGY),OBC,OBC,Allotted
1148,52036,All India,"North Bengal Medical College,North Bengal Medical College, West Bengal, 734012",M.D. (ANAESTHESIOLOGY),SC,SC,Allotted
1149,52187,DNB Quota,"Bhavsinhji and Maharani Rupaliba General Hospital, ,Near S. T. Bus Stand, Opp. Bhutnath Temple, Hospital Road, Porbandar, Gujarat, 360575",(NBEMS-DIPLOMA) ANAESTHESIOLOGY,Open,General,Allotted
1150,52195,DNB Quota,"Central Hospital, ,SOUTH EAST CENTRAL RAILWAY, OPPOSITE GOLF GROUND, BILASPUR, Chhattisgarh, 495004",(NBEMS-DIPLOMA) ANAESTHESIOLOGY,Open,OBC,Allotted
1151,52307,DNB Quota,"GMERS Medical College and Hospital,,GMERS Medical College and Hospital Campus, Dharpur, Patan-Unjha State Highway, Patan (North Gujarat,, Gujarat, 384265",(NBEMS-DIPLOMA) Obstetrics and Gynaecology,SC,SC,Allotted
1152,52433,All India,"Rangaraya Medical College,Rangaraya Medical College Beside SP Office , Pithapuram Road, Kakinada, Andhra Pradesh, 533003",M.D. (PREVENTIVE and SOCIAL MEDICINE)/ COMMUNITY MEDICINE,Open,OBC,Allotted
1153,52611,DNB Quota,"Bhagat Phool Singh Govt. Medical College for Women,BHAGAT PHOOL SINGH GOVT. MEDICAL COLLEGE FOR WOMEN KHANPUR KALAN SONEPAT, Haryana, 131305",(NBEMS-DIPLOMA) OPHTHALMOLOGY,OBC,OBC,Allotted
1154,52647,All India,"ESIC Medical College, Hyderbad,Sanathnagar, Hyderabad, Telangana, 500038",M.D. IN TRANSFUSION MEDICINE/ IMMUNO- HAEMATOLOGY and BLOOD TRANSFUSION,SC,SC,Allotted
1155,52682,All India,"Assam Medical College,Assam Medical College, Assam, 786002",M.D. (ANAESTHESIOLOGY),SC,SC,Allotted
1156,52735,DNB Quota,"Government Multi Specialty Hospital, ,Director Health and Family Welfare Govt. Multi Speciality Hospital Sector 16 Chandigarh, Chandigarh, 160016",(NBEMS) GENERAL MEDICINE,ST,ST,Allotted
1157,52835,All India,"SHIMOGA INSTITUTE OF MEDICAL SCIENCES,SHIMOGA INSTITUTE OF MEDICAL SCIENCES, Karnataka, 577201",M.D. (PATHOLOGY),OBC,OBC,Allotted
1158,52885,All India,"DARBHANGA MEDICAL COLLEGE,Sheetal Prasad Marg, Laheriasarai, Darbhanga, Bihar, Bihar, 846003",DIPLOMA IN ANAESTHESIOLOGY,EWS,EWS,Allotted
1159,52886,Management/Paid Seats Quota,"KRISHNA INSTITUTE OF MEDICAL SCIENCES, KARAD,KRISHNA INSTITUTE OF MEDICAL SCIENCES, KARAD, Maharashtra, 415110",M.D. (PSYCHIATRY),Open,General,Allotted
1160,52896,All India,"Guru Gobind Singh Medical College,Guru Gobind Singh Medical College, Punjab, 151203",M.D. (Radiotherapy/ Radiation Oncology),SC,SC,Allotted
1161,53142,All India,"All India Institute of Hygiene and Public Health,110, C. R Avenue, Kolkata, West Bengal, 700073",M.P.H. (EPIDEMIOLOGY),Open,General,Allotted
1162,53204,Management/Paid Seats Quota,"JSS Medical College, Mysuru,JSS Medical Institutions Campus Sri Shivarathreeshwara Nagar Bannimantap Mysuru, Karnataka, 570015",M.S. (OPHTHALMOLOGY),Open,OBC,Allotted
1163,53232,All India,"Govt. Medical College, Bhavnagar,Near. S.T. Bus Stand,Jail Road, Bhavnagar-364001, Gujarat, 364001",M.D. (PAEDIATRICS),ST,ST,Allotted
1164,53251,Delhi University Quota,"Lady Hardinge Medical College,Lady Hardinge Medical College, Delhi (NCT), 110001",M.D. (PATHOLOGY),SC,SC,Allotted
1165,53330,All India,"Gauhati Medical College, Guwahati,Gauhati Medical College, Guwahati, Assam, 781032",M.D. (ANAESTHESIOLOGY),SC,SC,Allotted
1166,53386,DNB Quota,"Area Hospital,nuzvidhospitalattherateofyahoodotcom, Andhra Pradesh, 521201",(NBEMS-DIPLOMA) ANAESTHESIOLOGY,EWS,EWS,Allotted
1167,53397,Management/Paid Seats Quota,"Mahatma Gandhi Medical College and Research Institute, Pondicherry,SBV Pondicherry Campus, Pillaiyarkuppam, Pondicherry, Puducherry, 607402",M.D. (Obst. and Gynae)/MS (Obstetrics and Gynaecology),Open,General,Allotted
1168,53454,DNB Quota,"District Hospital, ,DISTRICT SUREGEON DISTRICT HOSPITAL SETOR-11 NAVANAGAR BAGALKOTE KARNATAKA, Karnataka, 587103",(NBEMS-DIPLOMA) ANAESTHESIOLOGY,Open,OBC,Allotted
1169,53477,All India,"JAWAHAR LAL NEHRU MEDICAL COLLEGE, AJMER,NEAR PATEL STADIUM, AJMER, Rajasthan, 305001",M.D. (Obst. and Gynae)/MS (Obstetrics and Gynaecology),ST,ST,Allotted
1170,53490,All India,"Mahatma Gandhi Memorial Medical College, Indore,Mahatma Gandhi Memorial Medical College, Indore, Madhya Pradesh, 452001",M.D. (Radiotherapy/ Radiation Oncology),SC,SC,Allotted
1171,53521,Management/Paid Seats Quota,"SREE BALAJI MEDICAL COLLEGE AND HOSPITAL, CHENNAI,NO,7 WORKS ROAD,CHROMEPET,CHENNAI, Tamil Nadu, 600044",M.D. (RADIO- DIAGNOSIS),Open,General,Allotted
1172,53583,DNB Quota,"Saheed Laxman Nayak Medical College and Hospital,Orissa,SAHEED LAXMAN NAYAK MEDICAL COLLEGE AND HOSPITAL KORAPUT, JANIGUDA ODISHA KORAPUT 764020, Odisha, 764020",(NBEMS-DIPLOMA) PAEDIATRICS,SC,SC,Allotted
1173,53615,Management/Paid Seats Quota,"AARUPADAI VEEDU MEDICAL COLLEGE AND HOSPITAL,PONDY - CUDDALORE MAIN ROAD, KIRUMAMPAKKAM, BAHOUR COMMUNE PANCHAYAT, PUDUCHERRY, Puducherry, 607402",M.D. (GENERAL MEDICINE),Open,General,Allotted
1174,53639,Management/Paid Seats Quota,"K S Hegde Medical Academy, Mangaluru,K S Hegde Medical Academy, Nithyanandanagar, Deralakatte, Mangaluru, Karnataka, 575018",M.S. (OPHTHALMOLOGY),Open,General,Allotted
1175,53742,Management/Paid Seats Quota,"M.M. Institute of Medical Sciences and Research, Ambala,M.M. Institute of Medical Sciences and Research, Ambala, Haryana, 133207",M.D. (PAEDIATRICS),Open,EWS,Allotted
1176,53841,DNB Quota,"Government Multi Specialty Hospital, ,Director Health and Family Welfare Govt. Multi Speciality Hospital Sector 16 Chandigarh, Chandigarh, 160016",(NBEMS) Otorhinolaryngology (E.N.T.),SC,SC,Allotted
1177,53900,Management/Paid Seats Quota,"Jawaharlal Nehru Medical College, Belagavi,Jawaharlal Nehru Medical College, Belagavi, Karnataka, 590010",DIPLOMA IN OPHTHALMOLOGY/DOM S,Open,OBC,Allotted
1178,53980,All India,"JAWAHAR LAL NEHRU MEDICAL COLLEGE, AJMER,NEAR PATEL STADIUM, AJMER, Rajasthan, 305001",M.D. (Radiotherapy/ Radiation Oncology),SC,SC,Allotted
1179,54115,DNB Quota,"North 24 Parganas District Hospital, ,BANAMALIPUR BARASAT WEST BENGAL, West Bengal, 700124",(NBEMS) ANAESTHESIOLOGY,SC,SC,Allotted
1180,54119,All India,"Sawai Man Singh Medical College, JAIPUR,Sawai Man Singh Medical College, JLN Marg, Jaipur-302004, Rajasthan, 302004",M.D. IN TRANSFUSION MEDICINE/ IMMUNO- HAEMATOLOGY and BLOOD TRANSFUSION,OBC,OBC,Allotted
1181,54153,All India,"NETAJI SUBHASH CHANDRA BOSE MEDICAL COLLEGE, JABALPUR ,NETAJI SUBHASH CHANDRA BOSE MEDICAL COLLEGE, NAGPUR ROAD JABALPUR, Madhya Pradesh, 482003",M.D. (Radiotherapy/ Radiation Oncology),SC,SC,Allotted
1182,54211,All India,"All India Institute of Hygiene and Public Health,110, C. R Avenue, Kolkata, West Bengal, 700073",M.D. (PREVENTIVE and SOCIAL MEDICINE)/ COMMUNITY MEDICINE,OBC,OBC,Allotted
1183,54258,All India,"PGIMER, DR. RML Hospital,ABVIMS, DR. RML Hospital, Baba Kharak Singh Marg, Cannaught Place, Delhi (NCT), 110001",M.D. (MICROBIOLOGY),Open,General,Allotted
1184,54294,Management/Paid Seats Quota,"Pravara Rural Medical College, Loni,Dr. Balasaheb Vikhe Patil Rural Medical College (Formerly Called As Rural Medical College, Loni), Maharashtra, 413736",M.D. (ANAESTHESIOLOGY),Open,General,Allotted
1185,54351,All India,"Pandit Dindayal Upadhyay Medical College, RAJKOT,Pandit Dindayal Upadhyay Medical College, RAJKOT, Gujarat, 360001",M.D. (Radiotherapy/ Radiation Oncology),SC,SC,Allotted
1186,54374,Management/Paid Seats Quota,"Yenepoya Medical College,Yenepoya Medical College, Karnataka, 575018",M.S. (ORTHOPAEDICS),Open,OBC,Allotted
1187,54406,All India,"Ravindra Nath Tagore Medical College, Udaipur,Ravindra Nath Tagore Medical College, Udaipur, Rajasthan, 313001",M.D. (Radiotherapy/ Radiation Oncology),SC,SC,Allotted
1188,54430,DNB Quota,"Bokaro General Hospital, ,SECTOR - 4 BOKARO STEEL CITY DIST - BOKARO, Jharkhand, 827004",(NBEMS) ANAESTHESIOLOGY,SC,SC,Allotted
1189,54479,Management/Paid Seats Quota,"SRI DEVARAJ URS MEDICAL COLLEGE, TAMAKA,Tamaka, Kolar, Karnataka, 563103",M.S. (ORTHOPAEDICS),Open,General,Allotted
1190,54486,All India,"JAWAHARLAL NEHRU MEDICAL COLLEGE, ALIGARH MUSLIM UNIVERSITY STATE UTTAR,JAWAHARLAL NEHRU MEDICAL COLLEGE, ALIGARH MUSLIM UNIVERSITY STATE UTTAR, Uttar Pradesh, 202002",M.D. (PHARMACOLOGY),Open,General,Allotted
1191,54544,All India,"JAWAHAR LAL NEHRU MEDICAL COLLEGE, AJMER,NEAR PATEL STADIUM, AJMER, Rajasthan, 305001",M.D. IN TRANSFUSION MEDICINE/ IMMUNO- HAEMATOLOGY and BLOOD TRANSFUSION,Open,General,Allotted
1192,54652,All India,"Atal Bihari Vajpayee Government Medical College, Vidisha,NH 86 INFRONT OF KHEL PARISAR SANCHI ROAD VIDISHA MP, Madhya Pradesh, 464001",M.D. (MICROBIOLOGY),Open,OBC,Allotted
1193,54655,All India,"B.J.Government Medical College, Pune,B.J.Government Medical College, Pune, Maharashtra, 411001",M.D. (PHARMACOLOGY),OBC,OBC,Allotted
1194,54784,All India,"Jawaharlal Institute of Medical Sciences, Manipur,Jawaharlal Nehru Institute of Medical Sciences, Porompat, Imphal -East, Manipur-795005, Manipur, 795005",M.D. (PATHOLOGY),OBC,OBC,Allotted
1195,54785,All India,"MADRAS MEDICAL COLLEGE,EVR PERIYAR SALAI, CHENNAI-03, Tamil Nadu, 600003",M.D. (PATHOLOGY),SC,SC,Allotted
1196,54833,DNB Quota,"FIMS HOSPITAL(FRANK INSTITUTE OF MEDICAL SCIENCES), Haryana,Sonipat- Bahalgarh Road, Sonipat-NCR, Sonipat, Haryana, 131001",(NBEMS-DIPLOMA) ANAESTHESIOLOGY,Open,OBC,Allotted
1197,54835,DNB Quota,"GMERS Medical College and Hospital,,GMERS Medical College and Hospital Campus, Dharpur, Patan-Unjha State Highway, Patan (North Gujarat,, Gujarat, 384265",(NBEMS) Otorhinolaryngology (E.N.T.),SC,SC,Allotted
1198,54893,All India,"Burdwan Medical College, West Bengal,Burdwan Medical College, West Bengal, West Bengal, 713104",DIPLOMA IN OPHTHALMOLOGY/DOM S,OBC,OBC,Allotted
1199,55003,DNB Quota,"Woodland Hospital, Meghalaya,Dhankheti P.O. Laitumkhrah East Khasi Hills District Shillong, Meghalaya, 793003",(NBEMS-DIPLOMA) ANAESTHESIOLOGY,Open,General,Allotted
1200,55044,Non-Resident Indian,"Jawaharlal Nehru Medical College, Belagavi,Jawaharlal Nehru Medical College, Belagavi, Karnataka, 590010",M.D. (GENERAL MEDICINE),Open,General,Allotted
1201,55063,Management/Paid Seats Quota,"AMRITA SCHOOL OF MEDICINE,Kochi,AMRITA SCHOOL OF MEDICINE,Kochi, Kerala, 682041",M.D. (ANAESTHESIOLOGY),Open,OBC,Allotted
1202,55178,All India,"Lala Lajpat Rai Memorial Medical College, MEERUT,Lala Lajpat Rai Memorial Medical College, MEERUT, Uttar Pradesh, 250004",M.D. (PATHOLOGY),SC,SC,Allotted
1203,55184,All India,"Ravindra Nath Tagore Medical College, Udaipur,Ravindra Nath Tagore Medical College, Udaipur, Rajasthan, 313001",M.D. IN TRANSFUSION MEDICINE/ IMMUNO- HAEMATOLOGY and BLOOD TRANSFUSION,Open,General,Allotted
1204,55340,DNB Quota,"Rajiv Gandhi Government General Hospital, Principal Medical Officer General hospital, ,Rajiv Gandhi Government General Hospital, near bijli ghar circle, ALWAR, Rajasthan, 301001",(NBEMS-DIPLOMA) OPHTHALMOLOGY,Open,OBC,Allotted
1205,55370,DNB Quota,"General Hospital, ,General Hospital Mehsana, Opp S T Bus Station, Raj Mahel Road, Gujarat, 384001",(NBEMS) PATHOLOGY,OBC,OBC,Allotted
1206,55534,Management/Paid Seats Quota,"K S Hegde Medical Academy, Mangaluru,K S Hegde Medical Academy, Nithyanandanagar, Deralakatte, Mangaluru, Karnataka, 575018",M.S. (OPHTHALMOLOGY),Open,SC,Allotted
1207,55665,DNB Quota,"Anugraha Eye Hospital, ,NAVBHAG MAIN ROAD BEHIND CENTRAL BUS STAND NEAR SECAB COLLEGE VIJAYAPUR 586101, Karnataka, 586101",(NBEMS-DIPLOMA) OPHTHALMOLOGY,Open,OBC,Allotted
1208,55675,DNB Quota,"FIMS HOSPITAL(FRANK INSTITUTE OF MEDICAL SCIENCES), Haryana,Sonipat- Bahalgarh Road, Sonipat-NCR, Sonipat, Haryana, 131001",(NBEMS-DIPLOMA) ANAESTHESIOLOGY,Open,General,Allotted
1209,55726,All India,"Lady Hardinge Medical College,Lady Hardinge Medical College, Delhi (NCT), 110001",MD/MS (Anatomy),Open,General,Allotted
1210,55727,DNB Quota,"Tata Medical Center, ,14 MAJOR ARTERIAL ROAD EW NEWTOWN RAJARHAT KOLKATA 700160, West Bengal, 700160",(NBEMS) IMMUNO- HAEMATOLOGY AND BLOOD TRANSFUSION,Open,General,Allotted
1211,55747,Management/Paid Seats Quota,"Jawaharlal Nehru Medical College, Sawangi (Meghe), Wardha-,Jawaharlal Nehru Medical College, Sawangi (Meghe), Wardha-442107, Maharashtra, 442107",M.S. (E.N.T.),Open,General,Allotted
1212,55788,DNB Quota,"Government District General Hospital, ,O/o. Medical Superintendent, Government District General Hospital, Contonment, Vizianagaram, Andhra Pradesh, 535003",(NBEMS-DIPLOMA) Otorhinolaryngology (E.N.T.),Open,OBC,Allotted
1213,55814,All India,"Jorhat Medical College & Hospital,Jorhat Medical College & Hospital, Assam, 785001",M.D. (PATHOLOGY),OBC,OBC,Allotted
1214,55839,All India,"Atal Bihari Vajpayee Government Medical College, Vidisha,NH 86 INFRONT OF KHEL PARISAR SANCHI ROAD VIDISHA MP, Madhya Pradesh, 464001",M.D. (PREVENTIVE and SOCIAL MEDICINE)/ COMMUNITY MEDICINE,Open,General,Allotted
1215,55895,All India,"Grant Medical College, Maharashtra,Grant Medical College, Maharashtra, Maharashtra, 400008",M.D. (PATHOLOGY),SC,SC,Allotted
1216,55909,DNB Quota,"Main Hospital , Telangana,MAIN HOSPITAL, THE SINGARENI COLLERIES COMPANY LIMITED, KOTHAGUDEM, BHADRADRI KOTHAGUDEM DISTRICT, T, Telangana, 507101",(NBEMS) PATHOLOGY,OBC,OBC,Allotted
1217,56323,DNB Quota,"General Hospital, ,SECTOR-6, PANCHKULA, HARYANA-134108, Haryana, 134108",(NBEMS) Otorhinolaryngology (E.N.T.),SC,SC,Allotted
1218,56542,DNB Quota,"Bhima Bhoi Medical College and Hospital, Balangir,At-Laltikra Po-Rajendra College, Balangir, Odisha, 767002",(NBEMS-DIPLOMA) Otorhinolaryngology (E.N.T.),OBC,OBC,Allotted
1219,56556,DNB Quota,"Fortune Hospital, Kanpur Uttar Pradesh , Uttar Pradesh,117-Q 40A-41 Sharda Nagar, Kanpur near Gurdev Crossing, Uttar Pradesh, 208025",(NBEMS-DIPLOMA) ANAESTHESIOLOGY,Open,General,Allotted
1220,56594,All India,"Midnapore Medical College and Hospital,Midnapore Medical College and Hospital, West Bengal, 721101",M.D. (GENERAL MEDICINE),ST,ST,Allotted
1221,56639,All India,"JHALAWAR MEDICAL COLLEGE,JHALAWAR MEDICAL COLLEGE, JHALAWAR, Rajasthan, 326001",M.D. (PATHOLOGY),OBC,OBC,Allotted
1222,56647,Management/Paid Seats Quota,"VINAYAKA MISSIONS MEDICAL COLLEGE AND HOSPITAL, KARAIKAL,KEEZHAKASAKUDIMEDU, KOTTUCHERRY (POST), KARAIKAL, UT of PUDUCHERRY, Puducherry, 609609","M.D. (DERM.,VENE. and LEPROSY)/ (DERMATOLOGY)/(SKIN and VENEREAL DISEASES)/(VENEREOL OGY)",Open,General,Allotted
1223,56701,DNB Quota,"General Hospital,,General Hospital Arakalagud Road, Holenarasipura Taluk, Hassan District, Karnataka, 573211",(NBEMS-DIPLOMA) ANAESTHESIOLOGY,OBC,OBC,Allotted
1224,56735,All India,"Bangalore Medical College and Research Institute,Bangalore Medical College and Research Institute, Karnataka, 560002",M.D. (PREVENTIVE and SOCIAL MEDICINE)/ COMMUNITY MEDICINE,Open,General,Allotted
1225,56779,All India,"GOA MEDICAL COLLEGE,Bambolim, Goa, Goa, 403202",M.D. (FORENSIC MEDICINE),Open,SC,Allotted
1226,56914,DNB Quota,"Post Graduate Institute of Child Health (PGICH), SEC-30, Noida,Post Graduate Instituite of Child Health sec-30 Noida, Gautam Buddh Nagar, Uttar Pradesh, 201303",(NBEMS) IMMUNO- HAEMATOLOGY AND BLOOD TRANSFUSION,OBC,OBC,Allotted
1227,56962,DNB Quota,"VCSG Govt Institute of Medical Science and Research and HNB Base Teaching Hospital , ,Srikot Ganganali Srinagar Garhwal Uttarakhand, Uttarakhand, 246174",(NBEMS-DIPLOMA) Otorhinolaryngology (E.N.T.),Open,General,Allotted
1228,57117,Management/Paid Seats Quota,"Kasturba Medical College Mangalore, Manipal Academy of Higher Education, Mangalore,Kasturba Medical College Mangalore, Manipal Academy of Higher Education, Mangalore, Karnataka, 575001",M.D. (Radiotherapy/ Radiation Oncology),Open,General,Allotted
1229,57201,DNB Quota,"Taluk General Hospital, Haveri District, Karnataka,TALUK GENERAL HOSPITAL BYADAGI, Karnataka, 581106",(NBEMS-DIPLOMA) Otorhinolaryngology (E.N.T.),Open,General,Allotted
1230,57246,All India,"Government Medical College Srinagar,Administrative Block Government Medical College Karan Nagar Srinagar, Jammu And Kashmir, 190010",M.D. (PREVENTIVE and SOCIAL MEDICINE)/ COMMUNITY MEDICINE,Open,General,Allotted
1231,57354,All India,"M. P. SHAH GOVERNMENT MEDICAL COLLEGE,M. P. SHAH GOVERNMENT MEDICAL COLLEGE, Gujarat, 361008",M.D. IN TRANSFUSION MEDICINE/ IMMUNO- HAEMATOLOGY and BLOOD TRANSFUSION,Open,General,Allotted
1232,57392,All India,"JAWAHAR LAL NEHRU MEDICAL COLLEGE, AJMER,NEAR PATEL STADIUM, AJMER, Rajasthan, 305001",M.D. IN TRANSFUSION MEDICINE/ IMMUNO- HAEMATOLOGY and BLOOD TRANSFUSION,OBC,OBC,Allotted
1233,57403,DNB Quota,"Gopala Gowda Shanthaveri Memorial Hospital, Karnataka,T Narasipura Road, Nazarbad Mysuru, Karnataka, 570010",(NBEMS-DIPLOMA) ANAESTHESIOLOGY,Open,General,Allotted
1234,57480,All India,"Gandhi Medical College, Bhopal,Gandhi Medical College, Bhopal, Madhya Pradesh, 462001",M.D. (Obst. and Gynae)/MS (Obstetrics and Gynaecology),ST,ST,Allotted
1235,57534,All India,"Lady Hardinge Medical College,Lady Hardinge Medical College, Delhi (NCT), 110001",M.D. (BIOCHEMISTRY),Open,General,Allotted
1236,57547,All India,"STANLEY MEDICAL COLLEGE,STANLEY MEDICAL COLLEGE NO.1, OLD JAIL ROAD, CHENNAI-600001, Tamil Nadu, 600001",M.D. (PHARMACOLOGY),OBC,OBC,Allotted
1237,57663,DNB Quota,"SSG government district hospital, ,Udaipur road, Senthi, Chittorgarh, Rajasthan, Rajasthan, 312001",(NBEMS-DIPLOMA) Otorhinolaryngology (E.N.T.),EWS,EWS,Allotted
1238,57679,DNB Quota,"District Hospital ,ALIPURDUAR DISTRICT HOSPITAL, ALIPURDUAR, HOSPITAL ROAD, WARD NO-XIII, ALIPURDUAR , PIN-736121, WEST BENGAL, 736121",(NBEMS-DIPLOMA) Otorhinolaryngology (E.N.T.),Open,OBC,Allotted
1239,58041,All India,"Seth Gordhandas Sunderdas Medical College, MUMBAI,Seth Gordhandas Sunderdas Medical College, Acharya Donde Marg Parel MUMBAI, Maharashtra, 400012",M.D. (MICROBIOLOGY),OBC,OBC,Allotted
1240,58080,All India,"LOKMANYA TILAK MEDICAL COLLEGE MUMBAI,LOKMANYA TILAK MEDICAL COLLEGE MUMBAI, Maharashtra, 400022",M.D. (MICROBIOLOGY),Open,General,Allotted
1241,58095,DNB Quota,"Government Medical College and Bangur Hospital, Nh62 Sumerpur Road Village Ramasiya Pali Rajasthan , Rajasthan-306401,Government Medical College and Bangur Hospital Nh62 Sumerpur Road Village Ramasiya Pali Rajasthan Ra, Rajasthan, 306401",(NBEMS-DIPLOMA) Otorhinolaryngology (E.N.T.),EWS,EWS,Allotted
1242,58107,All India,"JAWAHAR LAL NEHRU MEDICAL COLLEGE, AJMER,NEAR PATEL STADIUM, AJMER, Rajasthan, 305001",M.D. (Tuberculosis and Respiratory diseases)/Pulmonary Medicine /M.D. (Respiratory Medicine),ST,ST,Allotted
1243,58207,All India,"GOA MEDICAL COLLEGE,Bambolim, Goa, Goa, 403202",M.D. (PHYSIOLOGY),Open,OBC,Allotted
1244,58244,DNB Quota,"Bhandari Hospital and Research Centre, ,138 A VASUNDHRA COLONY GOPAL PURA BYPASS TONK ROAD JAIPUR, Rajasthan, 302018",(NBEMS-DIPLOMA) ANAESTHESIOLOGY,Open,EWS,Allotted
1245,58277,DNB Quota,"Tata Medical Center, ,14 MAJOR ARTERIAL ROAD EW NEWTOWN RAJARHAT KOLKATA 700160, West Bengal, 700160",(NBEMS) IMMUNO- HAEMATOLOGY AND BLOOD TRANSFUSION,Open,General,Allotted
1246,58364,DNB Quota,"Area Hospital, Andhra Pradesh,Area Hospital Amalapuram, East Godavari District, Andhra Pradesh, 533201",(NBEMS-DIPLOMA) ANAESTHESIOLOGY,Open,OBC,Allotted
1247,58373,DNB Quota,"GMERS Medical College and Hospital, ,GMERS MEDICAL COLLEGE, NEAR GUJARAT HIGH COURT, S.G HIGH WAY, SOLA, AHMEDABAD, Gujarat, 380060",(NBEMS) GENERAL MEDICINE,ST,ST,Allotted
1248,58424,Management/Paid Seats Quota,"SBKS Medical College and Research Centre, Vadodara,SBKS Medical Institute and Research Centre, Sumandeep Vidyapeeth, Piparia, Waghodia Rd, Vadodara, Gujarat, 391760",M.D. (ANAESTHESIOLOGY),Open,General,Allotted
1249,58537,DNB Quota,"Arambagh Sub Divisional/ Super Speciality Hospital, ,Arambagh, Hooghly , Pin - 712601, West Bengal, 712601",(NBEMS-DIPLOMA) OPHTHALMOLOGY,Open,SC,Allotted
1250,58592,All India,"Government Medical College Kota,Government Medical College Kota, Rajasthan, 324005",M.D. (PHYSIOLOGY),OBC,OBC,Allotted
1251,58597,All India,"PGIMER, DR. RML Hospital,ABVIMS, DR. RML Hospital, Baba Kharak Singh Marg, Cannaught Place, Delhi (NCT), 110001",M.D. (MICROBIOLOGY),Open,General,Allotted
1252,58739,Management/Paid Seats Quota,"Bharati Vidyapeeth Deemed to be University Medical College,Pune,Bharati Vidyapeeth Deemed to be University Medical College, Dhankawadi, Pune Satara Road, Pune, Maharashtra, 411043",M.D. (ANAESTHESIOLOGY),Open,General,Allotted
1253,58905,DNB Quota,"Artemis Health Institute, ,Sector 51, Gurugram, Haryana -122001, Haryana, 122001",(NBEMS) IMMUNO- HAEMATOLOGY AND BLOOD TRANSFUSION,Open,OBC,Allotted
1254,58915,Management/Paid Seats Quota,"D. Y. Patil Medical College, Kolhapur,869 E D. Y. PatilVidyanagar Kolhapur 416 006, Maharashtra, 416006",M.S. (ORTHOPAEDICS),Open,General,Allotted
1255,58925,DNB Quota,"Jaypee Hospital,,sector 128, Noida, Uttar Pradesh, 201304",(NBEMS) IMMUNO- HAEMATOLOGY AND BLOOD TRANSFUSION,Open,General,Allotted
1256,58936,All India,"DARBHANGA MEDICAL COLLEGE,Sheetal Prasad Marg, Laheriasarai, Darbhanga, Bihar, Bihar, 846003",M.D. (PREVENTIVE and SOCIAL MEDICINE)/ COMMUNITY MEDICINE,Open,OBC,Allotted
1257,58946,All India,"Grant Medical College, Maharashtra,Grant Medical College, Maharashtra, Maharashtra, 400008",M.D. (PATHOLOGY),SC,SC,Allotted
1258,58963,DNB Quota,"Shri Vinoba Bhave Civil Hospital,,S R Delkar Marg, Saily Road, Silvassa, Dadra And Nagar Haveli, 396230",(NBEMS-DIPLOMA) RADIO-DIAGNOSIS,ST,ST,Allotted
1259,59037,DNB Quota,"Central Hospital, ,SOUTH EAST CENTRAL RAILWAY, OPPOSITE GOLF GROUND, BILASPUR, Chhattisgarh, 495004",(NBEMS-DIPLOMA) ANAESTHESIOLOGY,OBC,OBC,Allotted
1260,59131,All India,"Govt. Medical College, Jammu,Govt. Medical College, Bakshi Nagar, Jamu, Jammu And Kashmir, 180001",M.D. (PATHOLOGY),OBC,OBC,Allotted
1261,59206,All India,"Rajmata Shrimati Devendra Kumari Singhdeo Government Medical College, Ambikapur,Kanyaparisar Road Gangapur Ambikapur District Surguja, Chhattisgarh, 497001",M.D. (PATHOLOGY),OBC,OBC,Allotted
1262,59209,All India,"PGIMER, DR. RML Hospital,ABVIMS, DR. RML Hospital, Baba Kharak Singh Marg, Cannaught Place, Delhi (NCT), 110001",M.D. (MICROBIOLOGY),Open,General,Allotted
1263,59281,DNB Quota,"Taluka General Hospital, ,CHIEF MEDICAL OFFICER TALUKA GENERAL HOSPITAL HANAMAGERI STREET SAUNDATTI TQ SAUNDATTI DIST BELAGAVI, Karnataka, 591126",(NBEMS-DIPLOMA) OPHTHALMOLOGY,Open,General,Allotted
1264,59364,All India,"Sawai Man Singh Medical College, JAIPUR,Sawai Man Singh Medical College, JLN Marg, Jaipur-302004, Rajasthan, 302004",M.D. (MICROBIOLOGY),Open,OBC,Allotted
1265,59494,Management/Paid Seats Quota,"Mahatma Gandhi Medical College and Research Institute, Pondicherry,SBV Pondicherry Campus, Pillaiyarkuppam, Pondicherry, Puducherry, 607402",M.D. (Obst. and Gynae)/MS (Obstetrics and Gynaecology),Open,General,Allotted
1266,59572,DNB Quota,"Autonomous State Medical college Society and S.N.M District Hospital, ,DAULATTAPUR JALESAR ROAD NARKHI FIROZABAD, Uttar Pradesh, 283203",(NBEMS-DIPLOMA) Obstetrics and Gynaecology,SC,SC,Allotted
1267,59593,DNB Quota,"District Hospital, ,GOVT. HOSPITAL, PLACE ROAD ,SIROHI, Rajasthan, 307001",(NBEMS-DIPLOMA) Obstetrics and Gynaecology,SC,SC,Allotted
1268,59725,All India,"COIMBATORE MEDICAL COLLEGE,COIMBATORE MEDICAL COLLEGE, Tamil Nadu, 641014",M.D. (Obst. and Gynae)/MS (Obstetrics and Gynaecology),ST,ST,Allotted
1269,59749,All India,"University College of Medical Sciences,University College of Medical Sciences, Delhi (NCT), 110095",M.D. (MICROBIOLOGY),OBC,OBC,Allotted
1270,59840,All India,"Vardhman Mahavir Medical College, , New Delhi,Vardhman Mahavir Medical College, , New Delhi, Delhi (NCT), 110029",M.D. (PHYSIOLOGY),OBC,OBC,Allotted
1271,59845,DNB Quota,"BOLPUR SUB DIVISION HOSPITAL , ,bolpursdhospital@yahoo.com, West Bengal, 731204",(NBEMS-DIPLOMA) Tuberculosis and CHEST DISEASES,SC,SC,Allotted
1272,59901,Management/Paid Seats Quota,"Sri Lakshmi narayana institute of medical sciences,puducherry,Sri Lakshmi narayana institute of medical sciences,puducherry, Puducherry, 605502",M.D. (GENERAL MEDICINE),Open,General,Allotted
1273,60058,DNB Quota,"Rajiv Gandhi Government General Hospital, Principal Medical Officer General hospital, ,Rajiv Gandhi Government General Hospital, near bijli ghar circle, ALWAR, Rajasthan, 301001",(NBEMS-DIPLOMA) FAMILY MEDICINE,SC,SC,Allotted
1274,60120,DNB Quota,"DISTRICT HOSPITAL , Madhya Pradesh-456001,csurgeonujjmp@nic.in, Madhya Pradesh, 456001",(NBEMS-DIPLOMA) Otorhinolaryngology (E.N.T.),Open,General,Allotted
1275,60195,All India,"ESI-POST GRADUATE INSTITUTE OF MEDICAL SCIENCES AND RESEARCH, BASAIDARAPUR, NEW DELHI,ESI-POST GRADUATE INSTITUTE OF MEDICAL SCIENCES AND RESEARCH, BASAIDARAPUR, NEW DELHI, Delhi (NCT), 110015",M.D. (MICROBIOLOGY),Open,OBC,Allotted
1276,60308,DNB Quota,"APL and ANR Area, Andhra Pradesh,Area Hospital, Gudiwada OPP Head Post office Road, Fire station road, Gudiwada, Andhra Pradesh, 521301",(NBEMS-DIPLOMA) FAMILY MEDICINE,Open,EWS,Allotted
1277,60341,DNB Quota,"Diamond Harbour Government Medical College And Hospital, ,Harindanga, New Town, Word No- 4, P.O and P.S- Diamond Harbour, Dist- South 24 Parganas, West Bengal, West Bengal, 743331",(NBEMS-DIPLOMA) ANAESTHESIOLOGY,Open,SC,Allotted
1278,60350,Management/Paid Seats Quota,"Rajarajeswari Medical College and Hospital,No. 202, Kambipura, Mysore Road, Bengaluru, Karnataka, 560074",M.D. (PAEDIATRICS),Open,General,Allotted
1279,60418,DNB Quota,"GMR Varalakshmi Care Hospital, Andhra Pradesh,GMR Varalakshmi CARE Hospital GMR Nagar , Rajam, Vizianagaram District, Andhra Pradesh, 532127",(NBEMS-DIPLOMA) ANAESTHESIOLOGY,Open,General,Allotted
1280,60429,Management/Paid Seats Quota,"Yenepoya Medical College,Yenepoya Medical College, Karnataka, 575018",M.D. (PATHOLOGY),Open,General,Allotted
1281,60464,DNB Quota,"Regency Hospital,,A-2, Sarvodaya Nagar, Kanpur, Uttar Pradesh, 208005",(NBEMS) PATHOLOGY,Open,OBC,Allotted
1282,60525,DNB Quota,"District Hospital, Andhra Pradesh,dhmarkapur@gmail.com, Andhra Pradesh, 523316",(NBEMS-DIPLOMA) ANAESTHESIOLOGY,OBC,OBC,Allotted
1283,60537,Management/Paid Seats Quota,"Shri Sathya Sai Medical College and Research Institute,Kancheepuram,Shri Sathya Sai Nagar, SBV Chennai Campus, Ammapettai, Chengalpattu District, Tamil Nadu, 603108","M.D. (DERM.,VENE. and LEPROSY)/ (DERMATOLOGY)/(SKIN and VENEREAL DISEASES)/(VENEREOL OGY)",Open,General,Allotted
1284,60692,DNB Quota,"Rajiv Gandhi Government General Hospital, Principal Medical Officer General hospital, ,Rajiv Gandhi Government General Hospital, near bijli ghar circle, ALWAR, Rajasthan, 301001",(NBEMS-DIPLOMA) OPHTHALMOLOGY,EWS,EWS,Allotted
1285,60701,Management/Paid Seats Quota,"Sri Lakshmi narayana institute of medical sciences,puducherry,Sri Lakshmi narayana institute of medical sciences,puducherry, Puducherry, 605502","M.D. (DERM.,VENE. and LEPROSY)/ (DERMATOLOGY)/(SKIN and VENEREAL DISEASES)/(VENEREOL OGY)",Open,OBC,Allotted
1286,60768,Management/Paid Seats Quota,"Santosh Medical College and Hospital, Ghaziabad, NCR Delhi,Santosh Medical College and Hospital, Ghaziabad, Delhi NCR, Uttar Pradesh, 201009",M.D. (GENERAL MEDICINE),Open,General,Allotted
1287,60797,DNB Quota,"INFECTIOUS DISEASES AND BELIAGHATA GENERAL HOSPITAL, West Bengal,57 BELIAGHATA MAIN ROAD, KOLKATA, West Bengal, 700010",(NBEMS) GENERAL MEDICINE,ST,ST,Allotted
1288,60886,All India,"MEDICAL COLLEGE, KOLKATA,MEDICAL COLLEGE, KOLKATA, West Bengal, 700073",DIPLOMA IN OPHTHALMOLOGY/DOM S,SC,SC,Allotted
1289,60963,All India,"CALCUTTA NATIONAL MEDICAL COLLEGE,CALCUTTA NATIONAL MEDICAL COLLEGE 32, Gorachand Road, Kolkata 700014, West Bengal, 700014",M.D. (Obst. and Gynae)/MS (Obstetrics and Gynaecology),ST,ST,Allotted
1290,60982,All India,"Government Medical College Kozhikode,Government Medical College Kozhikode principalmcc@gmail.com, Kerala, 673008",M.D. (FORENSIC MEDICINE),Open,General,Allotted
1291,60995,Management/Paid Seats Quota,"SRI DEVARAJ URS MEDICAL COLLEGE, TAMAKA,Tamaka, Kolar, Karnataka, 563103",M.S. (GENERAL SURGERY),Open,OBC,Allotted
1292,61043,All India,"NIZAMS INSTITUTE OF MEDICAL SCIENCES,NIZAMS INSTITUTE OF MEDICAL SCIENCES PANJAGUTTA HYDERABAD, Telangana, 500082",M.D. (BIOCHEMISTRY),Open,EWS,Allotted
1293,61121,DNB Quota,"Civil Hospital, Gurugram , Haryana,Civil Hospital Sector-10, Gurugram, Haryana, Haryana, 122001",(NBEMS-DIPLOMA) FAMILY MEDICINE,SC,SC,Allotted
1294,61224,Management/Paid Seats Quota,"Jawaharlal Nehru Medical College, Belagavi,Jawaharlal Nehru Medical College, Belagavi, Karnataka, 590010",M.D. (PATHOLOGY),Open,General,Allotted
1295,61276,Management/Paid Seats Quota,"SRI SIDDHARTHA MEDICAL COLLEGE, TUMKUR,SRI SIDDHARTHA MEDICAL COLLEGE, TUMKUR, Karnataka, 572107",M.S. (GENERAL SURGERY),Open,General,Allotted
1296,61395,All India,"JAWAHARLAL NEHRU MEDICAL COLLEGE, ALIGARH MUSLIM UNIVERSITY STATE UTTAR,JAWAHARLAL NEHRU MEDICAL COLLEGE, ALIGARH MUSLIM UNIVERSITY STATE UTTAR, Uttar Pradesh, 202002",M.D. (MICROBIOLOGY),Open,General,Allotted
1297,61626,All India,"GAJRA RAJA MEDICAL COLLEGE GWALIOR,GAJRA RAJA MEDICAL COLLEGE GWALIOR, Madhya Pradesh, 474009",M.D. (PATHOLOGY),SC,SC,Allotted
1298,61636,DNB Quota,"DURGAPUR SUB DIVISIONAL HOSPITAL , ,DR.ZAKIR HUSSIAN AVENUE, BIDHANNAGAR, DURGAPUR, West Bengal, 713206",(NBEMS-DIPLOMA) Otorhinolaryngology (E.N.T.),OBC,OBC,Allotted
1299,61638,All India,"Gauhati Medical College, Guwahati,Gauhati Medical College, Guwahati, Assam, 781032",M.D. (PHARMACOLOGY),Open,General,Allotted
1300,61674,DNB Quota,"Diamond Harbour Government Medical College And Hospital, ,Harindanga, New Town, Word No- 4, P.O and P.S- Diamond Harbour, Dist- South 24 Parganas, West Bengal, West Bengal, 743331",(NBEMS-DIPLOMA) ANAESTHESIOLOGY,SC,SC,Allotted
1301,61839,DNB Quota,"Government Medical College and Bangur Hospital, Nh62 Sumerpur Road Village Ramasiya Pali Rajasthan , Rajasthan-306401,Government Medical College and Bangur Hospital Nh62 Sumerpur Road Village Ramasiya Pali Rajasthan Ra, Rajasthan, 306401",(NBEMS-DIPLOMA) FAMILY MEDICINE,Open,OBC,Allotted
1302,61882,All India,"Karnataka Institute of Medical Sciences, Hubballi,Karnataka Institute of Medical Sciences, Hubballi, Karnataka, 580021",M.D. (PREVENTIVE and SOCIAL MEDICINE)/ COMMUNITY MEDICINE,Open,OBC,Allotted
1303,61897,Management/Paid Seats Quota,"SRI DEVARAJ URS MEDICAL COLLEGE, TAMAKA,Tamaka, Kolar, Karnataka, 563103",M.S. (ORTHOPAEDICS),Open,General,Allotted
1304,61933,DNB Quota,"Cottage Hospital , Gujarat,Cottage hospital station road Upleta, Gujarat, 360490",(NBEMS-DIPLOMA) OPHTHALMOLOGY,OBC,OBC,Allotted
1305,61934,All India,"INSTITUTE OF MEDICAL SCIENCES, BANARAS HINDU UNIVERSITY,INSTITUTE OF MEDICAL SCIENCES, BANARAS HINDU UNIVERSITY, Uttar Pradesh, 221005",M.D. (FORENSIC MEDICINE),OBC,OBC,Allotted
1306,62065,DNB Quota,"Wenlock District Hospital, ,HAMPANAKATTA MANGALORE, Karnataka, 575001",(NBEMS) IMMUNO- HAEMATOLOGY AND BLOOD TRANSFUSION,SC,SC,Allotted
1307,62180,Management/Paid Seats Quota,"Jawaharlal Nehru Medical College, Sawangi (Meghe), Wardha-,Jawaharlal Nehru Medical College, Sawangi (Meghe), Wardha-442107, Maharashtra, 442107",M.D. (Emergency and Critical Care)/M.D. (Emergency Medicine),Open,OBC,Allotted
1308,62230,All India,"Govt. Medical College, Baroda,Govt. Medical College, Baroda, Gujarat, 390001",M.D. (PATHOLOGY),SC,SC,Allotted
1309,62270,DNB Quota,"Narayana Multispeciality Hospital , West Bengal,Andul road, Podrah Chunavati Howrah, West Bengal, 711109",(NBEMS-DIPLOMA) FAMILY MEDICINE,Open,General,Allotted
1310,62274,All India,"STANLEY MEDICAL COLLEGE,STANLEY MEDICAL COLLEGE NO.1, OLD JAIL ROAD, CHENNAI-600001, Tamil Nadu, 600001",M.D. (FORENSIC MEDICINE),OBC,OBC,Allotted
1311,62285,DNB Quota,"Govt. Medical College and Hospital,,,Government Medical College Hospital Chandigarh, Chandigarh, 160030",(NBEMS) Hospital Administration,Open,General,Allotted
1312,62329,All India,"Government Medical College, Mahabubnagar,Government Medical College, Yedira, Mahabubnagar, Telangana state, Telangana, 509002",M.D. (PATHOLOGY),SC,SC,Allotted
1313,62511,All India,"Lady Hardinge Medical College,Lady Hardinge Medical College, Delhi (NCT), 110001",M.D. (FORENSIC MEDICINE),Open,OBC,Allotted
1314,62524,DNB Quota,"Government DB General Medical Hosptal,Churu, Nayabass, Churu",(NBEMS-DIPLOMA) OPHTHALMOLOGY,Open,SC,Allotted
1315,62590,All India,"GOVERNMENT MEDICAL COLLEGE CHANDRAPUR, MAHARASHTRA,TB Hospital Campus, Ram Nagar, Chandrapur - 442401, Maharashtra, 442401",M.S. (GENERAL SURGERY),ST,ST,Allotted
1316,62771,All India,"Pandit Dindayal Upadhyay Medical College, RAJKOT,Pandit Dindayal Upadhyay Medical College, RAJKOT, Gujarat, 360001",M.D. (PATHOLOGY),SC,SC,Allotted
1317,62829,DNB Quota,"S. G. L. Super Specialty Charitable Hospital, ,GARHA ROAD, JALANDHAR, Punjab, 144022",(NBEMS-DIPLOMA) ANAESTHESIOLOGY,Open,General,Allotted
1318,62897,All India,"Maulana Azad Medical College,Maulana Azad Medical College, Delhi (NCT), 110002",M.D. (BIOCHEMISTRY),Open,SC,Allotted
1319,62936,All India,"JAWAHAR LAL NEHRU MEDICAL COLLEGE, AJMER,NEAR PATEL STADIUM, AJMER, Rajasthan, 305001",M.D. (Emergency and Critical Care)/M.D. (Emergency Medicine),ST,ST,Allotted
1320,62954,All India,"Rajarshee Chhatrapati Shahu Maharaj Government Medical College, Kolhapur,R.K. Nagar Road, Shenda Park, Kolhapur, Maharashtra, Maharashtra, 416012",M.D. (PREVENTIVE and SOCIAL MEDICINE)/ COMMUNITY MEDICINE,Open,General,Allotted
1321,62983,Management/Paid Seats Quota,"DR D Y PATIL MEDICAL COLLEGE, NAVI MUMBAI,DR D Y PATIL MEDICAL COLLEGE, NAVI MUMBAI, Maharashtra, 400706",M.S. (GENERAL SURGERY),Open,General,Allotted
1322,63061,Management/Paid Seats Quota,"D. Y. Patil Medical College, Kolhapur,869 E D. Y. PatilVidyanagar Kolhapur 416 006, Maharashtra, 416006",M.D. (ANAESTHESIOLOGY),Open,General,Allotted
1323,63121,All India,"Veer Chandra Singh Garhwali Govt. Institute of Medical Science & Research,Veer Chandra Singh Garhwali Govt. Institute of Medical Science and Research, Srinagar Garhwal, Uttarakhand, 246174",M.D. (PREVENTIVE and SOCIAL MEDICINE)/ COMMUNITY MEDICINE,Open,General,Allotted
1324,63129,DNB Quota,"Ojas Super Speciality Hospital, Panchkula, Haryana,H1, NH 7, Sector 26, Panchkula Extension, Panchkula, Haryana, Haryana, 134116",(NBEMS-DIPLOMA) ANAESTHESIOLOGY,Open,General,Allotted
1325,63148,DNB Quota,"Taluk General Hospital, ,Taluk General Hospital Kadur Nh 206 Kadur , Chikmagalur District Karnataka 577548, Karnataka, 577548",(NBEMS-DIPLOMA) ANAESTHESIOLOGY,EWS,EWS,Allotted
1326,63192,Management/Paid Seats Quota,"Santosh Medical College and Hospital, Ghaziabad, NCR Delhi,Santosh Medical College and Hospital, Ghaziabad, Delhi NCR, Uttar Pradesh, 201009",M.S. (GENERAL SURGERY),Open,General,Allotted
1327,63216,All India,"Pandit Bhagwat Dayal Sharma Post Graduate Institute of Medical Sciences, Rohtak,Pandit Bhagwat Dayal Sharma Post Graduate Institute of Medical Sciences, Rohtak, Haryana, 124001",M.D. (FORENSIC MEDICINE),Open,OBC,Allotted
1328,63385,DNB Quota,"RAJ JINDAL HOSPITAL AND RESEARCH CENTRE PVT LTD, Rajasthan,S.P.M. NAGAR BEHIND REGIONAL OFFICE RSPCB BHARATPUR, Rajasthan, 321001",(NBEMS-DIPLOMA) ANAESTHESIOLOGY,Open,General,Allotted
1329,63392,All India,"SHYAM SHAH MEDICAL COLLEGE,deanmcrewa@rediffmail.com, Madhya Pradesh, 486001",M.S. (GENERAL SURGERY),ST,ST,Allotted
1330,63404,All India,"Shrikrishna Medical College & Hospital, Muzaffarpur,Shrikrishna Medical College & Hospital, Muzaffarpur, Bihar, 842004",M.D. (PATHOLOGY),OBC,OBC,Allotted
1331,63439,All India,"The National Institute of Health and Family Welfare,The National Institute of Health and Family Welfare, Delhi (NCT), 110067",DIPLOMA IN HEALTH ADMINISTRATION,Open,General,Allotted
1332,63502,DNB Quota,"District Hospital, ,District Hospital, B.H.Road, Tumakuru-572101, Karnataka, 572101",(NBEMS-DIPLOMA) OPHTHALMOLOGY,SC,SC,Allotted
1333,63589,DNB Quota,"Second Sight Southend Eye Centre Pvt. Ltd., West Bengal,Baruipur Amtola Road. Dhopagachi, Kundarali, PS.Baruipur, Westbengal, Pin - 743610, West Bengal, 743610",(NBEMS-DIPLOMA) OPHTHALMOLOGY,Open,General,Allotted
1334,63599,DNB Quota,"Aralaguppe Mallegowda District Hospital,,AZAD PARK CHIKKAMAGALURU, Karnataka, 577101",(NBEMS-DIPLOMA) ANAESTHESIOLOGY,SC,SC,Allotted
1335,63627,DNB Quota,"District Hospital, ,District Hospital Next to Sainik School second gate Athani Road, Vijayapura Karnataka 586103, Karnataka, 586103",(NBEMS-DIPLOMA) FAMILY MEDICINE,OBC,OBC,Allotted
1336,63712,DNB Quota,"Mal SSH, West Bengal,Mal Super Speciality Hospital, Mal, Jalpaiguri, West Bengal, 735221",(NBEMS-DIPLOMA) OPHTHALMOLOGY,Open,OBC,Allotted
1337,63861,All India,"MADURAI MEDICAL COLLEGE,MADURAI MEDICAL COLLEGE, Tamil Nadu, 625020",M.D. (PATHOLOGY),SC,SC,Allotted
1338,63884,Management/Paid Seats Quota,"DR. D. Y. PATIL MEDICAL COLLEGE, PUNE,Dr. D. Y. Patil Medical College, Hospital and Research Centre, Sant Tukaram Nagar, Pimpri, Pune., Maharashtra, 411018",M.S. (GENERAL SURGERY),Open,General,Allotted
1339,63892,Management/Paid Seats Quota,"SREE BALAJI MEDICAL COLLEGE AND HOSPITAL, CHENNAI,NO,7 WORKS ROAD,CHROMEPET,CHENNAI, Tamil Nadu, 600044",M.D. (Obst. and Gynae)/MS (Obstetrics and Gynaecology),Open,General,Allotted
1340,63923,Management/Paid Seats Quota,"Meenakshi Medical College Hospital and Research Institute, Kanchipuram,Meenakshi Medical College Hospital and Research Institute, Kanchipuram, Tamil Nadu, 631552",M.D. (PSYCHIATRY),Open,OBC,Allotted
1341,63973,DNB Quota,"Balrampur Hospital, ,Gola Ganj, lucknow, Uttar Pradesh, 226018",(NBEMS) PATHOLOGY,OBC,OBC,Allotted
1342,64123,DNB Quota,"Imambara District Hospital,,AKHANBAZAR ROAD, CHINSURA, HOOGHLY, West Bengal, 712101",(NBEMS-DIPLOMA) Otorhinolaryngology (E.N.T.),SC,SC,Allotted
1343,64143,DNB Quota,"Government General Hospital, ,GOVERNMENT GENERAL HOSPITAL, ALANPUR LINK ROAD SAWAI MADHOPUR 322001, Rajasthan, 322001",(NBEMS-DIPLOMA) FAMILY MEDICINE,OBC,OBC,Allotted
1344,64201,All India,"KING GEORGES MEDICAL UNIVERSITY,KING GEORGES MEDICAL UNIVERSITY, Shahmeena Road, Chowk, Lucknow-226003, Uttar Pradesh, 226003",M.D. (PREVENTIVE and SOCIAL MEDICINE)/ COMMUNITY MEDICINE,SC,SC,Allotted
1345,64211,All India,"All India Institute of Hygiene and Public Health,110, C. R Avenue, Kolkata, West Bengal, 700073",M.P.H. (EPIDEMIOLOGY),OBC,OBC,Allotted
1346,64273,DNB Quota,"District Hospital, ,DISTRICT HOSPITAL NEAR SANGAM CIRCLE DR RAJ KUMAR ROAD BALLARI-583101 KARNATAKA, Karnataka, 583101",(NBEMS-DIPLOMA) FAMILY MEDICINE,OBC,OBC,Allotted
1347,64279,All India,"JAWAHARLAL NEHRU MEDICAL COLLEGE, ALIGARH MUSLIM UNIVERSITY STATE UTTAR,JAWAHARLAL NEHRU MEDICAL COLLEGE, ALIGARH MUSLIM UNIVERSITY STATE UTTAR, Uttar Pradesh, 202002",M.D. (FORENSIC MEDICINE),Open,General,Allotted
1348,64509,All India,"B. J. MEDICAL COLLEGE, Ahmedabad,B.J. Medical College, New Civil Hospital Asarwa,Ahmedabad-380016,Gujarat,India, Gujarat, 380016",M.D. (PREVENTIVE and SOCIAL MEDICINE)/ COMMUNITY MEDICINE,OBC,OBC,Allotted
1349,64813,All India,"GOVT. MEDICAL COLLEGE AND HOSPITAL, CHANDIGARH,GOVT. MEDICAL COLLEGE AND HOSPITAL, CHANDIGARH, Chandigarh, 160030",M.D. (FORENSIC MEDICINE),Open,General,Allotted
1350,64861,DNB Quota,"Lalbagh Sub Division Hospital, West Bengal,Golapbagh, PO-Murshidabad, PS- Murshidabad, Dist.-Murshidabad, West Bengal, 742149",(NBEMS-DIPLOMA) ANAESTHESIOLOGY,Open,OBC,Allotted
1351,64866,All India,"Agartala Government Medical College,Agartala Government Medical College, Tripura, 799006",M.D. (PHARMACOLOGY),OBC,OBC,Allotted
1352,64951,DNB Quota,"Bhima Bhoi Medical College and Hospital, Balangir,At-Laltikra Po-Rajendra College, Balangir, Odisha, 767002",(NBEMS-DIPLOMA) ANAESTHESIOLOGY,EWS,EWS,Allotted
1353,65042,Management/Paid Seats Quota,"Santosh Medical College and Hospital, Ghaziabad, NCR Delhi,Santosh Medical College and Hospital, Ghaziabad, Delhi NCR, Uttar Pradesh, 201009",M.D. (Obst. and Gynae)/MS (Obstetrics and Gynaecology),Open,General,Allotted
1354,65043,Management/Paid Seats Quota,"DR D Y PATIL MEDICAL COLLEGE, NAVI MUMBAI,DR D Y PATIL MEDICAL COLLEGE, NAVI MUMBAI, Maharashtra, 400706",M.D. (Obst. and Gynae)/MS (Obstetrics and Gynaecology),Open,OBC,Allotted
1355,65045,Management/Paid Seats Quota,"SHRI. B. M. PATIL MEDICAL COLLEGE HOSPITAL AND RESEARCH CENTRE,SHRI. B. M. PATIL MEDICAL COLLEGE HOSPITAL AND RESEARCH CENTRE, SOLAPUR ROAD, VIJAYAPURA, Karnataka, 586103",M.S. (GENERAL SURGERY),Open,General,Allotted
1356,65144,Management/Paid Seats Quota,"Jawaharlal Nehru Medical College, Belagavi,Jawaharlal Nehru Medical College, Belagavi, Karnataka, 590010",M.D. (PATHOLOGY),Open,General,Allotted
1357,65162,DNB Quota,"NEOTIA GETWEL HEALTHCARE CENTRE, ,Uttorayon, Behind City Centre, Matigara, Siliguri, West Bengal, 734010",(NBEMS-DIPLOMA) ANAESTHESIOLOGY,Open,General,Allotted
1358,65297,DNB Quota,"Ursala Horsman Memorial Hospital, ,Bada Chauraha, Civil Lines,Kanpur Nagar, Uttar Pradesh, 208001",(NBEMS-DIPLOMA) OPHTHALMOLOGY,EWS,EWS,Allotted
1359,65357,Non-Resident Indian,"Rajarajeswari Medical College and Hospital,No. 202, Kambipura, Mysore Road, Bengaluru, Karnataka, 560074",M.D. (GENERAL MEDICINE),Open,General,Allotted
1360,65494,DNB Quota,"Government District General Hospital, Ramachandraraopeta, Eluru, West Godavari District, Andhra Prad, Andhra Pradesh, 534006,Government District General Hospital, Ramachandraraopeta, Eluru, West Godavari District, Andhra Prad, Andhra Pradesh, 534006",(NBEMS-DIPLOMA) OPHTHALMOLOGY,SC,SC,Allotted
1361,65501,All India,"CALCUTTA NATIONAL MEDICAL COLLEGE,CALCUTTA NATIONAL MEDICAL COLLEGE 32, Gorachand Road, Kolkata 700014, West Bengal, 700014",M.D. (PREVENTIVE and SOCIAL MEDICINE)/ COMMUNITY MEDICINE,Open,General,Allotted
1362,65534,Management/Paid Seats Quota,"SREE BALAJI MEDICAL COLLEGE AND HOSPITAL, CHENNAI,NO,7 WORKS ROAD,CHROMEPET,CHENNAI, Tamil Nadu, 600044",M.D. (Obst. and Gynae)/MS (Obstetrics and Gynaecology),Open,OBC,Allotted
1363,65543,DNB Quota,"Choudhury Eye Hospital And Research Centre, Assam,Shyamaprasad Road, Silchar-1, Assam, 788001",(NBEMS-DIPLOMA) OPHTHALMOLOGY,Open,OBC,Allotted
1364,65552,DNB Quota,"Bhagyoday Tirth Chikitsalay, Sagar, Madhya Pradesh,khurai road ,Sagar M.P., Madhya Pradesh, 470002",(NBEMS-DIPLOMA) FAMILY MEDICINE,Open,EWS,Allotted
1365,65621,All India,"Bangalore Medical College and Research Institute,Bangalore Medical College and Research Institute, Karnataka, 560002",M.D. (PATHOLOGY),EWS,EWS,Allotted
1366,65882,All India,"North Bengal Medical College,North Bengal Medical College, West Bengal, 734012",M.D. (PATHOLOGY),OBC,OBC,Allotted
1367,66007,All India,"BPS Govt. Medical College for Women, Khanpur Kalan Sonepat,BPS Govt. Medical College for Women, Khanpur Kalan Sonepat, Haryana, 131305",M.D. (PATHOLOGY),SC,SC,Allotted
1368,66026,All India,"Pandit Bhagwat Dayal Sharma Post Graduate Institute of Medical Sciences, Rohtak,Pandit Bhagwat Dayal Sharma Post Graduate Institute of Medical Sciences, Rohtak, Haryana, 124001",M.D. (FORENSIC MEDICINE),Open,OBC,Allotted
1369,66162,All India,"Govt. Medical College Akola,Govt. Medical College Akola, Maharashtra, 444001",M.D. (RADIO- DIAGNOSIS),Open PwD,OBC PwD,Allotted
1370,66179,DNB Quota,"Bhavsinhji and Maharani Rupaliba General Hospital, ,Near S. T. Bus Stand, Opp. Bhutnath Temple, Hospital Road, Porbandar, Gujarat, 360575",(NBEMS-DIPLOMA) ANAESTHESIOLOGY,SC,SC,Allotted
1371,66199,DNB Quota,"Choudhury Eye Hospital And Research Centre, Assam,Shyamaprasad Road, Silchar-1, Assam, 788001",(NBEMS-DIPLOMA) OPHTHALMOLOGY,Open,OBC,Allotted
1372,66312,All India,"JAWAHAR LAL NEHRU MEDICAL COLLEGE, AJMER,NEAR PATEL STADIUM, AJMER, Rajasthan, 305001",M.D. (MICROBIOLOGY),Open,General,Allotted
1373,66376,Management/Paid Seats Quota,"VINAYAKA MISSIONS MEDICAL COLLEGE AND HOSPITAL, KARAIKAL,KEEZHAKASAKUDIMEDU, KOTTUCHERRY (POST), KARAIKAL, UT of PUDUCHERRY, Puducherry, 609609",M.S. (GENERAL SURGERY),Open,General,Allotted
1374,66388,DNB Quota,"Government Medical College and Associated Group of Hospitals, Government Medical College, Dungarpur and Associated Group of Hospitals Shri Haridev Joshi Hospital,,Government Medical College and Associated Group of Hospitals, Government Medical College, Dungarpur, Rajasthan, 314001",(NBEMS-DIPLOMA) FAMILY MEDICINE,Open,General,Allotted
1375,66700,Management/Paid Seats Quota,"Pravara Rural Medical College, Loni,Dr. Balasaheb Vikhe Patil Rural Medical College (Formerly Called As Rural Medical College, Loni), Maharashtra, 413736",M.S. (OPHTHALMOLOGY),Open,General,Allotted
1376,66765,DNB Quota,"Habra State General Hospital,Habra SGH, North 24 Pgs, Habra, Pin - 743263, West Bengal, 743263",(NBEMS-DIPLOMA) OPHTHALMOLOGY,Open,General,Allotted
1377,66839,All India,"Dr Ram Manohar Lohia Institute of Medical Sciences, Lucknow,Dr Ram Manohar Lohia Institute of Medical Sciences, Lucknow, Uttar Pradesh, 226010",M.D. (PHARMACOLOGY),Open,General,Allotted
1378,66842,All India,"B. J. MEDICAL COLLEGE, Ahmedabad,B.J. Medical College, New Civil Hospital Asarwa,Ahmedabad-380016,Gujarat,India, Gujarat, 380016",M.S. (OPHTHALMOLOGY),ST,ST,Allotted
1379,66937,DNB Quota,"Government Medical College and Bangur Hospital, Nh62 Sumerpur Road Village Ramasiya Pali Rajasthan , Rajasthan-306401,Government Medical College and Bangur Hospital Nh62 Sumerpur Road Village Ramasiya Pali Rajasthan Ra, Rajasthan, 306401",(NBEMS-DIPLOMA) FAMILY MEDICINE,Open,General,Allotted
1380,66967,All India,"Gvernment Medical College,Haldwani,Government Medical College, Haldwani, Uttarakhand, 263139",M.S. (GENERAL SURGERY),ST,ST,Allotted
1381,67068,All India,"GOVT. MEDICAL COLLEGE, THIRUVANANTHAPURAM,GOVT. MEDICAL COLLEGE, THIRUVANANTHAPURAM, Kerala, 695011",M.S. (GENERAL SURGERY),ST,ST,Allotted
1382,67101,DNB Quota,"Choudhury Eye Hospital And Research Centre, Assam,Shyamaprasad Road, Silchar-1, Assam, 788001",(NBEMS-DIPLOMA) OPHTHALMOLOGY,Open,General,Allotted
1383,67210,All India,"Govt. Doon Medical College, Dehradun,Govt. Doon Medical College Dehrakhas, Patel Nagar Dehradun 248001, Uttarakhand, 248001",M.D. (PHARMACOLOGY),Open,General,Allotted
1384,67211,DNB Quota,"VCSG Govt Institute of Medical Science and Research and HNB Base Teaching Hospital , ,Srikot Ganganali Srinagar Garhwal Uttarakhand, Uttarakhand, 246174",(NBEMS-DIPLOMA) ANAESTHESIOLOGY,SC,SC,Allotted
1385,67311,Non-Resident Indian,"Institute of Medical Sciences and SUM Hospital, Bhubaneswar,Institute of Medical Sciences and SUM Hospital K 8 Kalinga Nagar PO Mahalaxmi Vihar Bhubaneswar, Odisha, 751029","M.D. (DERM.,VENE. and LEPROSY)/ (DERMATOLOGY)/(SKIN and VENEREAL DISEASES)/(VENEREOL OGY)",Open,General,Allotted
1386,67423,All India,"GAJRA RAJA MEDICAL COLLEGE GWALIOR,GAJRA RAJA MEDICAL COLLEGE GWALIOR, Madhya Pradesh, 474009",M.S. (ORTHOPAEDICS),ST,ST,Allotted
1387,67495,DNB Quota,"Government Medical College and Bangur Hospital, Nh62 Sumerpur Road Village Ramasiya Pali Rajasthan , Rajasthan-306401,Government Medical College and Bangur Hospital Nh62 Sumerpur Road Village Ramasiya Pali Rajasthan Ra, Rajasthan, 306401",(NBEMS-DIPLOMA) FAMILY MEDICINE,OBC,OBC,Allotted
1388,67512,All India,"CALCUTTA NATIONAL MEDICAL COLLEGE,CALCUTTA NATIONAL MEDICAL COLLEGE 32, Gorachand Road, Kolkata 700014, West Bengal, 700014",M.D. (PREVENTIVE and SOCIAL MEDICINE)/ COMMUNITY MEDICINE,Open,General,Allotted
1389,67517,All India,"DARBHANGA MEDICAL COLLEGE,Sheetal Prasad Marg, Laheriasarai, Darbhanga, Bihar, Bihar, 846003",M.D. (MICROBIOLOGY),SC,SC,Allotted
1390,67593,All India,"North Bengal Medical College,North Bengal Medical College, West Bengal, 734012",M.D. (PATHOLOGY),OBC,OBC,Allotted
1391,67653,DNB Quota,"Government Medical College and Associated Hospital,,JANGLAT MANDI ANANTNAG, JAMMU AND KASHMIR 192101, Jammu And Kashmir, 192101",(NBEMS-DIPLOMA) Otorhinolaryngology (E.N.T.),EWS,EWS,Allotted
1392,67669,DNB Quota,"Choudhury Eye Hospital And Research Centre, Assam,Shyamaprasad Road, Silchar-1, Assam, 788001",(NBEMS-DIPLOMA) OPHTHALMOLOGY,Open,OBC,Allotted
1393,67735,All India,"ESIC Medical College & Hospital, Faridabad,NH3 NIT FARIDABAD, Haryana, 121001",M.D. IN TRANSFUSION MEDICINE/ IMMUNO- HAEMATOLOGY and BLOOD TRANSFUSION,SC,SC,Allotted
1394,67763,All India,"PGIMER, DR. RML Hospital,ABVIMS, DR. RML Hospital, Baba Kharak Singh Marg, Cannaught Place, Delhi (NCT), 110001",M.D. (BIOCHEMISTRY),Open,General,Allotted
1395,67765,All India,"KANYAKUMARI GOVERNMENT MEDICAL COLLEGE,KANYAKUMARI GOVERNMENT MEDICAL COLLEGE, Tamil Nadu, 629201",M.D. (Obst. and Gynae)/MS (Obstetrics and Gynaecology),ST,ST,Allotted
1396,67847,All India,"B. J. MEDICAL COLLEGE, Ahmedabad,B.J. Medical College, New Civil Hospital Asarwa,Ahmedabad-380016,Gujarat,India, Gujarat, 380016",M.D. (MICROBIOLOGY),Open,General,Allotted
1397,67893,All India,"Rangaraya Medical College,Rangaraya Medical College Beside SP Office , Pithapuram Road, Kakinada, Andhra Pradesh, 533003",M.D. (ANAESTHESIOLOGY),ST,ST,Allotted
1398,67959,Management/Paid Seats Quota,"DR. D. Y. PATIL MEDICAL COLLEGE, PUNE,Dr. D. Y. Patil Medical College, Hospital and Research Centre, Sant Tukaram Nagar, Pimpri, Pune., Maharashtra, 411018",M.D. (ANAESTHESIOLOGY),Open,General,Allotted
1399,68038,All India,"Srirama Chandra Bhanja Medical College, CUTTACK,Srirama Chandra Bhanja Medical College, CUTTACK, Odisha, 753007",M.S. (OPHTHALMOLOGY),ST,ST,Allotted
1400,68067,All India,"Government Medical College, Nagpur,Government Medical College, Nagpur, Maharashtra, 440003",M.D. (PATHOLOGY),SC,SC,Allotted
1401,68157,All India,"Indira Gandhi Medical College Shimla,Indira Gandhi Medical College Shimla, Himachal Pradesh, 171001",M.D. (ANAESTHESIOLOGY),ST,ST,Allotted
1402,68280,All India,"INSTITUTE OF MEDICAL SCIENCES, BANARAS HINDU UNIVERSITY,INSTITUTE OF MEDICAL SCIENCES, BANARAS HINDU UNIVERSITY, Uttar Pradesh, 221005",M.S. (E.N.T.),ST,ST,Allotted
1403,68344,DNB Quota,"Bhagyoday Tirth Chikitsalay, Sagar, Madhya Pradesh,khurai road ,Sagar M.P., Madhya Pradesh, 470002",(NBEMS-DIPLOMA) FAMILY MEDICINE,Open,OBC,Allotted
1404,68345,All India,"The National Institute of Health and Family Welfare,The National Institute of Health and Family Welfare, Delhi (NCT), 110067",M.D. (COMMUNITY HEALTH and ADMN.),SC,SC,Allotted
1405,68529,All India,"NETAJI SUBHAS NATIONAL INSTITUTE OF SPORTS, PATIALA,NETAJI SUBHAS NATIONAL INSTITUTE OF SPORTS, OLD MOTIBAGH, PATIALA, Punjab, 147001",DIP. IN SPORTS MEDICINE,EWS,EWS,Allotted
1406,68772,All India,"M. P. SHAH GOVERNMENT MEDICAL COLLEGE,M. P. SHAH GOVERNMENT MEDICAL COLLEGE, Gujarat, 361008",M.D. (PATHOLOGY),SC,SC,Allotted
1407,68779,All India,"B. J. MEDICAL COLLEGE, Ahmedabad,B.J. Medical College, New Civil Hospital Asarwa,Ahmedabad-380016,Gujarat,India, Gujarat, 380016",M.D. (PHARMACOLOGY),Open,OBC,Allotted
1408,68947,Non-Resident Indian,"Institute of Medical Sciences and SUM Hospital, Bhubaneswar,Institute of Medical Sciences and SUM Hospital K 8 Kalinga Nagar PO Mahalaxmi Vihar Bhubaneswar, Odisha, 751029",M.D. (RADIO- DIAGNOSIS),Open,General,Allotted
1409,68963,All India,"Kakatiya Medical College,Kakatiya Medical College, Telangana, 506007",M.D. (PHARMACOLOGY),Open,General,Allotted
1410,69007,Management/Paid Seats Quota,"SREE BALAJI MEDICAL COLLEGE AND HOSPITAL, CHENNAI,NO,7 WORKS ROAD,CHROMEPET,CHENNAI, Tamil Nadu, 600044",M.S. (ORTHOPAEDICS),Open,OBC,Allotted
1411,69014,Management/Paid Seats Quota,"AARUPADAI VEEDU MEDICAL COLLEGE AND HOSPITAL,PONDY - CUDDALORE MAIN ROAD, KIRUMAMPAKKAM, BAHOUR COMMUNE PANCHAYAT, PUDUCHERRY, Puducherry, 607402",M.S. (ORTHOPAEDICS),Open,General,Allotted
1412,69066,DNB Quota,"SDH KUPWARA, Jammu and Kashmir,IQBAL MARKET KUPWARA, Jammu And Kashmir, 193222",(NBEMS-DIPLOMA) ANAESTHESIOLOGY,EWS,EWS,Allotted
1413,69080,Management/Paid Seats Quota,"Yenepoya Medical College,Yenepoya Medical College, Karnataka, 575018",M.S. (E.N.T.),Open,OBC,Allotted
1414,69127,All India,"Sawai Man Singh Medical College, JAIPUR,Sawai Man Singh Medical College, JLN Marg, Jaipur-302004, Rajasthan, 302004",M.D. (MICROBIOLOGY),OBC,OBC,Allotted
1415,69140,All India,"Chamarajanagar Institute of Medical Sciences, Karnataka,CHAMARAJANAGAR INSTITUTE OF MEDICAL SCIENCES, SY. NO 124, YEDAPURA VILLAGE KASABA HOBLI, CHAMARAJANA, Karnataka, 571313",M.D. (PREVENTIVE and SOCIAL MEDICINE)/ COMMUNITY MEDICINE,OBC,OBC,Allotted
1416,69149,DNB Quota,"Pandit Raghunath Murmu Medical College and Hospital , Orissa,AT-RANGAMATIA, PO- SHAMAKHUNTA, PS-BARIPADA SADAR, BARIPADA, MAYURBHANJ, Odisha, 757107",(NBEMS-DIPLOMA) Otorhinolaryngology (E.N.T.),SC,SC,Allotted
1417,69186,All India,"Burdwan Medical College, West Bengal,Burdwan Medical College, West Bengal, West Bengal, 713104",M.D. (PATHOLOGY),SC,SC,Allotted
1418,69351,DNB Quota,"District Hospital, ,District Hospital, Near KEB, PB Road, Haveri, Karnataka, 581110",(NBEMS-DIPLOMA) ANAESTHESIOLOGY,EWS,EWS,Allotted
1419,69406,All India,"THANJAVUR MEDICAL COLLEGE, THANJAVUR,THANJAVUR MEDICAL COLLEGE, THANJAVUR, Tamil Nadu, 613004",M.D. (PHYSIOLOGY),Open,OBC,Allotted
1420,69435,All India,"THANJAVUR MEDICAL COLLEGE, THANJAVUR,THANJAVUR MEDICAL COLLEGE, THANJAVUR, Tamil Nadu, 613004",M.D. (BIOCHEMISTRY),OBC,OBC,Allotted
1421,69772,DNB Quota,"District Hospital, ,10 Biplabi Haren Ghosh Sarani Howrah, West Bengal, 711101",(NBEMS-DIPLOMA) OPHTHALMOLOGY,Open,OBC,Allotted
1422,69849,DNB Quota,"Siliguri District Hospital,,Kachari Road, Siliguri, Dist- Darjeeling, West Bengal, West Bengal, 734001",(NBEMS-DIPLOMA) OPHTHALMOLOGY,SC,SC,Allotted
1423,69929,All India,"Government medical college patiala.,Government medical college patiala., Punjab, 147001",M.D. (PATHOLOGY),SC,SC,Allotted
1424,69969,DNB Quota,"ROURKELA GOVT HOSPITAL , Orissa,ROURKELA GOVT HOSPITAL , RAGHUNATHPALLI ROURKELA , SUNDARGARH ODISAH, Odisha, 769004",(NBEMS-DIPLOMA) OPHTHALMOLOGY,OBC,OBC,Allotted
1425,69970,All India,"Tezpur Medical College,Tumuki, Bihaguri, Tezpur, Sonitpur, Assam, Assam, 784010",M.D. (PREVENTIVE and SOCIAL MEDICINE)/ COMMUNITY MEDICINE,Open,General,Allotted
1426,70163,All India,"Govt. Medical College, Baroda,Govt. Medical College, Baroda, Gujarat, 390001",M.D. (BIOCHEMISTRY),Open,General,Allotted
1427,70213,All India,"Government Medical College, Jalgaon,Jilha Peth, Government Hospital Campus, Jalgaon, Maharashtra, 425001",M.D. (PREVENTIVE and SOCIAL MEDICINE)/ COMMUNITY MEDICINE,Open,General,Allotted
1428,70256,DNB Quota,"Tomo Riba Institute of Health and Medical Sciences,,TRIHMS. Old Assembly Block. Near Rajiv Gandhi Stadium. Naharlagun-791110. Arunachal Pradesh, Arunachal Pradesh, 791110",(NBEMS-DIPLOMA) OPHTHALMOLOGY,OBC,OBC,Allotted
1429,70262,DNB Quota,"Jan Swasthya Sahyog,,,Village and PO Ganiyari - 495112, Dist. Bilaspur, Chhattisgarh, Chhattisgarh, 495112",(NBEMS-DIPLOMA) FAMILY MEDICINE,Open,General,Allotted
1430,70303,Non-Resident Indian,"Hamdard Institute of Medical Sciences and Research,HIMSR, Jamia Hamdard, Guru Ravidas Marg, Hamdard Nagar, New Delhi, Delhi (NCT), 110062",M.D. (Obst. and Gynae)/MS (Obstetrics and Gynaecology),Open,General,Allotted
1431,70462,Non-Resident Indian,"Institute of Medical Sciences and SUM Hospital, Bhubaneswar,Institute of Medical Sciences and SUM Hospital K 8 Kalinga Nagar PO Mahalaxmi Vihar Bhubaneswar, Odisha, 751029","M.D. (DERM.,VENE. and LEPROSY)/ (DERMATOLOGY)/(SKIN and VENEREAL DISEASES)/(VENEREOL OGY)",Open,General,Allotted
1432,70517,All India,"Grant Medical College, Maharashtra,Grant Medical College, Maharashtra, Maharashtra, 400008",M.D. (MICROBIOLOGY),Open,General,Allotted
1433,70577,DNB Quota,"Government Hospital, ,principal.mc.barmer@rajasthan.gov.in, Rajasthan, 344001",(NBEMS-DIPLOMA) FAMILY MEDICINE,Open,General,Allotted
1434,71125,Management/Paid Seats Quota,"Rajarajeswari Medical College and Hospital,No. 202, Kambipura, Mysore Road, Bengaluru, Karnataka, 560074",M.S. (GENERAL SURGERY),Open,General,Allotted
1435,71145,DNB Quota,"Narayana Multispeciality Hospital , West Bengal,Andul road, Podrah Chunavati Howrah, West Bengal, 711109",(NBEMS-DIPLOMA) FAMILY MEDICINE,Open,General,Allotted
1436,71209,All India,"JAWAHARLAL NEHRU MEDICAL COLLEGE, ALIGARH MUSLIM UNIVERSITY STATE UTTAR,JAWAHARLAL NEHRU MEDICAL COLLEGE, ALIGARH MUSLIM UNIVERSITY STATE UTTAR, Uttar Pradesh, 202002",M.D. (MICROBIOLOGY),Open,General,Allotted
1437,71274,All India,"GOVT. MEDICAL COLLEGE, THIRUVANANTHAPURAM,GOVT. MEDICAL COLLEGE, THIRUVANANTHAPURAM, Kerala, 695011",M.D. (FORENSIC MEDICINE),OBC,OBC,Allotted
1438,71328,DNB Quota,"Sub Division Hospital, Karnataka,MM HILLS ROAD, KOLLEGAL, CHAMARAJANAGAR DISTRICT, Karnataka, 571440",(NBEMS-DIPLOMA) ANAESTHESIOLOGY,EWS,EWS,Allotted
1439,71345,Management/Paid Seats Quota,"Jawaharlal Nehru Medical College, Sawangi (Meghe), Wardha-,Jawaharlal Nehru Medical College, Sawangi (Meghe), Wardha-442107, Maharashtra, 442107",M.D. (ANAESTHESIOLOGY),Open,OBC,Allotted
1440,71433,All India,"ANUGRAH NARAYAN MAGADH MEDICAL COLLEGE,ANUGRAH NARAYAN MAGADH MEDICAL COLLEGE, Bihar, 823001",M.D. (MICROBIOLOGY),Open,OBC,Allotted
1441,71481,DNB Quota,"APL and ANR Area, Andhra Pradesh,Area Hospital, Gudiwada OPP Head Post office Road, Fire station road, Gudiwada, Andhra Pradesh, 521301",(NBEMS-DIPLOMA) FAMILY MEDICINE,OBC,OBC,Allotted
1442,71487,DNB Quota,"Breach Candy Hospital, ,60-A, Bhulabhai Desai Road, Mumbai- 400 026., Maharashtra, 400026",(NBEMS) MICROBIOLOGY,Open,General,Allotted
1443,71842,All India,"Uttar Pradesh University of Medical Sciences, Saifai, Etawah,Uttar Pradesh University of Medical Sciences, Saifai, Etawah, Uttar Pradesh, 206130",M.D. (MICROBIOLOGY),Open,General,Allotted
1444,71857,Management/Paid Seats Quota,"Jawaharlal Nehru Medical College, Sawangi (Meghe), Wardha-,Jawaharlal Nehru Medical College, Sawangi (Meghe), Wardha-442107, Maharashtra, 442107",M.S. (GENERAL SURGERY),Open,General,Allotted
1445,71921,All India,"Lady Hardinge Medical College,Lady Hardinge Medical College, Delhi (NCT), 110001",M.D. (BIOCHEMISTRY),Open,General,Allotted
1446,71942,All India,"Employees' State Insurance Corporation Medical College & Hospital, Gulbarga,ESIC MEDICAL COLLEGE SEDAM ROAD GULBARGA, Karnataka, 585106",M.D. (MICROBIOLOGY),Open,General,Allotted
1447,71998,All India,"INSTITUTE OF MEDICAL SCIENCES, BANARAS HINDU UNIVERSITY,INSTITUTE OF MEDICAL SCIENCES, BANARAS HINDU UNIVERSITY, Uttar Pradesh, 221005",M.D. (BIOCHEMISTRY),Open,General,Allotted
1448,72137,Management/Paid Seats Quota,"M.M. Institute of Medical Sciences and Research, Ambala,M.M. Institute of Medical Sciences and Research, Ambala, Haryana, 133207",M.D. (Radiotherapy/ Radiation Oncology),Open,General,Allotted
1449,72314,All India,"SWAMI RAMANAND TEERTH RURAL GOVERNMENT MEDICAL COLLEGE AMBAJOGAI,SWAMI RAMANAND TEERTH RURAL GOVERNMENT MEDICAL COLLEGE AMBAJOGAI, Maharashtra, 431517",M.S. (ORTHOPAEDICS),ST,ST,Allotted
1450,72506,All India,"HASSAN INSTITUTE OF MEDICAL SCIENCES, HASSAN,HASSAN INSTITUTE OF MEDICAL SCIENCES, HASSAN, Karnataka, 573201",M.S. (GENERAL SURGERY),ST,ST,Allotted
1451,72524,All India,"Baba Raghav Das Medical College,Baba Raghav Das Medical College, Gorakhpur, Uttar Pradesh, 273013",M.D. (PHYSIOLOGY),Open,EWS,Allotted
1452,72817,All India,"Government Medical College, Aurangabad,Government Medical College, Aurangabad, Maharashtra, 431001",M.D. (MICROBIOLOGY),Open,General,Allotted
1453,72827,All India,"LOKMANYA TILAK MEDICAL COLLEGE MUMBAI,LOKMANYA TILAK MEDICAL COLLEGE MUMBAI, Maharashtra, 400022",M.D. (ANAESTHESIOLOGY),ST,ST,Allotted
1454,73127,All India,"Uttar Pradesh University of Medical Sciences, Saifai, Etawah,Uttar Pradesh University of Medical Sciences, Saifai, Etawah, Uttar Pradesh, 206130",M.D. (PHARMACOLOGY),Open,General,Allotted
1455,73173,All India,"JHALAWAR MEDICAL COLLEGE,JHALAWAR MEDICAL COLLEGE, JHALAWAR, Rajasthan, 326001",M.D. (PREVENTIVE and SOCIAL MEDICINE)/ COMMUNITY MEDICINE,OBC,OBC,Allotted
1456,73231,All India,"Lady Hardinge Medical College,Lady Hardinge Medical College, Delhi (NCT), 110001",M.D. (PHYSIOLOGY),Open,SC,Allotted
1457,73277,All India,"Rajendra Institute of Medical Sciences, Ranchi,Rajendra Institute of Medical Sciences, Ranchi, Jharkhand, 834009",M.D. (FORENSIC MEDICINE),Open,General,Allotted
1458,73334,DNB Quota,"General Hospital, ,OLD SABJI MANDI HINDUAN GATE KARAULI, Rajasthan, 322241",(NBEMS-DIPLOMA) FAMILY MEDICINE,OBC,OBC,Allotted
1459,73563,All India,"GOVT MEDICAL COLLEGE,THRISSUR,GOVT MEDICAL COLLEGE,THRISSUR, Kerala, 680596",M.S. (ORTHOPAEDICS),ST,ST,Allotted
1460,73567,Non-Resident Indian,"KALINGA INSTITUTE OF MEDICAL SCIENCES,KALINGA INSTITUTE OF MEDICAL SCIENCES, Odisha, 751024",M.S. (ORTHOPAEDICS),Open,General,Allotted
1461,73568,All India,"Sardar Patel Medical College, Bikaner,Sardar Patel Medical College, Bikaner, Rajasthan, 334003",M.D. (PATHOLOGY),SC,SC,Allotted
1462,73734,All India,"RAICHUR INSTITUTE OF MEDICAL SCIENCES,RAICHUR INSTITUTE OF MEDICAL SCIENCES, Karnataka, 584102",M.D. (Obst. and Gynae)/MS (Obstetrics and Gynaecology),ST,ST,Allotted
1463,73768,All India,"Mahatma Gandhi Memorial Medical College, Indore,Mahatma Gandhi Memorial Medical College, Indore, Madhya Pradesh, 452001",M.D. (MICROBIOLOGY),Open,General,Allotted
1464,73812,All India,"Seth Gordhandas Sunderdas Medical College, MUMBAI,Seth Gordhandas Sunderdas Medical College, Acharya Donde Marg Parel MUMBAI, Maharashtra, 400012",M.D. (FORENSIC MEDICINE),Open,SC,Allotted
1465,73842,All India,"Maharaja Krushna Chandra Gajapati Medical College , Brahmapur,Maharaja Krushna Chandra Gajapati Medical College , Brahmapur, Odisha, 760004",M.D. (MICROBIOLOGY),Open,General,Allotted
1466,73899,DNB Quota,"National Institute of Tuberculosis and Respiratory Diseases, (Formerly Known as L.R.S. Instt. of T.B. and Allied Scs),,National Institute of Tuberculosis and Respiratory Diseases (Formerly Known as L.R.S. Instt. of T.B., Delhi (NCT), 110030",(NBEMS) MICROBIOLOGY,OBC,OBC,Allotted
1467,74057,All India,"Osmania Medical Collge,Osmania Medical Collge, Telangana, 500095",DIPLOMA IN PUBLIC HEALTH,Open,General,Allotted
1468,74112,DNB Quota,"District Hospital, ,DISTRICT HOSPITAL NEAR SANGAM CIRCLE DR RAJ KUMAR ROAD BALLARI-583101 KARNATAKA, Karnataka, 583101",(NBEMS-DIPLOMA) ANAESTHESIOLOGY,SC,SC,Allotted
1469,74260,All India,"JAWAHARLAL NEHRU MEDICAL COLLEGE, ALIGARH MUSLIM UNIVERSITY STATE UTTAR,JAWAHARLAL NEHRU MEDICAL COLLEGE, ALIGARH MUSLIM UNIVERSITY STATE UTTAR, Uttar Pradesh, 202002",M.D. (PHYSIOLOGY),Open,General,Allotted
1470,74298,All India,"Uttar Pradesh University of Medical Sciences, Saifai, Etawah,Uttar Pradesh University of Medical Sciences, Saifai, Etawah, Uttar Pradesh, 206130",M.D. (PREVENTIVE and SOCIAL MEDICINE)/ COMMUNITY MEDICINE,OBC,OBC,Allotted
1471,74306,All India,"MADURAI MEDICAL COLLEGE,MADURAI MEDICAL COLLEGE, Tamil Nadu, 625020",M.D. (MICROBIOLOGY),Open,General,Allotted
1472,74373,All India,"DR. SHANKARRAO CHAVAN GOVERNMENT MEDICAL COLLEGE, NANDED,DR. SHANKARRAO CHAVAN GOVERNMENT MEDICAL COLLEGE, VISHNUPURI, NANDED, Maharashtra, 431606",M.D. (PREVENTIVE and SOCIAL MEDICINE)/ COMMUNITY MEDICINE,Open,General,Allotted
1473,74375,All India,"Lady Hardinge Medical College,Lady Hardinge Medical College, Delhi (NCT), 110001",MD/MS (Anatomy),Open,General,Allotted
1474,74428,All India,"MADRAS MEDICAL COLLEGE,EVR PERIYAR SALAI, CHENNAI-03, Tamil Nadu, 600003",M.S. (E.N.T.),ST,ST,Allotted
1475,74443,All India,"INDIRA GANDHI MEDICAL COLLEGE AND RESEARCH INSTITUTE, PUDUCHERRY,INDIRA GANDHI MEDICAL COLLEGE AND RESEARCH INSTITUTE, PUDUCHERRY, Puducherry, 605009",M.D. (PHARMACOLOGY),OBC,OBC,Allotted
1476,74534,All India,"Baba Raghav Das Medical College,Baba Raghav Das Medical College, Gorakhpur, Uttar Pradesh, 273013",M.D. (PHARMACOLOGY),Open,General,Allotted
1477,74639,All India,"Jawaharlal Institute of Medical Sciences, Manipur,Jawaharlal Nehru Institute of Medical Sciences, Porompat, Imphal -East, Manipur-795005, Manipur, 795005",M.D. (PREVENTIVE and SOCIAL MEDICINE)/ COMMUNITY MEDICINE,OBC,OBC,Allotted
1478,74644,Jain Minority Quota,"SBKS Medical College and Research Centre, Vadodara,SBKS Medical Institute and Research Centre, Sumandeep Vidyapeeth, Piparia, Waghodia Rd, Vadodara, Gujarat, 391760",M.S. (ORTHOPAEDICS),Open,General,Allotted
1479,74713,Non-Resident Indian,"Bharati Vidyapeeth Deemed to be University Medical College,Pune,Bharati Vidyapeeth Deemed to be University Medical College, Dhankawadi, Pune Satara Road, Pune, Maharashtra, 411043",M.D. (RADIO- DIAGNOSIS),Open,General,Allotted
1480,74780,All India,"Osmania Medical Collge,Osmania Medical Collge, Telangana, 500095",M.D. (PHARMACOLOGY),Open,General,Allotted
1481,74827,All India,"B. J. MEDICAL COLLEGE, Ahmedabad,B.J. Medical College, New Civil Hospital Asarwa,Ahmedabad-380016,Gujarat,India, Gujarat, 380016",M.D. (FORENSIC MEDICINE),SC,SC,Allotted
1482,74902,All India,"JHALAWAR MEDICAL COLLEGE,JHALAWAR MEDICAL COLLEGE, JHALAWAR, Rajasthan, 326001",M.D. (FORENSIC MEDICINE),Open,General,Allotted
1483,75141,Management/Paid Seats Quota,"Jawaharlal Nehru Medical College, Sawangi (Meghe), Wardha-,Jawaharlal Nehru Medical College, Sawangi (Meghe), Wardha-442107, Maharashtra, 442107",M.S. (GENERAL SURGERY),Open,EWS,Allotted
1484,75155,All India,"Government Medical College Srinagar,Administrative Block Government Medical College Karan Nagar Srinagar, Jammu And Kashmir, 190010",M.D. (PHYSIOLOGY),OBC,OBC,Allotted
1485,75247,All India,"GOVT. MEDICAL COLLEGE, AMRITSAR,GOVT. MEDICAL COLLEGE,CIRCULAR ROAD, AMRITSAR, Punjab, 143001",M.D. (MICROBIOLOGY),Open,General,Allotted
1486,75289,All India,"GOVERNMENT DHARMAPURI MEDICAL COLLEGE, DHARMAPURI, TAMIL NADU,GOVERNMENT DHARMAPURI MEDICAL COLLEGE, NETHAJI BYE PASS ROAD, DHARMAPURI, TAMIL NADU, Tamil Nadu, 636701",M.S. (ORTHOPAEDICS),ST,ST,Allotted
1487,75344,All India,"Government Kilpauk Medical College,Government Kilpauk Medical College Poonthamalli main roadl, Kilpauk, Chennai 10, Tamil Nadu, 600010",M.D. (MICROBIOLOGY),OBC,OBC,Allotted
1488,75724,All India,"Rajendra Institute of Medical Sciences, Ranchi,Rajendra Institute of Medical Sciences, Ranchi, Jharkhand, 834009",M.D. (PREVENTIVE and SOCIAL MEDICINE)/ COMMUNITY MEDICINE,OBC,OBC,Allotted
1489,75759,All India,"Sri Bhausaheb Hire Government Medical College,Sri Bhausaheb Hire Government Medical College,Dhule, Maharashtra, 424311",M.S. (GENERAL SURGERY),ST,ST,Allotted
1490,75799,All India,"IPGME&R and SSKM Hospital Kolkata,244, Acharya J. C. Bose Road, Kolkata-700020, West Bengal, 700020",M.D. (Tuberculosis and Respiratory diseases)/Pulmonary Medicine /M.D. (Respiratory Medicine),ST,ST,Allotted
1491,75990,DNB Quota,"Shri Ramkaran Joshi Government District Hospital, ,LALSOT ROAD, DAUSA, Rajasthan, 303303",(NBEMS-DIPLOMA) ANAESTHESIOLOGY,SC,SC,Allotted
1492,76009,All India,"Government Medical College, Kollam,Government Medical College Kollam,Parippally, Kerala, 691574",M.D. (FORENSIC MEDICINE),Open,General,Allotted
1493,76161,Management/Paid Seats Quota,"DR D Y PATIL MEDICAL COLLEGE, NAVI MUMBAI,DR D Y PATIL MEDICAL COLLEGE, NAVI MUMBAI, Maharashtra, 400706",M.D. (ANAESTHESIOLOGY),Open,General,Allotted
1494,76308,All India,"Chamarajanagar Institute of Medical Sciences, Karnataka,CHAMARAJANAGAR INSTITUTE OF MEDICAL SCIENCES, SY. NO 124, YEDAPURA VILLAGE KASABA HOBLI, CHAMARAJANA, Karnataka, 571313",M.D. (Obst. and Gynae)/MS (Obstetrics and Gynaecology),ST,ST,Allotted
1495,76311,All India,"MYSORE MEDICAL COLLEGE AND RESEARCH INSTITUTE,MYSORE MEDICAL COLLEGE AND RESEARCH INSTITUTE, Karnataka, 570001",M.D. (PATHOLOGY),SC,SC,Allotted
1496,76440,All India,"Shaikh-Ul-Hind Maulana Mahmood Hasan Medical College, Saharanpur,Pilkhani Ambala Road, Uttar Pradesh, 247232",M.D. (PREVENTIVE and SOCIAL MEDICINE)/ COMMUNITY MEDICINE,Open,General,Allotted
1497,76452,All India,"Govt. Medical College, Jammu,Govt. Medical College, Bakshi Nagar, Jamu, Jammu And Kashmir, 180001",M.D. IN TRANSFUSION MEDICINE/ IMMUNO- HAEMATOLOGY and BLOOD TRANSFUSION,SC,SC,Allotted
1498,76514,All India,"GOVT MEDICAL COLLEGE, ANANTAPURAMU,GOVT MEDICAL COLLEGE, ANANTAPURAMU, Andhra Pradesh, 515001",M.D. (PREVENTIVE and SOCIAL MEDICINE)/ COMMUNITY MEDICINE,OBC,OBC,Allotted
1499,76651,All India,"Dr.V.M.Govt.Medical College,Solapur, Maharasthtra,In front of district court civil chowk Dr.V.M.Govt.Medical College,Solapur, Maharasthtra, Maharashtra, 413003",M.D. (PATHOLOGY),SC,SC,Allotted
1500,76758,All India,"ESI-POST GRADUATE INSTITUTE OF MEDICAL SCIENCES AND RESEARCH, BASAIDARAPUR, NEW DELHI,ESI-POST GRADUATE INSTITUTE OF MEDICAL SCIENCES AND RESEARCH, BASAIDARAPUR, NEW DELHI, Delhi (NCT), 110015",M.D. (MICROBIOLOGY),OBC,OBC,Allotted
1501,76788,All India,"MAHARANI LAXMI BAI MEDICAL COLLEGE JHANSI,MAHARANI LAXMI BAI MEDICAL COLLEGE JHANSI, Uttar Pradesh, 284128",M.D. (PREVENTIVE and SOCIAL MEDICINE)/ COMMUNITY MEDICINE,SC,SC,Allotted
1502,77006,All India,"Government Medical College, Pali Rajasthan.,NH-62,Sumerpur Road,Village Ramasiya,Hemawas,Pali, Rajasthan, Rajasthan, 306401",MD/MS (Anatomy),Open,OBC,Allotted
1503,77090,All India,"Andhra Medical College,Andhra Medical College, Andhra Pradesh, 530002",M.D. (PREVENTIVE and SOCIAL MEDICINE)/ COMMUNITY MEDICINE,SC,SC,Allotted
1504,77186,DNB Quota,"Govt. Medical College, ,Govt. Medical College, B-5 Medical Enclave, Maheshpura Bakshi Nagar, Jammu, Jammu And Kashmir, 180001",(NBEMS) Hospital Administration,Open,OBC,Allotted
1505,77195,Non-Resident Indian,"Institute of Medical Sciences and SUM Hospital, Bhubaneswar,Institute of Medical Sciences and SUM Hospital K 8 Kalinga Nagar PO Mahalaxmi Vihar Bhubaneswar, Odisha, 751029",M.D. (Obst. and Gynae)/MS (Obstetrics and Gynaecology),Open,General,Allotted
1506,77238,All India,"RUHS COLLEGE OF MEDICAL SCIENCES,RUHS COLLEGE OF MEDICAL SCIENCES, Rajasthan, 302033",M.D. (PHARMACOLOGY),SC,SC,Allotted
1507,77364,Management/Paid Seats Quota,"Vinayaka Missions Kirupananda Variyar Medical College and Hospital, Salem,Sankari Main Road, NH-47, Seeragapadi, Salem, Tamil Nadu, 636308",M.S. (GENERAL SURGERY),Open,OBC,Allotted
1508,77557,DNB Quota,"Sub District Hospital Sopore, Jammu and Kashmir ,Sir Syed Colony Kupwara Road Sopore-193201, District Barmulla ,Jammu and Kashmir, Jammu And Kashmir, 193201",(NBEMS-DIPLOMA) ANAESTHESIOLOGY,EWS,EWS,Allotted
1509,77919,All India,"Maharaja Krushna Chandra Gajapati Medical College , Brahmapur,Maharaja Krushna Chandra Gajapati Medical College , Brahmapur, Odisha, 760004",M.D. (PATHOLOGY),SC,SC,Allotted
1510,78164,All India,"Agartala Government Medical College,Agartala Government Medical College, Tripura, 799006",M.S. (ORTHOPAEDICS),ST,ST,Allotted
1511,78203,Management/Paid Seats Quota,"DR. D. Y. PATIL MEDICAL COLLEGE, PUNE,Dr. D. Y. Patil Medical College, Hospital and Research Centre, Sant Tukaram Nagar, Pimpri, Pune., Maharashtra, 411018",M.S. (ORTHOPAEDICS),Open,OBC,Allotted
1512,78356,All India,"Vallabhbhai Patel Chest Institute, Delhi,Vallabhbhai Patel Chest Institute, Delhi, Delhi (NCT), 110007",M.D. (PHYSIOLOGY),Open,General,Allotted
1513,78391,All India,"Government Medical College, Surat,Government Medical College, Majuragate, Surat., Gujarat, 395001",DIPLOMA IN CLINICAL PATHOLOGY,OBC,OBC,Allotted
1514,78624,All India,"B. J. MEDICAL COLLEGE, Ahmedabad,B.J. Medical College, New Civil Hospital Asarwa,Ahmedabad-380016,Gujarat,India, Gujarat, 380016",M.D. (MICROBIOLOGY),OBC,OBC,Allotted
1515,78710,All India,"Government Medical College, Bhilwara,Sindri ke Balaji Road, Sanganer, Bhilwara, Rajasthan 311001, Rajasthan, 311001",M.D. (PATHOLOGY),EWS,EWS,Allotted
1516,78805,All India,"ESIC Medical College, Hyderbad,Sanathnagar, Hyderabad, Telangana, 500038",M.D. (BIOCHEMISTRY),Open,EWS,Allotted
1517,79030,All India,"CHENGALPATTU MEDICAL COLLEGE, CHENGALPATTU,CHENGALPATTU MEDICAL COLLEGE, CHENGALPATTU, Tamil Nadu, 603001",M.D. (FORENSIC MEDICINE),Open,OBC,Allotted
1518,79263,Non-Resident Indian,"Rajarajeswari Medical College and Hospital,No. 202, Kambipura, Mysore Road, Bengaluru, Karnataka, 560074",M.D. (RADIO- DIAGNOSIS),Open,General,Allotted
1519,79311,All India,"Sardar Patel Medical College, Bikaner,Sardar Patel Medical College, Bikaner, Rajasthan, 334003",M.D. (MICROBIOLOGY),Open,General,Allotted
1520,79449,All India,"Guru Gobind Singh Medical College,Guru Gobind Singh Medical College, Punjab, 151203",M.D. (PREVENTIVE and SOCIAL MEDICINE)/ COMMUNITY MEDICINE,Open,General,Allotted
1521,79529,Management/Paid Seats Quota,"AARUPADAI VEEDU MEDICAL COLLEGE AND HOSPITAL,PONDY - CUDDALORE MAIN ROAD, KIRUMAMPAKKAM, BAHOUR COMMUNE PANCHAYAT, PUDUCHERRY, Puducherry, 607402",M.S. (GENERAL SURGERY),Open,General,Allotted
1522,79679,Muslim Minority Quota,"Yenepoya Medical College,Yenepoya Medical College, Karnataka, 575018",M.S. (GENERAL SURGERY),Open,EWS,Allotted
1523,79712,All India,"Tirunelveli Medical College,TIRUNELVELI MEDICAL COLLEGE, HIGHGROUND, TIRUNELVELI-11, Tamil Nadu, 627011",M.D. (BIOCHEMISTRY),Open,General,Allotted
1524,80095,All India,"GOVERNMENT MEDICAL COLLEGE, AZAMGARH,Chakrapan Pur, Azamgarh (U.P.), Uttar Pradesh, 276128",M.D. (PREVENTIVE and SOCIAL MEDICINE)/ COMMUNITY MEDICINE,Open,General,Allotted
1525,80211,All India,"CHENGALPATTU MEDICAL COLLEGE, CHENGALPATTU,CHENGALPATTU MEDICAL COLLEGE, CHENGALPATTU, Tamil Nadu, 603001",M.D. (BIOCHEMISTRY),Open,OBC,Allotted
1526,80237,All India,"GOVERNMENT THOOTHUKUDI MEDICAL COLLEGE, THOOTHUKUDI,GOVERNMENT THOOTHUKUDI MEDICAL COLLEGE, 3rd Mile,Kamaraj Nagar,Thoothukudi., Tamil Nadu, 628008",M.D. (FORENSIC MEDICINE),Open,OBC,Allotted
1527,80273,All India,"MYSORE MEDICAL COLLEGE AND RESEARCH INSTITUTE,MYSORE MEDICAL COLLEGE AND RESEARCH INSTITUTE, Karnataka, 570001",M.D. (MICROBIOLOGY),Open,General,Allotted
1528,80278,Management/Paid Seats Quota,"DR. D. Y. PATIL MEDICAL COLLEGE, PUNE,Dr. D. Y. Patil Medical College, Hospital and Research Centre, Sant Tukaram Nagar, Pimpri, Pune., Maharashtra, 411018",M.S. (OPHTHALMOLOGY),Open,General,Allotted
1529,80404,DNB Quota,"Bhagat Phool Singh Govt. Medical College for Women,BHAGAT PHOOL SINGH GOVT. MEDICAL COLLEGE FOR WOMEN KHANPUR KALAN SONEPAT, Haryana, 131305",(NBEMS) GENERAL SURGERY,ST,ST,Allotted
1530,80510,All India,"Karnataka Institute of Medical Sciences, Hubballi,Karnataka Institute of Medical Sciences, Hubballi, Karnataka, 580021",M.D. (PATHOLOGY),SC,SC,Allotted
1531,80527,All India,"Gandhi Medical College, Bhopal,Gandhi Medical College, Bhopal, Madhya Pradesh, 462001",M.D. (FORENSIC MEDICINE),Open,General,Allotted
1532,80548,All India,"Karwar Institute of Medical Sciences, Karnataka,MG Road, Karnataka, 581301",M.D. (PATHOLOGY),SC,SC,Allotted
1533,80717,All India,"VIJANAGARA INSTITUTE OF MEDICAL SCIENCES BALLARI,VIJANAGARA INSTITUTE OF MEDICAL SCIENCES BALLARI, Karnataka, 583104",M.D. (PREVENTIVE and SOCIAL MEDICINE)/ COMMUNITY MEDICINE,Open,General,Allotted
1534,81163,All India,"Dr.V.M.Govt.Medical College,Solapur, Maharasthtra,In front of district court civil chowk Dr.V.M.Govt.Medical College,Solapur, Maharasthtra, Maharashtra, 413003",M.D. (PREVENTIVE and SOCIAL MEDICINE)/ COMMUNITY MEDICINE,Open,General,Allotted
1535,81176,All India,"CALCUTTA NATIONAL MEDICAL COLLEGE,CALCUTTA NATIONAL MEDICAL COLLEGE 32, Gorachand Road, Kolkata 700014, West Bengal, 700014",M.D. (Tuberculosis and Respiratory diseases)/Pulmonary Medicine /M.D. (Respiratory Medicine),ST,ST,Allotted
1536,81219,All India,"MADURAI MEDICAL COLLEGE,MADURAI MEDICAL COLLEGE, Tamil Nadu, 625020",M.D. (PREVENTIVE and SOCIAL MEDICINE)/ COMMUNITY MEDICINE,SC,SC,Allotted
1537,81332,All India,"GOVT MEDICAL COLLEGE, ANANTAPURAMU,GOVT MEDICAL COLLEGE, ANANTAPURAMU, Andhra Pradesh, 515001",M.D. (ANAESTHESIOLOGY),ST,ST,Allotted
1538,81336,DNB Quota,"District Hospital, Dharwad,dsdharwad at gmail dot com, Karnataka, 580001",(NBEMS-DIPLOMA) FAMILY MEDICINE,SC,SC,Allotted
1539,81457,All India,"NETAJI SUBHASH CHANDRA BOSE MEDICAL COLLEGE, JABALPUR ,NETAJI SUBHASH CHANDRA BOSE MEDICAL COLLEGE, NAGPUR ROAD JABALPUR, Madhya Pradesh, 482003",M.D. (PREVENTIVE and SOCIAL MEDICINE)/ COMMUNITY MEDICINE,Open,General,Allotted
1540,81485,Management/Paid Seats Quota,"A.C.S. Medical College and Hospital,A.C.S. Medical College and Hospital, Tamil Nadu, 600077",M.S. (OPHTHALMOLOGY),Open,General,Allotted
1541,81722,All India,"Baba Raghav Das Medical College,Baba Raghav Das Medical College, Gorakhpur, Uttar Pradesh, 273013",M.S. (OPHTHALMOLOGY),ST,ST,Allotted
1542,82009,All India,"IPGME&R and SSKM Hospital Kolkata,244, Acharya J. C. Bose Road, Kolkata-700020, West Bengal, 700020",M.D. (PREVENTIVE and SOCIAL MEDICINE)/ COMMUNITY MEDICINE,SC,SC,Allotted
1543,82124,All India,"MADURAI MEDICAL COLLEGE,MADURAI MEDICAL COLLEGE, Tamil Nadu, 625020",MD/MS (Anatomy),Open,General,Allotted
1544,82177,All India,"Maharaja Krushna Chandra Gajapati Medical College , Brahmapur,Maharaja Krushna Chandra Gajapati Medical College , Brahmapur, Odisha, 760004",M.D. (BIOCHEMISTRY),Open,EWS,Allotted
1545,82189,Management/Paid Seats Quota,"SRI SIDDHARTHA MEDICAL COLLEGE, TUMKUR,SRI SIDDHARTHA MEDICAL COLLEGE, TUMKUR, Karnataka, 572107",M.D. (PSYCHIATRY),Open,General,Allotted
1546,82252,DNB Quota,"FAKIR MOHAN MEDICAL COLLEGE AND HOSPITAL , Orissa,AT-Remuna Post-Remuna Dist-Balasore, Odisha, 756019",(NBEMS-DIPLOMA) FAMILY MEDICINE,EWS,EWS,Allotted
1547,82271,All India,"Govt. Doon Medical College, Dehradun,Govt. Doon Medical College Dehrakhas, Patel Nagar Dehradun 248001, Uttarakhand, 248001",M.D. (PREVENTIVE and SOCIAL MEDICINE)/ COMMUNITY MEDICINE,OBC,OBC,Allotted
1548,82295,All India,"B. J. MEDICAL COLLEGE, Ahmedabad,B.J. Medical College, New Civil Hospital Asarwa,Ahmedabad-380016,Gujarat,India, Gujarat, 380016",M.D. (ANAESTHESIOLOGY),ST,ST,Allotted
1549,82325,Management/Paid Seats Quota,"M.M. Institute of Medical Sciences and Research, Ambala,M.M. Institute of Medical Sciences and Research, Ambala, Haryana, 133207",M.D. (MICROBIOLOGY),Open,General,Allotted
1550,82327,All India,"Pt. Jawahar Lal Nehru Memorial Medical College, RAIPUR,Pt. Jawahar Lal Nehru Memorial Medical College, RAIPUR, Chhattisgarh, 492001",M.D. (PREVENTIVE and SOCIAL MEDICINE)/ COMMUNITY MEDICINE,Open,General,Allotted
1551,82510,All India,"BPS Govt. Medical College for Women, Khanpur Kalan Sonepat,BPS Govt. Medical College for Women, Khanpur Kalan Sonepat, Haryana, 131305",M.D. (PHARMACOLOGY),Open,General,Allotted
1552,82523,All India,"Government Medical College, Miraj,Government Medical College, Miraj, Maharashtra, 416410",M.S. (E.N.T.),ST,ST,Allotted
1553,82571,All India,"GOVERNMENT MEDICAL COLLEGE CHANDRAPUR, MAHARASHTRA,TB Hospital Campus, Ram Nagar, Chandrapur - 442401, Maharashtra, 442401",M.D. (PREVENTIVE and SOCIAL MEDICINE)/ COMMUNITY MEDICINE,Open,OBC,Allotted
1554,82628,DNB Quota,"Government Medical College and Associated Hospital,,JANGLAT MANDI ANANTNAG, JAMMU AND KASHMIR 192101, Jammu And Kashmir, 192101",(NBEMS) COMMUNITY MEDICINE,Open,General,Allotted
1555,82653,All India,"Regional Institute of Ophthalmology,RIO Prev Known as Nehru Institute of Ophthalmology and Research Centre Civil Lines Sitapur, Uttar Pradesh, 261001",M.S. (OPHTHALMOLOGY),ST,ST,Allotted
1556,82749,All India,"Rajiv Gandhi Institute of Medical Sciences Srikakulam,Government Medical College Srikakulam Balaga Srikakulam Town Srikakulam District, Andhra Pradesh, 532001",M.D. (PREVENTIVE and SOCIAL MEDICINE)/ COMMUNITY MEDICINE,OBC,OBC,Allotted
1557,82977,DNB Quota,"Associated Hospital Government Medical College, ,Kanth Bagh Baramulla, Jammu And Kashmir, 193103",(NBEMS-DIPLOMA) FAMILY MEDICINE,SC,SC,Allotted
1558,83011,Management/Paid Seats Quota,"Kasturba Medical College Manipal, Manipal Academy Of Higher Education, Manipal,Kasturba Medical College Manipal, Manipal Academy Of Higher Education, Manipal, Karnataka, 576104",M.D. (PATHOLOGY),Open,General,Allotted
1559,83057,All India,"RAICHUR INSTITUTE OF MEDICAL SCIENCES,RAICHUR INSTITUTE OF MEDICAL SCIENCES, Karnataka, 584102",M.D. (PATHOLOGY),SC,SC,Allotted
1560,83118,All India,"Rims Medical College, Ongole, ,GOVERNMENT MEDICAL COLLEGE ONGOLE, Andhra Pradesh, 523001",M.D. (PREVENTIVE and SOCIAL MEDICINE)/ COMMUNITY MEDICINE,OBC,OBC,Allotted
1561,83197,All India,"MEDICAL COLLEGE, KOLKATA,MEDICAL COLLEGE, KOLKATA, West Bengal, 700073",DIPLOMA IN OPHTHALMOLOGY/DOM S,ST,ST,Allotted
1562,83389,All India,"Calcutta School Of Tropical Medicine,Calcutta School Of Tropical Medicine, West Bengal, 700073",DIPLOMA IN CLINICAL PATHOLOGY,EWS,EWS,Allotted
1563,83532,Management/Paid Seats Quota,"AARUPADAI VEEDU MEDICAL COLLEGE AND HOSPITAL,PONDY - CUDDALORE MAIN ROAD, KIRUMAMPAKKAM, BAHOUR COMMUNE PANCHAYAT, PUDUCHERRY, Puducherry, 607402",M.S. (GENERAL SURGERY),Open,General,Allotted
1564,83563,All India,"B. J. MEDICAL COLLEGE, Ahmedabad,B.J. Medical College, New Civil Hospital Asarwa,Ahmedabad-380016,Gujarat,India, Gujarat, 380016",M.D. (PHARMACOLOGY),SC,SC,Allotted
1565,83581,All India,"Government Medical College, Jalgaon,Jilha Peth, Government Hospital Campus, Jalgaon, Maharashtra, 425001",M.D. (PHARMACOLOGY),Open,EWS,Allotted
1566,83630,Management/Paid Seats Quota,"GITAM Institute of Medical Sciences & Research, Visakhapatnam,GITAM Deemed to be University Rushikonda, Visakhapatnam - 530045 Andhra Pradesh, Andhra Pradesh, 530045",M.D. (ANAESTHESIOLOGY),Open,General,Allotted
1567,83654,All India,"Government Medical College Kozhikode,Government Medical College Kozhikode principalmcc@gmail.com, Kerala, 673008",MD/MS (Anatomy),Open,General,Allotted
1568,83657,All India,"Andhra Medical College,Andhra Medical College, Andhra Pradesh, 530002",M.D. (PHARMACOLOGY),Open,General,Allotted
1569,83731,DNB Quota,"Sir Ganga Ram Hospital, ,Rajinder Nagar, New Delhi, Delhi (NCT), 110060",(NBEMS) MICROBIOLOGY,Open,General,Allotted
1570,83738,All India,"S.V. Medical College, Tirupathi ,S.V. Medical College, Tirupathi, Andhra Pradesh, 517507",M.D. (MICROBIOLOGY),Open,OBC,Allotted
1571,83815,DNB Quota,"District Hospital, Jammu and Kashmir ,DUDERHAMA GANDERBAL, Jammu And Kashmir, 191201",(NBEMS-DIPLOMA) FAMILY MEDICINE,EWS,EWS,Allotted
1572,83921,All India,"Silchar Medical College, Silchar,Silchar Medical College, Silchar, Assam, 788014",M.S. (E.N.T.),ST,ST,Allotted
1573,83944,All India,"M. P. SHAH GOVERNMENT MEDICAL COLLEGE,M. P. SHAH GOVERNMENT MEDICAL COLLEGE, Gujarat, 361008",M.D. (PREVENTIVE and SOCIAL MEDICINE)/ COMMUNITY MEDICINE,EWS,EWS,Allotted
1574,84006,All India,"Maharaja Krushna Chandra Gajapati Medical College , Brahmapur,Maharaja Krushna Chandra Gajapati Medical College , Brahmapur, Odisha, 760004",M.D. IN TRANSFUSION MEDICINE/ IMMUNO- HAEMATOLOGY and BLOOD TRANSFUSION,SC,SC,Allotted
1575,84092,All India,"Jorhat Medical College & Hospital,Jorhat Medical College & Hospital, Assam, 785001",M.D. (PATHOLOGY),SC,SC,Allotted
1576,84165,Management/Paid Seats Quota,"Mahatma Gandhi Medical College and Research Institute, Pondicherry,SBV Pondicherry Campus, Pillaiyarkuppam, Pondicherry, Puducherry, 607402",M.S. (OPHTHALMOLOGY),Open,General,Allotted
1577,84358,All India,"PATNA MEDICAL COLLEGE, PATNA,PATNA MEDICAL COLLEGE, PATNA, Bihar, 800004",M.D. (MICROBIOLOGY),Open,General,Allotted
1578,84417,All India,"Rajmata Shrimati Devendra Kumari Singhdeo Government Medical College, Ambikapur,Kanyaparisar Road Gangapur Ambikapur District Surguja, Chhattisgarh, 497001",M.D. (PREVENTIVE and SOCIAL MEDICINE)/ COMMUNITY MEDICINE,Open,General,Allotted
1579,84627,Management/Paid Seats Quota,"SRI SIDDHARTHA MEDICAL COLLEGE, TUMKUR,SRI SIDDHARTHA MEDICAL COLLEGE, TUMKUR, Karnataka, 572107",M.D. (ANAESTHESIOLOGY),Open,General,Allotted
1580,84642,Non-Resident Indian,"Rajarajeswari Medical College and Hospital,No. 202, Kambipura, Mysore Road, Bengaluru, Karnataka, 560074","M.D. (DERM.,VENE. and LEPROSY)/ (DERMATOLOGY)/(SKIN and VENEREAL DISEASES)/(VENEREOL OGY)",Open,General,Allotted
1581,84773,DNB Quota,"Sher-I-Kashmir Institute of Medical Sciences, ,Principal SKIMS Medical College Hospital Bemina Srinagar, Jammu And Kashmir, 190018",(NBEMS-DIPLOMA) OPHTHALMOLOGY,SC,SC,Allotted
1582,84832,All India,"Government Medical College, Dungarpur,Government Medical College and Associated Group of Hospital, Village Thana, Dungarpur, Rajasthan, 314001",M.D. (PHARMACOLOGY),Open,General,Allotted
1583,85100,Management/Paid Seats Quota,"Rajarajeswari Medical College and Hospital,No. 202, Kambipura, Mysore Road, Bengaluru, Karnataka, 560074",M.S. (ORTHOPAEDICS),Open,General,Allotted
1584,85109,Management/Paid Seats Quota,"MGM Medical College, Aurangabad,MGM Medical College, Aurangabad, Maharashtra, 431003",M.D. (PATHOLOGY),Open,General,Allotted
1585,85536,All India,"Maharaja Krushna Chandra Gajapati Medical College , Brahmapur,Maharaja Krushna Chandra Gajapati Medical College , Brahmapur, Odisha, 760004",M.D. (PHARMACOLOGY),Open,OBC,Allotted
1586,85606,All India,"JAWAHAR LAL NEHRU MEDICAL COLLEGE, AJMER,NEAR PATEL STADIUM, AJMER, Rajasthan, 305001",M.D. (ANAESTHESIOLOGY),ST,ST,Allotted
1587,85794,All India,"Agartala Government Medical College,Agartala Government Medical College, Tripura, 799006",M.D. (PREVENTIVE and SOCIAL MEDICINE)/ COMMUNITY MEDICINE,Open,General,Allotted
1588,86090,All India,"Lady Hardinge Medical College,Lady Hardinge Medical College, Delhi (NCT), 110001",M.D. (PHYSIOLOGY),EWS,EWS,Allotted
1589,86129,All India,"B. J. MEDICAL COLLEGE, Ahmedabad,B.J. Medical College, New Civil Hospital Asarwa,Ahmedabad-380016,Gujarat,India, Gujarat, 380016",MD/MS (Anatomy),Open,General,Allotted
1590,86135,All India,"M. P. SHAH GOVERNMENT MEDICAL COLLEGE,M. P. SHAH GOVERNMENT MEDICAL COLLEGE, Gujarat, 361008",M.D. (PREVENTIVE and SOCIAL MEDICINE)/ COMMUNITY MEDICINE,SC,SC,Allotted
1591,86156,All India,"NALANDA MEDICAL COLLEGE,PATNA,NALANDA MEDICAL COLLEGE,PATNA, OLD BYPASS KANKARBAGH, Bihar, 800026",M.D. (FORENSIC MEDICINE),OBC,OBC,Allotted
1592,86188,DNB Quota,"Pandit Raghunath Murmu Medical College and Hospital , Orissa,AT-RANGAMATIA, PO- SHAMAKHUNTA, PS-BARIPADA SADAR, BARIPADA, MAYURBHANJ, Odisha, 757107",(NBEMS-DIPLOMA) RADIO-DIAGNOSIS,ST,ST,Allotted
1593,86207,All India,"NIZAMS INSTITUTE OF MEDICAL SCIENCES,NIZAMS INSTITUTE OF MEDICAL SCIENCES PANJAGUTTA HYDERABAD, Telangana, 500082",M.D. (BIOCHEMISTRY),Open,General,Allotted
1594,86216,All India,"SHIMOGA INSTITUTE OF MEDICAL SCIENCES,SHIMOGA INSTITUTE OF MEDICAL SCIENCES, Karnataka, 577201",M.D. (FORENSIC MEDICINE),Open,OBC,Allotted
1595,86226,All India,"GOVERNMENT MEDICAL COLLEGE KADAPA (FORMERLY RAJIV GANDHI INSTITUTE OF MEDICAL SCIENCES, KADAPA),GOVERNMENT MEDICAL COLLEGE KADAPA (FORMERLY RAJIV GANDHI INSTITUTE OF MEDICAL SCIENCES, KADAPA), Andhra Pradesh, 516002",M.D. (PREVENTIVE and SOCIAL MEDICINE)/ COMMUNITY MEDICINE,Open,OBC,Allotted
1596,86269,All India,"JHALAWAR MEDICAL COLLEGE,JHALAWAR MEDICAL COLLEGE, JHALAWAR, Rajasthan, 326001",M.D. (ANAESTHESIOLOGY),ST,ST,Allotted
1597,86300,All India,"B. J. MEDICAL COLLEGE, Ahmedabad,B.J. Medical College, New Civil Hospital Asarwa,Ahmedabad-380016,Gujarat,India, Gujarat, 380016",M.D. (ANAESTHESIOLOGY),ST,ST,Allotted
1598,86375,Management/Paid Seats Quota,"SRI DEVARAJ URS MEDICAL COLLEGE, TAMAKA,Tamaka, Kolar, Karnataka, 563103",M.D. (ANAESTHESIOLOGY),Open,OBC,Allotted
1599,86465,All India,"INSTITUTE OF MEDICAL SCIENCES, BANARAS HINDU UNIVERSITY,INSTITUTE OF MEDICAL SCIENCES, BANARAS HINDU UNIVERSITY, Uttar Pradesh, 221005",M.D. (PHARMACOLOGY),OBC,OBC,Allotted
1600,86689,All India,"Lady Hardinge Medical College,Lady Hardinge Medical College, Delhi (NCT), 110001",M.D. (PATHOLOGY),ST,ST,Allotted
1601,86698,Non-Resident Indian,"SRI DEVARAJ URS MEDICAL COLLEGE, TAMAKA,Tamaka, Kolar, Karnataka, 563103",M.D. (RADIO- DIAGNOSIS),Open,General,Allotted
1602,86908,All India,"Agartala Government Medical College,Agartala Government Medical College, Tripura, 799006",M.D. (PREVENTIVE and SOCIAL MEDICINE)/ COMMUNITY MEDICINE,OBC,OBC,Allotted
1603,86943,Management/Paid Seats Quota,"Sri Lakshmi narayana institute of medical sciences,puducherry,Sri Lakshmi narayana institute of medical sciences,puducherry, Puducherry, 605502",M.S. (GENERAL SURGERY),Open,General,Allotted
1604,86966,All India,"B.J.Government Medical College, Pune,B.J.Government Medical College, Pune, Maharashtra, 411001",M.D. (FORENSIC MEDICINE),Open,OBC,Allotted
1605,87100,Management/Paid Seats Quota,"Sri Ramachandra Medical College and Research Institute,Sri Ramachandra Medical College and Research Institute, Tamil Nadu, 600116",M.D. Sports Medicine,Open,OBC,Allotted
1606,87174,All India,"Sardar Patel Medical College, Bikaner,Sardar Patel Medical College, Bikaner, Rajasthan, 334003",M.D. IN TRANSFUSION MEDICINE/ IMMUNO- HAEMATOLOGY and BLOOD TRANSFUSION,SC,SC,Allotted
1607,87206,All India,"Jorhat Medical College & Hospital,Jorhat Medical College & Hospital, Assam, 785001",M.D. (MICROBIOLOGY),Open,General,Allotted
1608,87233,All India,"GOVT. MEDICAL COLLEGE AND HOSPITAL, CHANDIGARH,GOVT. MEDICAL COLLEGE AND HOSPITAL, CHANDIGARH, Chandigarh, 160030",M.D. (BIOCHEMISTRY),Open,General,Allotted
1609,87250,All India,"ACSR GOVERNMENT MEDICAL COLLEGE,NELLORE,Opp AC Subbareddy Stadium Dargamitta Nellore, Andhra Pradesh, 524004",M.D. (FORENSIC MEDICINE),Open,OBC,Allotted
1610,87284,DNB Quota,"Government General Hospital, ,GOVERNMENT GENERAL HOSPITAL, ALANPUR LINK ROAD SAWAI MADHOPUR 322001, Rajasthan, 322001",(NBEMS-DIPLOMA) FAMILY MEDICINE,SC,SC,Allotted
1611,87337,Management/Paid Seats Quota,"K S Hegde Medical Academy, Mangaluru,K S Hegde Medical Academy, Nithyanandanagar, Deralakatte, Mangaluru, Karnataka, 575018",M.D. (PHARMACOLOGY),Open,General,Allotted
1612,87366,All India,"Sarojini Naidu Medical College, AGRA,Sarojini Naidu Medical College, AGRA, Uttar Pradesh, 282002",M.D. (PREVENTIVE and SOCIAL MEDICINE)/ COMMUNITY MEDICINE,OBC,OBC,Allotted
1613,87510,Non-Resident Indian,"VINAYAKA MISSIONS MEDICAL COLLEGE AND HOSPITAL, KARAIKAL,KEEZHAKASAKUDIMEDU, KOTTUCHERRY (POST), KARAIKAL, UT of PUDUCHERRY, Puducherry, 609609",M.D. (RADIO- DIAGNOSIS),Open,OBC,Allotted
1614,87606,All India,"Karnataka Institute of Medical Sciences, Hubballi,Karnataka Institute of Medical Sciences, Hubballi, Karnataka, 580021",M.D. (PREVENTIVE and SOCIAL MEDICINE)/ COMMUNITY MEDICINE,SC,SC,Allotted
1615,87734,All India,"Rajendra Institute of Medical Sciences, Ranchi,Rajendra Institute of Medical Sciences, Ranchi, Jharkhand, 834009",M.D. (PHARMACOLOGY),Open,General,Allotted
1616,87853,All India,"Govt. Medical College Akola,Govt. Medical College Akola, Maharashtra, 444001",M.D. (PREVENTIVE and SOCIAL MEDICINE)/ COMMUNITY MEDICINE,Open,General,Allotted
1617,88166,DNB Quota,"Bhabha Atomic Research Centre and Hospital, ,Anushaktinagar, Mumbai, Maharashtra, 400094",(NBEMS) ANAESTHESIOLOGY,ST,ST,Allotted
1618,88185,All India,"Rajendra Institute of Medical Sciences, Ranchi,Rajendra Institute of Medical Sciences, Ranchi, Jharkhand, 834009",M.D. (MICROBIOLOGY),Open,General,Allotted
1619,88189,DNB Quota,"Central Hospital, Gandhinagar, ,CENTRAL HOSPITAL, GANDHINAGAR, GANDHINAGAR COLONY, KANKE ROAD, RANCHI, Jharkhand, 834008",(NBEMS-DIPLOMA) OPHTHALMOLOGY,SC,SC,Allotted
1620,88239,All India,"GAJRA RAJA MEDICAL COLLEGE GWALIOR,GAJRA RAJA MEDICAL COLLEGE GWALIOR, Madhya Pradesh, 474009",M.D. (PSYCHIATRY),ST,ST,Allotted
1621,88246,All India,"Shaheed Hasan Khan Mewati Government Medical College,Shaheed Hasan Khan Mewati Government Medical College, Haryana, 122107",M.D. (FORENSIC MEDICINE),Open,OBC,Allotted
1622,88311,All India,"S.V. Medical College, Tirupathi ,S.V. Medical College, Tirupathi, Andhra Pradesh, 517507",M.D. (PREVENTIVE and SOCIAL MEDICINE)/ COMMUNITY MEDICINE,SC,SC,Allotted
1623,88351,Management/Paid Seats Quota,"Chettinad Hospital and Research Institute,Rajiv Gandhi Salai, Kelambakkam, Chengalpattu District, Tamil Nadu, 603103",M.D. (ANAESTHESIOLOGY),Open,OBC,Allotted
1624,88431,All India,"Government Medical College, Aurangabad,Government Medical College, Aurangabad, Maharashtra, 431001",M.D. (ANAESTHESIOLOGY),ST,ST,Allotted
1625,88433,All India,"NIZAMS INSTITUTE OF MEDICAL SCIENCES,NIZAMS INSTITUTE OF MEDICAL SCIENCES PANJAGUTTA HYDERABAD, Telangana, 500082",M.D. (MICROBIOLOGY),SC,SC,Allotted
1626,88578,All India,"Government Medical College, Siddipet,SURVEY NO 54 GOVERNMENT MEDICAL COLLEGE ENSANPALLY SIDDIPET 502114, Telangana, 502114",M.D. (PREVENTIVE and SOCIAL MEDICINE)/ COMMUNITY MEDICINE,SC,SC,Allotted
1627,88707,All India,"Andhra Medical College,Andhra Medical College, Andhra Pradesh, 530002",M.D. (MICROBIOLOGY),Open,OBC,Allotted
1628,88714,Management/Paid Seats Quota,"Santosh Medical College and Hospital, Ghaziabad, NCR Delhi,Santosh Medical College and Hospital, Ghaziabad, Delhi NCR, Uttar Pradesh, 201009",M.S. (E.N.T.),Open,General,Allotted
1629,88835,All India,"DR. SHANKARRAO CHAVAN GOVERNMENT MEDICAL COLLEGE, NANDED,DR. SHANKARRAO CHAVAN GOVERNMENT MEDICAL COLLEGE, VISHNUPURI, NANDED, Maharashtra, 431606",M.D. (PREVENTIVE and SOCIAL MEDICINE)/ COMMUNITY MEDICINE,OBC,OBC,Allotted
1630,89085,All India,"DR. SHANKARRAO CHAVAN GOVERNMENT MEDICAL COLLEGE, NANDED,DR. SHANKARRAO CHAVAN GOVERNMENT MEDICAL COLLEGE, VISHNUPURI, NANDED, Maharashtra, 431606",M.D. (PREVENTIVE and SOCIAL MEDICINE)/ COMMUNITY MEDICINE,EWS,EWS,Allotted
1631,89249,All India,"Uttar Pradesh University of Medical Sciences, Saifai, Etawah,Uttar Pradesh University of Medical Sciences, Saifai, Etawah, Uttar Pradesh, 206130",M.D. (MICROBIOLOGY),OBC,OBC,Allotted
1632,89260,All India,"Midnapore Medical College and Hospital,Midnapore Medical College and Hospital, West Bengal, 721101",M.D. (ANAESTHESIOLOGY),ST,ST,Allotted
1633,89348,Management/Paid Seats Quota,"Meenakshi Medical College Hospital and Research Institute, Kanchipuram,Meenakshi Medical College Hospital and Research Institute, Kanchipuram, Tamil Nadu, 631552",M.D. (ANAESTHESIOLOGY),Open,General,Allotted
1634,89457,All India,"Pt. Jawahar Lal Nehru Memorial Medical College, RAIPUR,Pt. Jawahar Lal Nehru Memorial Medical College, RAIPUR, Chhattisgarh, 492001",M.D. (FORENSIC MEDICINE),Open,OBC,Allotted
1635,89521,All India,"Government Kilpauk Medical College,Government Kilpauk Medical College Poonthamalli main roadl, Kilpauk, Chennai 10, Tamil Nadu, 600010",M.S. (E.N.T.),ST,ST,Allotted
1636,89578,DNB Quota,"Government Medical College and Associated Hospital,,JANGLAT MANDI ANANTNAG, JAMMU AND KASHMIR 192101, Jammu And Kashmir, 192101",(NBEMS-DIPLOMA) FAMILY MEDICINE,SC,SC,Allotted
1637,89581,All India,"INDIRA GANDHI MEDICAL COLLEGE AND RESEARCH INSTITUTE, PUDUCHERRY,INDIRA GANDHI MEDICAL COLLEGE AND RESEARCH INSTITUTE, PUDUCHERRY, Puducherry, 605009",M.D. (FORENSIC MEDICINE),Open,OBC,Allotted
1638,89638,DNB Quota,"IGM Hospital , ,IGM Chowmuhani, Agartala, Tripura West, Tripura, 799001",(NBEMS-DIPLOMA) OPHTHALMOLOGY,SC,SC,Allotted
1639,89732,All India,"Employees' State Insurance Corporation Medical College & Hospital, Gulbarga,ESIC MEDICAL COLLEGE SEDAM ROAD GULBARGA, Karnataka, 585106",M.D. (ANAESTHESIOLOGY),ST,ST,Allotted
1640,90044,All India,"B.J.Government Medical College, Pune,B.J.Government Medical College, Pune, Maharashtra, 411001",M.D. (FORENSIC MEDICINE),Open,EWS,Allotted
1641,90190,Management/Paid Seats Quota,"Mahatma Gandhi Medical College and Research Institute, Pondicherry,SBV Pondicherry Campus, Pillaiyarkuppam, Pondicherry, Puducherry, 607402",M.D. (PSYCHIATRY),Open,OBC,Allotted
1642,90300,All India,"Shri Vasantrao Naik Govt Medical College Yavatmal,Shri Vasantrao Naik Govt Medical College Yavatmal, Maharashtra, 445001",M.D. (PREVENTIVE and SOCIAL MEDICINE)/ COMMUNITY MEDICINE,Open,General,Allotted
1643,90326,All India,"MADURAI MEDICAL COLLEGE,MADURAI MEDICAL COLLEGE, Tamil Nadu, 625020",M.D. (PSYCHIATRY),ST,ST,Allotted
1644,90340,All India,"GOVERNMENT DHARMAPURI MEDICAL COLLEGE, DHARMAPURI, TAMIL NADU,GOVERNMENT DHARMAPURI MEDICAL COLLEGE, NETHAJI BYE PASS ROAD, DHARMAPURI, TAMIL NADU, Tamil Nadu, 636701",M.D. (ANAESTHESIOLOGY),ST,ST,Allotted
1645,90587,Non-Resident Indian,"Shri Sathya Sai Medical College and Research Institute,Kancheepuram,Shri Sathya Sai Nagar, SBV Chennai Campus, Ammapettai, Chengalpattu District, Tamil Nadu, 603108",M.D. (PAEDIATRICS),Open,General,Allotted
1646,90652,All India,"GOVT MEDICAL COLLEGE,THRISSUR,GOVT MEDICAL COLLEGE,THRISSUR, Kerala, 680596",M.D. (PHYSIOLOGY),OBC,OBC,Allotted
1647,90686,Delhi University Quota,"Lady Hardinge Medical College,Lady Hardinge Medical College, Delhi (NCT), 110001",M.D. (PATHOLOGY),OBC,OBC,Allotted
1648,90813,All India,"Rangaraya Medical College,Rangaraya Medical College Beside SP Office , Pithapuram Road, Kakinada, Andhra Pradesh, 533003",M.D. (MICROBIOLOGY),Open,General,Allotted
1649,90887,Delhi University Quota,"Kasturba Hospital, Daryaganj,Delhi,Daryaganj,Delhi",DIP.IN GYNAE. and OBST.,SC,SC,Allotted
1650,90940,All India,"R G KAR MEDICAL COLLEGE, West Bengal,R G KAR MEDICAL COLLEGE,1 KHUDIRAM BOSE SARANI,KOLKATA, West Bengal, West Bengal, 700004",M.D. (FORENSIC MEDICINE),Open,General,Allotted
1651,91172,DNB Quota,"Sheth Vadilal Sarabhai General Hospital and Sheth Chinai Prasuti Hospital, Gujarat,SHETH VADILAL SARABHAI GENERAL HOSPITAL AND SHETH CHINAI PRASUTI HOSPITAL ELLISBRIDGE AHMEDABAD, Gujarat, 380006",(NBEMS) ORTHOPAEDICS,ST,ST,Allotted
1652,91188,DNB Quota,"Government District Hospital, Shopian Kashmir ,Jammu and Kashmir,OFFICE OF THE MEDICAL SUPERINTENDENT DISTRICT HOSPITAL SHOPIAN, Jammu And Kashmir, 192303",(NBEMS-DIPLOMA) ANAESTHESIOLOGY,SC,SC,Allotted
1653,91273,All India,"Government Medical College, Nagpur,Government Medical College, Nagpur, Maharashtra, 440003",M.D. (Radiotherapy/ Radiation Oncology),ST,ST,Allotted
1654,91399,Non-Resident Indian,"SHRI. B. M. PATIL MEDICAL COLLEGE HOSPITAL AND RESEARCH CENTRE,SHRI. B. M. PATIL MEDICAL COLLEGE HOSPITAL AND RESEARCH CENTRE, SOLAPUR ROAD, VIJAYAPURA, Karnataka, 586103",M.D. (Obst. and Gynae)/MS (Obstetrics and Gynaecology),Open,General,Allotted
1655,91514,Management/Paid Seats Quota,"Chettinad Hospital and Research Institute,Rajiv Gandhi Salai, Kelambakkam, Chengalpattu District, Tamil Nadu, 603103",M.S. (E.N.T.),Open,General,Allotted
1656,91522,All India,"JAWAHARLAL NEHRU MEDICAL COLLEGE, ALIGARH MUSLIM UNIVERSITY STATE UTTAR,JAWAHARLAL NEHRU MEDICAL COLLEGE, ALIGARH MUSLIM UNIVERSITY STATE UTTAR, Uttar Pradesh, 202002",MD/MS (Anatomy),Open,General,Allotted
1657,91546,All India,"Govt. Medical College, Jammu,Govt. Medical College, Bakshi Nagar, Jamu, Jammu And Kashmir, 180001",M.D. (PHYSIOLOGY),Open,General,Allotted
1658,91599,Management/Paid Seats Quota,"VINAYAKA MISSIONS MEDICAL COLLEGE AND HOSPITAL, KARAIKAL,KEEZHAKASAKUDIMEDU, KOTTUCHERRY (POST), KARAIKAL, UT of PUDUCHERRY, Puducherry, 609609",M.S. (OPHTHALMOLOGY),Open,General,Allotted
1659,91723,All India,"PATNA MEDICAL COLLEGE, PATNA,PATNA MEDICAL COLLEGE, PATNA, Bihar, 800004",M.D. (PREVENTIVE and SOCIAL MEDICINE)/ COMMUNITY MEDICINE,SC,SC,Allotted
1660,91762,Management/Paid Seats Quota,"AARUPADAI VEEDU MEDICAL COLLEGE AND HOSPITAL,PONDY - CUDDALORE MAIN ROAD, KIRUMAMPAKKAM, BAHOUR COMMUNE PANCHAYAT, PUDUCHERRY, Puducherry, 607402",M.S. (OPHTHALMOLOGY),Open,OBC,Allotted
1661,91799,All India,"Government Medical College, Nagpur,Government Medical College, Nagpur, Maharashtra, 440003",M.D. (PHARMACOLOGY),OBC,OBC,Allotted
1662,92062,All India,"Government Medical College, Gondia,Nehru Chowk, KTS General Hospital Campus, Govt. Medical College, Gondia. 441601. Maharashtra., Maharashtra, 441601",M.D. (PHARMACOLOGY),Open,General,Allotted
1663,92150,All India,"GOVERNMENT MEDICAL COLLEGE CHANDRAPUR, MAHARASHTRA,TB Hospital Campus, Ram Nagar, Chandrapur - 442401, Maharashtra, 442401",M.D. (ANAESTHESIOLOGY),ST,ST,Allotted
1664,92227,All India,"Moti Lal Nehru Medical College,Moti Lal Nehru Medical College, Uttar Pradesh, 211001",M.D. (FORENSIC MEDICINE),OBC,OBC,Allotted
1665,92238,Management/Paid Seats Quota,"Meenakshi Medical College Hospital and Research Institute, Kanchipuram,Meenakshi Medical College Hospital and Research Institute, Kanchipuram, Tamil Nadu, 631552",M.S. (OPHTHALMOLOGY),Open,General,Allotted
1666,92316,All India,"THANJAVUR MEDICAL COLLEGE, THANJAVUR,THANJAVUR MEDICAL COLLEGE, THANJAVUR, Tamil Nadu, 613004",MD/MS (Anatomy),Open,OBC,Allotted
1667,92415,Management/Paid Seats Quota,"SBKS Medical College and Research Centre, Vadodara,SBKS Medical Institute and Research Centre, Sumandeep Vidyapeeth, Piparia, Waghodia Rd, Vadodara, Gujarat, 391760",M.D. (PREVENTIVE and SOCIAL MEDICINE)/ COMMUNITY MEDICINE,Open,General,Allotted
1668,92523,All India,"Sher-i-Kashmir Institute of Medical Sciences, Srinagar,J&K ,SKIMS, SOURA, SRINAGAR-190011, Jammu And Kashmir, 190011",DIP.IN IMMUNO- HAEMATOLOGY and BLOOD TRANSFUSION,SC,SC,Allotted
1669,92642,All India,"CALCUTTA NATIONAL MEDICAL COLLEGE,CALCUTTA NATIONAL MEDICAL COLLEGE 32, Gorachand Road, Kolkata 700014, West Bengal, 700014",M.D. (PHARMACOLOGY),Open,General,Allotted
1670,92728,All India,"JAWAHARLAL NEHRU MEDICAL COLLEGE, BHAGALPUR,JAWAHARLAL NEHRU MEDICAL COLLEGE, BHAGALPUR, Bihar, 812001",M.D. (PHYSICAL MED. and REHABILITATION),ST,ST,Allotted
1671,93311,All India,"Government Medical College Srinagar,Administrative Block Government Medical College Karan Nagar Srinagar, Jammu And Kashmir, 190010",M.D. (ANAESTHESIOLOGY),ST,ST,Allotted
1672,93381,Management/Paid Seats Quota,"Rajarajeswari Medical College and Hospital,No. 202, Kambipura, Mysore Road, Bengaluru, Karnataka, 560074",M.D. (ANAESTHESIOLOGY),Open,General,Allotted
1673,93408,DNB Quota,"Rajiv Gandhi Medical College and Chhatrapati Shivaji Maharaj Hospital, ,RAJIV GANDHI MEDICAL COLLEGE,THANE BELAPUR ROAD, KALWA, THANE, Maharashtra, 400605",(NBEMS) GENERAL SURGERY,ST,ST,Allotted
1674,93430,Management/Paid Seats Quota,"A.C.S. Medical College and Hospital,A.C.S. Medical College and Hospital, Tamil Nadu, 600077",M.D. (PSYCHIATRY),Open,General,Allotted
1675,93664,All India,"KURNOOL MEDICAL COLLEGE,KURNOOL MEDICAL COLLEGE, Andhra Pradesh, 518002",M.D. (PREVENTIVE and SOCIAL MEDICINE)/ COMMUNITY MEDICINE,SC,SC,Allotted
1676,93682,Management/Paid Seats Quota,"Kasturba Medical College Mangalore, Manipal Academy of Higher Education, Mangalore,Kasturba Medical College Mangalore, Manipal Academy of Higher Education, Mangalore, Karnataka, 575001",M.D. (PATHOLOGY),Open,General,Allotted
1677,93825,Management/Paid Seats Quota,"Meenakshi Medical College Hospital and Research Institute, Kanchipuram,Meenakshi Medical College Hospital and Research Institute, Kanchipuram, Tamil Nadu, 631552",M.S. (E.N.T.),Open,OBC,Allotted
1678,93861,All India,"Govt. Medical College, Jammu,Govt. Medical College, Bakshi Nagar, Jamu, Jammu And Kashmir, 180001",M.D. (ANAESTHESIOLOGY),ST,ST,Allotted
1679,93959,All India,"Rims Medical College, Ongole, ,GOVERNMENT MEDICAL COLLEGE ONGOLE, Andhra Pradesh, 523001",M.D. (FORENSIC MEDICINE),Open,General,Allotted
1680,94028,All India,"Burdwan Medical College, West Bengal,Burdwan Medical College, West Bengal, West Bengal, 713104",M.D. (PREVENTIVE and SOCIAL MEDICINE)/ COMMUNITY MEDICINE,OBC,OBC,Allotted
1681,94096,All India,"Rangaraya Medical College,Rangaraya Medical College Beside SP Office , Pithapuram Road, Kakinada, Andhra Pradesh, 533003",M.D. (BIOCHEMISTRY),Open,OBC,Allotted
1682,94109,All India,"GOVT. MEDICAL COLLEGE, THIRUVANANTHAPURAM,GOVT. MEDICAL COLLEGE, THIRUVANANTHAPURAM, Kerala, 695011",M.D. (ANAESTHESIOLOGY),ST,ST,Allotted
1683,94170,All India,"Government Medical College Srinagar,Administrative Block Government Medical College Karan Nagar Srinagar, Jammu And Kashmir, 190010",M.D. (PREVENTIVE and SOCIAL MEDICINE)/ COMMUNITY MEDICINE,OBC,OBC,Allotted
1684,94394,All India,"BHOPAL MEMORIAL HOSPITAL AND RESEARCH CENTRE, BHOPAL,Raisen By pass Road, Bhopal- 462038 (M.P.), Madhya Pradesh, 462038",M.D. (MICROBIOLOGY),Open,OBC,Allotted
1685,94458,Management/Paid Seats Quota,"Sri Lakshmi narayana institute of medical sciences,puducherry,Sri Lakshmi narayana institute of medical sciences,puducherry, Puducherry, 605502",M.S. (OPHTHALMOLOGY),Open,OBC,Allotted
1686,94510,All India,"RAJIV GANDHI MEDICAL COLLEGE KALWA THANE,RAJIV GANDHI MEDICAL COLLEGE,THANE BELAPUR ROAD, KALWA, THANE, Maharashtra, 400605",M.D. (FORENSIC MEDICINE),Open,General,Allotted
1687,94571,All India,"Kakatiya Medical College,Kakatiya Medical College, Telangana, 506007",DIPLOMA IN PUBLIC HEALTH,Open,General,Allotted
1688,94616,All India,"INDIRA GANDHI MEDICAL COLLEGE AND RESEARCH INSTITUTE, PUDUCHERRY,INDIRA GANDHI MEDICAL COLLEGE AND RESEARCH INSTITUTE, PUDUCHERRY, Puducherry, 605009",M.D. (FORENSIC MEDICINE),OBC,OBC,Allotted
1689,94729,DNB Quota,"Associated Hospital Government Medical College, ,Kanth Bagh Baramulla, Jammu And Kashmir, 193103",(NBEMS) COMMUNITY MEDICINE,Open,General,Allotted
1690,94764,All India,"SWAMI RAMANAND TEERTH RURAL GOVERNMENT MEDICAL COLLEGE AMBAJOGAI,SWAMI RAMANAND TEERTH RURAL GOVERNMENT MEDICAL COLLEGE AMBAJOGAI, Maharashtra, 431517",M.D. (PREVENTIVE and SOCIAL MEDICINE)/ COMMUNITY MEDICINE,OBC,OBC,Allotted
1691,95006,Management/Paid Seats Quota,"Sri Lakshmi narayana institute of medical sciences,puducherry,Sri Lakshmi narayana institute of medical sciences,puducherry, Puducherry, 605502",M.S. (OPHTHALMOLOGY),Open,General,Allotted
1692,95053,DNB Quota,"Bhabha Atomic Research Centre and Hospital, ,Anushaktinagar, Mumbai, Maharashtra, 400094",(NBEMS-DIPLOMA) Obstetrics and Gynaecology,ST,ST,Allotted
1693,95224,All India,"G B Pant Institute of Post Graduate Medical Education and Research,G B Pant Institute of Post Graduate Medical Education and Research, Delhi (NCT), 110007",M.D. (BIOCHEMISTRY),SC,SC,Allotted
1694,95342,All India,"Government medical college patiala.,Government medical college patiala., Punjab, 147001",M.D. (FORENSIC MEDICINE),OBC,OBC,Allotted
1695,95371,All India,"Government Medical College Srinagar,Administrative Block Government Medical College Karan Nagar Srinagar, Jammu And Kashmir, 190010",M.D. (PSYCHIATRY),ST,ST,Allotted
1696,95373,All India,"Pt. Jawahar Lal Nehru Memorial Medical College, RAIPUR,Pt. Jawahar Lal Nehru Memorial Medical College, RAIPUR, Chhattisgarh, 492001",M.D. (PATHOLOGY),ST,ST,Allotted
1697,95389,Management/Paid Seats Quota,"Jawaharlal Nehru Medical College, Belagavi,Jawaharlal Nehru Medical College, Belagavi, Karnataka, 590010",DIPLOMA IN OPHTHALMOLOGY/DOM S,Open,General,Allotted
1698,95552,All India,"University College of Medical Sciences,University College of Medical Sciences, Delhi (NCT), 110095",MD/MS (Anatomy),Open,SC,Allotted
1699,95645,All India,"B.J.Government Medical College, Pune,B.J.Government Medical College, Pune, Maharashtra, 411001",MD/MS (Anatomy),SC,SC,Allotted
1700,95799,DNB Quota,"Associated Hospital Government Medical College, ,Kanth Bagh Baramulla, Jammu And Kashmir, 193103",(NBEMS) COMMUNITY MEDICINE,Open,General,Allotted
1701,95881,All India,"NETAJI SUBHASH CHANDRA BOSE MEDICAL COLLEGE, JABALPUR ,NETAJI SUBHASH CHANDRA BOSE MEDICAL COLLEGE, NAGPUR ROAD JABALPUR, Madhya Pradesh, 482003",M.D. (PREVENTIVE and SOCIAL MEDICINE)/ COMMUNITY MEDICINE,OBC,OBC,Allotted
1702,95943,All India,"Government Medical College, Siddipet,SURVEY NO 54 GOVERNMENT MEDICAL COLLEGE ENSANPALLY SIDDIPET 502114, Telangana, 502114",M.D. (FORENSIC MEDICINE),Open,SC,Allotted
1703,96013,Management/Paid Seats Quota,"M.M. Institute of Medical Sciences and Research, Ambala,M.M. Institute of Medical Sciences and Research, Ambala, Haryana, 133207",M.D. (PATHOLOGY),Open,General,Allotted
1704,96098,All India,"Atal Bihari Vajpayee Government Medical College, Vidisha,NH 86 INFRONT OF KHEL PARISAR SANCHI ROAD VIDISHA MP, Madhya Pradesh, 464001",M.D. (PREVENTIVE and SOCIAL MEDICINE)/ COMMUNITY MEDICINE,OBC,OBC,Allotted
1705,96232,All India,"GAJRA RAJA MEDICAL COLLEGE GWALIOR,GAJRA RAJA MEDICAL COLLEGE GWALIOR, Madhya Pradesh, 474009",M.D. (MICROBIOLOGY),Open,General,Allotted
1706,96280,All India,"JAWAHARLAL NEHRU MEDICAL COLLEGE, BHAGALPUR,JAWAHARLAL NEHRU MEDICAL COLLEGE, BHAGALPUR, Bihar, 812001",M.D. (MICROBIOLOGY),Open,General,Allotted
1707,96404,Management/Paid Seats Quota,"Santosh Medical College and Hospital, Ghaziabad, NCR Delhi,Santosh Medical College and Hospital, Ghaziabad, Delhi NCR, Uttar Pradesh, 201009",M.S. (E.N.T.),Open,OBC,Allotted
1708,96649,All India,"Sher-i-Kashmir Institute of Medical Sciences, Srinagar,J&K ,SKIMS, SOURA, SRINAGAR-190011, Jammu And Kashmir, 190011",M.D. (Hospital Administration),SC,SC,Allotted
1709,96670,Management/Paid Seats Quota,"AARUPADAI VEEDU MEDICAL COLLEGE AND HOSPITAL,PONDY - CUDDALORE MAIN ROAD, KIRUMAMPAKKAM, BAHOUR COMMUNE PANCHAYAT, PUDUCHERRY, Puducherry, 607402",M.D. (ANAESTHESIOLOGY),Open,OBC,Allotted
1710,96699,All India,"KURNOOL MEDICAL COLLEGE,KURNOOL MEDICAL COLLEGE, Andhra Pradesh, 518002",M.D. (MICROBIOLOGY),Open,General,Allotted
1711,96726,All India,"Government Medical College, Nagpur,Government Medical College, Nagpur, Maharashtra, 440003",M.D. (FORENSIC MEDICINE),Open,General,Allotted
1712,96769,Management/Paid Seats Quota,"Meenakshi Medical College Hospital and Research Institute, Kanchipuram,Meenakshi Medical College Hospital and Research Institute, Kanchipuram, Tamil Nadu, 631552",M.D. (ANAESTHESIOLOGY),Open,OBC,Allotted
1713,96845,All India,"Bangalore Medical College and Research Institute,Bangalore Medical College and Research Institute, Karnataka, 560002",M.D. (PHYSIOLOGY),Open,General,Allotted
1714,96866,All India,"Pandit Bhagwat Dayal Sharma Post Graduate Institute of Medical Sciences, Rohtak,Pandit Bhagwat Dayal Sharma Post Graduate Institute of Medical Sciences, Rohtak, Haryana, 124001",M.D. (Radiotherapy/ Radiation Oncology),ST,ST,Allotted
1715,97083,All India,"Sher-i-Kashmir Institute of Medical Sciences, Srinagar,J&K ,SKIMS, SOURA, SRINAGAR-190011, Jammu And Kashmir, 190011",M.D. (PATHOLOGY),EWS,EWS,Allotted
1716,97134,All India,"GOA MEDICAL COLLEGE,Bambolim, Goa, Goa, 403202",DIP. IN FORENSIC MEDICINE,OBC,OBC,Allotted
1717,97262,Management/Paid Seats Quota,"Shri Sathya Sai Medical College and Research Institute,Kancheepuram,Shri Sathya Sai Nagar, SBV Chennai Campus, Ammapettai, Chengalpattu District, Tamil Nadu, 603108",M.S. (E.N.T.),Open,General,Allotted
1718,97477,Management/Paid Seats Quota,"Rajarajeswari Medical College and Hospital,No. 202, Kambipura, Mysore Road, Bengaluru, Karnataka, 560074",M.D. (ANAESTHESIOLOGY),Open,General,Allotted
1719,97585,Management/Paid Seats Quota,"Santosh Medical College and Hospital, Ghaziabad, NCR Delhi,Santosh Medical College and Hospital, Ghaziabad, Delhi NCR, Uttar Pradesh, 201009",M.D. (ANAESTHESIOLOGY),Open,General,Allotted
1720,97590,Management/Paid Seats Quota,"SRI SIDDHARTHA MEDICAL COLLEGE, TUMKUR,SRI SIDDHARTHA MEDICAL COLLEGE, TUMKUR, Karnataka, 572107",M.D. (PSYCHIATRY),Open,General,Allotted
1721,97592,All India,"GANDHI MEDICAL COLLEGE,GANDHI MEDICAL COLLEGE, Telangana, 500003",M.D. (BIOCHEMISTRY),Open,General,Allotted
1722,97646,All India,"DARBHANGA MEDICAL COLLEGE,Sheetal Prasad Marg, Laheriasarai, Darbhanga, Bihar, Bihar, 846003",M.D. (PREVENTIVE and SOCIAL MEDICINE)/ COMMUNITY MEDICINE,OBC,OBC,Allotted
1723,97685,All India,"GOVT MEDICAL COLLEGE KOTTAYAM,GOVT MEDICAL COLLEGE, GANDHINAGAR P O, KOTTAYAM KERALA 686008, Kerala, 686008",M.D. (PATHOLOGY),EWS,EWS,Allotted
1724,97767,Management/Paid Seats Quota,"SREE BALAJI MEDICAL COLLEGE AND HOSPITAL, CHENNAI,NO,7 WORKS ROAD,CHROMEPET,CHENNAI, Tamil Nadu, 600044",M.S. (ORTHOPAEDICS),Open,General,Allotted
1725,97827,Non-Resident Indian,"Institute of Medical Sciences and SUM Hospital, Bhubaneswar,Institute of Medical Sciences and SUM Hospital K 8 Kalinga Nagar PO Mahalaxmi Vihar Bhubaneswar, Odisha, 751029",M.D. (PAEDIATRICS),Open,General,Allotted
1726,97846,Management/Paid Seats Quota,"D. Y. Patil Medical College, Kolhapur,869 E D. Y. PatilVidyanagar Kolhapur 416 006, Maharashtra, 416006",M.D. (PATHOLOGY),Open,EWS,Allotted
1727,98115,All India,"JAWAHARLAL NEHRU MEDICAL COLLEGE, ALIGARH MUSLIM UNIVERSITY STATE UTTAR,JAWAHARLAL NEHRU MEDICAL COLLEGE, ALIGARH MUSLIM UNIVERSITY STATE UTTAR, Uttar Pradesh, 202002",M.D. (PHARMACOLOGY),OBC,OBC,Allotted
1728,98138,All India,"Government medical college patiala.,Government medical college patiala., Punjab, 147001",M.D. (PHARMACOLOGY),Open,General,Allotted
1729,98146,All India,"Pandit Dindayal Upadhyay Medical College, RAJKOT,Pandit Dindayal Upadhyay Medical College, RAJKOT, Gujarat, 360001",M.D. (Radiotherapy/ Radiation Oncology),ST,ST,Allotted
1730,98317,All India,"Karnataka Institute of Medical Sciences, Hubballi,Karnataka Institute of Medical Sciences, Hubballi, Karnataka, 580021",M.D. (PATHOLOGY),ST,ST,Allotted
1731,98402,All India,"GOVT MEDICAL COLLEGE, ANANTAPURAMU,GOVT MEDICAL COLLEGE, ANANTAPURAMU, Andhra Pradesh, 515001",M.D. (PSYCHIATRY),ST,ST,Allotted
1732,98416,All India,"SHYAM SHAH MEDICAL COLLEGE,deanmcrewa@rediffmail.com, Madhya Pradesh, 486001",M.D. (PREVENTIVE and SOCIAL MEDICINE)/ COMMUNITY MEDICINE,OBC,OBC,Allotted
1733,98566,Management/Paid Seats Quota,"SREE BALAJI MEDICAL COLLEGE AND HOSPITAL, CHENNAI,NO,7 WORKS ROAD,CHROMEPET,CHENNAI, Tamil Nadu, 600044",M.S. (GENERAL SURGERY),Open,General,Allotted
1734,98632,Management/Paid Seats Quota,"Pravara Rural Medical College, Loni,Dr. Balasaheb Vikhe Patil Rural Medical College (Formerly Called As Rural Medical College, Loni), Maharashtra, 413736",M.D. (Radiotherapy/ Radiation Oncology),Open,General,Allotted
1735,98673,All India,"Kakatiya Medical College,Kakatiya Medical College, Telangana, 506007",M.D. (MICROBIOLOGY),Open,SC,Allotted
1736,98714,All India,"Calcutta School Of Tropical Medicine,Calcutta School Of Tropical Medicine, West Bengal, 700073",M.D. (TROPICAL MEDICINE),ST,ST,Allotted
1737,98764,Non-Resident Indian,"Vinayaka Missions Kirupananda Variyar Medical College and Hospital, Salem,Sankari Main Road, NH-47, Seeragapadi, Salem, Tamil Nadu, 636308",M.D. (RADIO- DIAGNOSIS),Open,General,Allotted
1738,98779,All India,"GANDHI MEDICAL COLLEGE,GANDHI MEDICAL COLLEGE, Telangana, 500003",M.D. (PHARMACOLOGY),OBC,OBC,Allotted
1739,98969,All India,"Rims Medical College, Ongole, ,GOVERNMENT MEDICAL COLLEGE ONGOLE, Andhra Pradesh, 523001",M.D. (PREVENTIVE and SOCIAL MEDICINE)/ COMMUNITY MEDICINE,SC,SC,Allotted
1740,99050,All India,"DARBHANGA MEDICAL COLLEGE,Sheetal Prasad Marg, Laheriasarai, Darbhanga, Bihar, Bihar, 846003",M.D. (PHYSIOLOGY),OBC,OBC,Allotted
1741,99240,All India,"Government Medical College Kota,Government Medical College Kota, Rajasthan, 324005",M.D. (BIOCHEMISTRY),EWS,EWS,Allotted
1742,99307,DNB Quota,"District Hospital , Jammu and Kashmir ,Court road pulwama, Jammu And Kashmir, 192301",(NBEMS-DIPLOMA) ANAESTHESIOLOGY,SC,SC,Allotted
1743,99314,Management/Paid Seats Quota,"Pravara Rural Medical College, Loni,Dr. Balasaheb Vikhe Patil Rural Medical College (Formerly Called As Rural Medical College, Loni), Maharashtra, 413736",M.D. (Radiotherapy/ Radiation Oncology),Open,OBC,Allotted
1744,99685,All India,"College of Medicine & Sagore Dutta Hospital,College of Medicine & Sagore Dutta Hospital, West Bengal, 700058",M.D. (PHARMACOLOGY),Open,General,Allotted
1745,99718,All India,"GOVT MEDICAL COLLEGE, ANANTAPURAMU,GOVT MEDICAL COLLEGE, ANANTAPURAMU, Andhra Pradesh, 515001",M.D. (MICROBIOLOGY),Open,General,Allotted
1746,99740,All India,"Dr.V.M.Govt.Medical College,Solapur, Maharasthtra,In front of district court civil chowk Dr.V.M.Govt.Medical College,Solapur, Maharasthtra, Maharashtra, 413003",M.D. (PHARMACOLOGY),OBC,OBC,Allotted
1747,99784,DNB Quota,"GMERS Medical College and Hospital,,GMERS Medical College and Hospital Campus, Dharpur, Patan-Unjha State Highway, Patan (North Gujarat,, Gujarat, 384265",(NBEMS) OPHTHALMOLOGY,ST,ST,Allotted
1748,99851,All India,"Gulbarga Institute Of Medical Sciences, Kalaburagi,VEERESH NAGAR SEDAM ROAD KALABURAGI, Karnataka, 585105",M.D. (PHARMACOLOGY),Open,OBC,Allotted
1749,100037,All India,"NETAJI SUBHASH CHANDRA BOSE MEDICAL COLLEGE, JABALPUR ,NETAJI SUBHASH CHANDRA BOSE MEDICAL COLLEGE, NAGPUR ROAD JABALPUR, Madhya Pradesh, 482003",M.D. (PREVENTIVE and SOCIAL MEDICINE)/ COMMUNITY MEDICINE,SC,SC,Allotted
1750,100100,Management/Paid Seats Quota,"Saveetha Medical College Nd Hospital,Saveetha Medical College and Hospital, Tamil Nadu, 602105",M.D. (PREVENTIVE and SOCIAL MEDICINE)/ COMMUNITY MEDICINE,Open,OBC,Allotted
1751,100113,All India,"Srirama Chandra Bhanja Medical College, CUTTACK,Srirama Chandra Bhanja Medical College, CUTTACK, Odisha, 753007",M.D. (FORENSIC MEDICINE),Open,General,Allotted
1752,100187,Jain Minority Quota,"SBKS Medical College and Research Centre, Vadodara,SBKS Medical Institute and Research Centre, Sumandeep Vidyapeeth, Piparia, Waghodia Rd, Vadodara, Gujarat, 391760",M.D. (PATHOLOGY),Open,General,Allotted
1753,100268,All India,"College of Medicine & Sagore Dutta Hospital,College of Medicine & Sagore Dutta Hospital, West Bengal, 700058",M.D. (MICROBIOLOGY),Open,General,Allotted
1754,100410,All India,"SWAMI RAMANAND TEERTH RURAL GOVERNMENT MEDICAL COLLEGE AMBAJOGAI,SWAMI RAMANAND TEERTH RURAL GOVERNMENT MEDICAL COLLEGE AMBAJOGAI, Maharashtra, 431517",M.D. (MICROBIOLOGY),Open,General,Allotted
1755,100707,All India,"Ravindra Nath Tagore Medical College, Udaipur,Ravindra Nath Tagore Medical College, Udaipur, Rajasthan, 313001",MD/MS (Anatomy),Open,General,Allotted
1756,100718,All India,"Govt. Doon Medical College, Dehradun,Govt. Doon Medical College Dehrakhas, Patel Nagar Dehradun 248001, Uttarakhand, 248001",M.D. (BIOCHEMISTRY),Open,General,Allotted
1757,100766,All India,"EMPLOYEES STATE INSURANCE CORPORATION MEDICAL COLLEGE AND PGIMSR,EMPLOYEES STATE INSURANCE CORPORATION MEDICAL COLLEGE AND PGIMSR, Karnataka, 560010",M.D. (MICROBIOLOGY),SC,SC,Allotted
1758,100908,Management/Paid Seats Quota,"SRI SIDDHARTHA MEDICAL COLLEGE, TUMKUR,SRI SIDDHARTHA MEDICAL COLLEGE, TUMKUR, Karnataka, 572107",M.D. (ANAESTHESIOLOGY),Open,OBC,Allotted
1759,101035,DNB Quota,"APL and ANR Area, Andhra Pradesh,Area Hospital, Gudiwada OPP Head Post office Road, Fire station road, Gudiwada, Andhra Pradesh, 521301",(NBEMS-DIPLOMA) FAMILY MEDICINE,SC,SC,Allotted
1760,101191,Management/Paid Seats Quota,"Sri Lakshmi narayana institute of medical sciences,puducherry,Sri Lakshmi narayana institute of medical sciences,puducherry, Puducherry, 605502",M.S. (E.N.T.),Open,General,Allotted
1761,101193,All India,"Lala Lajpat Rai Memorial Medical College, MEERUT,Lala Lajpat Rai Memorial Medical College, MEERUT, Uttar Pradesh, 250004",MD/MS (Anatomy),Open,SC,Allotted
1762,101263,Management/Paid Seats Quota,"Sri Lakshmi narayana institute of medical sciences,puducherry,Sri Lakshmi narayana institute of medical sciences,puducherry, Puducherry, 605502",M.S. (OPHTHALMOLOGY),Open,OBC,Allotted
1763,101610,All India,"LOKMANYA TILAK MEDICAL COLLEGE MUMBAI,LOKMANYA TILAK MEDICAL COLLEGE MUMBAI, Maharashtra, 400022",M.D. (MICROBIOLOGY),OBC,OBC,Allotted
1764,101645,All India,"NALANDA MEDICAL COLLEGE,PATNA,NALANDA MEDICAL COLLEGE,PATNA, OLD BYPASS KANKARBAGH, Bihar, 800026",M.D. (PHARMACOLOGY),OBC,OBC,Allotted
1765,101756,Non-Resident Indian,"Institute of Medical Sciences and SUM Hospital, Bhubaneswar,Institute of Medical Sciences and SUM Hospital K 8 Kalinga Nagar PO Mahalaxmi Vihar Bhubaneswar, Odisha, 751029",M.D. (PAEDIATRICS),Open,General,Allotted
1766,102043,All India,"JHALAWAR MEDICAL COLLEGE,JHALAWAR MEDICAL COLLEGE, JHALAWAR, Rajasthan, 326001",M.D. (PHYSIOLOGY),Open,OBC,Allotted
1767,102147,All India,"Kalpana Chawla Govt Medical College, Karnal, Haryana,Kalpana Chawla Government Medical College Model Town Karnal 132001 Haryana, Haryana, 132001",M.D. (BIOCHEMISTRY),Open,General,Allotted
1768,102188,Management/Paid Seats Quota,"Sri Lakshmi narayana institute of medical sciences,puducherry,Sri Lakshmi narayana institute of medical sciences,puducherry, Puducherry, 605502",M.S. (ORTHOPAEDICS),Open,General,Allotted
1769,102308,DNB Quota,"Capital Hospital, Orissa,director.chb@gmail.com, Odisha, 751001",(NBEMS-DIPLOMA) FAMILY MEDICINE,SC,SC,Allotted
1770,102339,Management/Paid Seats Quota,"Sri Lakshmi narayana institute of medical sciences,puducherry,Sri Lakshmi narayana institute of medical sciences,puducherry, Puducherry, 605502",M.S. (ORTHOPAEDICS),Open,General,Allotted
1771,102505,All India,"Mahatma Gandhi Memorial Medical College, Indore,Mahatma Gandhi Memorial Medical College, Indore, Madhya Pradesh, 452001",M.D. (MICROBIOLOGY),Open,General,Allotted
1772,102526,Non-Resident Indian,"SRI DEVARAJ URS MEDICAL COLLEGE, TAMAKA,Tamaka, Kolar, Karnataka, 563103",M.D. (GENERAL MEDICINE),Open,General,Allotted
1773,102536,Non-Resident Indian,"SRI SIDDHARTHA MEDICAL COLLEGE, TUMKUR,SRI SIDDHARTHA MEDICAL COLLEGE, TUMKUR, Karnataka, 572107","M.D. (DERM.,VENE. and LEPROSY)/ (DERMATOLOGY)/(SKIN and VENEREAL DISEASES)/(VENEREOL OGY)",Open,EWS,Allotted
1774,102606,All India,"Grant Medical College, Maharashtra,Grant Medical College, Maharashtra, Maharashtra, 400008",M.D. (BIOCHEMISTRY),Open,OBC,Allotted
1775,102865,Non-Resident Indian,"Yenepoya Medical College,Yenepoya Medical College, Karnataka, 575018",M.D. (GENERAL MEDICINE),Open,General,Allotted
1776,102977,DNB Quota,"Hindu Rao Hospital, ,SUBZI MANDI, MALKA GANJ, DELHI-110007, Delhi (NCT), 110007",(NBEMS) PATHOLOGY,ST,ST,Allotted
1777,103044,All India,"Dr.V.M.Govt.Medical College,Solapur, Maharasthtra,In front of district court civil chowk Dr.V.M.Govt.Medical College,Solapur, Maharasthtra, Maharashtra, 413003",M.D. (PREVENTIVE and SOCIAL MEDICINE)/ COMMUNITY MEDICINE,OBC,OBC,Allotted
1778,103076,All India,"Srirama Chandra Bhanja Medical College, CUTTACK,Srirama Chandra Bhanja Medical College, CUTTACK, Odisha, 753007",M.D. (PHARMACOLOGY),Open,General,Allotted
1779,103143,All India,"NSC Government Medical College, Khandwa (MP),LUV KUSH NAGAR,MUNDI NAGAR, KHANDWA, Madhya Pradesh, 450001",M.D. (MICROBIOLOGY),Open,General,Allotted
1780,103145,Management/Paid Seats Quota,"Rajarajeswari Medical College and Hospital,No. 202, Kambipura, Mysore Road, Bengaluru, Karnataka, 560074",M.D. (ANAESTHESIOLOGY),Open,General,Allotted
1781,103155,Management/Paid Seats Quota,"DR D Y PATIL MEDICAL COLLEGE, NAVI MUMBAI,DR D Y PATIL MEDICAL COLLEGE, NAVI MUMBAI, Maharashtra, 400706",M.S. (ORTHOPAEDICS),Open,General,Allotted
1782,103257,All India,"BIDAR INSTITUTE OF MEDICAL SCIENCES, BIDAR,BIDAR INSTITUTE OF MEDICAL SCIENCES, BIDAR, Karnataka, 585401",M.D. (PHARMACOLOGY),Open,General,Allotted
1783,103284,All India,"Mahatma Gandhi Memorial Medical College, Indore,Mahatma Gandhi Memorial Medical College, Indore, Madhya Pradesh, 452001",M.D. (MICROBIOLOGY),Open,General,Allotted
1784,103295,Muslim Minority Quota,"Hamdard Institute of Medical Sciences and Research,HIMSR, Jamia Hamdard, Guru Ravidas Marg, Hamdard Nagar, New Delhi, Delhi (NCT), 110062",M.D. (MICROBIOLOGY),Open,General,Allotted
1785,103546,All India,"Pt. Jawahar Lal Nehru Memorial Medical College, RAIPUR,Pt. Jawahar Lal Nehru Memorial Medical College, RAIPUR, Chhattisgarh, 492001",M.D. (PREVENTIVE and SOCIAL MEDICINE)/ COMMUNITY MEDICINE,OBC,OBC,Allotted
1786,103615,All India,"S.V. Medical College, Tirupathi ,S.V. Medical College, Tirupathi, Andhra Pradesh, 517507",M.D. (BIOCHEMISTRY),OBC,OBC,Allotted
1787,103825,Management/Paid Seats Quota,"DR D Y PATIL MEDICAL COLLEGE, NAVI MUMBAI,DR D Y PATIL MEDICAL COLLEGE, NAVI MUMBAI, Maharashtra, 400706",M.S. (ORTHOPAEDICS),Open,General,Allotted
1788,104033,All India,"Atal Bihari Vajpayee Government Medical College, Vidisha,NH 86 INFRONT OF KHEL PARISAR SANCHI ROAD VIDISHA MP, Madhya Pradesh, 464001",M.D. (FORENSIC MEDICINE),Open,General,Allotted
1789,104168,All India,"GOVT MEDICAL COLLEGE, ANANTAPURAMU,GOVT MEDICAL COLLEGE, ANANTAPURAMU, Andhra Pradesh, 515001",M.D. (PHARMACOLOGY),Open,OBC,Allotted
1790,104206,Management/Paid Seats Quota,"Santosh Medical College and Hospital, Ghaziabad, NCR Delhi,Santosh Medical College and Hospital, Ghaziabad, Delhi NCR, Uttar Pradesh, 201009",M.D. (ANAESTHESIOLOGY),Open,General,Allotted
1791,104341,All India,"SHYAM SHAH MEDICAL COLLEGE,deanmcrewa@rediffmail.com, Madhya Pradesh, 486001",M.D. (MICROBIOLOGY),Open,General,Allotted
1792,104525,All India,"Sawai Man Singh Medical College, JAIPUR,Sawai Man Singh Medical College, JLN Marg, Jaipur-302004, Rajasthan, 302004",M.D. (BIOCHEMISTRY),Open,General,Allotted
1793,104542,All India,"Andhra Medical College,Andhra Medical College, Andhra Pradesh, 530002",M.D. (FORENSIC MEDICINE),Open,General,Allotted
1794,104633,All India,"Government Medical College, Jalgaon,Jilha Peth, Government Hospital Campus, Jalgaon, Maharashtra, 425001",M.D. (PREVENTIVE and SOCIAL MEDICINE)/ COMMUNITY MEDICINE,OBC,OBC,Allotted
1795,104650,All India,"GADAG INSTITUTE OF MEDICAL SCIENCES GADAG,Gadag Institute of Medical Sciences Mallasamudra Gadag-582103, Karnataka, 582103",M.D. (FORENSIC MEDICINE),Open,General,Allotted
1796,104691,All India,"VIJANAGARA INSTITUTE OF MEDICAL SCIENCES BALLARI,VIJANAGARA INSTITUTE OF MEDICAL SCIENCES BALLARI, Karnataka, 583104",M.D. (PHARMACOLOGY),Open,OBC,Allotted
1797,104783,All India,"University College of Medical Sciences,University College of Medical Sciences, Delhi (NCT), 110095",MD/MS (Anatomy),Open,General,Allotted
1798,104904,All India,"Seth Gordhandas Sunderdas Medical College, MUMBAI,Seth Gordhandas Sunderdas Medical College, Acharya Donde Marg Parel MUMBAI, Maharashtra, 400012",M.D. (PATHOLOGY),ST,ST,Allotted
1799,104971,All India,"Baba Raghav Das Medical College,Baba Raghav Das Medical College, Gorakhpur, Uttar Pradesh, 273013",M.D. (PATHOLOGY),ST,ST,Allotted
1800,105071,All India,"Agartala Government Medical College,Agartala Government Medical College, Tripura, 799006",M.D. (BIOCHEMISTRY),Open,OBC,Allotted
1801,105091,DNB Quota,"Government Medical College and Associated Group of Hospitals, Government Medical College, Dungarpur and Associated Group of Hospitals Shri Haridev Joshi Hospital,,Government Medical College and Associated Group of Hospitals, Government Medical College, Dungarpur, Rajasthan, 314001",(NBEMS-DIPLOMA) FAMILY MEDICINE,SC,SC,Allotted
1802,105096,Management/Paid Seats Quota,"Sri Lakshmi narayana institute of medical sciences,puducherry,Sri Lakshmi narayana institute of medical sciences,puducherry, Puducherry, 605502",M.S. (E.N.T.),Open,General,Allotted
1803,105176,Management/Paid Seats Quota,"Sri Lakshmi narayana institute of medical sciences,puducherry,Sri Lakshmi narayana institute of medical sciences,puducherry, Puducherry, 605502",M.D. (ANAESTHESIOLOGY),Open,General,Allotted
1804,105287,All India,"Government T D Medical College, Vandanm , Alappuzha,Government T D Medical College, Vandanam , Alappuzha, Kerala, 688005",MD/MS (Anatomy),Open,General,Allotted
1805,105330,All India,"Gulbarga Institute Of Medical Sciences, Kalaburagi,VEERESH NAGAR SEDAM ROAD KALABURAGI, Karnataka, 585105",M.D. (PREVENTIVE and SOCIAL MEDICINE)/ COMMUNITY MEDICINE,SC,SC,Allotted
1806,105362,All India,"Chamarajanagar Institute of Medical Sciences, Karnataka,CHAMARAJANAGAR INSTITUTE OF MEDICAL SCIENCES, SY. NO 124, YEDAPURA VILLAGE KASABA HOBLI, CHAMARAJANA, Karnataka, 571313",M.D. (PREVENTIVE and SOCIAL MEDICINE)/ COMMUNITY MEDICINE,SC,SC,Allotted
1807,105614,All India,"Baba Raghav Das Medical College,Baba Raghav Das Medical College, Gorakhpur, Uttar Pradesh, 273013",DIPLOMA IN ANAESTHESIOLOGY,ST,ST,Allotted
1808,105780,All India,"Government Medical College, Latur,Government Medical College, Old Railway station Near Marwadi Rajasthani High-School Latur, Maharashtra, 413512",M.D. (PREVENTIVE and SOCIAL MEDICINE)/ COMMUNITY MEDICINE,OBC,OBC,Allotted
1809,105816,All India,"KURNOOL MEDICAL COLLEGE,KURNOOL MEDICAL COLLEGE, Andhra Pradesh, 518002",M.D. (MICROBIOLOGY),Open,General,Allotted
1810,105914,All India,"Employees' State Insurance Corporation Medical College & Hospital, Gulbarga,ESIC MEDICAL COLLEGE SEDAM ROAD GULBARGA, Karnataka, 585106",M.D. (BIOCHEMISTRY),Open,General,Allotted
1811,106135,All India,"Guru Gobind Singh Medical College,Guru Gobind Singh Medical College, Punjab, 151203",M.D. (MICROBIOLOGY),Open,OBC,Allotted
1812,106147,Non-Resident Indian,"Rajarajeswari Medical College and Hospital,No. 202, Kambipura, Mysore Road, Bengaluru, Karnataka, 560074",M.D. (RADIO- DIAGNOSIS),Open,General,Allotted
1813,106389,Management/Paid Seats Quota,"Santosh Medical College and Hospital, Ghaziabad, NCR Delhi,Santosh Medical College and Hospital, Ghaziabad, Delhi NCR, Uttar Pradesh, 201009",M.D. (BIOCHEMISTRY),Open,General,Allotted
1814,106443,Non-Resident Indian,"Mahatma Gandhi Medical College and Research Institute, Pondicherry,SBV Pondicherry Campus, Pillaiyarkuppam, Pondicherry, Puducherry, 607402",M.S. (ORTHOPAEDICS),Open,General,Allotted
1815,106452,All India,"Bangalore Medical College and Research Institute,Bangalore Medical College and Research Institute, Karnataka, 560002",MD/MS (Anatomy),Open,General,Allotted
1816,106455,All India,"Government Medical College, Nalgonda,Office of the Principal, Government Medical College Nalgonda, Near RTC Bus Stand, Gollaguda, Nalgon, Telangana, 508001",M.D. (PHARMACOLOGY),Open,OBC,Allotted
1817,106493,All India,"Government Medical College, Gondia,Nehru Chowk, KTS General Hospital Campus, Govt. Medical College, Gondia. 441601. Maharashtra., Maharashtra, 441601",M.D. (PHARMACOLOGY),Open,General,Allotted
1818,106499,Management/Paid Seats Quota,"Rajarajeswari Medical College and Hospital,No. 202, Kambipura, Mysore Road, Bengaluru, Karnataka, 560074",M.D. (ANAESTHESIOLOGY),Open,General,Allotted
1819,106520,All India,"Late Baliram Kashyap Memorial Govt Medical Dimrapal,Late Baliram Kashyap Memorial Govt Medical Dimrapal, Chhattisgarh, 494001",M.D. (PREVENTIVE and SOCIAL MEDICINE)/ COMMUNITY MEDICINE,OBC,OBC,Allotted
1820,106738,All India,"Rajiv Gandhi Institute of Medical Sciences Srikakulam,Government Medical College Srikakulam Balaga Srikakulam Town Srikakulam District, Andhra Pradesh, 532001",M.D. (MICROBIOLOGY),Open,OBC,Allotted
1821,106751,All India,"CHHATTISGARH INSTITUTE OF MEDICAL SCIENCES,CHHATTISGARH INSTITUTE OF MEDICAL SCIENCES, Chhattisgarh, 495001",M.D. (FORENSIC MEDICINE),Open,OBC,Allotted
1822,106800,All India,"BIDAR INSTITUTE OF MEDICAL SCIENCES, BIDAR,BIDAR INSTITUTE OF MEDICAL SCIENCES, BIDAR, Karnataka, 585401",M.D. (FORENSIC MEDICINE),OBC,OBC,Allotted
1823,106842,All India,"Government Medical College, Surat,Government Medical College, Majuragate, Surat., Gujarat, 395001",DIPLOMA IN CLINICAL PATHOLOGY,EWS,EWS,Allotted
1824,106982,All India,"Kodagu Institute of Medical Sciences, Karnataka,Kodagu Institute of Medical Sciences Madikeri Kodagu, Karnataka, 571201",M.D. (MICROBIOLOGY),Open,General,Allotted
1825,107160,All India,"ESIC Medical College, Hyderbad,Sanathnagar, Hyderabad, Telangana, 500038",MD/MS (Anatomy),Open,OBC,Allotted
1826,107245,Non-Resident Indian,"SRI DEVARAJ URS MEDICAL COLLEGE, TAMAKA,Tamaka, Kolar, Karnataka, 563103",M.D. (GENERAL MEDICINE),Open,General,Allotted
1827,107657,DNB Quota,"Government Medical College and Associated Hospital,,JANGLAT MANDI ANANTNAG, JAMMU AND KASHMIR 192101, Jammu And Kashmir, 192101",(NBEMS) COMMUNITY MEDICINE,OBC,OBC,Allotted
1828,107724,All India,"JAWAHAR LAL NEHRU MEDICAL COLLEGE, AJMER,NEAR PATEL STADIUM, AJMER, Rajasthan, 305001",M.D. (PREVENTIVE and SOCIAL MEDICINE)/ COMMUNITY MEDICINE,SC,SC,Allotted
1829,107730,Non-Resident Indian,"SHRI. B. M. PATIL MEDICAL COLLEGE HOSPITAL AND RESEARCH CENTRE,SHRI. B. M. PATIL MEDICAL COLLEGE HOSPITAL AND RESEARCH CENTRE, SOLAPUR ROAD, VIJAYAPURA, Karnataka, 586103",M.S. (GENERAL SURGERY),Open,General,Allotted
1830,107882,All India,"Murshidabad Medical College and Hospital,Station Road, Berhampore, Murshidabad, West Bengal, 742101",M.D. (PREVENTIVE and SOCIAL MEDICINE)/ COMMUNITY MEDICINE,OBC,OBC,Allotted
1831,108349,All India,"Government Medical College,Churu,Civil Line, Shekhawat Colony, Churu-331001, Rajasthan, 331001",M.D. (PATHOLOGY),ST,ST,Allotted
1832,108423,All India,"Veer Chandra Singh Garhwali Govt. Institute of Medical Science & Research,Veer Chandra Singh Garhwali Govt. Institute of Medical Science and Research, Srinagar Garhwal, Uttarakhand, 246174",M.D. (PHARMACOLOGY),Open,General,Allotted
1833,108479,All India,"NIL RATAN SIRCAR MEDICAL COLLEGE,NIL RATAN SIRCAR MEDICAL COLLEGE, 138 AJC BOSE ROAD, KOLKATA-700014., West Bengal, 700014",M.D. (BIOCHEMISTRY),Open,General,Allotted
1834,108513,All India,"Lala Lajpat Rai Memorial Medical College, MEERUT,Lala Lajpat Rai Memorial Medical College, MEERUT, Uttar Pradesh, 250004",M.D. (PATHOLOGY),ST,ST,Allotted
1835,108564,All India,"IPGME&R and SSKM Hospital Kolkata,244, Acharya J. C. Bose Road, Kolkata-700020, West Bengal, 700020",M.D. (PHARMACOLOGY),SC,SC,Allotted
1836,108617,Management/Paid Seats Quota,"Jawaharlal Nehru Medical College, Belagavi,Jawaharlal Nehru Medical College, Belagavi, Karnataka, 590010",DIPLOMA IN OPHTHALMOLOGY/DOM S,Open,General,Allotted
1837,108944,Management/Paid Seats Quota,"SREE BALAJI MEDICAL COLLEGE AND HOSPITAL, CHENNAI,NO,7 WORKS ROAD,CHROMEPET,CHENNAI, Tamil Nadu, 600044",M.D. (PSYCHIATRY),Open,General,Allotted
1838,109014,All India,"Osmania Medical Collge,Osmania Medical Collge, Telangana, 500095",M.D. (PATHOLOGY),ST,ST,Allotted
1839,109049,All India,"Govt. Medical College, Bhavnagar,Near. S.T. Bus Stand,Jail Road, Bhavnagar-364001, Gujarat, 364001",M.D. (MICROBIOLOGY),SC,SC,Allotted
1840,109063,All India,"Assam Medical College,Assam Medical College, Assam, 786002",M.D. (PREVENTIVE and SOCIAL MEDICINE)/ COMMUNITY MEDICINE,SC,SC,Allotted
1841,109241,All India,"Lady Hardinge Medical College,Lady Hardinge Medical College, Delhi (NCT), 110001",M.D. (PHYSIOLOGY),OBC,OBC,Allotted
1842,109324,Management/Paid Seats Quota,"KRISHNA INSTITUTE OF MEDICAL SCIENCES, KARAD,KRISHNA INSTITUTE OF MEDICAL SCIENCES, KARAD, Maharashtra, 415110",M.D. (PATHOLOGY),Open,General,Allotted
1843,109342,All India,"Veer Chandra Singh Garhwali Govt. Institute of Medical Science & Research,Veer Chandra Singh Garhwali Govt. Institute of Medical Science and Research, Srinagar Garhwal, Uttarakhand, 246174",M.D. (FORENSIC MEDICINE),Open,General,Allotted
1844,109363,All India,"Government Medical College, Nagpur,Government Medical College, Nagpur, Maharashtra, 440003",M.D. (MICROBIOLOGY),OBC,OBC,Allotted
1845,109413,All India,"Gandhi Medical College, Bhopal,Gandhi Medical College, Bhopal, Madhya Pradesh, 462001",M.D. (FORENSIC MEDICINE),OBC,OBC,Allotted
1846,109688,All India,"Dr. Yashwant Singh Parmar Government Medical College Nahan,Near DC Sirmaur residence at Nahan, Himachal Pradesh, 173001",M.D. (PREVENTIVE and SOCIAL MEDICINE)/ COMMUNITY MEDICINE,EWS,EWS,Allotted
1847,109694,Management/Paid Seats Quota,"SRI DEVARAJ URS MEDICAL COLLEGE, TAMAKA,Tamaka, Kolar, Karnataka, 563103",M.D. (PATHOLOGY),Open,OBC,Allotted
1848,109883,Non-Resident Indian,"Institute of Medical Sciences and SUM Hospital, Bhubaneswar,Institute of Medical Sciences and SUM Hospital K 8 Kalinga Nagar PO Mahalaxmi Vihar Bhubaneswar, Odisha, 751029",M.D. (PAEDIATRICS),Open,General,Allotted
1849,110123,All India,"Maharaja Krushna Chandra Gajapati Medical College , Brahmapur,Maharaja Krushna Chandra Gajapati Medical College , Brahmapur, Odisha, 760004",M.D. (PREVENTIVE and SOCIAL MEDICINE)/ COMMUNITY MEDICINE,SC,SC,Allotted
1850,110133,All India,"SWAMI RAMANAND TEERTH RURAL GOVERNMENT MEDICAL COLLEGE AMBAJOGAI,SWAMI RAMANAND TEERTH RURAL GOVERNMENT MEDICAL COLLEGE AMBAJOGAI, Maharashtra, 431517",M.D. (PHARMACOLOGY),OBC,OBC,Allotted
1851,110162,All India,"Ganesh Shankar Vidyarthi Memorial Medical College,Ganesh Shankar Vidyarthi Memorial Medical College, Uttar Pradesh, 208002",M.D. (PHYSIOLOGY),Open,General,Allotted
1852,110168,All India,"LOKMANYA TILAK MEDICAL COLLEGE MUMBAI,LOKMANYA TILAK MEDICAL COLLEGE MUMBAI, Maharashtra, 400022",DIPLOMA IN ANAESTHESIOLOGY,ST,ST,Allotted
1853,110236,All India,"Dr.V.M.Govt.Medical College,Solapur, Maharasthtra,In front of district court civil chowk Dr.V.M.Govt.Medical College,Solapur, Maharasthtra, Maharashtra, 413003",M.D. (FORENSIC MEDICINE),Open,General,Allotted
1854,110432,All India,"NSC Government Medical College, Khandwa (MP),LUV KUSH NAGAR,MUNDI NAGAR, KHANDWA, Madhya Pradesh, 450001",M.D. (PREVENTIVE and SOCIAL MEDICINE)/ COMMUNITY MEDICINE,OBC,OBC,Allotted
1855,110442,All India,"Shaheed Hasan Khan Mewati Government Medical College,Shaheed Hasan Khan Mewati Government Medical College, Haryana, 122107",M.D. (PREVENTIVE and SOCIAL MEDICINE)/ COMMUNITY MEDICINE,SC,SC,Allotted
1856,110580,All India,"Maulana Azad Medical College,Maulana Azad Medical College, Delhi (NCT), 110002",M.D. (PHYSIOLOGY),OBC,OBC,Allotted
1857,110618,All India,"Andhra Medical College,Andhra Medical College, Andhra Pradesh, 530002",M.D. (BIOCHEMISTRY),Open,General,Allotted
1858,110706,All India,"PATNA MEDICAL COLLEGE, PATNA,PATNA MEDICAL COLLEGE, PATNA, Bihar, 800004",DIPLOMA IN BACTERIOLOGY,Open,General,Allotted
1859,110816,All India,"KING GEORGES MEDICAL UNIVERSITY,KING GEORGES MEDICAL UNIVERSITY, Shahmeena Road, Chowk, Lucknow-226003, Uttar Pradesh, 226003",MD/MS (Anatomy),Open,General,Allotted
1860,111002,DNB Quota,"General Hospital, ,OLD SABJI MANDI HINDUAN GATE KARAULI, Rajasthan, 322241",(NBEMS-DIPLOMA) FAMILY MEDICINE,SC,SC,Allotted
1861,111010,All India,"GOVERNMENT MEDICAL COLLEGE KADAPA (FORMERLY RAJIV GANDHI INSTITUTE OF MEDICAL SCIENCES, KADAPA),GOVERNMENT MEDICAL COLLEGE KADAPA (FORMERLY RAJIV GANDHI INSTITUTE OF MEDICAL SCIENCES, KADAPA), Andhra Pradesh, 516002",M.D. (FORENSIC MEDICINE),OBC,OBC,Allotted
1862,111019,Management/Paid Seats Quota,"Shri Sathya Sai Medical College and Research Institute,Kancheepuram,Shri Sathya Sai Nagar, SBV Chennai Campus, Ammapettai, Chengalpattu District, Tamil Nadu, 603108",M.D. (ANAESTHESIOLOGY),Open,OBC,Allotted
1863,111189,All India,"GOA MEDICAL COLLEGE,Bambolim, Goa, Goa, 403202",M.D. (BIOCHEMISTRY),Open,General,Allotted
1864,111288,Management/Paid Seats Quota,"DR. D. Y. PATIL MEDICAL COLLEGE, PUNE,Dr. D. Y. Patil Medical College, Hospital and Research Centre, Sant Tukaram Nagar, Pimpri, Pune., Maharashtra, 411018",M.D. (PREVENTIVE and SOCIAL MEDICINE)/ COMMUNITY MEDICINE,Open,General,Allotted
1865,111442,Non-Resident Indian,"DR. D. Y. PATIL MEDICAL COLLEGE, PUNE,Dr. D. Y. Patil Medical College, Hospital and Research Centre, Sant Tukaram Nagar, Pimpri, Pune., Maharashtra, 411018",M.D. (Obst. and Gynae)/MS (Obstetrics and Gynaecology),Open,OBC,Allotted
1866,111452,Management/Paid Seats Quota,"Bharati Vidyapeeth Deemed to be University Medical College,Pune,Bharati Vidyapeeth Deemed to be University Medical College, Dhankawadi, Pune Satara Road, Pune, Maharashtra, 411043",M.D. IN TRANSFUSION MEDICINE/ IMMUNO- HAEMATOLOGY and BLOOD TRANSFUSION,Open,OBC,Allotted
1867,111499,All India,"Andhra Medical College,Andhra Medical College, Andhra Pradesh, 530002",M.D. (BIOCHEMISTRY),Open,OBC,Allotted
1868,111671,All India,"Tezpur Medical College,Tumuki, Bihaguri, Tezpur, Sonitpur, Assam, Assam, 784010",M.D. (MICROBIOLOGY),Open,General,Allotted
1869,111754,Non-Resident Indian,"GITAM Institute of Medical Sciences & Research, Visakhapatnam,GITAM Deemed to be University Rushikonda, Visakhapatnam - 530045 Andhra Pradesh, Andhra Pradesh, 530045",M.D. (RADIO- DIAGNOSIS),Open,General,Allotted
1870,111798,All India,"Rajiv Gandhi Institute of Medical Sciences Srikakulam,Government Medical College Srikakulam Balaga Srikakulam Town Srikakulam District, Andhra Pradesh, 532001",M.D. (PHARMACOLOGY),Open,OBC,Allotted
1871,111799,Management/Paid Seats Quota,"Santosh Medical College and Hospital, Ghaziabad, NCR Delhi,Santosh Medical College and Hospital, Ghaziabad, Delhi NCR, Uttar Pradesh, 201009",M.D. (PATHOLOGY),Open,General,Allotted
1872,111957,DNB Quota,"GMERS Medical College and Hospital, ,paddoc road, near majewadi gate, junagadh, Gujarat, 362001",(NBEMS-DIPLOMA) Obstetrics and Gynaecology,ST,ST,Allotted
1873,112045,All India,"STANLEY MEDICAL COLLEGE,STANLEY MEDICAL COLLEGE NO.1, OLD JAIL ROAD, CHENNAI-600001, Tamil Nadu, 600001",M.D. (PHYSIOLOGY),SC,SC,Allotted
1874,112150,Management/Paid Seats Quota,"Santosh Medical College and Hospital, Ghaziabad, NCR Delhi,Santosh Medical College and Hospital, Ghaziabad, Delhi NCR, Uttar Pradesh, 201009",M.D. (ANAESTHESIOLOGY),Open,OBC,Allotted
1875,112173,All India,"Sawai Man Singh Medical College, JAIPUR,Sawai Man Singh Medical College, JLN Marg, Jaipur-302004, Rajasthan, 302004",MD/MS (Anatomy),Open,SC,Allotted
1876,112187,All India,"JAWAHARLAL NEHRU MEDICAL COLLEGE, ALIGARH MUSLIM UNIVERSITY STATE UTTAR,JAWAHARLAL NEHRU MEDICAL COLLEGE, ALIGARH MUSLIM UNIVERSITY STATE UTTAR, Uttar Pradesh, 202002",MD/MS (Anatomy),Open,General,Allotted
1877,112188,All India,"University College of Medical Sciences,University College of Medical Sciences, Delhi (NCT), 110095",MD/MS (Anatomy),Open,General,Allotted
1878,112192,All India,"Dr.V.M.Govt.Medical College,Solapur, Maharasthtra,In front of district court civil chowk Dr.V.M.Govt.Medical College,Solapur, Maharasthtra, Maharashtra, 413003",M.D. (PHYSIOLOGY),Open,OBC,Allotted
1879,112234,All India,"Sardar Patel Medical College, Bikaner,Sardar Patel Medical College, Bikaner, Rajasthan, 334003","M.D. (DERM.,VENE. and LEPROSY)/ (DERMATOLOGY)/(SKIN and VENEREAL DISEASES)/(VENEREOL OGY)",Open PwD,GNYes,Allotted
1880,112266,All India,"Govt. Bundelkhand Medical College Sagar M.P.,Govt. Bundelkhand Medical College Sagar M.P., Madhya Pradesh, 470001",M.D. (MICROBIOLOGY),Open,General,Allotted
1881,112457,All India,"Govt. Medical College, Bhavnagar,Near. S.T. Bus Stand,Jail Road, Bhavnagar-364001, Gujarat, 364001",M.D. (PHYSIOLOGY),Open,General,Allotted
1882,112541,All India,"Sawai Man Singh Medical College, JAIPUR,Sawai Man Singh Medical College, JLN Marg, Jaipur-302004, Rajasthan, 302004",M.D. (BIOCHEMISTRY),OBC,OBC,Allotted
1883,112616,Non-Resident Indian,"Bharati Vidyapeeth (Deemed to be University) Medical College and Hospital, Sangli,Bharati Vidyapeeth (Deemed to be University) Medical College and Hospital, Sangli, Maharashtra, 416416",M.D. (PAEDIATRICS),Open,General,Allotted
1884,112763,All India,"Gandhi Medical College, Bhopal,Gandhi Medical College, Bhopal, Madhya Pradesh, 462001",M.D. (MICROBIOLOGY),SC,SC,Allotted
1885,112976,All India,"Karwar Institute of Medical Sciences, Karnataka,MG Road, Karnataka, 581301",M.D. (FORENSIC MEDICINE),Open,OBC,Allotted
1886,113056,All India,"Dr.V.M.Govt.Medical College,Solapur, Maharasthtra,In front of district court civil chowk Dr.V.M.Govt.Medical College,Solapur, Maharasthtra, Maharashtra, 413003",M.D. (MICROBIOLOGY),Open,General,Allotted
1887,113098,All India,"Rangaraya Medical College,Rangaraya Medical College Beside SP Office , Pithapuram Road, Kakinada, Andhra Pradesh, 533003",M.D. (PREVENTIVE and SOCIAL MEDICINE)/ COMMUNITY MEDICINE,EWS,EWS,Allotted
1888,113184,All India,"S.V. Medical College, Tirupathi ,S.V. Medical College, Tirupathi, Andhra Pradesh, 517507",M.D. (PATHOLOGY),ST,ST,Allotted
1889,113226,All India,"NSC Government Medical College, Khandwa (MP),LUV KUSH NAGAR,MUNDI NAGAR, KHANDWA, Madhya Pradesh, 450001",M.D. (PREVENTIVE and SOCIAL MEDICINE)/ COMMUNITY MEDICINE,SC,SC,Allotted
1890,113297,Non-Resident Indian,"Rajarajeswari Medical College and Hospital,No. 202, Kambipura, Mysore Road, Bengaluru, Karnataka, 560074",M.D. (Obst. and Gynae)/MS (Obstetrics and Gynaecology),Open,General,Allotted
1891,113472,DNB Quota,"IGM Hospital , ,IGM Chowmuhani, Agartala, Tripura West, Tripura, 799001",(NBEMS-DIPLOMA) FAMILY MEDICINE,SC,SC,Allotted
1892,113571,DNB Quota,"District Hospital, Sagar, Madhya Pradesh,shivaji ward tilli road sagar, Madhya Pradesh, 470002",(NBEMS-DIPLOMA) PAEDIATRICS,ST,ST,Allotted
1893,113713,Non-Resident Indian,"VINAYAKA MISSIONS MEDICAL COLLEGE AND HOSPITAL, KARAIKAL,KEEZHAKASAKUDIMEDU, KOTTUCHERRY (POST), KARAIKAL, UT of PUDUCHERRY, Puducherry, 609609","M.D. (DERM.,VENE. and LEPROSY)/ (DERMATOLOGY)/(SKIN and VENEREAL DISEASES)/(VENEREOL OGY)",Open,General,Allotted
1894,113726,DNB Quota,"Apollomedics Superspeciality Hospital,KBC 31, Sector B, LDA Colony, Kanpur Road, Lucknow, Uttar Pradesh, 226012",(NBEMS) MICROBIOLOGY,Open,General,Allotted
1895,113730,All India,"PATNA MEDICAL COLLEGE, PATNA,PATNA MEDICAL COLLEGE, PATNA, Bihar, 800004",DIP. IN PHY. MEDICINE and REHAB.,EWS,EWS,Allotted
1896,113738,All India,"GANDHI MEDICAL COLLEGE,GANDHI MEDICAL COLLEGE, Telangana, 500003",M.D. (FORENSIC MEDICINE),SC,SC,Allotted
1897,113880,DNB Quota,"Ispat General Hospital,,Ispat General Hospital Rourkela Steel Plant SAIL Rourkela 769005, Odisha, 769005",(NBEMS) OPHTHALMOLOGY,ST,ST,Allotted
1898,113911,Management/Paid Seats Quota,"Santosh Medical College and Hospital, Ghaziabad, NCR Delhi,Santosh Medical College and Hospital, Ghaziabad, Delhi NCR, Uttar Pradesh, 201009",M.D. (ANAESTHESIOLOGY),Open,General,Allotted
1899,114010,All India,"Late Baliram Kashyap Memorial Govt Medical Dimrapal,Late Baliram Kashyap Memorial Govt Medical Dimrapal, Chhattisgarh, 494001",M.D. (PREVENTIVE and SOCIAL MEDICINE)/ COMMUNITY MEDICINE,SC,SC,Allotted
1900,114174,All India,"Government Medical College, Siddipet,SURVEY NO 54 GOVERNMENT MEDICAL COLLEGE ENSANPALLY SIDDIPET 502114, Telangana, 502114",M.D. (MICROBIOLOGY),Open,OBC,Allotted
1901,114187,Non-Resident Indian,"Bharati Vidyapeeth (Deemed to be University) Medical College and Hospital, Sangli,Bharati Vidyapeeth (Deemed to be University) Medical College and Hospital, Sangli, Maharashtra, 416416",M.D. (RADIO- DIAGNOSIS),Open,General,Allotted
1902,114208,Management/Paid Seats Quota,"Mahatma Gandhi Medical College and Research Institute, Pondicherry,SBV Pondicherry Campus, Pillaiyarkuppam, Pondicherry, Puducherry, 607402",M.D. (PATHOLOGY),Open,SC,Allotted
1903,114246,Management/Paid Seats Quota,"AARUPADAI VEEDU MEDICAL COLLEGE AND HOSPITAL,PONDY - CUDDALORE MAIN ROAD, KIRUMAMPAKKAM, BAHOUR COMMUNE PANCHAYAT, PUDUCHERRY, Puducherry, 607402",M.D. (ANAESTHESIOLOGY),Open,OBC,Allotted
1904,114590,IP University Quota,"Vardhman Mahavir Medical College, , New Delhi,Vardhman Mahavir Medical College, , New Delhi, Delhi (NCT), 110029",M.D. (FORENSIC MEDICINE),Open,OBC,Allotted
1905,114624,Management/Paid Seats Quota,"Santosh Medical College and Hospital, Ghaziabad, NCR Delhi,Santosh Medical College and Hospital, Ghaziabad, Delhi NCR, Uttar Pradesh, 201009",M.D. (ANAESTHESIOLOGY),Open,General,Allotted
1906,114634,All India,"Gvernment Medical College,Haldwani,Government Medical College, Haldwani, Uttarakhand, 263139",M.D. (MICROBIOLOGY),Open,General,Allotted
1907,114635,All India,"RAICHUR INSTITUTE OF MEDICAL SCIENCES,RAICHUR INSTITUTE OF MEDICAL SCIENCES, Karnataka, 584102",M.D. (PHARMACOLOGY),OBC,OBC,Allotted
1908,114643,DNB Quota,"Lal Bahadur Shastri Hosptial, ,LBSH MAYUR VIHAR PHASE 2 KHICHRIPUR 110091, Delhi (NCT), 110091",(NBEMS-DIPLOMA) Obstetrics and Gynaecology,ST,ST,Allotted
1909,114648,DNB Quota,"Sri Krishna Medical College and Hospital, ,Uma Nagar Muzaffarpur Bihar 842004, Bihar, 842004",(NBEMS) FORENSIC MEDICINE,Open,General,Allotted
1910,114683,All India,"ESIC Medical College, Hyderbad,Sanathnagar, Hyderabad, Telangana, 500038",M.D. (PATHOLOGY),ST,ST,Allotted
1911,114740,All India,"GOVERNMENT MEDICAL COLLEGE CHANDRAPUR, MAHARASHTRA,TB Hospital Campus, Ram Nagar, Chandrapur - 442401, Maharashtra, 442401",M.D. (FORENSIC MEDICINE),Open,General,Allotted
1912,114741,All India,"Agartala Government Medical College,Agartala Government Medical College, Tripura, 799006",M.D. (FORENSIC MEDICINE),OBC,OBC,Allotted
1913,114752,Management/Paid Seats Quota,"Santosh Medical College and Hospital, Ghaziabad, NCR Delhi,Santosh Medical College and Hospital, Ghaziabad, Delhi NCR, Uttar Pradesh, 201009",M.D. (ANAESTHESIOLOGY),Open,General,Allotted
1914,114783,All India,"Dr.V.M.Govt.Medical College,Solapur, Maharasthtra,In front of district court civil chowk Dr.V.M.Govt.Medical College,Solapur, Maharasthtra, Maharashtra, 413003",M.D. (MICROBIOLOGY),OBC,OBC,Allotted
1915,114844,DNB Quota,"Krishna Institute of Medical Sciences, ,academics@kimshospitals.com, Telangana, 500003",(NBEMS) MICROBIOLOGY,Open,SC,Allotted
1916,114852,All India,"Government medical college patiala.,Government medical college patiala., Punjab, 147001",M.D. (PHARMACOLOGY),Open,General,Allotted
1917,114978,Management/Paid Seats Quota,"Jawaharlal Nehru Medical College, Sawangi (Meghe), Wardha-,Jawaharlal Nehru Medical College, Sawangi (Meghe), Wardha-442107, Maharashtra, 442107",M.D. (PATHOLOGY),Open,General,Allotted
1918,115071,Management/Paid Seats Quota,"DR D Y PATIL MEDICAL COLLEGE, NAVI MUMBAI,DR D Y PATIL MEDICAL COLLEGE, NAVI MUMBAI, Maharashtra, 400706",M.D. (PATHOLOGY),Open,General,Allotted
1919,115130,All India,"Gulbarga Institute Of Medical Sciences, Kalaburagi,VEERESH NAGAR SEDAM ROAD KALABURAGI, Karnataka, 585105",M.D. (MICROBIOLOGY),Open,General,Allotted
1920,115284,Management/Paid Seats Quota,"Kasturba Medical College Mangalore, Manipal Academy of Higher Education, Mangalore,Kasturba Medical College Mangalore, Manipal Academy of Higher Education, Mangalore, Karnataka, 575001",M.D. (PATHOLOGY),Open,General,Allotted
1921,115416,All India,"Government Medical College, Mahabubnagar,Government Medical College, Yedira, Mahabubnagar, Telangana state, Telangana, 509002",M.D. (PHYSIOLOGY),Open,General,Allotted
1922,115423,All India,"Lady Hardinge Medical College,Lady Hardinge Medical College, Delhi (NCT), 110001",MD/MS (Anatomy),OBC,OBC,Allotted
1923,115565,All India,"Shri Atal Bihari Vajpayee Medical College & Research Institute, Bengaluru,Opposite to Shivajinagar Bus stop, Shivajinagar, Bengaluru., Karnataka, 560001",M.D. (PATHOLOGY),ST,ST,Allotted
1924,115607,All India,"Shri Lal Bahadur Shastri Government Medical College and Hospital , ,VPO- Bhangrotu, MC- Ner Chowk, District- Mandi, Himachal Pradesh, 175021",M.D. (PHARMACOLOGY),Open,General,Allotted
1925,115617,All India,"INSTITUTE OF MEDICAL SCIENCES, BANARAS HINDU UNIVERSITY,INSTITUTE OF MEDICAL SCIENCES, BANARAS HINDU UNIVERSITY, Uttar Pradesh, 221005",M.D. (PHYSIOLOGY),OBC,OBC,Allotted
1926,115668,DNB Quota,"Autonomous State Medical College and Allied Pandit Ram Prasad Bismil Memorial Hospital, ,ASMC, JIGNERA, kanth road, shahjahanpur, Uttar Pradesh, 242001",(NBEMS-DIPLOMA) Obstetrics and Gynaecology,ST,ST,Allotted
1927,115753,All India,"Government Medical College, Bettiah,Government Medical College Bettiah West Champaran Bihar, Bihar, 845438",M.D. (PHYSIOLOGY),Open,General,Allotted
1928,115767,All India,"Sardar Patel Medical College, Bikaner,Sardar Patel Medical College, Bikaner, Rajasthan, 334003",M.D. (PHYSIOLOGY),Open,OBC,Allotted
1929,115768,All India,"Seth Gordhandas Sunderdas Medical College, MUMBAI,Seth Gordhandas Sunderdas Medical College, Acharya Donde Marg Parel MUMBAI, Maharashtra, 400012",M.D. (MICROBIOLOGY),EWS,EWS,Allotted
1930,115965,All India,"Rajendra Institute of Medical Sciences, Ranchi,Rajendra Institute of Medical Sciences, Ranchi, Jharkhand, 834009",M.D. (BIOCHEMISTRY),Open,General,Allotted
1931,115968,Non-Resident Indian,"Meenakshi Medical College Hospital and Research Institute, Kanchipuram,Meenakshi Medical College Hospital and Research Institute, Kanchipuram, Tamil Nadu, 631552",M.D. (PAEDIATRICS),Open,OBC,Allotted
1932,116036,All India,"GAJRA RAJA MEDICAL COLLEGE GWALIOR,GAJRA RAJA MEDICAL COLLEGE GWALIOR, Madhya Pradesh, 474009",M.D. (PATHOLOGY),ST,ST,Allotted
1933,116053,All India,"INSTITUTE OF MEDICAL SCIENCES, BANARAS HINDU UNIVERSITY,INSTITUTE OF MEDICAL SCIENCES, BANARAS HINDU UNIVERSITY, Uttar Pradesh, 221005",MD/MS (Anatomy),OBC,OBC,Allotted
1934,116085,All India,"BIDAR INSTITUTE OF MEDICAL SCIENCES, BIDAR,BIDAR INSTITUTE OF MEDICAL SCIENCES, BIDAR, Karnataka, 585401",M.D. (BIOCHEMISTRY),Open,General,Allotted
1935,116148,DNB Quota,"Shri Dada Dev Matri Avum Shishu Chikitsalaya, ,Dabri, New Delhi-110045, Delhi (NCT), 110045",(NBEMS-DIPLOMA) Obstetrics and Gynaecology,ST,ST,Allotted
1936,116155,Management/Paid Seats Quota,"SRI SIDDHARTHA MEDICAL COLLEGE, TUMKUR,SRI SIDDHARTHA MEDICAL COLLEGE, TUMKUR, Karnataka, 572107",M.D. (ANAESTHESIOLOGY),Open,General,Allotted
1937,116180,Non-Resident Indian,"Hamdard Institute of Medical Sciences and Research,HIMSR, Jamia Hamdard, Guru Ravidas Marg, Hamdard Nagar, New Delhi, Delhi (NCT), 110062",M.S. (GENERAL SURGERY),Open,General,Allotted
1938,116443,All India,"Mahatma Gandhi Memorial Medical College, Indore,Mahatma Gandhi Memorial Medical College, Indore, Madhya Pradesh, 452001",M.D. (MICROBIOLOGY),OBC,OBC,Allotted
1939,116458,All India,"Osmania Medical Collge,Osmania Medical Collge, Telangana, 500095",M.D. (BIOCHEMISTRY),Open,General,Allotted
1940,116512,Non-Resident Indian,"M.M. Institute of Medical Sciences and Research, Ambala,M.M. Institute of Medical Sciences and Research, Ambala, Haryana, 133207",M.D. (GENERAL MEDICINE),Open,General,Allotted
1941,116526,Management/Paid Seats Quota,"Shri Sathya Sai Medical College and Research Institute,Kancheepuram,Shri Sathya Sai Nagar, SBV Chennai Campus, Ammapettai, Chengalpattu District, Tamil Nadu, 603108",M.D. (ANAESTHESIOLOGY),Open,General,Allotted
1942,116567,Management/Paid Seats Quota,"Shri Sathya Sai Medical College and Research Institute,Kancheepuram,Shri Sathya Sai Nagar, SBV Chennai Campus, Ammapettai, Chengalpattu District, Tamil Nadu, 603108",M.D. (ANAESTHESIOLOGY),Open,General,Allotted
1943,116585,DNB Quota,"Sri Jayachamarajendra General Hospital, Hassan.Dist. Karnataka,Sri Jayachamarajendra General Hospital, ARSIKERE,Hassan.Dist. Karnataka, Karnataka, 573103",(NBEMS-DIPLOMA) PAEDIATRICS,ST,ST,Allotted
1944,116975,All India,"Kakatiya Medical College,Kakatiya Medical College, Telangana, 506007",M.D. (FORENSIC MEDICINE),SC,SC,Allotted
1945,117022,Non-Resident Indian,"Rajarajeswari Medical College and Hospital,No. 202, Kambipura, Mysore Road, Bengaluru, Karnataka, 560074",M.D. (PAEDIATRICS),Open,General,Allotted
1946,117103,Non-Resident Indian,"SRI DEVARAJ URS MEDICAL COLLEGE, TAMAKA,Tamaka, Kolar, Karnataka, 563103",M.D. (GENERAL MEDICINE),Open,General,Allotted
1947,117118,All India,"Dr. Rajendra Prasad Government Medical College, Tanda,Dr. Rajendra Prasad Government Medical College, Tanda, Himachal Pradesh, 176002",M.D. (FORENSIC MEDICINE),OBC,OBC,Allotted
1948,117216,All India,"Andhra Medical College,Andhra Medical College, Andhra Pradesh, 530002",M.D. (BIOCHEMISTRY),Open,General,Allotted
1949,117236,All India,"Government Medical College, Bhilwara,Sindri ke Balaji Road, Sanganer, Bhilwara, Rajasthan 311001, Rajasthan, 311001",M.D. (MICROBIOLOGY),OBC,OBC,Allotted
1950,117321,All India,"Shri Lal Bahadur Shastri Government Medical College and Hospital , ,VPO- Bhangrotu, MC- Ner Chowk, District- Mandi, Himachal Pradesh, 175021",M.D. (MICROBIOLOGY),OBC,OBC,Allotted
1951,117325,All India,"Siddhartha Medical College, Vijayawada,Siddhartha Medical College, Vijayawada, Andhra Pradesh, 520008",M.D. (BIOCHEMISTRY),Open,General,Allotted
1952,117654,All India,"Lala Lajpat Rai Memorial Medical College, MEERUT,Lala Lajpat Rai Memorial Medical College, MEERUT, Uttar Pradesh, 250004",M.D. (PHYSIOLOGY),Open,General,Allotted
1953,117677,All India,"Sardar Patel Medical College, Bikaner,Sardar Patel Medical College, Bikaner, Rajasthan, 334003",M.D. (PATHOLOGY),ST,ST,Allotted
1954,117992,Management/Paid Seats Quota,"Kasturba Medical College Mangalore, Manipal Academy of Higher Education, Mangalore,Kasturba Medical College Mangalore, Manipal Academy of Higher Education, Mangalore, Karnataka, 575001",M.D. (PATHOLOGY),Open,General,Allotted
1955,118044,Management/Paid Seats Quota,"Bharati Vidyapeeth Deemed to be University Medical College,Pune,Bharati Vidyapeeth Deemed to be University Medical College, Dhankawadi, Pune Satara Road, Pune, Maharashtra, 411043",M.D. IN TRANSFUSION MEDICINE/ IMMUNO- HAEMATOLOGY and BLOOD TRANSFUSION,Open,General,Allotted
1956,118062,All India,"DR. SHANKARRAO CHAVAN GOVERNMENT MEDICAL COLLEGE, NANDED,DR. SHANKARRAO CHAVAN GOVERNMENT MEDICAL COLLEGE, VISHNUPURI, NANDED, Maharashtra, 431606",M.D. (MICROBIOLOGY),Open,General,Allotted
1957,118098,All India,"RAJIV GANDHI INSTITUTE OF MEDICAL SCIENCES,RAJIV GANDHI INSTITUTE OF MEDICAL SCIENCES ADILABAD -504001 TELANGANA STATE, Telangana, 504001",M.D. (FORENSIC MEDICINE),OBC,OBC,Allotted
1958,118208,All India,"Government Medical College, Ratlam,Gram Banjali, Sailana Road, NH927A, Madhya Pradesh 457001, India, Madhya Pradesh, 457001",M.D. (PHARMACOLOGY),Open,General,Allotted
1959,118211,All India,"SWAMI RAMANAND TEERTH RURAL GOVERNMENT MEDICAL COLLEGE AMBAJOGAI,SWAMI RAMANAND TEERTH RURAL GOVERNMENT MEDICAL COLLEGE AMBAJOGAI, Maharashtra, 431517",M.D. (MICROBIOLOGY),Open,General,Allotted
1960,118217,All India,"Government Medical College, Nalgonda,Office of the Principal, Government Medical College Nalgonda, Near RTC Bus Stand, Gollaguda, Nalgon, Telangana, 508001",M.D. (FORENSIC MEDICINE),OBC,OBC,Allotted
1961,118331,All India,"Karwar Institute of Medical Sciences, Karnataka,MG Road, Karnataka, 581301",M.D. (FORENSIC MEDICINE),Open,General,Allotted
1962,118449,All India,"Government Medical College Suryapet Telangana,Amaravadi Nagar Thallagadda Suryapet, Telangana, 508213",M.D. (PHYSIOLOGY),Open,OBC,Allotted
1963,118521,Management/Paid Seats Quota,"DR. D. Y. PATIL MEDICAL COLLEGE, PUNE,Dr. D. Y. Patil Medical College, Hospital and Research Centre, Sant Tukaram Nagar, Pimpri, Pune., Maharashtra, 411018",M.D. (PATHOLOGY),Open,General,Allotted
1964,118584,Management/Paid Seats Quota,"A.C.S. Medical College and Hospital,A.C.S. Medical College and Hospital, Tamil Nadu, 600077",M.D. (PATHOLOGY),Open,General,Allotted
1965,118615,All India,"NETAJI SUBHASH CHANDRA BOSE MEDICAL COLLEGE, JABALPUR ,NETAJI SUBHASH CHANDRA BOSE MEDICAL COLLEGE, NAGPUR ROAD JABALPUR, Madhya Pradesh, 482003",M.D. (PHARMACOLOGY),Open,OBC,Allotted
1966,118707,Management/Paid Seats Quota,"SHRI. B. M. PATIL MEDICAL COLLEGE HOSPITAL AND RESEARCH CENTRE,SHRI. B. M. PATIL MEDICAL COLLEGE HOSPITAL AND RESEARCH CENTRE, SOLAPUR ROAD, VIJAYAPURA, Karnataka, 586103",M.D. (PATHOLOGY),Open,General,Allotted
1967,118847,All India,"Tirunelveli Medical College,TIRUNELVELI MEDICAL COLLEGE, HIGHGROUND, TIRUNELVELI-11, Tamil Nadu, 627011",M.D. (PHYSIOLOGY),SC,SC,Allotted
1968,118880,All India,"Government Medical College, Gondia,Nehru Chowk, KTS General Hospital Campus, Govt. Medical College, Gondia. 441601. Maharashtra., Maharashtra, 441601",M.D. (FORENSIC MEDICINE),OBC,OBC,Allotted
1969,118884,Management/Paid Seats Quota,"SRI SIDDHARTHA MEDICAL COLLEGE, TUMKUR,SRI SIDDHARTHA MEDICAL COLLEGE, TUMKUR, Karnataka, 572107",M.D. (PATHOLOGY),Open,OBC,Allotted
1970,118915,Non-Resident Indian,"Bharati Vidyapeeth Deemed to be University Medical College,Pune,Bharati Vidyapeeth Deemed to be University Medical College, Dhankawadi, Pune Satara Road, Pune, Maharashtra, 411043",M.D. (GENERAL MEDICINE),Open,OBC,Allotted
1971,119014,All India,"Bangalore Medical College and Research Institute,Bangalore Medical College and Research Institute, Karnataka, 560002",MD/MS (Anatomy),Open,OBC,Allotted
1972,119060,All India,"BELAGAVI INSTITUTE OF MEDICAL SCIENCES, BELAGAVI,BELAGAVI INSTITUTE OF MEDICAL SCIENCES, BELAGAVI, Karnataka, 590001",M.D. (BIOCHEMISTRY),Open,General,Allotted
1973,119142,All India,"DR. SHANKARRAO CHAVAN GOVERNMENT MEDICAL COLLEGE, NANDED,DR. SHANKARRAO CHAVAN GOVERNMENT MEDICAL COLLEGE, VISHNUPURI, NANDED, Maharashtra, 431606",M.D. (BIOCHEMISTRY),Open,General,Allotted
1974,119191,Management/Paid Seats Quota,"Jawaharlal Nehru Medical College, Belagavi,Jawaharlal Nehru Medical College, Belagavi, Karnataka, 590010",M.D. (PREVENTIVE and SOCIAL MEDICINE)/ COMMUNITY MEDICINE,Open,OBC,Allotted
1975,119408,Management/Paid Seats Quota,"SHRI. B. M. PATIL MEDICAL COLLEGE HOSPITAL AND RESEARCH CENTRE,SHRI. B. M. PATIL MEDICAL COLLEGE HOSPITAL AND RESEARCH CENTRE, SOLAPUR ROAD, VIJAYAPURA, Karnataka, 586103",M.D. (PATHOLOGY),Open,General,Allotted
1976,119681,All India,"HASSAN INSTITUTE OF MEDICAL SCIENCES, HASSAN,HASSAN INSTITUTE OF MEDICAL SCIENCES, HASSAN, Karnataka, 573201",M.D. (FORENSIC MEDICINE),Open,General,Allotted
1977,119698,Management/Paid Seats Quota,"Kasturba Medical College Manipal, Manipal Academy Of Higher Education, Manipal,Kasturba Medical College Manipal, Manipal Academy Of Higher Education, Manipal, Karnataka, 576104",M.D. (PHARMACOLOGY),Open,General,Allotted
1978,119760,All India,"LOKMANYA TILAK MEDICAL COLLEGE MUMBAI,LOKMANYA TILAK MEDICAL COLLEGE MUMBAI, Maharashtra, 400022",M.D. (PHARMACOLOGY),SC,SC,Allotted
1979,119785,All India,"Sardar Patel Medical College, Bikaner,Sardar Patel Medical College, Bikaner, Rajasthan, 334003",M.D. (PHYSIOLOGY),OBC,OBC,Allotted
1980,119791,All India,"Chamarajanagar Institute of Medical Sciences, Karnataka,CHAMARAJANAGAR INSTITUTE OF MEDICAL SCIENCES, SY. NO 124, YEDAPURA VILLAGE KASABA HOBLI, CHAMARAJANA, Karnataka, 571313",M.D. (MICROBIOLOGY),Open,General,Allotted
1981,119844,All India,"Tezpur Medical College,Tumuki, Bihaguri, Tezpur, Sonitpur, Assam, Assam, 784010",M.D. (PHARMACOLOGY),Open,General,Allotted
1982,119850,DNB Quota,"Civil Hospital GURDASPUR, Punjab,smodhgsp@gmail.com, Punjab, 143521",(NBEMS-DIPLOMA) Obstetrics and Gynaecology,ST,ST,Allotted
1983,120150,DNB Quota,"Apollo Hospital, ,Plotno-251,Sainik school Road,Unit-15 Apollo Hospitals , Bhubaneswar, Odisha, 751005",(NBEMS) MICROBIOLOGY,Open,General,Allotted
1984,120349,All India,"Dr.V.M.Govt.Medical College,Solapur, Maharasthtra,In front of district court civil chowk Dr.V.M.Govt.Medical College,Solapur, Maharasthtra, Maharashtra, 413003",M.D. (FORENSIC MEDICINE),OBC,OBC,Allotted
1985,120533,All India,"Midnapore Medical College and Hospital,Midnapore Medical College and Hospital, West Bengal, 721101",M.D. (FORENSIC MEDICINE),Open,General,Allotted
1986,120589,Management/Paid Seats Quota,"SRI SIDDHARTHA MEDICAL COLLEGE, TUMKUR,SRI SIDDHARTHA MEDICAL COLLEGE, TUMKUR, Karnataka, 572107",M.D. (PATHOLOGY),Open,General,Allotted
1987,120614,All India,"JAWAHAR LAL NEHRU MEDICAL COLLEGE, AJMER,NEAR PATEL STADIUM, AJMER, Rajasthan, 305001",M.D. (BIOCHEMISTRY),Open,General,Allotted
1988,120642,Management/Paid Seats Quota,"Sri Ramachandra Medical College and Research Institute,Sri Ramachandra Medical College and Research Institute, Tamil Nadu, 600116",M.D. (FORENSIC MEDICINE),Open,OBC,Allotted
1989,120741,All India,"Govt. Medical College Akola,Govt. Medical College Akola, Maharashtra, 444001",M.D. (PHARMACOLOGY),OBC,OBC,Allotted
1990,120785,DNB Quota,"Asansol District Hospital, ,S. B. GORAI ROAD, P.O.- ASANSOL, DIST.- PASCHIM BARDHAMAN, West Bengal, 713301",(NBEMS) ANAESTHESIOLOGY,ST,ST,Allotted
1991,120833,All India,"B. J. MEDICAL COLLEGE, Ahmedabad,B.J. Medical College, New Civil Hospital Asarwa,Ahmedabad-380016,Gujarat,India, Gujarat, 380016",M.D. (MICROBIOLOGY),SC,SC,Allotted
1992,120844,All India,"VIJANAGARA INSTITUTE OF MEDICAL SCIENCES BALLARI,VIJANAGARA INSTITUTE OF MEDICAL SCIENCES BALLARI, Karnataka, 583104",M.D. (MICROBIOLOGY),Open,General,Allotted
1993,120857,All India,"Indira Gandhi Medical College Shimla,Indira Gandhi Medical College Shimla, Himachal Pradesh, 171001",M.D. (PREVENTIVE and SOCIAL MEDICINE)/ COMMUNITY MEDICINE,EWS,EWS,Allotted
1994,120949,All India,"Grant Medical College, Maharashtra,Grant Medical College, Maharashtra, Maharashtra, 400008",M.D. (MICROBIOLOGY),SC,SC,Allotted
1995,120969,All India,"GOVERNMENT MEDICAL COLLEGE CHANDRAPUR, MAHARASHTRA,TB Hospital Campus, Ram Nagar, Chandrapur - 442401, Maharashtra, 442401",M.D. (PHYSIOLOGY),Open,General,Allotted
1996,120977,All India,"B.J.Government Medical College, Pune,B.J.Government Medical College, Pune, Maharashtra, 411001",M.D. (PHYSIOLOGY),Open,General,Allotted
1997,120996,All India,"Government Medical College, Nalgonda,Office of the Principal, Government Medical College Nalgonda, Near RTC Bus Stand, Gollaguda, Nalgon, Telangana, 508001",M.D. (PHARMACOLOGY),Open,OBC,Allotted
1998,121199,All India,"Jorhat Medical College & Hospital,Jorhat Medical College & Hospital, Assam, 785001",M.D. (FORENSIC MEDICINE),OBC,OBC,Allotted
1999,121287,All India,"Government Medical College, Miraj,Government Medical College, Miraj, Maharashtra, 416410",M.D. (MICROBIOLOGY),Open,General,Allotted
2000,121296,All India,"Pandit Bhagwat Dayal Sharma Post Graduate Institute of Medical Sciences, Rohtak,Pandit Bhagwat Dayal Sharma Post Graduate Institute of Medical Sciences, Rohtak, Haryana, 124001",M.D. (PHYSIOLOGY),Open,General,Allotted
2001,121357,All India,"Sardar Patel Medical College, Bikaner,Sardar Patel Medical College, Bikaner, Rajasthan, 334003",M.D. (BIOCHEMISTRY),Open,General,Allotted
2002,121384,Non-Resident Indian,"DR. D. Y. PATIL MEDICAL COLLEGE, PUNE,Dr. D. Y. Patil Medical College, Hospital and Research Centre, Sant Tukaram Nagar, Pimpri, Pune., Maharashtra, 411018",M.D. (GENERAL MEDICINE),Open,General,Allotted
2003,121465,All India,"JAWAHARLAL NEHRU MEDICAL COLLEGE, ALIGARH MUSLIM UNIVERSITY STATE UTTAR,JAWAHARLAL NEHRU MEDICAL COLLEGE, ALIGARH MUSLIM UNIVERSITY STATE UTTAR, Uttar Pradesh, 202002",MD/MS (Anatomy),OBC,OBC,Allotted
2004,121470,All India,"GADAG INSTITUTE OF MEDICAL SCIENCES GADAG,Gadag Institute of Medical Sciences Mallasamudra Gadag-582103, Karnataka, 582103",M.D. (PHARMACOLOGY),SC,SC,Allotted
2005,121473,All India,"DARBHANGA MEDICAL COLLEGE,Sheetal Prasad Marg, Laheriasarai, Darbhanga, Bihar, Bihar, 846003",M.D. (FORENSIC MEDICINE),SC,SC,Allotted
2006,121493,Non-Resident Indian,"DR. D. Y. PATIL MEDICAL COLLEGE, PUNE,Dr. D. Y. Patil Medical College, Hospital and Research Centre, Sant Tukaram Nagar, Pimpri, Pune., Maharashtra, 411018",M.D. (RADIO- DIAGNOSIS),Open,General,Allotted
2007,121516,All India,"Government Medical College, Latur,Government Medical College, Old Railway station Near Marwadi Rajasthani High-School Latur, Maharashtra, 413512",M.D. (FORENSIC MEDICINE),Open,General,Allotted
2008,121520,Muslim Minority Quota,"Hamdard Institute of Medical Sciences and Research,HIMSR, Jamia Hamdard, Guru Ravidas Marg, Hamdard Nagar, New Delhi, Delhi (NCT), 110062",M.D. (PATHOLOGY),Open,General,Allotted
2009,121568,All India,"Osmania Medical Collge,Osmania Medical Collge, Telangana, 500095",M.D. (FORENSIC MEDICINE),EWS,EWS,Allotted
2010,121636,All India,"Dr. Sampurnanand Medical College (SNMC), JODHPUR,Dr. Sampurnanand Medical College (SNMC), JODHPUR, Rajasthan, 342001",M.D. (GENERAL MEDICINE),OBC PwD,OBC PwD,Allotted
2011,121641,All India,"RAJIV GANDHI INSTITUTE OF MEDICAL SCIENCES,RAJIV GANDHI INSTITUTE OF MEDICAL SCIENCES ADILABAD -504001 TELANGANA STATE, Telangana, 504001",M.D. (PHYSIOLOGY),Open,General,Allotted
2012,121656,All India,"Employees' State Insurance Corporation Medical College & Hospital, Gulbarga,ESIC MEDICAL COLLEGE SEDAM ROAD GULBARGA, Karnataka, 585106",M.D. (BIOCHEMISTRY),Open,EWS,Allotted
2013,121674,All India,"GOVERNMENT MEDICAL COLLEGE KADAPA (FORMERLY RAJIV GANDHI INSTITUTE OF MEDICAL SCIENCES, KADAPA),GOVERNMENT MEDICAL COLLEGE KADAPA (FORMERLY RAJIV GANDHI INSTITUTE OF MEDICAL SCIENCES, KADAPA), Andhra Pradesh, 516002",M.D. (MICROBIOLOGY),SC,SC,Allotted
2014,121689,DNB Quota,"Krishna Institute of Medical Sciences, ,academics@kimshospitals.com, Telangana, 500003",(NBEMS) MICROBIOLOGY,Open,General,Allotted
2015,121701,All India,"CHHATTISGARH INSTITUTE OF MEDICAL SCIENCES,CHHATTISGARH INSTITUTE OF MEDICAL SCIENCES, Chhattisgarh, 495001",M.D. (PHARMACOLOGY),Open,General,Allotted
2016,121786,All India,"Chamarajanagar Institute of Medical Sciences, Karnataka,CHAMARAJANAGAR INSTITUTE OF MEDICAL SCIENCES, SY. NO 124, YEDAPURA VILLAGE KASABA HOBLI, CHAMARAJANA, Karnataka, 571313",M.D. (MICROBIOLOGY),OBC,OBC,Allotted
2017,121810,All India,"Sri Bhausaheb Hire Government Medical College,Sri Bhausaheb Hire Government Medical College,Dhule, Maharashtra, 424311",M.D. (MICROBIOLOGY),Open,General,Allotted
2018,121817,All India,"Rajmata Shrimati Devendra Kumari Singhdeo Government Medical College, Ambikapur,Kanyaparisar Road Gangapur Ambikapur District Surguja, Chhattisgarh, 497001",M.D. (MICROBIOLOGY),Open,General,Allotted
2019,121866,Management/Paid Seats Quota,"Bharati Vidyapeeth (Deemed to be University) Medical College and Hospital, Sangli,Bharati Vidyapeeth (Deemed to be University) Medical College and Hospital, Sangli, Maharashtra, 416416",M.D. (PREVENTIVE and SOCIAL MEDICINE)/ COMMUNITY MEDICINE,Open,OBC,Allotted
2020,121949,All India,"R G KAR MEDICAL COLLEGE, West Bengal,R G KAR MEDICAL COLLEGE,1 KHUDIRAM BOSE SARANI,KOLKATA, West Bengal, West Bengal, 700004",M.D. (MICROBIOLOGY),OBC,OBC,Allotted
2021,122154,Non-Resident Indian,"Shri Sathya Sai Medical College and Research Institute,Kancheepuram,Shri Sathya Sai Nagar, SBV Chennai Campus, Ammapettai, Chengalpattu District, Tamil Nadu, 603108",M.S. (GENERAL SURGERY),Open,General,Allotted
2022,122229,All India,"GOVT. MEDICAL COLLEGE, THIRUVANANTHAPURAM,GOVT. MEDICAL COLLEGE, THIRUVANANTHAPURAM, Kerala, 695011",MD/MS (Anatomy),OBC,OBC,Allotted
2023,122268,Non-Resident Indian,"SRI DEVARAJ URS MEDICAL COLLEGE, TAMAKA,Tamaka, Kolar, Karnataka, 563103",M.D. (PAEDIATRICS),Open,General,Allotted
2024,122432,All India,"Government Medical College, Miraj,Government Medical College, Miraj, Maharashtra, 416410",M.D. (FORENSIC MEDICINE),Open,General,Allotted
2025,122587,All India,"Tezpur Medical College,Tumuki, Bihaguri, Tezpur, Sonitpur, Assam, Assam, 784010",M.D. (PHARMACOLOGY),OBC,OBC,Allotted
2026,122692,All India,"Govt. Medical College, Baroda,Govt. Medical College, Baroda, Gujarat, 390001",M.D. (PREVENTIVE and SOCIAL MEDICINE)/ COMMUNITY MEDICINE,ST,ST,Allotted
2027,122715,All India,"Guru Gobind Singh Medical College,Guru Gobind Singh Medical College, Punjab, 151203",M.D. (BIOCHEMISTRY),Open,General,Allotted
2028,122833,All India,"JAWAHAR LAL NEHRU MEDICAL COLLEGE, AJMER,NEAR PATEL STADIUM, AJMER, Rajasthan, 305001",MD/MS (Anatomy),Open,General,Allotted
2029,122889,Management/Paid Seats Quota,"SREE BALAJI MEDICAL COLLEGE AND HOSPITAL, CHENNAI,NO,7 WORKS ROAD,CHROMEPET,CHENNAI, Tamil Nadu, 600044",M.D. (PATHOLOGY),Open,General,Allotted
2030,122913,DNB Quota,"Govt. Medical College, ,Govt. Medical College, B-5 Medical Enclave, Maheshpura Bakshi Nagar, Jammu, Jammu And Kashmir, 180001",(NBEMS) BIOCHEMISTRY,Open,General,Allotted
2031,123099,All India,"Dr Ram Manohar Lohia Institute of Medical Sciences, Lucknow,Dr Ram Manohar Lohia Institute of Medical Sciences, Lucknow, Uttar Pradesh, 226010",M.D. (PHYSIOLOGY),OBC,OBC,Allotted
2032,123102,All India,"VIJANAGARA INSTITUTE OF MEDICAL SCIENCES BALLARI,VIJANAGARA INSTITUTE OF MEDICAL SCIENCES BALLARI, Karnataka, 583104",M.D. (PHYSIOLOGY),Open,General,Allotted
2033,123107,All India,"GOVERNMENT MEDICAL COLLEGE KADAPA (FORMERLY RAJIV GANDHI INSTITUTE OF MEDICAL SCIENCES, KADAPA),GOVERNMENT MEDICAL COLLEGE KADAPA (FORMERLY RAJIV GANDHI INSTITUTE OF MEDICAL SCIENCES, KADAPA), Andhra Pradesh, 516002",M.D. (BIOCHEMISTRY),Open,General,Allotted
2034,123167,Management/Paid Seats Quota,"Kasturba Medical College Mangalore, Manipal Academy of Higher Education, Mangalore,Kasturba Medical College Mangalore, Manipal Academy of Higher Education, Mangalore, Karnataka, 575001",M.D. (PHARMACOLOGY),Open,OBC,Allotted
2035,123168,All India,"Maharaja Krushna Chandra Gajapati Medical College , Brahmapur,Maharaja Krushna Chandra Gajapati Medical College , Brahmapur, Odisha, 760004",M.D. (PHARMACOLOGY),Open,General,Allotted
2036,123187,Non-Resident Indian,"M.M. Institute of Medical Sciences and Research, Ambala,M.M. Institute of Medical Sciences and Research, Ambala, Haryana, 133207",M.D. (PAEDIATRICS),Open,General,Allotted
2037,123189,All India,"Calcutta School Of Tropical Medicine,Calcutta School Of Tropical Medicine, West Bengal, 700073",M.D. (MICROBIOLOGY),SC,SC,Allotted
2038,123279,All India,"IPGME&R and SSKM Hospital Kolkata,244, Acharya J. C. Bose Road, Kolkata-700020, West Bengal, 700020",M.D. (PHYSIOLOGY),Open,General,Allotted
2039,123326,DNB Quota,"ESIC MEDICAL COLLEGE AND HOSPITAL, Bihar,ESIC Medical College and Hospital,Ara Danapur Road, Sikandarpur, Bihta, Patna, Bihar, 801103",(NBEMS) BIOCHEMISTRY,Open,General,Allotted
2040,123565,All India,"Andhra Medical College,Andhra Medical College, Andhra Pradesh, 530002",M.D. (MICROBIOLOGY),SC,SC,Allotted
2041,123604,All India,"Sarojini Naidu Medical College, AGRA,Sarojini Naidu Medical College, AGRA, Uttar Pradesh, 282002",MD/MS (Anatomy),Open,General,Allotted
2042,123663,DNB Quota,"GMERS Medical College and General Hospital, ,Kharvad medan Sipor road Vadnagar, Gujarat, 384355",(NBEMS) MICROBIOLOGY,Open,General,Allotted
2043,123724,All India,"PATNA MEDICAL COLLEGE, PATNA,PATNA MEDICAL COLLEGE, PATNA, Bihar, 800004",M.D. (PHYSIOLOGY),OBC,OBC,Allotted
2044,123763,All India,"Govt. Bundelkhand Medical College Sagar M.P.,Govt. Bundelkhand Medical College Sagar M.P., Madhya Pradesh, 470001",M.D. (FORENSIC MEDICINE),Open,General,Allotted
2045,123764,Management/Paid Seats Quota,"M.M. Institute of Medical Sciences and Research, Ambala,M.M. Institute of Medical Sciences and Research, Ambala, Haryana, 133207",M.D. (PATHOLOGY),Open,General,Allotted
2046,123836,All India,"Govt. Bundelkhand Medical College Sagar M.P.,Govt. Bundelkhand Medical College Sagar M.P., Madhya Pradesh, 470001",M.D. (FORENSIC MEDICINE),OBC,OBC,Allotted
2047,123839,All India,"Government Medical College, Bettiah,Government Medical College Bettiah West Champaran Bihar, Bihar, 845438",M.D. (BIOCHEMISTRY),Open,OBC,Allotted
2048,123886,DNB Quota,"Government Hospital,,Government Hospital Gandhi Nagar Jammu, Jammu And Kashmir, 180004",(NBEMS) ANAESTHESIOLOGY,ST,ST,Allotted
2049,123890,All India,"Late Baliram Kashyap Memorial Govt Medical Dimrapal,Late Baliram Kashyap Memorial Govt Medical Dimrapal, Chhattisgarh, 494001",M.D. (FORENSIC MEDICINE),OBC,OBC,Allotted
2050,123941,All India,"Sawai Man Singh Medical College, JAIPUR,Sawai Man Singh Medical College, JLN Marg, Jaipur-302004, Rajasthan, 302004",M.D. (BIOCHEMISTRY),OBC,OBC,Allotted
2051,123976,Non-Resident Indian,"SRI SIDDHARTHA MEDICAL COLLEGE, TUMKUR,SRI SIDDHARTHA MEDICAL COLLEGE, TUMKUR, Karnataka, 572107",M.D. (Obst. and Gynae)/MS (Obstetrics and Gynaecology),Open,General,Allotted
2052,123994,All India,"Regional Institute of Medical Sciences, Imphal,Regional Institute of Medical Sciences, Imphal, Lamphelpat, Manipur, 795004",M.D. (BIOCHEMISTRY),SC,SC,Allotted
2053,124054,All India,"DARBHANGA MEDICAL COLLEGE,Sheetal Prasad Marg, Laheriasarai, Darbhanga, Bihar, Bihar, 846003",M.D. (PHARMACOLOGY),EWS,EWS,Allotted
2054,124133,All India,"BIDAR INSTITUTE OF MEDICAL SCIENCES, BIDAR,BIDAR INSTITUTE OF MEDICAL SCIENCES, BIDAR, Karnataka, 585401",M.D. (PHYSIOLOGY),Open,General,Allotted
2055,124157,DNB Quota,"GMERS Medical College and Hospital, ,GMERS Medical College Valsad,Nanakwada Halar Road,Valsad ,Gujarat, Gujarat, 396001",(NBEMS) MICROBIOLOGY,Open,OBC,Allotted
2056,124166,All India,"Government Medical College, Nizamabad, Telangana State,Government Medical College, Nizamabad, Telangana State, Telangana, 503001",M.D. (MICROBIOLOGY),SC,SC,Allotted
2057,124274,All India,"GOA MEDICAL COLLEGE,Bambolim, Goa, Goa, 403202",M.D. (PHYSIOLOGY),OBC,OBC,Allotted
2058,124306,All India,"MANDYA INSTITUTE OF MEDICAL SCIENCES,MANDYA INSTITUTE OF MEDICAL SCIENCES MANDYA, Karnataka, 571401",M.D. (PHYSIOLOGY),Open,General,Allotted
2059,124489,All India,"Indira Gandhi Institute of Medical Sciences, Patna,Indira Gandhi Institute of Medical Sciences, Patna, Bihar, 800014",M.D. (BIOCHEMISTRY),SC,SC,Allotted
2060,124700,Management/Paid Seats Quota,"Shri Sathya Sai Medical College and Research Institute,Kancheepuram,Shri Sathya Sai Nagar, SBV Chennai Campus, Ammapettai, Chengalpattu District, Tamil Nadu, 603108",M.D. (PREVENTIVE and SOCIAL MEDICINE)/ COMMUNITY MEDICINE,Open,General,Allotted
2061,124702,Non-Resident Indian,"Santosh Medical College and Hospital, Ghaziabad, NCR Delhi,Santosh Medical College and Hospital, Ghaziabad, Delhi NCR, Uttar Pradesh, 201009",M.D. (PAEDIATRICS),Open,General,Allotted
2062,124734,All India,"B.J.Government Medical College, Pune,B.J.Government Medical College, Pune, Maharashtra, 411001",M.D. (BIOCHEMISTRY),Open,General,Allotted
2063,124800,All India,"Rims Medical College, Ongole, ,GOVERNMENT MEDICAL COLLEGE ONGOLE, Andhra Pradesh, 523001",M.D. (MICROBIOLOGY),OBC,OBC,Allotted
2064,124803,All India,"BELAGAVI INSTITUTE OF MEDICAL SCIENCES, BELAGAVI,BELAGAVI INSTITUTE OF MEDICAL SCIENCES, BELAGAVI, Karnataka, 590001",M.D. (PREVENTIVE and SOCIAL MEDICINE)/ COMMUNITY MEDICINE,EWS,EWS,Allotted
2065,124887,Management/Paid Seats Quota,"Bharati Vidyapeeth Deemed to be University Medical College,Pune,Bharati Vidyapeeth Deemed to be University Medical College, Dhankawadi, Pune Satara Road, Pune, Maharashtra, 411043",M.D. (PATHOLOGY),Open,General,Allotted
2066,124895,Management/Paid Seats Quota,"MGM Medical College, Navi Mumbai,MGM Medical College, Sector1, Plot 1-2, Kamothe, Navi Mumbai-, Maharashtra, 410209",M.D. IN TRANSFUSION MEDICINE/ IMMUNO- HAEMATOLOGY and BLOOD TRANSFUSION,Open,General,Allotted
2067,124900,DNB Quota,"District Hospital, Andhra Pradesh ,DISTRICT HOSPITAL MADANAPALLE, Andhra Pradesh, 517325",(NBEMS-DIPLOMA) ANAESTHESIOLOGY,ST,ST,Allotted
2068,124954,All India,"VARDHMAN INSTITUTE OF MEDICAL SCIENCES, NALANDA,BMIMS CAMPUS, PAWAPURI, NALANDA, Bihar, 803115",M.D. (PHYSIOLOGY),Open,General,Allotted
2069,124960,All India,"Calcutta School Of Tropical Medicine,Calcutta School Of Tropical Medicine, West Bengal, 700073",M.D. (MICROBIOLOGY),OBC,OBC,Allotted
2070,124995,Management/Paid Seats Quota,"M.M. Institute of Medical Sciences and Research, Ambala,M.M. Institute of Medical Sciences and Research, Ambala, Haryana, 133207",M.D. (FORENSIC MEDICINE),Open,General,Allotted
2071,125018,All India,"NIL RATAN SIRCAR MEDICAL COLLEGE,NIL RATAN SIRCAR MEDICAL COLLEGE, 138 AJC BOSE ROAD, KOLKATA-700014., West Bengal, 700014",M.D. (FORENSIC MEDICINE),OBC,OBC,Allotted
2072,125104,All India,"GAJRA RAJA MEDICAL COLLEGE GWALIOR,GAJRA RAJA MEDICAL COLLEGE GWALIOR, Madhya Pradesh, 474009",M.D. (PHARMACOLOGY),OBC,OBC,Allotted
2073,125209,All India,"Kodagu Institute of Medical Sciences, Karnataka,Kodagu Institute of Medical Sciences Madikeri Kodagu, Karnataka, 571201",M.D. (BIOCHEMISTRY),Open,General,Allotted
2074,125227,Non-Resident Indian,"Bharati Vidyapeeth (Deemed to be University) Medical College and Hospital, Sangli,Bharati Vidyapeeth (Deemed to be University) Medical College and Hospital, Sangli, Maharashtra, 416416",M.D. (GENERAL MEDICINE),Open,General,Allotted
2075,125271,All India,"VSS INSTITUTE OF MEDICAL SCIENCES AND RESEARCH,BURLA,VSS INSTITUTE OF MEDICAL SCIENCES AND RESEARCH,BURLA, Odisha, 768017",M.D. (BIOCHEMISTRY),Open,General,Allotted
2076,125315,All India,"Regional Institute of Medical Sciences, Imphal,Regional Institute of Medical Sciences, Imphal, Lamphelpat, Manipur, 795004",M.D. (FORENSIC MEDICINE),SC,SC,Allotted
2077,125321,All India,"ANUGRAH NARAYAN MAGADH MEDICAL COLLEGE,ANUGRAH NARAYAN MAGADH MEDICAL COLLEGE, Bihar, 823001",MD/MS (Anatomy),SC,SC,Allotted
2078,125577,All India,"Ravindra Nath Tagore Medical College, Udaipur,Ravindra Nath Tagore Medical College, Udaipur, Rajasthan, 313001",MD/MS (Anatomy),SC,SC,Allotted
2079,125623,All India,"Government Medical College, Aurangabad,Government Medical College, Aurangabad, Maharashtra, 431001",M.D. (FORENSIC MEDICINE),SC,SC,Allotted
2080,125721,Management/Paid Seats Quota,"MGM Medical College, Navi Mumbai,MGM Medical College, Sector1, Plot 1-2, Kamothe, Navi Mumbai-, Maharashtra, 410209",M.D. IN TRANSFUSION MEDICINE/ IMMUNO- HAEMATOLOGY and BLOOD TRANSFUSION,Open,General,Allotted
2081,125763,All India,"GOA MEDICAL COLLEGE,Bambolim, Goa, Goa, 403202",MD/MS (Anatomy),Open,OBC,Allotted
2082,125776,All India,"Seth Gordhandas Sunderdas Medical College, MUMBAI,Seth Gordhandas Sunderdas Medical College, Acharya Donde Marg Parel MUMBAI, Maharashtra, 400012",MD/MS (Anatomy),Open,OBC,Allotted
2083,125813,All India,"LATE SHRI LAKHI RAM AGRAWAL MEMORIAL GOVT.MEDICAL COLLEGE,LATE SHRI LAKHI RAM AGRAWAL MEMORIAL GOVT.MEDICAL COLLEGE, Chhattisgarh, 496001",M.D. (FORENSIC MEDICINE),SC,SC,Allotted
2084,125878,All India,"Government Medical College, Nagpur,Government Medical College, Nagpur, Maharashtra, 440003",M.D. (PHYSIOLOGY),Open,General,Allotted
2085,125934,Non-Resident Indian,"Chettinad Hospital and Research Institute,Rajiv Gandhi Salai, Kelambakkam, Chengalpattu District, Tamil Nadu, 603103",M.D. (PAEDIATRICS),Open,SC,Allotted
2086,126007,Management/Paid Seats Quota,"Santosh Medical College and Hospital, Ghaziabad, NCR Delhi,Santosh Medical College and Hospital, Ghaziabad, Delhi NCR, Uttar Pradesh, 201009",M.D. IN TRANSFUSION MEDICINE/ IMMUNO- HAEMATOLOGY and BLOOD TRANSFUSION,Open,SC,Allotted
2087,126273,All India,"EMPLOYEES STATE INSURANCE CORPORATION MEDICAL COLLEGE AND PGIMSR,EMPLOYEES STATE INSURANCE CORPORATION MEDICAL COLLEGE AND PGIMSR, Karnataka, 560010",MD/MS (Anatomy),Open,General,Allotted
2088,126500,All India,"Agartala Government Medical College,Agartala Government Medical College, Tripura, 799006",MD/MS (Anatomy),Open,GNYes,Allotted
2089,126505,Management/Paid Seats Quota,"DR D Y PATIL MEDICAL COLLEGE, NAVI MUMBAI,DR D Y PATIL MEDICAL COLLEGE, NAVI MUMBAI, Maharashtra, 400706",M.D. IN TRANSFUSION MEDICINE/ IMMUNO- HAEMATOLOGY and BLOOD TRANSFUSION,Open,General,Allotted
2090,126563,Management/Paid Seats Quota,"DR. D. Y. PATIL MEDICAL COLLEGE, PUNE,Dr. D. Y. Patil Medical College, Hospital and Research Centre, Sant Tukaram Nagar, Pimpri, Pune., Maharashtra, 411018",M.D. (PATHOLOGY),Open,General,Allotted
2091,126720,Management/Paid Seats Quota,"DR D Y PATIL MEDICAL COLLEGE, NAVI MUMBAI,DR D Y PATIL MEDICAL COLLEGE, NAVI MUMBAI, Maharashtra, 400706",M.D. (PATHOLOGY),Open,General,Allotted
2092,126886,All India,"BELAGAVI INSTITUTE OF MEDICAL SCIENCES, BELAGAVI,BELAGAVI INSTITUTE OF MEDICAL SCIENCES, BELAGAVI, Karnataka, 590001",M.D. (PHARMACOLOGY),OBC,OBC,Allotted
2093,126943,All India,"COIMBATORE MEDICAL COLLEGE,COIMBATORE MEDICAL COLLEGE, Tamil Nadu, 641014",M.D. (PHYSIOLOGY),SC,SC,Allotted
2094,126986,DNB Quota,"Capital Hospital, Orissa,director.chb@gmail.com, Odisha, 751001",(NBEMS-DIPLOMA) Obstetrics and Gynaecology,ST,ST,Allotted
2095,127108,Management/Paid Seats Quota,"KRISHNA INSTITUTE OF MEDICAL SCIENCES, KARAD,KRISHNA INSTITUTE OF MEDICAL SCIENCES, KARAD, Maharashtra, 415110",M.D. (PREVENTIVE and SOCIAL MEDICINE)/ COMMUNITY MEDICINE,Open,General,Allotted
2096,127165,Non-Resident Indian,"KALINGA INSTITUTE OF MEDICAL SCIENCES,KALINGA INSTITUTE OF MEDICAL SCIENCES, Odisha, 751024",M.D. (ANAESTHESIOLOGY),Open,General,Allotted
2097,127285,All India,"Rajendra Institute of Medical Sciences, Ranchi,Rajendra Institute of Medical Sciences, Ranchi, Jharkhand, 834009",M.D. (PHYSIOLOGY),OBC,OBC,Allotted
2098,127295,All India,"JAWAHAR LAL NEHRU MEDICAL COLLEGE, AJMER,NEAR PATEL STADIUM, AJMER, Rajasthan, 305001",M.D. (MICROBIOLOGY),SC,SC,Allotted
2099,127340,Management/Paid Seats Quota,"Saveetha Medical College Nd Hospital,Saveetha Medical College and Hospital, Tamil Nadu, 602105",MD/MS (Anatomy),Open,General,Allotted
2100,127365,Management/Paid Seats Quota,"SHRI. B. M. PATIL MEDICAL COLLEGE HOSPITAL AND RESEARCH CENTRE,SHRI. B. M. PATIL MEDICAL COLLEGE HOSPITAL AND RESEARCH CENTRE, SOLAPUR ROAD, VIJAYAPURA, Karnataka, 586103",M.D. (PREVENTIVE and SOCIAL MEDICINE)/ COMMUNITY MEDICINE,Open,General,Allotted
2101,127493,All India,"Seth Gordhandas Sunderdas Medical College, MUMBAI,Seth Gordhandas Sunderdas Medical College, Acharya Donde Marg Parel MUMBAI, Maharashtra, 400012",MD/MS (Anatomy),Open,OBC,Allotted
2102,127495,All India,"Government Medical College, Siddipet,SURVEY NO 54 GOVERNMENT MEDICAL COLLEGE ENSANPALLY SIDDIPET 502114, Telangana, 502114",MD/MS (Anatomy),Open,OBC,Allotted
2103,127589,All India,"HASSAN INSTITUTE OF MEDICAL SCIENCES, HASSAN,HASSAN INSTITUTE OF MEDICAL SCIENCES, HASSAN, Karnataka, 573201",M.D. (PHYSIOLOGY),SC,SC,Allotted
2104,127686,All India,"Kodagu Institute of Medical Sciences, Karnataka,Kodagu Institute of Medical Sciences Madikeri Kodagu, Karnataka, 571201",MD/MS (Anatomy),Open,General,Allotted
2105,127695,All India,"GOVERNMENT MEDICAL COLLEGE KADAPA (FORMERLY RAJIV GANDHI INSTITUTE OF MEDICAL SCIENCES, KADAPA),GOVERNMENT MEDICAL COLLEGE KADAPA (FORMERLY RAJIV GANDHI INSTITUTE OF MEDICAL SCIENCES, KADAPA), Andhra Pradesh, 516002",M.D. (BIOCHEMISTRY),Open,General,Allotted
2106,127879,All India,"GOA MEDICAL COLLEGE,Bambolim, Goa, Goa, 403202",M.D. (MICROBIOLOGY),SC,SC,Allotted
2107,127896,All India,"North Bengal Medical College,North Bengal Medical College, West Bengal, 734012",M.D. (PHYSIOLOGY),Open,General,Allotted
2108,127902,Management/Paid Seats Quota,"Jawaharlal Nehru Medical College, Sawangi (Meghe), Wardha-,Jawaharlal Nehru Medical College, Sawangi (Meghe), Wardha-442107, Maharashtra, 442107",M.D. (PATHOLOGY),Open,OBC,Allotted
2109,127971,All India,"SHIMOGA INSTITUTE OF MEDICAL SCIENCES,SHIMOGA INSTITUTE OF MEDICAL SCIENCES, Karnataka, 577201",M.D. (PHYSIOLOGY),Open,OBC,Allotted
2110,127984,Non-Resident Indian,"Bharati Vidyapeeth Deemed to be University Medical College,Pune,Bharati Vidyapeeth Deemed to be University Medical College, Dhankawadi, Pune Satara Road, Pune, Maharashtra, 411043",M.D. (RADIO- DIAGNOSIS),Open,General,Allotted
2111,128377,Non-Resident Indian,"Vinayaka Missions Kirupananda Variyar Medical College and Hospital, Salem,Sankari Main Road, NH-47, Seeragapadi, Salem, Tamil Nadu, 636308",M.S. (ORTHOPAEDICS),Open,OBC,Allotted
2112,128421,Management/Paid Seats Quota,"DR D Y PATIL MEDICAL COLLEGE, NAVI MUMBAI,DR D Y PATIL MEDICAL COLLEGE, NAVI MUMBAI, Maharashtra, 400706",M.D. (PATHOLOGY),Open,General,Allotted
2113,128525,All India,"VARDHMAN INSTITUTE OF MEDICAL SCIENCES, NALANDA,BMIMS CAMPUS, PAWAPURI, NALANDA, Bihar, 803115",M.D. (PHYSIOLOGY),Open,OBC,Allotted
2114,128653,Management/Paid Seats Quota,"Shri Sathya Sai Medical College and Research Institute,Kancheepuram,Shri Sathya Sai Nagar, SBV Chennai Campus, Ammapettai, Chengalpattu District, Tamil Nadu, 603108",M.D. (PATHOLOGY),Open,OBC,Allotted
2115,128821,Non-Resident Indian,"DR. D. Y. PATIL MEDICAL COLLEGE, PUNE,Dr. D. Y. Patil Medical College, Hospital and Research Centre, Sant Tukaram Nagar, Pimpri, Pune., Maharashtra, 411018",M.D. (RADIO- DIAGNOSIS),Open,OBC,Allotted
2116,128824,DNB Quota,"Government Multi Specialty Hospital, ,Director Health and Family Welfare Govt. Multi Speciality Hospital Sector 16 Chandigarh, Chandigarh, 160016",(NBEMS-DIPLOMA) FAMILY MEDICINE,ST,ST,Allotted
2117,128847,DNB Quota,"District Hospital , Jammu and Kashmir ,Court road pulwama, Jammu And Kashmir, 192301",(NBEMS-DIPLOMA) PAEDIATRICS,ST,ST,Allotted
2118,128901,All India,"Karnataka Institute of Medical Sciences, Hubballi,Karnataka Institute of Medical Sciences, Hubballi, Karnataka, 580021",M.D. (PHYSIOLOGY),Open,General,Allotted
2119,129014,All India,"Shri Vasantrao Naik Govt Medical College Yavatmal,Shri Vasantrao Naik Govt Medical College Yavatmal, Maharashtra, 445001",M.D. (MICROBIOLOGY),Open,OBC,Allotted
2120,129026,Non-Resident Indian,"Vinayaka Missions Kirupananda Variyar Medical College and Hospital, Salem,Sankari Main Road, NH-47, Seeragapadi, Salem, Tamil Nadu, 636308",M.D. (Obst. and Gynae)/MS (Obstetrics and Gynaecology),Open,OBC,Allotted
2121,129061,All India,"Shaheed Hasan Khan Mewati Government Medical College,Shaheed Hasan Khan Mewati Government Medical College, Haryana, 122107",M.D. (PHYSIOLOGY),Open,General,Allotted
2122,129109,All India,"GUNTUR MEDICAL COLLEGE,GUNTUR MEDICAL COLLEGE, Andhra Pradesh, 522004",M.D. (MICROBIOLOGY),OBC,OBC,Allotted
2123,129237,DNB Quota,"GMERS Medical College and General Hospital, ,Kharvad medan Sipor road Vadnagar, Gujarat, 384355",(NBEMS) MICROBIOLOGY,Open,General,Allotted
2124,129255,All India,"Shri Vasantrao Naik Govt Medical College Yavatmal,Shri Vasantrao Naik Govt Medical College Yavatmal, Maharashtra, 445001",M.D. (MICROBIOLOGY),Open,General,Allotted
2125,129401,All India,"Moti Lal Nehru Medical College,Moti Lal Nehru Medical College, Uttar Pradesh, 211001",M.S. (OPHTHALMOLOGY),Open PwD,OBC PwD,Allotted
2126,129419,Management/Paid Seats Quota,"SHRI. B. M. PATIL MEDICAL COLLEGE HOSPITAL AND RESEARCH CENTRE,SHRI. B. M. PATIL MEDICAL COLLEGE HOSPITAL AND RESEARCH CENTRE, SOLAPUR ROAD, VIJAYAPURA, Karnataka, 586103",M.D. (PREVENTIVE and SOCIAL MEDICINE)/ COMMUNITY MEDICINE,Open,General,Allotted
2127,129430,Non-Resident Indian,"DR D Y PATIL MEDICAL COLLEGE, NAVI MUMBAI,DR D Y PATIL MEDICAL COLLEGE, NAVI MUMBAI, Maharashtra, 400706",M.D. (GENERAL MEDICINE),Open,General,Allotted
2128,129447,All India,"M. P. SHAH GOVERNMENT MEDICAL COLLEGE,M. P. SHAH GOVERNMENT MEDICAL COLLEGE, Gujarat, 361008",M.D. (MICROBIOLOGY),SC,SC,Allotted
2129,129526,All India,"Shaheed Hasan Khan Mewati Government Medical College,Shaheed Hasan Khan Mewati Government Medical College, Haryana, 122107",M.D. (PATHOLOGY),ST,ST,Allotted
2130,129776,All India,"ESIC Medical College, Hyderbad,Sanathnagar, Hyderabad, Telangana, 500038",M.D. (PHYSIOLOGY),EWS,EWS,Allotted
2131,129808,Management/Paid Seats Quota,"Saveetha Medical College Nd Hospital,Saveetha Medical College and Hospital, Tamil Nadu, 602105",M.D. (PREVENTIVE and SOCIAL MEDICINE)/ COMMUNITY MEDICINE,Open,OBC,Allotted
2132,129811,All India,"Government Medical College, Datia,Near 29 Batallion, National Highway 44, Dist Datia, Madhya Pradesh Pin - 475661, Madhya Pradesh, 475661",M.D. (BIOCHEMISTRY),Open,SC,Allotted
2133,129822,All India,"B. J. MEDICAL COLLEGE, Ahmedabad,B.J. Medical College, New Civil Hospital Asarwa,Ahmedabad-380016,Gujarat,India, Gujarat, 380016",MD/MS (Anatomy),Open,SC,Allotted
2134,129827,All India,"RAJIV GANDHI MEDICAL COLLEGE KALWA THANE,RAJIV GANDHI MEDICAL COLLEGE,THANE BELAPUR ROAD, KALWA, THANE, Maharashtra, 400605",M.D. (BIOCHEMISTRY),Open,General,Allotted
2135,129954,All India,"Agartala Government Medical College,Agartala Government Medical College, Tripura, 799006",M.D. (PREVENTIVE and SOCIAL MEDICINE)/ COMMUNITY MEDICINE,EWS,EWS,Allotted
2136,130188,All India,"Burdwan Medical College, West Bengal,Burdwan Medical College, West Bengal, West Bengal, 713104",M.D. (BIOCHEMISTRY),Open,General,Allotted
2137,130433,Non-Resident Indian,"Santosh Medical College and Hospital, Ghaziabad, NCR Delhi,Santosh Medical College and Hospital, Ghaziabad, Delhi NCR, Uttar Pradesh, 201009",M.S. (GENERAL SURGERY),Open,General,Allotted
2138,130494,All India,"Sarojini Naidu Medical College, AGRA,Sarojini Naidu Medical College, AGRA, Uttar Pradesh, 282002",M.D. (PREVENTIVE and SOCIAL MEDICINE)/ COMMUNITY MEDICINE,ST,ST,Allotted
2139,130497,Management/Paid Seats Quota,"VINAYAKA MISSIONS MEDICAL COLLEGE AND HOSPITAL, KARAIKAL,KEEZHAKASAKUDIMEDU, KOTTUCHERRY (POST), KARAIKAL, UT of PUDUCHERRY, Puducherry, 609609",M.D. (PATHOLOGY),Open,General,Allotted
2140,130572,All India,"Atal Bihari Vajpayee Government Medical College, Vidisha,NH 86 INFRONT OF KHEL PARISAR SANCHI ROAD VIDISHA MP, Madhya Pradesh, 464001",M.D. (BIOCHEMISTRY),Open,General,Allotted
2141,130661,All India,"DR. SHANKARRAO CHAVAN GOVERNMENT MEDICAL COLLEGE, NANDED,DR. SHANKARRAO CHAVAN GOVERNMENT MEDICAL COLLEGE, VISHNUPURI, NANDED, Maharashtra, 431606",M.D. (FORENSIC MEDICINE),SC,SC,Allotted
2142,130711,All India,"College of Medicine & Sagore Dutta Hospital,College of Medicine & Sagore Dutta Hospital, West Bengal, 700058",M.D. (MICROBIOLOGY),OBC,OBC,Allotted
2143,131010,All India,"Shaheed Hasan Khan Mewati Government Medical College,Shaheed Hasan Khan Mewati Government Medical College, Haryana, 122107",M.D. (PHYSIOLOGY),Open,General,Allotted
2144,131054,All India,"Andhra Medical College,Andhra Medical College, Andhra Pradesh, 530002",M.D. (BIOCHEMISTRY),OBC,OBC,Allotted
2145,131064,DNB Quota,"Government Kamaraj Hospital, ,SP KOIL STREET,CHIDAMBARM,CUDDALORE DISTRICT, Tamil Nadu, 608001",(NBEMS-DIPLOMA) PAEDIATRICS,ST,ST,Allotted
2146,131398,All India,"Gandhi Medical College, Bhopal,Gandhi Medical College, Bhopal, Madhya Pradesh, 462001",M.D. (PHARMACOLOGY),OBC,OBC,Allotted
2147,131415,All India,"MYSORE MEDICAL COLLEGE AND RESEARCH INSTITUTE,MYSORE MEDICAL COLLEGE AND RESEARCH INSTITUTE, Karnataka, 570001",M.D. (PHYSIOLOGY),Open,OBC,Allotted
2148,131420,All India,"KURNOOL MEDICAL COLLEGE,KURNOOL MEDICAL COLLEGE, Andhra Pradesh, 518002",M.D. (BIOCHEMISTRY),Open,General,Allotted
2149,131608,All India,"GAJRA RAJA MEDICAL COLLEGE GWALIOR,GAJRA RAJA MEDICAL COLLEGE GWALIOR, Madhya Pradesh, 474009",M.D. (PAEDIATRICS),Open PwD,GNYes,Allotted
2150,131627,All India,"DR. SHANKARRAO CHAVAN GOVERNMENT MEDICAL COLLEGE, NANDED,DR. SHANKARRAO CHAVAN GOVERNMENT MEDICAL COLLEGE, VISHNUPURI, NANDED, Maharashtra, 431606",M.D. (BIOCHEMISTRY),Open,General,Allotted
2151,131722,All India,"Baba Raghav Das Medical College,Baba Raghav Das Medical College, Gorakhpur, Uttar Pradesh, 273013",MD/MS (Anatomy),OBC,OBC,Allotted
2152,131884,Management/Paid Seats Quota,"Mahatma Gandhi Medical College and Research Institute, Pondicherry,SBV Pondicherry Campus, Pillaiyarkuppam, Pondicherry, Puducherry, 607402",M.D. (PHARMACOLOGY),Open,OBC,Allotted
2153,131921,All India,"Pt. Jawahar Lal Nehru Memorial Medical College, RAIPUR,Pt. Jawahar Lal Nehru Memorial Medical College, RAIPUR, Chhattisgarh, 492001",M.D. (PHYSIOLOGY),Open,General,Allotted
2154,131926,All India,"Andhra Medical College,Andhra Medical College, Andhra Pradesh, 530002",M.D. (PHYSIOLOGY),Open,General,Allotted
2155,131944,All India,"BPS Govt. Medical College for Women, Khanpur Kalan Sonepat,BPS Govt. Medical College for Women, Khanpur Kalan Sonepat, Haryana, 131305",M.D. (FORENSIC MEDICINE),ST,ST,Allotted
2156,132043,Non-Resident Indian,"Jawaharlal Nehru Medical College, Belagavi,Jawaharlal Nehru Medical College, Belagavi, Karnataka, 590010",M.S. (E.N.T.),Open,General,Allotted
2157,132197,Management/Paid Seats Quota,"Santosh Medical College and Hospital, Ghaziabad, NCR Delhi,Santosh Medical College and Hospital, Ghaziabad, Delhi NCR, Uttar Pradesh, 201009",M.D. IN TRANSFUSION MEDICINE/ IMMUNO- HAEMATOLOGY and BLOOD TRANSFUSION,Open,General,Allotted
2158,132257,All India,"Government Medical College, Ratlam,Gram Banjali, Sailana Road, NH927A, Madhya Pradesh 457001, India, Madhya Pradesh, 457001",M.D. (BIOCHEMISTRY),Open,General,Allotted
2159,132259,All India,"Karnataka Institute of Medical Sciences, Hubballi,Karnataka Institute of Medical Sciences, Hubballi, Karnataka, 580021",M.D. (PHYSIOLOGY),OBC,OBC,Allotted
2160,132480,All India,"NSC Government Medical College, Khandwa (MP),LUV KUSH NAGAR,MUNDI NAGAR, KHANDWA, Madhya Pradesh, 450001",M.D. (FORENSIC MEDICINE),OBC,OBC,Allotted
2161,132617,Non-Resident Indian,"SBKS Medical College and Research Centre, Vadodara,SBKS Medical Institute and Research Centre, Sumandeep Vidyapeeth, Piparia, Waghodia Rd, Vadodara, Gujarat, 391760",M.S. (OPHTHALMOLOGY),Open,General,Allotted
2162,132673,All India,"Government Medical College, Siddipet,SURVEY NO 54 GOVERNMENT MEDICAL COLLEGE ENSANPALLY SIDDIPET 502114, Telangana, 502114",M.D. (PHARMACOLOGY),SC,SC,Allotted
2163,132709,Management/Paid Seats Quota,"DR D Y PATIL MEDICAL COLLEGE, NAVI MUMBAI,DR D Y PATIL MEDICAL COLLEGE, NAVI MUMBAI, Maharashtra, 400706",M.D. IN TRANSFUSION MEDICINE/ IMMUNO- HAEMATOLOGY and BLOOD TRANSFUSION,Open,General,Allotted
2164,132786,All India,"Andhra Medical College,Andhra Medical College, Andhra Pradesh, 530002",MD/MS (Anatomy),OBC,OBC,Allotted
2165,132845,All India,"Dr.V.M.Govt.Medical College,Solapur, Maharasthtra,In front of district court civil chowk Dr.V.M.Govt.Medical College,Solapur, Maharasthtra, Maharashtra, 413003",MD/MS (Anatomy),Open,General,Allotted
2166,132957,Management/Paid Seats Quota,"Jawaharlal Nehru Medical College, Sawangi (Meghe), Wardha-,Jawaharlal Nehru Medical College, Sawangi (Meghe), Wardha-442107, Maharashtra, 442107",M.D. (PATHOLOGY),Open,OBC,Allotted
2167,133030,DNB Quota,"Jagjivan Ram Railway Hospital,,Maratha Mandir Marg, Mumbai Central, Mumbai, Maharashtra, 400008",(NBEMS-DIPLOMA) FAMILY MEDICINE,ST,ST,Allotted
2168,133156,Management/Paid Seats Quota,"Jawaharlal Nehru Medical College, Sawangi (Meghe), Wardha-,Jawaharlal Nehru Medical College, Sawangi (Meghe), Wardha-442107, Maharashtra, 442107",M.D. (PATHOLOGY),Open,General,Allotted
2169,133229,Non-Resident Indian,"M.M. Institute of Medical Sciences and Research, Ambala,M.M. Institute of Medical Sciences and Research, Ambala, Haryana, 133207",M.D. (PAEDIATRICS),Open,General,Allotted
2170,133258,All India,"CHHATTISGARH INSTITUTE OF MEDICAL SCIENCES,CHHATTISGARH INSTITUTE OF MEDICAL SCIENCES, Chhattisgarh, 495001",M.D. (PHARMACOLOGY),SC,SC,Allotted
2171,133348,Management/Paid Seats Quota,"VINAYAKA MISSIONS MEDICAL COLLEGE AND HOSPITAL, KARAIKAL,KEEZHAKASAKUDIMEDU, KOTTUCHERRY (POST), KARAIKAL, UT of PUDUCHERRY, Puducherry, 609609",M.D. (PATHOLOGY),Open,OBC,Allotted
2172,133466,Management/Paid Seats Quota,"Vinayaka Missions Kirupananda Variyar Medical College and Hospital, Salem,Sankari Main Road, NH-47, Seeragapadi, Salem, Tamil Nadu, 636308",M.D. IN TRANSFUSION MEDICINE/ IMMUNO- HAEMATOLOGY and BLOOD TRANSFUSION,Open,OBC,Allotted
2173,133480,All India,"CHHATTISGARH INSTITUTE OF MEDICAL SCIENCES,CHHATTISGARH INSTITUTE OF MEDICAL SCIENCES, Chhattisgarh, 495001",M.D. (PHARMACOLOGY),OBC,OBC,Allotted
2174,133531,All India,"Govt. Doon Medical College, Dehradun,Govt. Doon Medical College Dehrakhas, Patel Nagar Dehradun 248001, Uttarakhand, 248001",M.D. (PHYSIOLOGY),Open,General,Allotted
2175,133543,All India,"Government Medical College, Datia,Near 29 Batallion, National Highway 44, Dist Datia, Madhya Pradesh Pin - 475661, Madhya Pradesh, 475661",M.D. (PHARMACOLOGY),OBC,OBC,Allotted
2176,133818,All India,"Pandit Dindayal Upadhyay Medical College, RAJKOT,Pandit Dindayal Upadhyay Medical College, RAJKOT, Gujarat, 360001",M.D. (PHYSIOLOGY),OBC,OBC,Allotted
2177,133823,Non-Resident Indian,"DR. D. Y. PATIL MEDICAL COLLEGE, PUNE,Dr. D. Y. Patil Medical College, Hospital and Research Centre, Sant Tukaram Nagar, Pimpri, Pune., Maharashtra, 411018",M.D. (RADIO- DIAGNOSIS),Open,General,Allotted
2178,133842,Non-Resident Indian,"Institute of Medical Sciences and SUM Hospital, Bhubaneswar,Institute of Medical Sciences and SUM Hospital K 8 Kalinga Nagar PO Mahalaxmi Vihar Bhubaneswar, Odisha, 751029",M.S. (E.N.T.),Open,General,Allotted
2179,133850,Non-Resident Indian,"VINAYAKA MISSIONS MEDICAL COLLEGE AND HOSPITAL, KARAIKAL,KEEZHAKASAKUDIMEDU, KOTTUCHERRY (POST), KARAIKAL, UT of PUDUCHERRY, Puducherry, 609609",M.S. (ORTHOPAEDICS),Open,OBC,Allotted
2180,133905,Non-Resident Indian,"DR. D. Y. PATIL MEDICAL COLLEGE, PUNE,Dr. D. Y. Patil Medical College, Hospital and Research Centre, Sant Tukaram Nagar, Pimpri, Pune., Maharashtra, 411018",M.D. (Obst. and Gynae)/MS (Obstetrics and Gynaecology),Open,OBC,Allotted
2181,133927,All India,"DR. SHANKARRAO CHAVAN GOVERNMENT MEDICAL COLLEGE, NANDED,DR. SHANKARRAO CHAVAN GOVERNMENT MEDICAL COLLEGE, VISHNUPURI, NANDED, Maharashtra, 431606",M.D. (BIOCHEMISTRY),Open,General,Allotted
2182,134010,Management/Paid Seats Quota,"Yenepoya Medical College,Yenepoya Medical College, Karnataka, 575018",M.D. (PHARMACOLOGY),Open,General,Allotted
2183,134121,All India,"INDIRA GANDHI GOVT.MEDICAL COLLEGE NAGPUR,INDIRA GANDHI GOVT.MEDICAL COLLEGE NAGPUR, Maharashtra, 440018",M.D. (BIOCHEMISTRY),OBC,OBC,Allotted
2184,134217,Management/Paid Seats Quota,"A.C.S. Medical College and Hospital,A.C.S. Medical College and Hospital, Tamil Nadu, 600077",M.D. (PATHOLOGY),Open,General,Allotted
2185,134235,All India,"BPS Govt. Medical College for Women, Khanpur Kalan Sonepat,BPS Govt. Medical College for Women, Khanpur Kalan Sonepat, Haryana, 131305",M.D. (PHYSIOLOGY),Open,General,Allotted
2186,134269,Management/Paid Seats Quota,"MGM Medical College, Navi Mumbai,MGM Medical College, Sector1, Plot 1-2, Kamothe, Navi Mumbai-, Maharashtra, 410209",M.D. IN TRANSFUSION MEDICINE/ IMMUNO- HAEMATOLOGY and BLOOD TRANSFUSION,Open,General,Allotted
2187,134288,Management/Paid Seats Quota,"AARUPADAI VEEDU MEDICAL COLLEGE AND HOSPITAL,PONDY - CUDDALORE MAIN ROAD, KIRUMAMPAKKAM, BAHOUR COMMUNE PANCHAYAT, PUDUCHERRY, Puducherry, 607402",M.D. (PATHOLOGY),Open,General,Allotted
2188,134331,Non-Resident Indian,"KRISHNA INSTITUTE OF MEDICAL SCIENCES, KARAD,KRISHNA INSTITUTE OF MEDICAL SCIENCES, KARAD, Maharashtra, 415110","M.D. (DERM.,VENE. and LEPROSY)/ (DERMATOLOGY)/(SKIN and VENEREAL DISEASES)/(VENEREOL OGY)",Open,General,Allotted
2189,134387,Non-Resident Indian,"Chettinad Hospital and Research Institute,Rajiv Gandhi Salai, Kelambakkam, Chengalpattu District, Tamil Nadu, 603103",M.D. (PAEDIATRICS),Open,OBC,Allotted
2190,134468,All India,"JAWAHARLAL NEHRU MEDICAL COLLEGE, BHAGALPUR,JAWAHARLAL NEHRU MEDICAL COLLEGE, BHAGALPUR, Bihar, 812001",MD/MS (Anatomy),Open,General,Allotted
2191,134497,All India,"PATNA MEDICAL COLLEGE, PATNA,PATNA MEDICAL COLLEGE, PATNA, Bihar, 800004",MD/MS (Anatomy),OBC,OBC,Allotted
2192,134648,All India,"Government Medical College, Aurangabad,Government Medical College, Aurangabad, Maharashtra, 431001",M.D. (MICROBIOLOGY),SC,SC,Allotted
2193,134730,DNB Quota,"Ranaghat Sub Division Hospital, West Bengal,Jagpur Road, West Bengal, 741255",(NBEMS-DIPLOMA) PAEDIATRICS,ST,ST,Allotted
2194,134766,All India,"Pt. Jawahar Lal Nehru Memorial Medical College, RAIPUR,Pt. Jawahar Lal Nehru Memorial Medical College, RAIPUR, Chhattisgarh, 492001",MD/MS (Anatomy),Open,General,Allotted
2195,134854,All India,"DARBHANGA MEDICAL COLLEGE,Sheetal Prasad Marg, Laheriasarai, Darbhanga, Bihar, Bihar, 846003",MD/MS (Anatomy),EWS,EWS,Allotted
2196,134871,All India,"MANDYA INSTITUTE OF MEDICAL SCIENCES,MANDYA INSTITUTE OF MEDICAL SCIENCES MANDYA, Karnataka, 571401",M.D. (PATHOLOGY),ST,ST,Allotted
2197,134954,All India,"Tirunelveli Medical College,TIRUNELVELI MEDICAL COLLEGE, HIGHGROUND, TIRUNELVELI-11, Tamil Nadu, 627011",M.D. (PATHOLOGY),ST,ST,Allotted
2198,135123,All India,"GOVERNMENT MEDICAL COLLEGE CHANDRAPUR, MAHARASHTRA,TB Hospital Campus, Ram Nagar, Chandrapur - 442401, Maharashtra, 442401",M.D. (BIOCHEMISTRY),Open,General,Allotted
2199,135404,Management/Paid Seats Quota,"KRISHNA INSTITUTE OF MEDICAL SCIENCES, KARAD,KRISHNA INSTITUTE OF MEDICAL SCIENCES, KARAD, Maharashtra, 415110",M.D. (PATHOLOGY),Open,General,Allotted
2200,135418,All India,"Govt. Medical College, Baroda,Govt. Medical College, Baroda, Gujarat, 390001",MD/MS (Anatomy),Open,General,Allotted
2201,135419,Management/Paid Seats Quota,"Jawaharlal Nehru Medical College, Sawangi (Meghe), Wardha-,Jawaharlal Nehru Medical College, Sawangi (Meghe), Wardha-442107, Maharashtra, 442107",M.D. (PATHOLOGY),Open,General,Allotted
2202,135446,All India,"Gulbarga Institute Of Medical Sciences, Kalaburagi,VEERESH NAGAR SEDAM ROAD KALABURAGI, Karnataka, 585105",M.D. (FORENSIC MEDICINE),SC,SC,Allotted
2203,135459,Non-Resident Indian,"M.M. Institute of Medical Sciences and Research, Ambala,M.M. Institute of Medical Sciences and Research, Ambala, Haryana, 133207",M.S. (GENERAL SURGERY),Open,OBC,Allotted
2204,135467,Non-Resident Indian,"KRISHNA INSTITUTE OF MEDICAL SCIENCES, KARAD,KRISHNA INSTITUTE OF MEDICAL SCIENCES, KARAD, Maharashtra, 415110",M.D. (RADIO- DIAGNOSIS),Open,OBC,Allotted
2205,135521,All India,"Maharaja Krushna Chandra Gajapati Medical College , Brahmapur,Maharaja Krushna Chandra Gajapati Medical College , Brahmapur, Odisha, 760004",M.D. (MICROBIOLOGY),OBC,OBC,Allotted
2206,135528,All India,"Gulbarga Institute Of Medical Sciences, Kalaburagi,VEERESH NAGAR SEDAM ROAD KALABURAGI, Karnataka, 585105",M.D. (MICROBIOLOGY),OBC,OBC,Allotted
2207,135579,All India,"Andhra Medical College,Andhra Medical College, Andhra Pradesh, 530002",M.D. (PHYSIOLOGY),Open,General,Allotted
2208,135679,All India,"North Bengal Medical College,North Bengal Medical College, West Bengal, 734012",M.D. (FORENSIC MEDICINE),SC,SC,Allotted
2209,135869,Non-Resident Indian,"KRISHNA INSTITUTE OF MEDICAL SCIENCES, KARAD,KRISHNA INSTITUTE OF MEDICAL SCIENCES, KARAD, Maharashtra, 415110",M.D. (GENERAL MEDICINE),Open,General,Allotted
2210,135889,All India,"Dr. Sampurnanand Medical College (SNMC), JODHPUR,Dr. Sampurnanand Medical College (SNMC), JODHPUR, Rajasthan, 342001",MD/MS (Anatomy),Open,SC,Allotted
2211,135939,Non-Resident Indian,"SRI SIDDHARTHA MEDICAL COLLEGE, TUMKUR,SRI SIDDHARTHA MEDICAL COLLEGE, TUMKUR, Karnataka, 572107",M.S. (ORTHOPAEDICS),Open,General,Allotted
2212,136015,All India,"Government Medical College, Gondia,Nehru Chowk, KTS General Hospital Campus, Govt. Medical College, Gondia. 441601. Maharashtra., Maharashtra, 441601",M.D. (BIOCHEMISTRY),Open,General,Allotted
2213,136063,All India,"Andhra Medical College,Andhra Medical College, Andhra Pradesh, 530002",M.D. (PHYSIOLOGY),SC,SC,Allotted
2214,136070,Non-Resident Indian,"M.M. Institute of Medical Sciences and Research, Ambala,M.M. Institute of Medical Sciences and Research, Ambala, Haryana, 133207",M.S. (OPHTHALMOLOGY),Open,General,Allotted
2215,136088,Management/Paid Seats Quota,"Jawaharlal Nehru Medical College, Belagavi,Jawaharlal Nehru Medical College, Belagavi, Karnataka, 590010",M.D. (FORENSIC MEDICINE),Open,General,Allotted
2216,136131,Management/Paid Seats Quota,"Bharati Vidyapeeth (Deemed to be University) Medical College and Hospital, Sangli,Bharati Vidyapeeth (Deemed to be University) Medical College and Hospital, Sangli, Maharashtra, 416416",M.D. (PATHOLOGY),Open,General,Allotted
2217,136425,All India,"Mahatma Gandhi Memorial Medical College, Jamshedpur,Mahatma Gandhi Memorial Medical College, Jamshedpur, Jharkhand, 831020",M.D. (PHYSIOLOGY),OBC,OBC,Allotted
2218,136862,All India,"Kodagu Institute of Medical Sciences, Karnataka,Kodagu Institute of Medical Sciences Madikeri Kodagu, Karnataka, 571201",M.D. (BIOCHEMISTRY),Open,General,Allotted
2219,136984,All India,"Seth Gordhandas Sunderdas Medical College, MUMBAI,Seth Gordhandas Sunderdas Medical College, Acharya Donde Marg Parel MUMBAI, Maharashtra, 400012",M.D. (PHYSIOLOGY),Open,General,Allotted
2220,137007,All India,"JAWAHAR LAL NEHRU MEDICAL COLLEGE, AJMER,NEAR PATEL STADIUM, AJMER, Rajasthan, 305001",M.D. (FORENSIC MEDICINE),SC,SC,Allotted
2221,137116,DNB Quota,"Govt. BDK hospital, govt. ,OPPOSITE ROADWAYS BUS STAND MAAN NAGAR JHUNJHUNU RAJASTHAN, Rajasthan, 333001",(NBEMS-DIPLOMA) FAMILY MEDICINE,ST,ST,Allotted
2222,137286,Non-Resident Indian,"SRM MEDICAL COLLEGE HOSPITAL AND RESEARCH CENTRE, SRM INSTITUTE OF SCIENCE AND TECHNOLOGY,SRM MEDICAL COLLEGE HOSPITAL AND RESEARCH CENTRE,SRM IST, KATTANKULATHUR , CHENGALPATTU DIST, Tamil Nadu, 603203",M.S. (E.N.T.),Open,General,Allotted
2223,137291,Non-Resident Indian,"SRI SIDDHARTHA MEDICAL COLLEGE, TUMKUR,SRI SIDDHARTHA MEDICAL COLLEGE, TUMKUR, Karnataka, 572107",M.D. (GENERAL MEDICINE),Open,General,Allotted
2224,137364,All India,"NALANDA MEDICAL COLLEGE,PATNA,NALANDA MEDICAL COLLEGE,PATNA, OLD BYPASS KANKARBAGH, Bihar, 800026",M.D. (BIOCHEMISTRY),SC,SC,Allotted
2225,137485,All India,"Gulbarga Institute Of Medical Sciences, Kalaburagi,VEERESH NAGAR SEDAM ROAD KALABURAGI, Karnataka, 585105",M.D. (PHARMACOLOGY),OBC,OBC,Allotted
2226,137530,All India,"Dr Ram Manohar Lohia Institute of Medical Sciences, Lucknow,Dr Ram Manohar Lohia Institute of Medical Sciences, Lucknow, Uttar Pradesh, 226010",M.D. (PREVENTIVE and SOCIAL MEDICINE)/ COMMUNITY MEDICINE,ST,ST,Allotted
2227,137574,All India,"DARBHANGA MEDICAL COLLEGE,Sheetal Prasad Marg, Laheriasarai, Darbhanga, Bihar, Bihar, 846003",M.D. (MICROBIOLOGY),ST,ST,Allotted
2228,137627,All India,"Grant Medical College, Maharashtra,Grant Medical College, Maharashtra, Maharashtra, 400008",M.D. (PREVENTIVE and SOCIAL MEDICINE)/ COMMUNITY MEDICINE,ST,ST,Allotted
2229,137787,DNB Quota,"Government Medical College and Associated Hospital,,JANGLAT MANDI ANANTNAG, JAMMU AND KASHMIR 192101, Jammu And Kashmir, 192101",(NBEMS) COMMUNITY MEDICINE,SC,SC,Allotted
2230,137928,Non-Resident Indian,"SRI SIDDHARTHA MEDICAL COLLEGE, TUMKUR,SRI SIDDHARTHA MEDICAL COLLEGE, TUMKUR, Karnataka, 572107",M.S. (ORTHOPAEDICS),Open,OBC,Allotted
2231,137958,Management/Paid Seats Quota,"VINAYAKA MISSIONS MEDICAL COLLEGE AND HOSPITAL, KARAIKAL,KEEZHAKASAKUDIMEDU, KOTTUCHERRY (POST), KARAIKAL, UT of PUDUCHERRY, Puducherry, 609609",M.D. (PATHOLOGY),Open,General,Allotted
2232,138122,Non-Resident Indian,"GITAM Institute of Medical Sciences & Research, Visakhapatnam,GITAM Deemed to be University Rushikonda, Visakhapatnam - 530045 Andhra Pradesh, Andhra Pradesh, 530045",M.S. (GENERAL SURGERY),Open,OBC,Allotted
2233,138141,Non-Resident Indian,"Chettinad Hospital and Research Institute,Rajiv Gandhi Salai, Kelambakkam, Chengalpattu District, Tamil Nadu, 603103",M.D. (Tuberculosis and Respiratory diseases)/Pulmonary Medicine /M.D. (Respiratory Medicine),Open,OBC,Allotted
2234,138161,All India,"Murshidabad Medical College and Hospital,Station Road, Berhampore, Murshidabad, West Bengal, 742101",M.D. (BIOCHEMISTRY),Open,General,Allotted
2235,138339,Delhi University Quota,"Maulana Azad Medical College,Maulana Azad Medical College, Delhi (NCT), 110002",M.D. (PREVENTIVE and SOCIAL MEDICINE)/ COMMUNITY MEDICINE,Open,General,Allotted
2236,138423,DNB Quota,"Government Medical College and Associated Group of Hospitals, Government Medical College, Dungarpur and Associated Group of Hospitals Shri Haridev Joshi Hospital,,Government Medical College and Associated Group of Hospitals, Government Medical College, Dungarpur, Rajasthan, 314001",(NBEMS-DIPLOMA) ANAESTHESIOLOGY,ST,ST,Allotted
2237,138475,All India,"IPGME&R and SSKM Hospital Kolkata,244, Acharya J. C. Bose Road, Kolkata-700020, West Bengal, 700020",M.D. (MICROBIOLOGY),OBC,OBC,Allotted
2238,138641,All India,"LATE SHRI LAKHI RAM AGRAWAL MEMORIAL GOVT.MEDICAL COLLEGE,LATE SHRI LAKHI RAM AGRAWAL MEMORIAL GOVT.MEDICAL COLLEGE, Chhattisgarh, 496001",M.D. (BIOCHEMISTRY),Open,General,Allotted
2239,138723,Non-Resident Indian,"Bharati Vidyapeeth Deemed to be University Medical College,Pune,Bharati Vidyapeeth Deemed to be University Medical College, Dhankawadi, Pune Satara Road, Pune, Maharashtra, 411043","M.D. (DERM.,VENE. and LEPROSY)/ (DERMATOLOGY)/(SKIN and VENEREAL DISEASES)/(VENEREOL OGY)",Open,OBC,Allotted
2240,138851,All India,"NIL RATAN SIRCAR MEDICAL COLLEGE,NIL RATAN SIRCAR MEDICAL COLLEGE, 138 AJC BOSE ROAD, KOLKATA-700014., West Bengal, 700014",M.D. (MICROBIOLOGY),SC,SC,Allotted
2241,138924,All India,"Government medical college patiala.,Government medical college patiala., Punjab, 147001",M.D. (BIOCHEMISTRY),OBC,OBC,Allotted
2242,139012,All India,"Seth Gordhandas Sunderdas Medical College, MUMBAI,Seth Gordhandas Sunderdas Medical College, Acharya Donde Marg Parel MUMBAI, Maharashtra, 400012",M.D. (PHYSIOLOGY),Open,General,Allotted
2243,139018,All India,"JAWAHARLAL NEHRU MEDICAL COLLEGE, BHAGALPUR,JAWAHARLAL NEHRU MEDICAL COLLEGE, BHAGALPUR, Bihar, 812001",MD/MS (Anatomy),Open,General,Allotted
2244,139199,Non-Resident Indian,"SRM MEDICAL COLLEGE HOSPITAL AND RESEARCH CENTRE, SRM INSTITUTE OF SCIENCE AND TECHNOLOGY,SRM MEDICAL COLLEGE HOSPITAL AND RESEARCH CENTRE,SRM IST, KATTANKULATHUR , CHENGALPATTU DIST, Tamil Nadu, 603203",M.S. (E.N.T.),Open,OBC,Allotted
2245,139261,All India,"Seth Gordhandas Sunderdas Medical College, MUMBAI,Seth Gordhandas Sunderdas Medical College, Acharya Donde Marg Parel MUMBAI, Maharashtra, 400012",M.D. (PHYSIOLOGY),OBC,OBC,Allotted
2246,139304,All India,"Shri Vasantrao Naik Govt Medical College Yavatmal,Shri Vasantrao Naik Govt Medical College Yavatmal, Maharashtra, 445001",M.D. (MICROBIOLOGY),OBC,OBC,Allotted
2247,139427,All India,"RAICHUR INSTITUTE OF MEDICAL SCIENCES,RAICHUR INSTITUTE OF MEDICAL SCIENCES, Karnataka, 584102",M.D. (MICROBIOLOGY),OBC,OBC,Allotted
2248,139503,All India,"IPGME&R and SSKM Hospital Kolkata,244, Acharya J. C. Bose Road, Kolkata-700020, West Bengal, 700020",MD/MS (Anatomy),Open,General,Allotted
2249,139531,Management/Paid Seats Quota,"M.M. Institute of Medical Sciences and Research, Ambala,M.M. Institute of Medical Sciences and Research, Ambala, Haryana, 133207",M.D. (FORENSIC MEDICINE),Open,General,Allotted
2250,139702,All India,"Rajarshee Chhatrapati Shahu Maharaj Government Medical College, Kolhapur,R.K. Nagar Road, Shenda Park, Kolhapur, Maharashtra, Maharashtra, 416012",M.D. (BIOCHEMISTRY),Open,General,Allotted
2251,140047,All India,"Government Medical College Kota,Government Medical College Kota, Rajasthan, 324005",MD/MS (Anatomy),Open,OBC,Allotted
2252,140119,All India,"Rajiv Gandhi Institute of Medical Sciences Srikakulam,Government Medical College Srikakulam Balaga Srikakulam Town Srikakulam District, Andhra Pradesh, 532001",M.D. (BIOCHEMISTRY),Open,General,Allotted
2253,140206,All India,"Gandhi Medical College, Bhopal,Gandhi Medical College, Bhopal, Madhya Pradesh, 462001",MD/MS (Anatomy),Open,General,Allotted
2254,140485,All India,"Seth Gordhandas Sunderdas Medical College, MUMBAI,Seth Gordhandas Sunderdas Medical College, Acharya Donde Marg Parel MUMBAI, Maharashtra, 400012",MD/MS (Anatomy),OBC,OBC,Allotted
2255,140588,All India,"Sawai Man Singh Medical College, JAIPUR,Sawai Man Singh Medical College, JLN Marg, Jaipur-302004, Rajasthan, 302004",M.D. (BIOCHEMISTRY),SC,SC,Allotted
2256,140666,All India,"Karwar Institute of Medical Sciences, Karnataka,MG Road, Karnataka, 581301",M.D. (PHYSIOLOGY),Open,OBC,Allotted
2257,140700,All India,"Mahatma Gandhi Memorial Medical College, Indore,Mahatma Gandhi Memorial Medical College, Indore, Madhya Pradesh, 452001",MD/MS (Anatomy),Open,General,Allotted
2258,140763,Non-Resident Indian,"DR. D. Y. PATIL MEDICAL COLLEGE, PUNE,Dr. D. Y. Patil Medical College, Hospital and Research Centre, Sant Tukaram Nagar, Pimpri, Pune., Maharashtra, 411018",M.S. (ORTHOPAEDICS),Open,General,Allotted
2259,140916,DNB Quota,"ESIC MEDICAL COLLEGE AND HOSPITAL, Bihar,ESIC Medical College and Hospital,Ara Danapur Road, Sikandarpur, Bihta, Patna, Bihar, 801103",(NBEMS) BIOCHEMISTRY,Open,General,Allotted
2260,140955,All India,"Sawai Man Singh Medical College, JAIPUR,Sawai Man Singh Medical College, JLN Marg, Jaipur-302004, Rajasthan, 302004",M.D. (PHYSIOLOGY),SC,SC,Allotted
2261,141037,All India,"VARDHMAN INSTITUTE OF MEDICAL SCIENCES, NALANDA,BMIMS CAMPUS, PAWAPURI, NALANDA, Bihar, 803115",MD/MS (Anatomy),OBC,OBC,Allotted
2262,141079,All India,"Sawai Man Singh Medical College, JAIPUR,Sawai Man Singh Medical College, JLN Marg, Jaipur-302004, Rajasthan, 302004",MD/MS (Anatomy),OBC,OBC,Allotted
2263,141102,All India,"Gvernment Medical College,Haldwani,Government Medical College, Haldwani, Uttarakhand, 263139",M.D. (PHARMACOLOGY),OBC,OBC,Allotted
2264,141142,Management/Paid Seats Quota,"Kasturba Medical College Manipal, Manipal Academy Of Higher Education, Manipal,Kasturba Medical College Manipal, Manipal Academy Of Higher Education, Manipal, Karnataka, 576104",M.D. (PREVENTIVE and SOCIAL MEDICINE)/ COMMUNITY MEDICINE,Open,General,Allotted
2265,141149,Non-Resident Indian,"Chettinad Hospital and Research Institute,Rajiv Gandhi Salai, Kelambakkam, Chengalpattu District, Tamil Nadu, 603103",M.D. (GENERAL MEDICINE),Open,General,Allotted
2266,141167,All India,"Indira Gandhi Institute of Medical Sciences, Patna,Indira Gandhi Institute of Medical Sciences, Patna, Bihar, 800014",M.D. (PREVENTIVE and SOCIAL MEDICINE)/ COMMUNITY MEDICINE,ST,ST,Allotted
2267,141287,All India,"VSS INSTITUTE OF MEDICAL SCIENCES AND RESEARCH,BURLA,VSS INSTITUTE OF MEDICAL SCIENCES AND RESEARCH,BURLA, Odisha, 768017",M.D. (PHARMACOLOGY),OBC,OBC,Allotted
2268,141342,Non-Resident Indian,"Chettinad Hospital and Research Institute,Rajiv Gandhi Salai, Kelambakkam, Chengalpattu District, Tamil Nadu, 603103",M.D. (PAEDIATRICS),Open,OBC,Allotted
2269,141589,Management/Paid Seats Quota,"M.M. Institute of Medical Sciences and Research, Ambala,M.M. Institute of Medical Sciences and Research, Ambala, Haryana, 133207",M.D. (PREVENTIVE and SOCIAL MEDICINE)/ COMMUNITY MEDICINE,Open,OBC,Allotted
2270,141627,Management/Paid Seats Quota,"Jawaharlal Nehru Medical College, Belagavi,Jawaharlal Nehru Medical College, Belagavi, Karnataka, 590010",M.D. (FORENSIC MEDICINE),Open,General,Allotted
2271,141633,Non-Resident Indian,"KRISHNA INSTITUTE OF MEDICAL SCIENCES, KARAD,KRISHNA INSTITUTE OF MEDICAL SCIENCES, KARAD, Maharashtra, 415110",M.D. (GENERAL MEDICINE),Open,OBC,Allotted
2272,141722,All India,"Burdwan Medical College, West Bengal,Burdwan Medical College, West Bengal, West Bengal, 713104",M.D. (PHARMACOLOGY),OBC,OBC,Allotted
2273,141805,All India,"Kakatiya Medical College,Kakatiya Medical College, Telangana, 506007",M.D. (PHYSIOLOGY),Open,OBC,Allotted
2274,141946,Non-Resident Indian,"SRI SIDDHARTHA MEDICAL COLLEGE, TUMKUR,SRI SIDDHARTHA MEDICAL COLLEGE, TUMKUR, Karnataka, 572107",M.D. (PAEDIATRICS),Open,OBC,Allotted
2275,141984,All India,"Atal Bihari Vajpayee Government Medical College, Vidisha,NH 86 INFRONT OF KHEL PARISAR SANCHI ROAD VIDISHA MP, Madhya Pradesh, 464001",M.D. (BIOCHEMISTRY),OBC,OBC,Allotted
2276,142062,All India,"RAICHUR INSTITUTE OF MEDICAL SCIENCES,RAICHUR INSTITUTE OF MEDICAL SCIENCES, Karnataka, 584102",M.D. (BIOCHEMISTRY),Open,General,Allotted
2277,142096,All India,"JAWAHARLAL NEHRU MEDICAL COLLEGE, ALIGARH MUSLIM UNIVERSITY STATE UTTAR,JAWAHARLAL NEHRU MEDICAL COLLEGE, ALIGARH MUSLIM UNIVERSITY STATE UTTAR, Uttar Pradesh, 202002",M.D. (PHYSIOLOGY),SC,SC,Allotted
2278,142146,Management/Paid Seats Quota,"Hamdard Institute of Medical Sciences and Research,HIMSR, Jamia Hamdard, Guru Ravidas Marg, Hamdard Nagar, New Delhi, Delhi (NCT), 110062",M.D. (PREVENTIVE and SOCIAL MEDICINE)/ COMMUNITY MEDICINE,Open,General,Allotted
2279,142213,All India,"PATNA MEDICAL COLLEGE, PATNA,PATNA MEDICAL COLLEGE, PATNA, Bihar, 800004",MD/MS (Anatomy),OBC,OBC,Allotted
2280,142349,All India,"Silchar Medical College, Silchar,Silchar Medical College, Silchar, Assam, 788014",M.D. (BIOCHEMISTRY),Open,General,Allotted
2281,142419,All India,"MEDICAL COLLEGE, KOLKATA,MEDICAL COLLEGE, KOLKATA, West Bengal, 700073",M.D. (PHARMACOLOGY),OBC,OBC,Allotted
2282,142503,All India,"Tezpur Medical College,Tumuki, Bihaguri, Tezpur, Sonitpur, Assam, Assam, 784010",M.D. (BIOCHEMISTRY),Open,General,Allotted
2283,142516,All India,"Baba Raghav Das Medical College,Baba Raghav Das Medical College, Gorakhpur, Uttar Pradesh, 273013",M.D. (PHYSIOLOGY),OBC,OBC,Allotted
2284,142602,All India,"TOPIWALA NATIONAL MEDICAL COLLEGE,TOPIWALA NATIONAL MEDICAL COLLEGE B Y L Nair Ch Hospital, Dr. A.L. Nair Rd, Mumbai Central, Mumbai, Maharashtra, 400008",M.D. (PHYSIOLOGY),Open,OBC,Allotted
2285,142671,Non-Resident Indian,"Chettinad Hospital and Research Institute,Rajiv Gandhi Salai, Kelambakkam, Chengalpattu District, Tamil Nadu, 603103",M.D. (Tuberculosis and Respiratory diseases)/Pulmonary Medicine /M.D. (Respiratory Medicine),Open,OBC,Allotted
2286,142799,All India,"Gauhati Medical College, Guwahati,Gauhati Medical College, Guwahati, Assam, 781032",MD/MS (Anatomy),Open,General,Allotted
2287,142838,All India,"VARDHMAN INSTITUTE OF MEDICAL SCIENCES, NALANDA,BMIMS CAMPUS, PAWAPURI, NALANDA, Bihar, 803115",M.D. (BIOCHEMISTRY),SC,SC,Allotted
2288,142896,All India,"Government Medical College, Nalgonda,Office of the Principal, Government Medical College Nalgonda, Near RTC Bus Stand, Gollaguda, Nalgon, Telangana, 508001",M.D. (BIOCHEMISTRY),Open,General,Allotted
2289,143054,Management/Paid Seats Quota,"Institute of Medical Sciences and SUM Hospital, Bhubaneswar,Institute of Medical Sciences and SUM Hospital K 8 Kalinga Nagar PO Mahalaxmi Vihar Bhubaneswar, Odisha, 751029",M.D. (MICROBIOLOGY),Open,General,Allotted
2290,143060,All India,"RAJIV GANDHI INSTITUTE OF MEDICAL SCIENCES,RAJIV GANDHI INSTITUTE OF MEDICAL SCIENCES ADILABAD -504001 TELANGANA STATE, Telangana, 504001",M.D. (BIOCHEMISTRY),OBC,OBC,Allotted
2291,143255,Management/Paid Seats Quota,"A.C.S. Medical College and Hospital,A.C.S. Medical College and Hospital, Tamil Nadu, 600077",M.D. (PATHOLOGY),Open,General,Allotted
2292,143276,All India,"Government Medical College Srinagar,Administrative Block Government Medical College Karan Nagar Srinagar, Jammu And Kashmir, 190010",M.D. (PHARMACOLOGY),EWS,EWS,Allotted
2293,143348,All India,"B.J.Government Medical College, Pune,B.J.Government Medical College, Pune, Maharashtra, 411001",M.D. (MICROBIOLOGY),ST,ST,Allotted
2294,143483,All India,"Government Medical College, Nalgonda,Office of the Principal, Government Medical College Nalgonda, Near RTC Bus Stand, Gollaguda, Nalgon, Telangana, 508001",M.D. (BIOCHEMISTRY),Open,General,Allotted
2295,143677,All India,"Kakatiya Medical College,Kakatiya Medical College, Telangana, 506007",M.D. (BIOCHEMISTRY),OBC,OBC,Allotted
2296,143759,Non-Resident Indian,"DR. D. Y. PATIL MEDICAL COLLEGE, PUNE,Dr. D. Y. Patil Medical College, Hospital and Research Centre, Sant Tukaram Nagar, Pimpri, Pune., Maharashtra, 411018",M.S. (ORTHOPAEDICS),Open,General,Allotted
2297,143772,All India,"Gvernment Medical College,Haldwani,Government Medical College, Haldwani, Uttarakhand, 263139",MD/MS (Anatomy),Open,General,Allotted
2298,143787,Management/Paid Seats Quota,"M.M. Institute of Medical Sciences and Research, Ambala,M.M. Institute of Medical Sciences and Research, Ambala, Haryana, 133207",M.D. (PHARMACOLOGY),Open,General,Allotted
2299,143791,All India,"SHYAM SHAH MEDICAL COLLEGE,deanmcrewa@rediffmail.com, Madhya Pradesh, 486001",M.D. (PHARMACOLOGY),OBC,OBC,Allotted
2300,143936,All India,"R G KAR MEDICAL COLLEGE, West Bengal,R G KAR MEDICAL COLLEGE,1 KHUDIRAM BOSE SARANI,KOLKATA, West Bengal, West Bengal, 700004",M.D. (GENERAL MEDICINE),Open PwD,GNYes,Allotted
2301,144019,All India,"Kakatiya Medical College,Kakatiya Medical College, Telangana, 506007",M.D. (FORENSIC MEDICINE),ST,ST,Allotted
2302,144110,All India,"Karwar Institute of Medical Sciences, Karnataka,MG Road, Karnataka, 581301",MD/MS (Anatomy),Open,General,Allotted
2303,144186,All India,"Mahatma Gandhi Memorial Medical College, Indore,Mahatma Gandhi Memorial Medical College, Indore, Madhya Pradesh, 452001",M.D. (BIOCHEMISTRY),ST,ST,Allotted
2304,144194,All India,"Govt. Medical College, Bhavnagar,Near. S.T. Bus Stand,Jail Road, Bhavnagar-364001, Gujarat, 364001",M.D. (MICROBIOLOGY),ST,ST,Allotted
2305,144362,All India,"NETAJI SUBHASH CHANDRA BOSE MEDICAL COLLEGE, JABALPUR ,NETAJI SUBHASH CHANDRA BOSE MEDICAL COLLEGE, NAGPUR ROAD JABALPUR, Madhya Pradesh, 482003",M.D. (PHYSIOLOGY),Open,General,Allotted
2306,144409,DNB Quota,"Government District General Hospital, Ramachandraraopeta, Eluru, West Godavari District, Andhra Prad, Andhra Pradesh, 534006,Government District General Hospital, Ramachandraraopeta, Eluru, West Godavari District, Andhra Prad, Andhra Pradesh, 534006",(NBEMS-DIPLOMA) Otorhinolaryngology (E.N.T.),ST,ST,Allotted
2307,144675,All India,"Government Medical College, Datia,Near 29 Batallion, National Highway 44, Dist Datia, Madhya Pradesh Pin - 475661, Madhya Pradesh, 475661",M.D. (PHYSIOLOGY),Open,SC,Allotted
2308,145224,All India,"Osmania Medical Collge,Osmania Medical Collge, Telangana, 500095",M.D. (PHYSIOLOGY),SC,SC,Allotted
2309,145235,All India,"R G KAR MEDICAL COLLEGE, West Bengal,R G KAR MEDICAL COLLEGE,1 KHUDIRAM BOSE SARANI,KOLKATA, West Bengal, West Bengal, 700004",M.D. (PHYSIOLOGY),Open,General,Allotted
2310,145256,All India,"Bangalore Medical College and Research Institute,Bangalore Medical College and Research Institute, Karnataka, 560002",M.D. (PREVENTIVE and SOCIAL MEDICINE)/ COMMUNITY MEDICINE,ST,ST,Allotted
2311,145303,All India,"Government Medical College, Baramati,Plot No P-107 Opposite Women Hospital Baramati MIDC Area Baramati Tehsil Baramati Dist Pune, Maharashtra, 413133",M.D. (PHYSIOLOGY),Open,General,Allotted
2312,145468,All India,"Seth Gordhandas Sunderdas Medical College, MUMBAI,Seth Gordhandas Sunderdas Medical College, Acharya Donde Marg Parel MUMBAI, Maharashtra, 400012",M.D. (MICROBIOLOGY),ST,ST,Allotted
2313,145563,All India,"Hinduhridayasamrat Balasaheb Thackeray Medical College and Dr. R. N. Cooper Municipal General Hospital, Maharashtra,HBT Medical College and Dr R N Cooper Municipal General Hospital, Bhaktivedanta Swami Rd, JVPD Schem, Maharashtra, 400056",M.D. (PREVENTIVE and SOCIAL MEDICINE)/ COMMUNITY MEDICINE,ST,ST,Allotted
2314,145599,All India,"Assam Medical College,Assam Medical College, Assam, 786002",MD/MS (Anatomy),Open,OBC,Allotted
2315,145780,DNB Quota,"ESIC MEDICAL COLLEGE AND HOSPITAL, Bihar,ESIC Medical College and Hospital,Ara Danapur Road, Sikandarpur, Bihta, Patna, Bihar, 801103",(NBEMS) PHARMACOLOGY,OBC,OBC,Allotted
2316,145948,All India,"Government Medical College, Surat,Government Medical College, Majuragate, Surat., Gujarat, 395001",M.D. (PAEDIATRICS),Open PwD,OBC PwD,Allotted
2317,146273,Management/Paid Seats Quota,"KALINGA INSTITUTE OF MEDICAL SCIENCES,KALINGA INSTITUTE OF MEDICAL SCIENCES, Odisha, 751024",M.D. (PREVENTIVE and SOCIAL MEDICINE)/ COMMUNITY MEDICINE,Open,General,Allotted
2318,146335,Management/Paid Seats Quota,"Kasturba Medical College Manipal, Manipal Academy Of Higher Education, Manipal,Kasturba Medical College Manipal, Manipal Academy Of Higher Education, Manipal, Karnataka, 576104",M.D. (PREVENTIVE and SOCIAL MEDICINE)/ COMMUNITY MEDICINE,Open,General,Allotted
2319,146496,All India,"Government Medical College, Aurangabad,Government Medical College, Aurangabad, Maharashtra, 431001",M.D. (PHARMACOLOGY),SC,SC,Allotted
2320,146553,All India,"GOA MEDICAL COLLEGE,Bambolim, Goa, Goa, 403202",DIP. IN FORENSIC MEDICINE,SC,SC,Allotted
2321,146582,All India,"Govt. Medical College Akola,Govt. Medical College Akola, Maharashtra, 444001",M.D. (BIOCHEMISTRY),Open,General,Allotted
2322,146649,Management/Paid Seats Quota,"DR D Y PATIL MEDICAL COLLEGE, NAVI MUMBAI,DR D Y PATIL MEDICAL COLLEGE, NAVI MUMBAI, Maharashtra, 400706",M.D. (FORENSIC MEDICINE),Open,General,Allotted
2323,146814,All India,"Bankura Sammilani Medical College,Bankura Sammilani Medical College, West Bengal, 722102",M.D. (PHARMACOLOGY),OBC,OBC,Allotted
2324,146922,All India,"Grant Medical College, Maharashtra,Grant Medical College, Maharashtra, Maharashtra, 400008",M.D. (BIOCHEMISTRY),SC,SC,Allotted
2325,147044,All India,"Indira Gandhi Medical College Shimla,Indira Gandhi Medical College Shimla, Himachal Pradesh, 171001",M.D. (MICROBIOLOGY),EWS,EWS,Allotted
2326,147274,Management/Paid Seats Quota,"Rajarajeswari Medical College and Hospital,No. 202, Kambipura, Mysore Road, Bengaluru, Karnataka, 560074",M.D. (PREVENTIVE and SOCIAL MEDICINE)/ COMMUNITY MEDICINE,Open,SC,Allotted
2327,147279,All India,"Gulbarga Institute Of Medical Sciences, Kalaburagi,VEERESH NAGAR SEDAM ROAD KALABURAGI, Karnataka, 585105",M.D. (BIOCHEMISTRY),Open,General,Allotted
2328,147334,All India,"Government Medical College, Bettiah,Government Medical College Bettiah West Champaran Bihar, Bihar, 845438",MD/MS (Anatomy),OBC,OBC,Allotted
2329,147574,All India,"NETAJI SUBHASH CHANDRA BOSE MEDICAL COLLEGE, JABALPUR ,NETAJI SUBHASH CHANDRA BOSE MEDICAL COLLEGE, NAGPUR ROAD JABALPUR, Madhya Pradesh, 482003",M.D. (PHARMACOLOGY),SC,SC,Allotted
2330,147623,All India,"Burdwan Medical College, West Bengal,Burdwan Medical College, West Bengal, West Bengal, 713104",M.D. (PHYSIOLOGY),Open,General,Allotted
2331,147642,DNB Quota,"Area Hospital, ,Thirupathi Road Near Saibaba Temple, Area Hospital, Nagari Chittoor Dist, Andhra Pradesh, 517590",(NBEMS-DIPLOMA) ANAESTHESIOLOGY,ST,ST,Allotted
2332,147943,Management/Paid Seats Quota,"DR. D. Y. PATIL MEDICAL COLLEGE, PUNE,Dr. D. Y. Patil Medical College, Hospital and Research Centre, Sant Tukaram Nagar, Pimpri, Pune., Maharashtra, 411018",M.D. (PREVENTIVE and SOCIAL MEDICINE)/ COMMUNITY MEDICINE,Open,General,Allotted
2333,147944,Management/Paid Seats Quota,"Jawaharlal Nehru Medical College, Sawangi (Meghe), Wardha-,Jawaharlal Nehru Medical College, Sawangi (Meghe), Wardha-442107, Maharashtra, 442107",M.D. (PREVENTIVE and SOCIAL MEDICINE)/ COMMUNITY MEDICINE,Open,OBC,Allotted
2334,147975,All India,"Indira Gandhi Medical College Shimla,Indira Gandhi Medical College Shimla, Himachal Pradesh, 171001",M.D. (PHARMACOLOGY),SC,SC,Allotted
2335,147989,Delhi University Quota,"The National Institute of Health and Family Welfare,The National Institute of Health and Family Welfare, Delhi (NCT), 110067",M.D. (COMMUNITY HEALTH and ADMN.),Open,OBC,Allotted
2336,148161,Management/Paid Seats Quota,"AARUPADAI VEEDU MEDICAL COLLEGE AND HOSPITAL,PONDY - CUDDALORE MAIN ROAD, KIRUMAMPAKKAM, BAHOUR COMMUNE PANCHAYAT, PUDUCHERRY, Puducherry, 607402",M.D. (MICROBIOLOGY),Open,General,Allotted
2337,148221,DNB Quota,"Sri Krishna Medical College and Hospital, ,Uma Nagar Muzaffarpur Bihar 842004, Bihar, 842004",(NBEMS) BIOCHEMISTRY,Open,OBC,Allotted
2338,148260,All India,"Siddhartha Medical College, Vijayawada,Siddhartha Medical College, Vijayawada, Andhra Pradesh, 520008",M.D. (MICROBIOLOGY),SC,SC,Allotted
2339,148410,All India,"Gulbarga Institute Of Medical Sciences, Kalaburagi,VEERESH NAGAR SEDAM ROAD KALABURAGI, Karnataka, 585105",M.D. (BIOCHEMISTRY),Open,General,Allotted
2340,148593,All India,"Uttar Pradesh University of Medical Sciences, Saifai, Etawah,Uttar Pradesh University of Medical Sciences, Saifai, Etawah, Uttar Pradesh, 206130",MD/MS (Anatomy),Open,General,Allotted
2341,148635,All India,"KING GEORGES MEDICAL UNIVERSITY,KING GEORGES MEDICAL UNIVERSITY, Shahmeena Road, Chowk, Lucknow-226003, Uttar Pradesh, 226003",M.S. (OPHTHALMOLOGY),Open PwD,GNYes,Allotted
2342,148663,All India,"Midnapore Medical College and Hospital,Midnapore Medical College and Hospital, West Bengal, 721101",M.D. (PHARMACOLOGY),OBC,OBC,Allotted
2343,149021,All India,"KING GEORGES MEDICAL UNIVERSITY,KING GEORGES MEDICAL UNIVERSITY, Shahmeena Road, Chowk, Lucknow-226003, Uttar Pradesh, 226003",MD/MS (Anatomy),OBC,OBC,Allotted
2344,149032,All India,"NIL RATAN SIRCAR MEDICAL COLLEGE,NIL RATAN SIRCAR MEDICAL COLLEGE, 138 AJC BOSE ROAD, KOLKATA-700014., West Bengal, 700014",MD/MS (Anatomy),Open,General,Allotted
2345,149292,DNB Quota,"Associated Hospital Government Medical College, ,Government Medical College Chack Sajjan Kathua, Jammu And Kashmir, 184101",(NBEMS) Anatomy,OBC,OBC,Allotted
2346,149468,All India,"Indira Gandhi Medical College Shimla,Indira Gandhi Medical College Shimla, Himachal Pradesh, 171001",M.D. (PHYSIOLOGY),ST,ST,Allotted
2347,149652,Management/Paid Seats Quota,"SRM MEDICAL COLLEGE HOSPITAL AND RESEARCH CENTRE, SRM INSTITUTE OF SCIENCE AND TECHNOLOGY,SRM MEDICAL COLLEGE HOSPITAL AND RESEARCH CENTRE,SRM IST, KATTANKULATHUR , CHENGALPATTU DIST, Tamil Nadu, 603203",M.D. (MICROBIOLOGY),Open,OBC,Allotted
2348,149684,All India,"College of Medicine & Sagore Dutta Hospital,College of Medicine & Sagore Dutta Hospital, West Bengal, 700058",M.D. (PHARMACOLOGY),SC,SC,Allotted
2349,149706,All India,"IPGME&R and SSKM Hospital Kolkata,244, Acharya J. C. Bose Road, Kolkata-700020, West Bengal, 700020",M.D. (BIOCHEMISTRY),OBC,OBC,Allotted
2350,149833,Management/Paid Seats Quota,"SRM MEDICAL COLLEGE HOSPITAL AND RESEARCH CENTRE, SRM INSTITUTE OF SCIENCE AND TECHNOLOGY,SRM MEDICAL COLLEGE HOSPITAL AND RESEARCH CENTRE,SRM IST, KATTANKULATHUR , CHENGALPATTU DIST, Tamil Nadu, 603203",M.D. (MICROBIOLOGY),Open,General,Allotted
2351,150166,All India,"SWAMI RAMANAND TEERTH RURAL GOVERNMENT MEDICAL COLLEGE AMBAJOGAI,SWAMI RAMANAND TEERTH RURAL GOVERNMENT MEDICAL COLLEGE AMBAJOGAI, Maharashtra, 431517",M.D. (BIOCHEMISTRY),Open,General,Allotted
2352,150295,All India,"Government Medical College, Aurangabad,Government Medical College, Aurangabad, Maharashtra, 431001",M.D. (BIOCHEMISTRY),OBC,OBC,Allotted
2353,150378,Management/Paid Seats Quota,"A.C.S. Medical College and Hospital,A.C.S. Medical College and Hospital, Tamil Nadu, 600077",M.D. (MICROBIOLOGY),Open,OBC,Allotted
2354,150458,All India,"Burdwan Medical College, West Bengal,Burdwan Medical College, West Bengal, West Bengal, 713104",M.D. (BIOCHEMISTRY),OBC,OBC,Allotted
2355,150692,All India,"Dr. Rajendra Prasad Government Medical College, Tanda,Dr. Rajendra Prasad Government Medical College, Tanda, Himachal Pradesh, 176002",MD/MS (Anatomy),Open,OBC,Allotted
2356,150758,All India,"R G KAR MEDICAL COLLEGE, West Bengal,R G KAR MEDICAL COLLEGE,1 KHUDIRAM BOSE SARANI,KOLKATA, West Bengal, West Bengal, 700004",M.D. (PHYSIOLOGY),SC,SC,Allotted
2357,150862,All India,"Government Medical College, Mahabubnagar,Government Medical College, Yedira, Mahabubnagar, Telangana state, Telangana, 509002",MD/MS (Anatomy),Open,General,Allotted
2358,151051,All India,"GOVERNMENT MEDICAL COLLEGE CHANDRAPUR, MAHARASHTRA,TB Hospital Campus, Ram Nagar, Chandrapur - 442401, Maharashtra, 442401",MD/MS (Anatomy),Open,General,Allotted
2359,151061,Management/Paid Seats Quota,"Vinayaka Missions Kirupananda Variyar Medical College and Hospital, Salem,Sankari Main Road, NH-47, Seeragapadi, Salem, Tamil Nadu, 636308",M.D. (BIOCHEMISTRY),Open,OBC,Allotted
2360,151157,All India,"Agartala Government Medical College,Agartala Government Medical College, Tripura, 799006",M.D. (PHYSIOLOGY),Open,OBC,Allotted
2361,151171,All India,"GANDHI MEDICAL COLLEGE,GANDHI MEDICAL COLLEGE, Telangana, 500003",MD/MS (Anatomy),EWS,EWS,Allotted
2362,151185,Non-Resident Indian,"M.M. Institute of Medical Sciences and Research, Ambala,M.M. Institute of Medical Sciences and Research, Ambala, Haryana, 133207",M.D. (ANAESTHESIOLOGY),Open,General,Allotted
2363,151314,All India,"Jorhat Medical College & Hospital,Jorhat Medical College & Hospital, Assam, 785001",M.D. (BIOCHEMISTRY),OBC,OBC,Allotted
2364,151589,All India,"VSS INSTITUTE OF MEDICAL SCIENCES AND RESEARCH,BURLA,VSS INSTITUTE OF MEDICAL SCIENCES AND RESEARCH,BURLA, Odisha, 768017",M.D. (PHARMACOLOGY),SC,SC,Allotted
2365,151597,All India,"Assam Medical College,Assam Medical College, Assam, 786002",M.D. (PHYSIOLOGY),Open,General,Allotted
2366,151615,All India,"DARBHANGA MEDICAL COLLEGE,Sheetal Prasad Marg, Laheriasarai, Darbhanga, Bihar, Bihar, 846003",MD/MS (Anatomy),OBC,OBC,Allotted
2367,151619,DNB Quota,"College of Medicine and JNM Hospital,,Kalyani, Silpanchal, West Bengal, 741235",(NBEMS) BIOCHEMISTRY,Open,OBC,Allotted
2368,151652,All India,"GOVT. MEDICAL COLLEGE, THIRUVANANTHAPURAM,GOVT. MEDICAL COLLEGE, THIRUVANANTHAPURAM, Kerala, 695011",MD/MS (Anatomy),SC,SC,Allotted
2369,151795,DNB Quota,"Govt. Medical College, ,Govt. Medical College, B-5 Medical Enclave, Maheshpura Bakshi Nagar, Jammu, Jammu And Kashmir, 180001",(NBEMS) BIOCHEMISTRY,OBC,OBC,Allotted
2370,152249,All India,"Government Medical College, Gondia,Nehru Chowk, KTS General Hospital Campus, Govt. Medical College, Gondia. 441601. Maharashtra., Maharashtra, 441601",M.D. (PHARMACOLOGY),SC,SC,Allotted
2371,152298,All India,"GOVT MEDICAL COLLEGE, ANANTAPURAMU,GOVT MEDICAL COLLEGE, ANANTAPURAMU, Andhra Pradesh, 515001",M.D. (MICROBIOLOGY),ST,ST,Allotted
2372,152347,All India,"Sardar Patel Medical College, Bikaner,Sardar Patel Medical College, Bikaner, Rajasthan, 334003",M.D. (BIOCHEMISTRY),OBC,OBC,Allotted
2373,152373,All India,"Bankura Sammilani Medical College,Bankura Sammilani Medical College, West Bengal, 722102",M.D. (BIOCHEMISTRY),SC,SC,Allotted
2374,152678,All India,"Rajendra Institute of Medical Sciences, Ranchi,Rajendra Institute of Medical Sciences, Ranchi, Jharkhand, 834009",M.D. (PHYSIOLOGY),ST,ST,Allotted
2375,152749,Management/Paid Seats Quota,"Shri Sathya Sai Medical College and Research Institute,Kancheepuram,Shri Sathya Sai Nagar, SBV Chennai Campus, Ammapettai, Chengalpattu District, Tamil Nadu, 603108",M.D. (MICROBIOLOGY),Open,General,Allotted
2376,152816,All India,"Dr.V.M.Govt.Medical College,Solapur, Maharasthtra,In front of district court civil chowk Dr.V.M.Govt.Medical College,Solapur, Maharasthtra, Maharashtra, 413003",M.D. (BIOCHEMISTRY),OBC,OBC,Allotted
2377,152874,All India,"GADAG INSTITUTE OF MEDICAL SCIENCES GADAG,Gadag Institute of Medical Sciences Mallasamudra Gadag-582103, Karnataka, 582103",M.D. (PHYSIOLOGY),Open,OBC,Allotted
2378,152958,All India,"JAWAHAR LAL NEHRU MEDICAL COLLEGE, AJMER,NEAR PATEL STADIUM, AJMER, Rajasthan, 305001",M.D. (BIOCHEMISTRY),OBC,OBC,Allotted
2379,153037,All India,"Government Medical College, Pali Rajasthan.,NH-62,Sumerpur Road,Village Ramasiya,Hemawas,Pali, Rajasthan, Rajasthan, 306401",M.D. (PHYSIOLOGY),OBC,OBC,Allotted
2380,153059,All India,"Gandhi Medical College, Bhopal,Gandhi Medical College, Bhopal, Madhya Pradesh, 462001",M.D. (PHYSIOLOGY),Open,General,Allotted
2381,153107,DNB Quota,"District Hospital , DARJEELING, West Bengal,20, BAZAAR CART ROAD, DARJEELING, West Bengal, 734101",(NBEMS-DIPLOMA) Otorhinolaryngology (E.N.T.),ST,ST,Allotted
2382,153294,All India,"VSS INSTITUTE OF MEDICAL SCIENCES AND RESEARCH,BURLA,VSS INSTITUTE OF MEDICAL SCIENCES AND RESEARCH,BURLA, Odisha, 768017",M.D. (PHYSIOLOGY),Open,General,Allotted
2383,153320,Management/Paid Seats Quota,"GITAM Institute of Medical Sciences & Research, Visakhapatnam,GITAM Deemed to be University Rushikonda, Visakhapatnam - 530045 Andhra Pradesh, Andhra Pradesh, 530045",M.D. (PREVENTIVE and SOCIAL MEDICINE)/ COMMUNITY MEDICINE,Open,General,Allotted
2384,153331,Non-Resident Indian,"KRISHNA INSTITUTE OF MEDICAL SCIENCES, KARAD,KRISHNA INSTITUTE OF MEDICAL SCIENCES, KARAD, Maharashtra, 415110",M.D. (Emergency and Critical Care)/M.D. (Emergency Medicine),Open,General,Allotted
2385,153579,Management/Paid Seats Quota,"SRI SIDDHARTHA MEDICAL COLLEGE, TUMKUR,SRI SIDDHARTHA MEDICAL COLLEGE, TUMKUR, Karnataka, 572107",M.D. (PREVENTIVE and SOCIAL MEDICINE)/ COMMUNITY MEDICINE,Open,OBC,Allotted
2386,153750,Management/Paid Seats Quota,"Rajarajeswari Medical College and Hospital,No. 202, Kambipura, Mysore Road, Bengaluru, Karnataka, 560074",M.D. (MICROBIOLOGY),Open,General,Allotted
2387,153753,All India,"Uttar Pradesh University of Medical Sciences, Saifai, Etawah,Uttar Pradesh University of Medical Sciences, Saifai, Etawah, Uttar Pradesh, 206130",M.D. (PHYSIOLOGY),SC,SC,Allotted
2388,153855,Management/Paid Seats Quota,"Rajarajeswari Medical College and Hospital,No. 202, Kambipura, Mysore Road, Bengaluru, Karnataka, 560074",M.D. (MICROBIOLOGY),Open,General,Allotted
2389,154124,All India,"R G KAR MEDICAL COLLEGE, West Bengal,R G KAR MEDICAL COLLEGE,1 KHUDIRAM BOSE SARANI,KOLKATA, West Bengal, West Bengal, 700004",M.D. (PHYSIOLOGY),OBC,OBC,Allotted
2390,154233,All India,"BELAGAVI INSTITUTE OF MEDICAL SCIENCES, BELAGAVI,BELAGAVI INSTITUTE OF MEDICAL SCIENCES, BELAGAVI, Karnataka, 590001",M.D. (PHYSIOLOGY),SC,SC,Allotted
2391,154235,All India,"Jorhat Medical College & Hospital,Jorhat Medical College & Hospital, Assam, 785001",MD/MS (Anatomy),Open,ST,Allotted
2392,154414,All India,"Indira Gandhi Medical College Shimla,Indira Gandhi Medical College Shimla, Himachal Pradesh, 171001",M.D. (PHYSIOLOGY),OBC,OBC,Allotted
2393,154467,DNB Quota,"ESIC MEDICAL COLLEGE AND HOSPITAL, Bihar,ESIC Medical College and Hospital,Ara Danapur Road, Sikandarpur, Bihta, Patna, Bihar, 801103",(NBEMS) PHYSIOLOGY,Open,OBC,Allotted
2394,154496,All India,"Bankura Sammilani Medical College,Bankura Sammilani Medical College, West Bengal, 722102",M.D. (PHYSIOLOGY),Open,General,Allotted
2395,154504,All India,"Mahatma Gandhi Memorial Medical College, Indore,Mahatma Gandhi Memorial Medical College, Indore, Madhya Pradesh, 452001",M.D. (BIOCHEMISTRY),OBC,OBC,Allotted
2396,154553,All India,"Pandit Bhagwat Dayal Sharma Post Graduate Institute of Medical Sciences, Rohtak,Pandit Bhagwat Dayal Sharma Post Graduate Institute of Medical Sciences, Rohtak, Haryana, 124001",MD/MS (Anatomy),Open,General,Allotted
2397,154574,All India,"Bankura Sammilani Medical College,Bankura Sammilani Medical College, West Bengal, 722102",MD/MS (Anatomy),Open,General,Allotted
2398,154612,Management/Paid Seats Quota,"Shri Sathya Sai Medical College and Research Institute,Kancheepuram,Shri Sathya Sai Nagar, SBV Chennai Campus, Ammapettai, Chengalpattu District, Tamil Nadu, 603108",M.D. (FORENSIC MEDICINE),Open,General,Allotted
2399,154635,Management/Paid Seats Quota,"VINAYAKA MISSIONS MEDICAL COLLEGE AND HOSPITAL, KARAIKAL,KEEZHAKASAKUDIMEDU, KOTTUCHERRY (POST), KARAIKAL, UT of PUDUCHERRY, Puducherry, 609609",M.D. (FORENSIC MEDICINE),Open,OBC,Allotted
2400,154664,All India,"Shri Vasantrao Naik Govt Medical College Yavatmal,Shri Vasantrao Naik Govt Medical College Yavatmal, Maharashtra, 445001",M.D. (PHARMACOLOGY),SC,SC,Allotted
2401,154876,Management/Paid Seats Quota,"Pravara Rural Medical College, Loni,Dr. Balasaheb Vikhe Patil Rural Medical College (Formerly Called As Rural Medical College, Loni), Maharashtra, 413736",M.D. (FORENSIC MEDICINE),Open,OBC,Allotted
2402,154972,Management/Paid Seats Quota,"Shri Sathya Sai Medical College and Research Institute,Kancheepuram,Shri Sathya Sai Nagar, SBV Chennai Campus, Ammapettai, Chengalpattu District, Tamil Nadu, 603108",M.D. (MICROBIOLOGY),Open,General,Allotted
2403,155041,All India,"VSS INSTITUTE OF MEDICAL SCIENCES AND RESEARCH,BURLA,VSS INSTITUTE OF MEDICAL SCIENCES AND RESEARCH,BURLA, Odisha, 768017",M.D. (PHYSIOLOGY),Open,General,Allotted
2404,155152,All India,"Veer Chandra Singh Garhwali Govt. Institute of Medical Science & Research,Veer Chandra Singh Garhwali Govt. Institute of Medical Science and Research, Srinagar Garhwal, Uttarakhand, 246174",M.D. (PATHOLOGY),ST,ST,Allotted
2405,155264,All India,"MEDICAL COLLEGE, KOLKATA,MEDICAL COLLEGE, KOLKATA, West Bengal, 700073",M.D. (FORENSIC MEDICINE),ST,ST,Allotted
2406,155383,Management/Paid Seats Quota,"Rajarajeswari Medical College and Hospital,No. 202, Kambipura, Mysore Road, Bengaluru, Karnataka, 560074",M.D. (FORENSIC MEDICINE),Open,SC,Allotted
2407,155407,DNB Quota,"Bhagat Phool Singh Govt. Medical College for Women,BHAGAT PHOOL SINGH GOVT. MEDICAL COLLEGE FOR WOMEN KHANPUR KALAN SONEPAT, Haryana, 131305",(NBEMS-DIPLOMA) RADIO-DIAGNOSIS,Open PwD,GNYes,Allotted
2408,155459,All India,"Burdwan Medical College, West Bengal,Burdwan Medical College, West Bengal, West Bengal, 713104",MD/MS (Anatomy),Open,General,Allotted
2409,155549,All India,"Government Medical College, Miraj,Government Medical College, Miraj, Maharashtra, 416410",M.D. (PHYSIOLOGY),Open,General,Allotted
2410,155579,All India,"Pandit Bhagwat Dayal Sharma Post Graduate Institute of Medical Sciences, Rohtak,Pandit Bhagwat Dayal Sharma Post Graduate Institute of Medical Sciences, Rohtak, Haryana, 124001",MD/MS (Anatomy),Open,General,Allotted
2411,155584,All India,"Murshidabad Medical College and Hospital,Station Road, Berhampore, Murshidabad, West Bengal, 742101",M.D. (PHYSIOLOGY),Open,General,Allotted
2412,155649,DNB Quota,"Govt. District Civil Hospital, ,DIS GOVT HOSPITAL, SRI GANGANAGAR, Rajasthan, 335001",(NBEMS-DIPLOMA) OPHTHALMOLOGY,ST,ST,Allotted
2413,155678,All India,"Jorhat Medical College & Hospital,Jorhat Medical College & Hospital, Assam, 785001",M.D. (PHYSIOLOGY),Open,General,Allotted
2414,155781,Management/Paid Seats Quota,"GITAM Institute of Medical Sciences & Research, Visakhapatnam,GITAM Deemed to be University Rushikonda, Visakhapatnam - 530045 Andhra Pradesh, Andhra Pradesh, 530045",M.D. (PREVENTIVE and SOCIAL MEDICINE)/ COMMUNITY MEDICINE,Open,OBC,Allotted
2415,155866,All India,"RAJIV GANDHI INSTITUTE OF MEDICAL SCIENCES,RAJIV GANDHI INSTITUTE OF MEDICAL SCIENCES ADILABAD -504001 TELANGANA STATE, Telangana, 504001",M.D. (PHARMACOLOGY),EWS,EWS,Allotted
2416,155896,Management/Paid Seats Quota,"Bharati Vidyapeeth (Deemed to be University) Medical College and Hospital, Sangli,Bharati Vidyapeeth (Deemed to be University) Medical College and Hospital, Sangli, Maharashtra, 416416",M.D. (PREVENTIVE and SOCIAL MEDICINE)/ COMMUNITY MEDICINE,Open,General,Allotted
2417,156000,Management/Paid Seats Quota,"Mahatma Gandhi Medical College and Research Institute, Pondicherry,SBV Pondicherry Campus, Pillaiyarkuppam, Pondicherry, Puducherry, 607402",M.D. (MICROBIOLOGY),Open,OBC,Allotted
2418,156052,All India,"Government Medical College, Ratlam,Gram Banjali, Sailana Road, NH927A, Madhya Pradesh 457001, India, Madhya Pradesh, 457001",M.D. (PHYSIOLOGY),Open,General,Allotted
2419,156095,All India,"SHYAM SHAH MEDICAL COLLEGE,deanmcrewa@rediffmail.com, Madhya Pradesh, 486001",M.D. (BIOCHEMISTRY),OBC,OBC,Allotted
2420,156244,All India,"JHALAWAR MEDICAL COLLEGE,JHALAWAR MEDICAL COLLEGE, JHALAWAR, Rajasthan, 326001",MD/MS (Anatomy),Open,General,Allotted
2421,156316,All India,"Pt. Jawahar Lal Nehru Memorial Medical College, RAIPUR,Pt. Jawahar Lal Nehru Memorial Medical College, RAIPUR, Chhattisgarh, 492001",M.D. (BIOCHEMISTRY),OBC,OBC,Allotted
2422,156402,All India,"Government medical college patiala.,Government medical college patiala., Punjab, 147001",MD/MS (Anatomy),OBC,OBC,Allotted
2423,156473,All India,"NSC Government Medical College, Khandwa (MP),LUV KUSH NAGAR,MUNDI NAGAR, KHANDWA, Madhya Pradesh, 450001",M.D. (MICROBIOLOGY),SC,SC,Allotted
2424,156786,All India,"College of Medicine and JNM Hospital, WBUHS,Block A, Post Office Kalyani, Near Silpanchal Station, Block A2, District Nadia, West Bengal, West Bengal, 741235",MD/MS (Anatomy),Open,General,Allotted
2425,156806,All India,"Sawai Man Singh Medical College, JAIPUR,Sawai Man Singh Medical College, JLN Marg, Jaipur-302004, Rajasthan, 302004",M.D. (BIOCHEMISTRY),ST,ST,Allotted
2426,156926,All India,"Bangalore Medical College and Research Institute,Bangalore Medical College and Research Institute, Karnataka, 560002",MD/MS (Anatomy),OBC,OBC,Allotted
2427,157072,All India,"Mahatma Gandhi Memorial Medical College, Indore,Mahatma Gandhi Memorial Medical College, Indore, Madhya Pradesh, 452001",M.D. (PHYSIOLOGY),Open,General,Allotted
2428,157193,Management/Paid Seats Quota,"DR D Y PATIL MEDICAL COLLEGE, NAVI MUMBAI,DR D Y PATIL MEDICAL COLLEGE, NAVI MUMBAI, Maharashtra, 400706",M.D. (PHARMACOLOGY),Open,General,Allotted
2429,157239,All India,"Rajkiya Medical College, Jalaun,kalpi Road orai Jalaun, Uttar Pradesh, 285001",MD/MS (Anatomy),OBC,OBC,Allotted
2430,157449,All India,"LOKMANYA TILAK MEDICAL COLLEGE MUMBAI,LOKMANYA TILAK MEDICAL COLLEGE MUMBAI, Maharashtra, 400022",MD/MS (Anatomy),OBC,OBC,Allotted
2431,157712,All India,"Assam Medical College,Assam Medical College, Assam, 786002",MD/MS (Anatomy),OBC,OBC,Allotted
2432,157744,All India,"Jawaharlal Institute of Medical Sciences, Manipur,Jawaharlal Nehru Institute of Medical Sciences, Porompat, Imphal -East, Manipur-795005, Manipur, 795005",M.D. (PHARMACOLOGY),ST,ST,Allotted
2433,157953,All India,"LOKMANYA TILAK MEDICAL COLLEGE MUMBAI,LOKMANYA TILAK MEDICAL COLLEGE MUMBAI, Maharashtra, 400022",DIPLOMA IN PUBLIC HEALTH,SC,SC,Allotted
2434,157956,Management/Paid Seats Quota,"Bharati Vidyapeeth (Deemed to be University) Medical College and Hospital, Sangli,Bharati Vidyapeeth (Deemed to be University) Medical College and Hospital, Sangli, Maharashtra, 416416",M.D. (PREVENTIVE and SOCIAL MEDICINE)/ COMMUNITY MEDICINE,Open,OBC,Allotted
2435,157974,Management/Paid Seats Quota,"Sri Ramachandra Medical College and Research Institute,Sri Ramachandra Medical College and Research Institute, Tamil Nadu, 600116",MD/MS (Anatomy),Open,SC,Allotted
2436,158056,All India,"Government Medical College, Nalgonda,Office of the Principal, Government Medical College Nalgonda, Near RTC Bus Stand, Gollaguda, Nalgon, Telangana, 508001",M.D. (PHYSIOLOGY),OBC,OBC,Allotted
2437,158110,DNB Quota,"FAKIR MOHAN MEDICAL COLLEGE AND HOSPITAL , Orissa,AT-Remuna Post-Remuna Dist-Balasore, Odisha, 756019",(NBEMS-DIPLOMA) Otorhinolaryngology (E.N.T.),ST,ST,Allotted
2438,158113,All India,"Government Medical College, Nagpur,Government Medical College, Nagpur, Maharashtra, 440003",M.D. (PHARMACOLOGY),ST,ST,Allotted
2439,158132,DNB Quota,"District Hospital, ,DISTRICT HOSPITAL NEAR SANGAM CIRCLE DR RAJ KUMAR ROAD BALLARI-583101 KARNATAKA, Karnataka, 583101",(NBEMS-DIPLOMA) ANAESTHESIOLOGY,ST,ST,Allotted
2440,158211,All India,"Rangaraya Medical College,Rangaraya Medical College Beside SP Office , Pithapuram Road, Kakinada, Andhra Pradesh, 533003",M.D. (PHARMACOLOGY),SC,SC,Allotted
2441,158584,All India,"Government Medical College, Jalgaon,Jilha Peth, Government Hospital Campus, Jalgaon, Maharashtra, 425001",M.D. (PHARMACOLOGY),SC,SC,Allotted
2442,158664,All India,"GMC Bharat Ratna Late Shri Atal Bihari Vajpayee Memorial Medical College, Chhattisgarh ,BHARAT RATNA LATE SHRI ATAL BIHARI VAJPAYEE MEMORIAL MEDICAL COLLEGE, PENDRI, RAJNANDGAON, CHHATTIS, Chhattisgarh, 491441",M.D. (PREVENTIVE and SOCIAL MEDICINE)/ COMMUNITY MEDICINE,ST,ST,Allotted
2443,159176,All India,"GOVERNMENT MEDICAL COLLEGE KADAPA (FORMERLY RAJIV GANDHI INSTITUTE OF MEDICAL SCIENCES, KADAPA),GOVERNMENT MEDICAL COLLEGE KADAPA (FORMERLY RAJIV GANDHI INSTITUTE OF MEDICAL SCIENCES, KADAPA), Andhra Pradesh, 516002",M.D. (PREVENTIVE and SOCIAL MEDICINE)/ COMMUNITY MEDICINE,ST,ST,Allotted
2444,159216,All India,"PATNA MEDICAL COLLEGE, PATNA,PATNA MEDICAL COLLEGE, PATNA, Bihar, 800004",M.D. (PHYSIOLOGY),SC,SC,Allotted
2445,159348,DNB Quota,"Wenlock District Hospital, ,HAMPANAKATTA MANGALORE, Karnataka, 575001",(NBEMS) IMMUNO- HAEMATOLOGY AND BLOOD TRANSFUSION,ST,ST,Allotted
2446,159417,All India,"R G KAR MEDICAL COLLEGE, West Bengal,R G KAR MEDICAL COLLEGE,1 KHUDIRAM BOSE SARANI,KOLKATA, West Bengal, West Bengal, 700004",MD/MS (Anatomy),Open,SC,Allotted
2447,159577,All India,"GAJRA RAJA MEDICAL COLLEGE GWALIOR,GAJRA RAJA MEDICAL COLLEGE GWALIOR, Madhya Pradesh, 474009",MD/MS (Anatomy),Open,General,Allotted
2448,159719,All India,"RAICHUR INSTITUTE OF MEDICAL SCIENCES,RAICHUR INSTITUTE OF MEDICAL SCIENCES, Karnataka, 584102",M.D. (PHYSIOLOGY),Open,General,Allotted
2449,159798,All India,"DR. SHANKARRAO CHAVAN GOVERNMENT MEDICAL COLLEGE, NANDED,DR. SHANKARRAO CHAVAN GOVERNMENT MEDICAL COLLEGE, VISHNUPURI, NANDED, Maharashtra, 431606",M.D. (PREVENTIVE and SOCIAL MEDICINE)/ COMMUNITY MEDICINE,ST,ST,Allotted
2450,159853,All India,"NIL RATAN SIRCAR MEDICAL COLLEGE,NIL RATAN SIRCAR MEDICAL COLLEGE, 138 AJC BOSE ROAD, KOLKATA-700014., West Bengal, 700014",M.D. (FORENSIC MEDICINE),ST,ST,Allotted
2451,159857,All India,"Tezpur Medical College,Tumuki, Bihaguri, Tezpur, Sonitpur, Assam, Assam, 784010",M.D. (MICROBIOLOGY),SC,SC,Allotted
2452,159984,Management/Paid Seats Quota,"Kasturba Medical College Mangalore, Manipal Academy of Higher Education, Mangalore,Kasturba Medical College Mangalore, Manipal Academy of Higher Education, Mangalore, Karnataka, 575001",M.D. (MICROBIOLOGY),Open,General,Allotted
2453,160095,All India,"Gulbarga Institute Of Medical Sciences, Kalaburagi,VEERESH NAGAR SEDAM ROAD KALABURAGI, Karnataka, 585105",M.D. (PHYSIOLOGY),Open,General,Allotted
2454,160107,All India,"Karnataka Institute of Medical Sciences, Hubballi,Karnataka Institute of Medical Sciences, Hubballi, Karnataka, 580021",MD/MS (Anatomy),Open,OBC,Allotted
2455,160112,All India,"Burdwan Medical College, West Bengal,Burdwan Medical College, West Bengal, West Bengal, 713104",MD/MS (Anatomy),OBC,OBC,Allotted
2456,160128,All India,"Rims Medical College, Ongole, ,GOVERNMENT MEDICAL COLLEGE ONGOLE, Andhra Pradesh, 523001",M.D. (PHYSIOLOGY),Open,General,Allotted
2457,160228,All India,"GOA MEDICAL COLLEGE,Bambolim, Goa, Goa, 403202",M.D. (PHARMACOLOGY),ST,ST,Allotted
2458,160237,All India,"Silchar Medical College, Silchar,Silchar Medical College, Silchar, Assam, 788014",MD/MS (Anatomy),Open,OBC,Allotted
2459,160485,All India,"VSS INSTITUTE OF MEDICAL SCIENCES AND RESEARCH,BURLA,VSS INSTITUTE OF MEDICAL SCIENCES AND RESEARCH,BURLA, Odisha, 768017",MD/MS (Anatomy),OBC,OBC,Allotted
2460,160538,All India,"DR. SHANKARRAO CHAVAN GOVERNMENT MEDICAL COLLEGE, NANDED,DR. SHANKARRAO CHAVAN GOVERNMENT MEDICAL COLLEGE, VISHNUPURI, NANDED, Maharashtra, 431606",MD/MS (Anatomy),Open,General,Allotted
2461,160601,All India,"GUNTUR MEDICAL COLLEGE,GUNTUR MEDICAL COLLEGE, Andhra Pradesh, 522004",M.D. (PHYSIOLOGY),OBC,OBC,Allotted
2462,160698,All India,"North Bengal Medical College,North Bengal Medical College, West Bengal, 734012",MD/MS (Anatomy),Open,OBC,Allotted
2463,160764,Management/Paid Seats Quota,"Sri Ramachandra Medical College and Research Institute,Sri Ramachandra Medical College and Research Institute, Tamil Nadu, 600116",M.D. (BIOCHEMISTRY),Open,General,Allotted
2464,160791,All India,"Pandit Dindayal Upadhyay Medical College, RAJKOT,Pandit Dindayal Upadhyay Medical College, RAJKOT, Gujarat, 360001",M.D. (MICROBIOLOGY),ST,ST,Allotted
2465,161074,All India,"GUNTUR MEDICAL COLLEGE,GUNTUR MEDICAL COLLEGE, Andhra Pradesh, 522004",M.D. (MICROBIOLOGY),ST,ST,Allotted
2466,161295,Management/Paid Seats Quota,"Jawaharlal Nehru Medical College, Belagavi,Jawaharlal Nehru Medical College, Belagavi, Karnataka, 590010",M.D. (MICROBIOLOGY),Open,General,Allotted
2467,161327,All India,"Srirama Chandra Bhanja Medical College, CUTTACK,Srirama Chandra Bhanja Medical College, CUTTACK, Odisha, 753007",M.D. (BIOCHEMISTRY),ST,ST,Allotted
2468,161451,Management/Paid Seats Quota,"SHRI. B. M. PATIL MEDICAL COLLEGE HOSPITAL AND RESEARCH CENTRE,SHRI. B. M. PATIL MEDICAL COLLEGE HOSPITAL AND RESEARCH CENTRE, SOLAPUR ROAD, VIJAYAPURA, Karnataka, 586103",M.D. (MICROBIOLOGY),Open,OBC,Allotted
2469,161492,All India,"Uttar Pradesh University of Medical Sciences, Saifai, Etawah,Uttar Pradesh University of Medical Sciences, Saifai, Etawah, Uttar Pradesh, 206130",MD/MS (Anatomy),OBC,OBC,Allotted
2470,161568,All India,"Rajendra Institute of Medical Sciences, Ranchi,Rajendra Institute of Medical Sciences, Ranchi, Jharkhand, 834009",MD/MS (Anatomy),OBC,OBC,Allotted
2471,161575,All India,"Rajendra Institute of Medical Sciences, Ranchi,Rajendra Institute of Medical Sciences, Ranchi, Jharkhand, 834009",M.D. (BIOCHEMISTRY),SC,SC,Allotted
2472,161832,Management/Paid Seats Quota,"AARUPADAI VEEDU MEDICAL COLLEGE AND HOSPITAL,PONDY - CUDDALORE MAIN ROAD, KIRUMAMPAKKAM, BAHOUR COMMUNE PANCHAYAT, PUDUCHERRY, Puducherry, 607402",M.D. (PHARMACOLOGY),Open,OBC,Allotted
2473,162229,All India,"GOVT. MEDICAL COLLEGE, AMRITSAR,GOVT. MEDICAL COLLEGE,CIRCULAR ROAD, AMRITSAR, Punjab, 143001",MD/MS (Anatomy),Open,General,Allotted
2474,162609,All India,"Govt. Medical College, Jammu,Govt. Medical College, Bakshi Nagar, Jamu, Jammu And Kashmir, 180001",M.D. (PREVENTIVE and SOCIAL MEDICINE)/ COMMUNITY MEDICINE,ST,ST,Allotted
2475,162642,All India,"Govt. Medical College Akola,Govt. Medical College Akola, Maharashtra, 444001",M.D. (PHYSIOLOGY),Open,General,Allotted
2476,162647,All India,"JHALAWAR MEDICAL COLLEGE,JHALAWAR MEDICAL COLLEGE, JHALAWAR, Rajasthan, 326001",M.S. (ORTHOPAEDICS),Open PwD,SC PwD,Allotted
2477,162669,All India,"Hinduhridayasamrat Balasaheb Thackeray Medical College and Dr. R. N. Cooper Municipal General Hospital, Maharashtra,HBT Medical College and Dr R N Cooper Municipal General Hospital, Bhaktivedanta Swami Rd, JVPD Schem, Maharashtra, 400056",M.D. (PHYSIOLOGY),Open,General,Allotted
2478,162882,All India,"SWAMI RAMANAND TEERTH RURAL GOVERNMENT MEDICAL COLLEGE AMBAJOGAI,SWAMI RAMANAND TEERTH RURAL GOVERNMENT MEDICAL COLLEGE AMBAJOGAI, Maharashtra, 431517",M.D. (PHYSIOLOGY),Open,General,Allotted
2479,162893,All India,"College of Medicine and JNM Hospital, WBUHS,Block A, Post Office Kalyani, Near Silpanchal Station, Block A2, District Nadia, West Bengal, West Bengal, 741235",M.D. (PREVENTIVE and SOCIAL MEDICINE)/ COMMUNITY MEDICINE,EWS,EWS,Allotted
2480,163167,All India,"GOVT MEDICAL COLLEGE, ANANTAPURAMU,GOVT MEDICAL COLLEGE, ANANTAPURAMU, Andhra Pradesh, 515001",MD/MS (Anatomy),Open,OBC,Allotted
2481,163185,Management/Paid Seats Quota,"Bharati Vidyapeeth Deemed to be University Medical College,Pune,Bharati Vidyapeeth Deemed to be University Medical College, Dhankawadi, Pune Satara Road, Pune, Maharashtra, 411043",M.D. (MICROBIOLOGY),Open,ST,Allotted
2482,163304,All India,"Assam Medical College,Assam Medical College, Assam, 786002",M.D. (PHYSIOLOGY),OBC,OBC,Allotted
2483,163306,All India,"Sri Venkateswara Institute of Medical Sciences (SVIMS), A State University estd. by Govt. of A.P.,Sri Venkateswara Institute of Medical Sciences, SVIMS, Alipiri Road, Tirupati, Andhra Pradesh, 517507",M.D. (PHARMACOLOGY),SC,SC,Allotted
2484,163542,All India,"Uttar Pradesh University of Medical Sciences, Saifai, Etawah,Uttar Pradesh University of Medical Sciences, Saifai, Etawah, Uttar Pradesh, 206130",MD/MS (Anatomy),OBC,OBC,Allotted
2485,163552,Management/Paid Seats Quota,"Santosh Medical College and Hospital, Ghaziabad, NCR Delhi,Santosh Medical College and Hospital, Ghaziabad, Delhi NCR, Uttar Pradesh, 201009",M.D. (PHARMACOLOGY),Open,General,Allotted
2486,163582,Management/Paid Seats Quota,"Santosh Medical College and Hospital, Ghaziabad, NCR Delhi,Santosh Medical College and Hospital, Ghaziabad, Delhi NCR, Uttar Pradesh, 201009",DIPLOMA IN PUBLIC HEALTH,Open,General,Allotted
2487,163628,All India,"Mahatma Gandhi Memorial Medical College, Indore,Mahatma Gandhi Memorial Medical College, Indore, Madhya Pradesh, 452001",M.D. (PHYSIOLOGY),Open,General,Allotted
2488,163735,Management/Paid Seats Quota,"KALINGA INSTITUTE OF MEDICAL SCIENCES,KALINGA INSTITUTE OF MEDICAL SCIENCES, Odisha, 751024",M.D. (PREVENTIVE and SOCIAL MEDICINE)/ COMMUNITY MEDICINE,Open,General,Allotted
2489,163776,Management/Paid Seats Quota,"Bharati Vidyapeeth (Deemed to be University) Medical College and Hospital, Sangli,Bharati Vidyapeeth (Deemed to be University) Medical College and Hospital, Sangli, Maharashtra, 416416",M.D. (PREVENTIVE and SOCIAL MEDICINE)/ COMMUNITY MEDICINE,Open,OBC,Allotted
2490,164047,All India,"GAJRA RAJA MEDICAL COLLEGE GWALIOR,GAJRA RAJA MEDICAL COLLEGE GWALIOR, Madhya Pradesh, 474009",MD/MS (Anatomy),OBC,OBC,Allotted
2491,164100,Management/Paid Seats Quota,"KRISHNA INSTITUTE OF MEDICAL SCIENCES, KARAD,KRISHNA INSTITUTE OF MEDICAL SCIENCES, KARAD, Maharashtra, 415110",MD/MS (Anatomy),Open,General,Allotted
2492,164114,All India,"Rajiv Gandhi Institute of Medical Sciences Srikakulam,Government Medical College Srikakulam Balaga Srikakulam Town Srikakulam District, Andhra Pradesh, 532001",MD/MS (Anatomy),Open,General,Allotted
2493,164116,All India,"Gandhi Medical College, Bhopal,Gandhi Medical College, Bhopal, Madhya Pradesh, 462001",M.D. (BIOCHEMISTRY),SC,SC,Allotted
2494,164228,All India,"Mahatma Gandhi Memorial Medical College, Indore,Mahatma Gandhi Memorial Medical College, Indore, Madhya Pradesh, 452001",M.D. (FORENSIC MEDICINE),ST,ST,Allotted
2495,164301,All India,"Government Medical College, Latur,Government Medical College, Old Railway station Near Marwadi Rajasthani High-School Latur, Maharashtra, 413512",MD/MS (Anatomy),Open,General,Allotted
2496,164332,All India,"Government Medical College, Gondia,Nehru Chowk, KTS General Hospital Campus, Govt. Medical College, Gondia. 441601. Maharashtra., Maharashtra, 441601",M.D. (PREVENTIVE and SOCIAL MEDICINE)/ COMMUNITY MEDICINE,ST,ST,Allotted
2497,164427,Management/Paid Seats Quota,"Bharati Vidyapeeth (Deemed to be University) Medical College and Hospital, Sangli,Bharati Vidyapeeth (Deemed to be University) Medical College and Hospital, Sangli, Maharashtra, 416416",M.D. (PREVENTIVE and SOCIAL MEDICINE)/ COMMUNITY MEDICINE,Open,General,Allotted
2498,164679,All India,"Seth Gordhandas Sunderdas Medical College, MUMBAI,Seth Gordhandas Sunderdas Medical College, Acharya Donde Marg Parel MUMBAI, Maharashtra, 400012",M.D. (PHYSIOLOGY),EWS,EWS,Allotted
2499,164729,All India,"Agartala Government Medical College,Agartala Government Medical College, Tripura, 799006",M.D. (PHARMACOLOGY),SC,SC,Allotted
2500,164875,DNB Quota,"Government General Hospital, ,GOVERNMENT GENERAL HOSPITAL, ALANPUR LINK ROAD SAWAI MADHOPUR 322001, Rajasthan, 322001",(NBEMS-DIPLOMA) FAMILY MEDICINE,ST,ST,Allotted
2501,165006,All India,"Kalpana Chawla Govt Medical College, Karnal, Haryana,Kalpana Chawla Government Medical College Model Town Karnal 132001 Haryana, Haryana, 132001",M.D. (PHYSIOLOGY),OBC,OBC,Allotted
2502,165204,All India,"Government Medical College, Gondia,Nehru Chowk, KTS General Hospital Campus, Govt. Medical College, Gondia. 441601. Maharashtra., Maharashtra, 441601",M.D. (BIOCHEMISTRY),OBC,OBC,Allotted
2503,165533,All India,"Mahatma Gandhi Institute of Medical Sciences, Wardha,Mahatma Gandhi Institute of Medical Sciences, Sevagram, Wardha, Maharashtra, 442102",M.D. (PHYSIOLOGY),Open,General,Allotted
2504,165541,Management/Paid Seats Quota,"SRI SIDDHARTHA MEDICAL COLLEGE, TUMKUR,SRI SIDDHARTHA MEDICAL COLLEGE, TUMKUR, Karnataka, 572107",M.D. (MICROBIOLOGY),Open,General,Allotted
2505,165620,All India,"Murshidabad Medical College and Hospital,Station Road, Berhampore, Murshidabad, West Bengal, 742101",M.D. (BIOCHEMISTRY),OBC,OBC,Allotted
2506,165621,Management/Paid Seats Quota,"DR D Y PATIL MEDICAL COLLEGE, NAVI MUMBAI,DR D Y PATIL MEDICAL COLLEGE, NAVI MUMBAI, Maharashtra, 400706",MD/MS (Anatomy),Open,General,Allotted
2507,165643,Management/Paid Seats Quota,"M.M. Institute of Medical Sciences and Research, Ambala,M.M. Institute of Medical Sciences and Research, Ambala, Haryana, 133207",M.D. (MICROBIOLOGY),Open,General,Allotted
2508,165822,All India,"Gulbarga Institute Of Medical Sciences, Kalaburagi,VEERESH NAGAR SEDAM ROAD KALABURAGI, Karnataka, 585105",M.D. (PHYSIOLOGY),Open,General,Allotted
2509,166040,DNB Quota,"Associated Hospital Government Medical College, ,Government Medical College Chack Sajjan Kathua, Jammu And Kashmir, 184101",(NBEMS) PHARMACOLOGY,OBC,OBC,Allotted
2510,166066,All India,"Pt. Jawahar Lal Nehru Memorial Medical College, RAIPUR,Pt. Jawahar Lal Nehru Memorial Medical College, RAIPUR, Chhattisgarh, 492001",M.D. (MICROBIOLOGY),SC,SC,Allotted
2511,166077,DNB Quota,"Associated Hospital Government Medical College, ,Government Medical College Chack Sajjan Kathua, Jammu And Kashmir, 184101",(NBEMS) PHYSIOLOGY,Open,General,Allotted
2512,166192,Management/Paid Seats Quota,"DR. D. Y. PATIL MEDICAL COLLEGE, PUNE,Dr. D. Y. Patil Medical College, Hospital and Research Centre, Sant Tukaram Nagar, Pimpri, Pune., Maharashtra, 411018",M.D. (MICROBIOLOGY),Open,General,Allotted
2513,166362,Management/Paid Seats Quota,"Pravara Rural Medical College, Loni,Dr. Balasaheb Vikhe Patil Rural Medical College (Formerly Called As Rural Medical College, Loni), Maharashtra, 413736",M.D. (MICROBIOLOGY),Open,General,Allotted
2514,166598,All India,"GAJRA RAJA MEDICAL COLLEGE GWALIOR,GAJRA RAJA MEDICAL COLLEGE GWALIOR, Madhya Pradesh, 474009",M.D. (PHYSIOLOGY),OBC,OBC,Allotted
2515,166619,All India,"Srirama Chandra Bhanja Medical College, CUTTACK,Srirama Chandra Bhanja Medical College, CUTTACK, Odisha, 753007",M.D. (PHARMACOLOGY),SC,SC,Allotted
2516,166839,Management/Paid Seats Quota,"JSS Medical College, Mysuru,JSS Medical Institutions Campus Sri Shivarathreeshwara Nagar Bannimantap Mysuru, Karnataka, 570015",M.D. (BIOCHEMISTRY),Open,SC,Allotted
2517,167418,DNB Quota,"Rajiv Gandhi Government General Hospital, Principal Medical Officer General hospital, ,Rajiv Gandhi Government General Hospital, near bijli ghar circle, ALWAR, Rajasthan, 301001",(NBEMS-DIPLOMA) FAMILY MEDICINE,ST,ST,Allotted
2518,167422,Management/Paid Seats Quota,"Chettinad Hospital and Research Institute,Rajiv Gandhi Salai, Kelambakkam, Chengalpattu District, Tamil Nadu, 603103",M.D. (PHYSIOLOGY),Open,OBC,Allotted
2519,167444,Management/Paid Seats Quota,"Pravara Rural Medical College, Loni,Dr. Balasaheb Vikhe Patil Rural Medical College (Formerly Called As Rural Medical College, Loni), Maharashtra, 413736",M.D. (PREVENTIVE and SOCIAL MEDICINE)/ COMMUNITY MEDICINE,Open,OBC,Allotted
2520,167495,All India,"GOVT MEDICAL COLLEGE,THRISSUR,GOVT MEDICAL COLLEGE,THRISSUR, Kerala, 680596",M.D. (PHYSIOLOGY),ST,ST,Allotted
2521,167507,All India,"Government Medical College, Miraj,Government Medical College, Miraj, Maharashtra, 416410",MD/MS (Anatomy),Open,General,Allotted
2522,167535,All India,"Atal Bihari Vajpayee Government Medical College, Vidisha,NH 86 INFRONT OF KHEL PARISAR SANCHI ROAD VIDISHA MP, Madhya Pradesh, 464001",M.D. (PHYSIOLOGY),OBC,OBC,Allotted
2523,167568,Management/Paid Seats Quota,"Pravara Rural Medical College, Loni,Dr. Balasaheb Vikhe Patil Rural Medical College (Formerly Called As Rural Medical College, Loni), Maharashtra, 413736",MD/MS (Anatomy),Open,General,Allotted
2524,167595,All India,"College of Medicine & Sagore Dutta Hospital,College of Medicine & Sagore Dutta Hospital, West Bengal, 700058",M.D. (PREVENTIVE and SOCIAL MEDICINE)/ COMMUNITY MEDICINE,ST,ST,Allotted
2525,167635,All India,"Government Medical College, Aurangabad,Government Medical College, Aurangabad, Maharashtra, 431001",MD/MS (Anatomy),Open,General,Allotted
2526,167643,All India,"NIL RATAN SIRCAR MEDICAL COLLEGE,NIL RATAN SIRCAR MEDICAL COLLEGE, 138 AJC BOSE ROAD, KOLKATA-700014., West Bengal, 700014",MD/MS (Anatomy),OBC,OBC,Allotted
2527,167696,All India,"Rangaraya Medical College,Rangaraya Medical College Beside SP Office , Pithapuram Road, Kakinada, Andhra Pradesh, 533003",M.D. (MICROBIOLOGY),ST,ST,Allotted
2528,167800,All India,"GOVERNMENT MEDICAL COLLEGE, AZAMGARH,Chakrapan Pur, Azamgarh (U.P.), Uttar Pradesh, 276128",MD/MS (Anatomy),OBC,OBC,Allotted
2529,167870,All India,"Govt. Bundelkhand Medical College Sagar M.P.,Govt. Bundelkhand Medical College Sagar M.P., Madhya Pradesh, 470001",M.D. (BIOCHEMISTRY),OBC,OBC,Allotted
2530,167968,All India,"College of Medicine & Sagore Dutta Hospital,College of Medicine & Sagore Dutta Hospital, West Bengal, 700058",M.D. (BIOCHEMISTRY),OBC,OBC,Allotted
2531,168084,All India,"DARBHANGA MEDICAL COLLEGE,Sheetal Prasad Marg, Laheriasarai, Darbhanga, Bihar, Bihar, 846003",MD/MS (Anatomy),SC,SC,Allotted
2532,168198,Management/Paid Seats Quota,"Bharati Vidyapeeth Deemed to be University Medical College,Pune,Bharati Vidyapeeth Deemed to be University Medical College, Dhankawadi, Pune Satara Road, Pune, Maharashtra, 411043",M.D. (MICROBIOLOGY),Open,General,Allotted
2533,168247,All India,"Government medical college patiala.,Government medical college patiala., Punjab, 147001",M.D. (BIOCHEMISTRY),SC,SC,Allotted
2534,168434,All India,"SWAMI RAMANAND TEERTH RURAL GOVERNMENT MEDICAL COLLEGE AMBAJOGAI,SWAMI RAMANAND TEERTH RURAL GOVERNMENT MEDICAL COLLEGE AMBAJOGAI, Maharashtra, 431517",M.D. (BIOCHEMISTRY),OBC,OBC,Allotted
2535,168482,DNB Quota,"Shri Shiv Prasad Gupta Divisional District Hospital, ,Kabir Chaura, Lohatiya, Varanasi, Uttar Pradesh, 221001",(NBEMS-DIPLOMA) OPHTHALMOLOGY,ST,ST,Allotted
2536,168521,All India,"Govt. Medical College Akola,Govt. Medical College Akola, Maharashtra, 444001",MD/MS (Anatomy),Open,General,Allotted
2537,168523,All India,"GOVERNMENT MEDICAL COLLEGE CHANDRAPUR, MAHARASHTRA,TB Hospital Campus, Ram Nagar, Chandrapur - 442401, Maharashtra, 442401",M.D. (MICROBIOLOGY),SC,SC,Allotted
2538,168647,All India,"JAWAHARLAL NEHRU MEDICAL COLLEGE, BHAGALPUR,JAWAHARLAL NEHRU MEDICAL COLLEGE, BHAGALPUR, Bihar, 812001",M.D. (PHYSIOLOGY),SC,SC,Allotted
2539,168655,Delhi University Quota,"Lady Hardinge Medical College,Lady Hardinge Medical College, Delhi (NCT), 110001",M.D. (PHARMACOLOGY),Open,GNYes,Allotted
2540,168681,All India,"Govt. Bundelkhand Medical College Sagar M.P.,Govt. Bundelkhand Medical College Sagar M.P., Madhya Pradesh, 470001",MD/MS (Anatomy),Open,General,Allotted
2541,168954,Management/Paid Seats Quota,"SREE BALAJI MEDICAL COLLEGE AND HOSPITAL, CHENNAI,NO,7 WORKS ROAD,CHROMEPET,CHENNAI, Tamil Nadu, 600044",M.D. (PHARMACOLOGY),Open,OBC,Allotted
2542,169000,All India,"Government Medical College, Nagpur,Government Medical College, Nagpur, Maharashtra, 440003",M.D. (MICROBIOLOGY),EWS,EWS,Allotted
2543,169037,All India,"Mahatma Gandhi Institute of Medical Sciences, Wardha,Mahatma Gandhi Institute of Medical Sciences, Sevagram, Wardha, Maharashtra, 442102",M.D. (MICROBIOLOGY),SC,SC,Allotted
2544,169042,All India,"Shaheed Hasan Khan Mewati Government Medical College,Shaheed Hasan Khan Mewati Government Medical College, Haryana, 122107",MD/MS (Anatomy),OBC,OBC,Allotted
2545,169044,All India,"Jawaharlal Institute of Medical Sciences, Manipur,Jawaharlal Nehru Institute of Medical Sciences, Porompat, Imphal -East, Manipur-795005, Manipur, 795005",M.D. (BIOCHEMISTRY),SC,SC,Allotted
2546,169136,All India,"Mahatma Gandhi Memorial Medical College, Indore,Mahatma Gandhi Memorial Medical College, Indore, Madhya Pradesh, 452001",MD/MS (Anatomy),Open,General,Allotted
2547,169144,All India,"NETAJI SUBHASH CHANDRA BOSE MEDICAL COLLEGE, JABALPUR ,NETAJI SUBHASH CHANDRA BOSE MEDICAL COLLEGE, NAGPUR ROAD JABALPUR, Madhya Pradesh, 482003",MD/MS (Anatomy),Open,General,Allotted
2548,169354,All India,"LATE SHRI LAKHI RAM AGRAWAL MEMORIAL GOVT.MEDICAL COLLEGE,LATE SHRI LAKHI RAM AGRAWAL MEMORIAL GOVT.MEDICAL COLLEGE, Chhattisgarh, 496001",M.D. (PREVENTIVE and SOCIAL MEDICINE)/ COMMUNITY MEDICINE,EWS,EWS,Allotted
2549,169555,All India,"SWAMI RAMANAND TEERTH RURAL GOVERNMENT MEDICAL COLLEGE AMBAJOGAI,SWAMI RAMANAND TEERTH RURAL GOVERNMENT MEDICAL COLLEGE AMBAJOGAI, Maharashtra, 431517",M.D. (PREVENTIVE and SOCIAL MEDICINE)/ COMMUNITY MEDICINE,ST,ST,Allotted
2550,169596,All India,"KURNOOL MEDICAL COLLEGE,KURNOOL MEDICAL COLLEGE, Andhra Pradesh, 518002",M.D. (PREVENTIVE and SOCIAL MEDICINE)/ COMMUNITY MEDICINE,ST,ST,Allotted
2551,169680,All India,"Gulbarga Institute Of Medical Sciences, Kalaburagi,VEERESH NAGAR SEDAM ROAD KALABURAGI, Karnataka, 585105",MD/MS (Anatomy),Open,General,Allotted
2552,169832,All India,"NALANDA MEDICAL COLLEGE,PATNA,NALANDA MEDICAL COLLEGE,PATNA, OLD BYPASS KANKARBAGH, Bihar, 800026",MD/MS (Anatomy),SC,SC,Allotted
2553,169939,All India,"GANDHI MEDICAL COLLEGE,GANDHI MEDICAL COLLEGE, Telangana, 500003",M.D. (PHYSIOLOGY),SC,SC,Allotted
2554,170090,All India,"MEDICAL COLLEGE, KOLKATA,MEDICAL COLLEGE, KOLKATA, West Bengal, 700073",MD/MS (Anatomy),OBC,OBC,Allotted
2555,170123,All India,"Siddhartha Medical College, Vijayawada,Siddhartha Medical College, Vijayawada, Andhra Pradesh, 520008",M.D. (MICROBIOLOGY),ST,ST,Allotted
2556,170188,All India,"Ravindra Nath Tagore Medical College, Udaipur,Ravindra Nath Tagore Medical College, Udaipur, Rajasthan, 313001",M.D. (PHYSIOLOGY),OBC,OBC,Allotted
2557,170223,All India,"SWAMI RAMANAND TEERTH RURAL GOVERNMENT MEDICAL COLLEGE AMBAJOGAI,SWAMI RAMANAND TEERTH RURAL GOVERNMENT MEDICAL COLLEGE AMBAJOGAI, Maharashtra, 431517",M.D. (BIOCHEMISTRY),OBC,OBC,Allotted
2558,170235,All India,"Ravindra Nath Tagore Medical College, Udaipur,Ravindra Nath Tagore Medical College, Udaipur, Rajasthan, 313001",MD/MS (Anatomy),OBC,OBC,Allotted
2559,170244,All India,"Rajmata Shrimati Devendra Kumari Singhdeo Government Medical College, Ambikapur,Kanyaparisar Road Gangapur Ambikapur District Surguja, Chhattisgarh, 497001",MD/MS (Anatomy),Open,General,Allotted
2560,170331,All India,"KURNOOL MEDICAL COLLEGE,KURNOOL MEDICAL COLLEGE, Andhra Pradesh, 518002",M.D. (GENERAL MEDICINE),Open PwD,GNYes,Allotted
2561,170362,Management/Paid Seats Quota,"Bharati Vidyapeeth (Deemed to be University) Medical College and Hospital, Sangli,Bharati Vidyapeeth (Deemed to be University) Medical College and Hospital, Sangli, Maharashtra, 416416",M.D. (MICROBIOLOGY),Open,General,Allotted
2562,171023,All India,"Government Medical College Suryapet Telangana,Amaravadi Nagar Thallagadda Suryapet, Telangana, 508213",MD/MS (Anatomy),SC,SC,Allotted
2563,171178,All India,"Govt. Bundelkhand Medical College Sagar M.P.,Govt. Bundelkhand Medical College Sagar M.P., Madhya Pradesh, 470001",M.D. (BIOCHEMISTRY),SC,SC,Allotted
2564,171191,All India,"Siddhartha Medical College, Vijayawada,Siddhartha Medical College, Vijayawada, Andhra Pradesh, 520008",M.D. (PREVENTIVE and SOCIAL MEDICINE)/ COMMUNITY MEDICINE,EWS,EWS,Allotted
2565,171238,All India,"Dr. Sampurnanand Medical College (SNMC), JODHPUR,Dr. Sampurnanand Medical College (SNMC), JODHPUR, Rajasthan, 342001",M.D. (PHYSIOLOGY),EWS,EWS,Allotted
2566,171318,All India,"GOVERNMENT MEDICAL COLLEGE CHANDRAPUR, MAHARASHTRA,TB Hospital Campus, Ram Nagar, Chandrapur - 442401, Maharashtra, 442401",M.D. (PHARMACOLOGY),ST,ST,Allotted
2567,171357,All India,"NETAJI SUBHASH CHANDRA BOSE MEDICAL COLLEGE, JABALPUR ,NETAJI SUBHASH CHANDRA BOSE MEDICAL COLLEGE, NAGPUR ROAD JABALPUR, Madhya Pradesh, 482003",M.D. (FORENSIC MEDICINE),ST,ST,Allotted
2568,171382,All India,"LATE SHRI LAKHI RAM AGRAWAL MEMORIAL GOVT.MEDICAL COLLEGE,LATE SHRI LAKHI RAM AGRAWAL MEMORIAL GOVT.MEDICAL COLLEGE, Chhattisgarh, 496001",MD/MS (Anatomy),Open,General,Allotted
2569,171722,All India,"Gulbarga Institute Of Medical Sciences, Kalaburagi,VEERESH NAGAR SEDAM ROAD KALABURAGI, Karnataka, 585105",MD/MS (Anatomy),Open,OBC,Allotted
2570,171723,All India,"BELAGAVI INSTITUTE OF MEDICAL SCIENCES, BELAGAVI,BELAGAVI INSTITUTE OF MEDICAL SCIENCES, BELAGAVI, Karnataka, 590001",MD/MS (Anatomy),SC,SC,Allotted
2571,171729,DNB Quota,"GMERS Medical College and General Hospital, ,GMERS Medical College and General hospital,Old TB Campus, gotri road, Vadodara, Gujarat, 390021",(NBEMS) MICROBIOLOGY,EWS,EWS,Allotted
2572,171908,DNB Quota,"ESIC MEDICAL COLLEGE AND HOSPITAL, Bihar,ESIC Medical College and Hospital,Ara Danapur Road, Sikandarpur, Bihta, Patna, Bihar, 801103",(NBEMS) MICROBIOLOGY,EWS,EWS,Allotted
2573,171918,All India,"GOVT MEDICAL COLLEGE, ANANTAPURAMU,GOVT MEDICAL COLLEGE, ANANTAPURAMU, Andhra Pradesh, 515001",MD/MS (Anatomy),OBC,OBC,Allotted
2574,171950,Management/Paid Seats Quota,"Santosh Medical College and Hospital, Ghaziabad, NCR Delhi,Santosh Medical College and Hospital, Ghaziabad, Delhi NCR, Uttar Pradesh, 201009",DIPLOMA IN PUBLIC HEALTH,Open,OBC,Allotted
2575,172185,Management/Paid Seats Quota,"Jawaharlal Nehru Medical College, Sawangi (Meghe), Wardha-,Jawaharlal Nehru Medical College, Sawangi (Meghe), Wardha-442107, Maharashtra, 442107",M.D. (PHARMACOLOGY),Open,SC,Allotted
2576,172205,All India,"Gandhi Medical College, Bhopal,Gandhi Medical College, Bhopal, Madhya Pradesh, 462001",M.D. (PHARMACOLOGY),ST,ST,Allotted
2577,172309,All India,"Rangaraya Medical College,Rangaraya Medical College Beside SP Office , Pithapuram Road, Kakinada, Andhra Pradesh, 533003",M.D. (FORENSIC MEDICINE),ST,ST,Allotted
2578,172464,All India,"Government medical college patiala.,Government medical college patiala., Punjab, 147001",M.D. (PHYSIOLOGY),SC,SC,Allotted
2579,172497,DNB Quota,"General Hospital, ,SECTOR-6, PANCHKULA, HARYANA-134108, Haryana, 134108",(NBEMS-DIPLOMA) FAMILY MEDICINE,ST,ST,Allotted
2580,172619,All India,"Maharaja Krushna Chandra Gajapati Medical College , Brahmapur,Maharaja Krushna Chandra Gajapati Medical College , Brahmapur, Odisha, 760004",M.D. (FORENSIC MEDICINE),ST,ST,Allotted
2581,172642,All India,"INDIRA GANDHI GOVT.MEDICAL COLLEGE NAGPUR,INDIRA GANDHI GOVT.MEDICAL COLLEGE NAGPUR, Maharashtra, 440018",M.D. (PHYSIOLOGY),OBC,OBC,Allotted
2582,172765,All India,"TOPIWALA NATIONAL MEDICAL COLLEGE,TOPIWALA NATIONAL MEDICAL COLLEGE B Y L Nair Ch Hospital, Dr. A.L. Nair Rd, Mumbai Central, Mumbai, Maharashtra, 400008",M.D. (PHYSIOLOGY),OBC,OBC,Allotted
2583,172767,All India,"GOVERNMENT MEDICAL COLLEGE CHANDRAPUR, MAHARASHTRA,TB Hospital Campus, Ram Nagar, Chandrapur - 442401, Maharashtra, 442401",M.D. (PHYSIOLOGY),OBC,OBC,Allotted
2584,172795,Management/Paid Seats Quota,"Meenakshi Medical College Hospital and Research Institute, Kanchipuram,Meenakshi Medical College Hospital and Research Institute, Kanchipuram, Tamil Nadu, 631552",M.D. (BIOCHEMISTRY),Open,OBC,Allotted
2585,172827,All India,"Shri Vasantrao Naik Govt Medical College Yavatmal,Shri Vasantrao Naik Govt Medical College Yavatmal, Maharashtra, 445001",MD/MS (Anatomy),Open,General,Allotted
2586,172870,Management/Paid Seats Quota,"Vinayaka Missions Kirupananda Variyar Medical College and Hospital, Salem,Sankari Main Road, NH-47, Seeragapadi, Salem, Tamil Nadu, 636308",M.D. (PHARMACOLOGY),Open,OBC,Allotted
2587,172902,All India,"Government Medical College Srinagar,Administrative Block Government Medical College Karan Nagar Srinagar, Jammu And Kashmir, 190010",MD/MS (Anatomy),OBC,OBC PwD,Allotted
2588,172932,DNB Quota,"Malabar Cancer Centre, ,Moozhikkara PO, Thalassery, Kannur, Kerala, 670103",(NBEMS) PATHOLOGY,ST,ST,Allotted
2589,172969,All India,"Bangalore Medical College and Research Institute,Bangalore Medical College and Research Institute, Karnataka, 560002",M.D. (FORENSIC MEDICINE),EWS,EWS,Allotted
2590,172999,All India,"Government Medical College, Siddipet,SURVEY NO 54 GOVERNMENT MEDICAL COLLEGE ENSANPALLY SIDDIPET 502114, Telangana, 502114",MD/MS (Anatomy),OBC,OBC,Allotted
2591,173139,All India,"Govt. Bundelkhand Medical College Sagar M.P.,Govt. Bundelkhand Medical College Sagar M.P., Madhya Pradesh, 470001",M.D. (PHYSIOLOGY),OBC,OBC,Allotted
2592,173324,Management/Paid Seats Quota,"Rajarajeswari Medical College and Hospital,No. 202, Kambipura, Mysore Road, Bengaluru, Karnataka, 560074",M.D. (PHARMACOLOGY),Open,General,Allotted
2593,173504,All India,"PATNA MEDICAL COLLEGE, PATNA,PATNA MEDICAL COLLEGE, PATNA, Bihar, 800004",MD/MS (Anatomy),SC,SC,Allotted
2594,173507,All India,"HASSAN INSTITUTE OF MEDICAL SCIENCES, HASSAN,HASSAN INSTITUTE OF MEDICAL SCIENCES, HASSAN, Karnataka, 573201",MD/MS (Anatomy),Open,General,Allotted
2595,173514,All India,"Rajendra Institute of Medical Sciences, Ranchi,Rajendra Institute of Medical Sciences, Ranchi, Jharkhand, 834009",MD/MS (Anatomy),SC,SC,Allotted
2596,173553,All India,"Mahatma Gandhi Institute of Medical Sciences, Wardha,Mahatma Gandhi Institute of Medical Sciences, Sevagram, Wardha, Maharashtra, 442102",MD/MS (Anatomy),Open,General,Allotted
2597,173693,All India,"Shri Atal Bihari Vajpayee Medical College & Research Institute, Bengaluru,Opposite to Shivajinagar Bus stop, Shivajinagar, Bengaluru., Karnataka, 560001",MD/MS (Anatomy),OBC,OBC,Allotted
2598,173878,Management/Paid Seats Quota,"Hamdard Institute of Medical Sciences and Research,HIMSR, Jamia Hamdard, Guru Ravidas Marg, Hamdard Nagar, New Delhi, Delhi (NCT), 110062",M.D. (PHARMACOLOGY),Open,OBC,Allotted
2599,174097,All India,"MADRAS MEDICAL COLLEGE,EVR PERIYAR SALAI, CHENNAI-03, Tamil Nadu, 600003",M.D. (PREVENTIVE and SOCIAL MEDICINE)/ COMMUNITY MEDICINE,ST,ST,Allotted
2600,174115,Management/Paid Seats Quota,"MGM Medical College, Aurangabad,MGM Medical College, Aurangabad, Maharashtra, 431003",M.D. (MICROBIOLOGY),Open,General,Allotted
2601,174324,All India,"RAICHUR INSTITUTE OF MEDICAL SCIENCES,RAICHUR INSTITUTE OF MEDICAL SCIENCES, Karnataka, 584102",MD/MS (Anatomy),Open,General,Allotted
2602,174511,All India,"Shri Vasantrao Naik Govt Medical College Yavatmal,Shri Vasantrao Naik Govt Medical College Yavatmal, Maharashtra, 445001",MD/MS (Anatomy),Open,General,Allotted
2603,174517,All India,"Gandhi Medical College, Bhopal,Gandhi Medical College, Bhopal, Madhya Pradesh, 462001",M.D. (PHYSIOLOGY),OBC,OBC,Allotted
2604,174636,All India,"LATE SHRI LAKHI RAM AGRAWAL MEMORIAL GOVT.MEDICAL COLLEGE,LATE SHRI LAKHI RAM AGRAWAL MEMORIAL GOVT.MEDICAL COLLEGE, Chhattisgarh, 496001",M.D. (PHYSIOLOGY),SC,SC,Allotted
2605,174835,Non-Resident Indian,"Sri Ramachandra Medical College and Research Institute,Sri Ramachandra Medical College and Research Institute, Tamil Nadu, 600116",M.D. (PREVENTIVE and SOCIAL MEDICINE)/ COMMUNITY MEDICINE,Open,OBC,Allotted
2606,174851,Management/Paid Seats Quota,"K S Hegde Medical Academy, Mangaluru,K S Hegde Medical Academy, Nithyanandanagar, Deralakatte, Mangaluru, Karnataka, 575018",MD/MS (Anatomy),Open,General,Allotted
2607,174854,All India,"Shri Vasantrao Naik Govt Medical College Yavatmal,Shri Vasantrao Naik Govt Medical College Yavatmal, Maharashtra, 445001",MD/MS (Anatomy),Open,General,Allotted
2608,174958,Management/Paid Seats Quota,"A.C.S. Medical College and Hospital,A.C.S. Medical College and Hospital, Tamil Nadu, 600077",M.D. (PHYSIOLOGY),Open,General,Allotted
2609,175259,Management/Paid Seats Quota,"MGM Medical College, Aurangabad,MGM Medical College, Aurangabad, Maharashtra, 431003",M.D. (MICROBIOLOGY),Open,General,Allotted
2610,175353,All India,"Gandhi Medical College, Bhopal,Gandhi Medical College, Bhopal, Madhya Pradesh, 462001",M.D. (PHYSIOLOGY),OBC,OBC,Allotted
2611,175425,All India,"R G KAR MEDICAL COLLEGE, West Bengal,R G KAR MEDICAL COLLEGE,1 KHUDIRAM BOSE SARANI,KOLKATA, West Bengal, West Bengal, 700004",M.D. (BIOCHEMISTRY),ST,ST,Allotted
2612,175432,DNB Quota,"Southern Railway Head Quarter Hospital, ,Ayanavaram, Tamil Nadu, 600023",(NBEMS) PATHOLOGY,ST,ST,Allotted
2613,175577,All India,"GOVT. MEDICAL COLLEGE, AMRITSAR,GOVT. MEDICAL COLLEGE,CIRCULAR ROAD, AMRITSAR, Punjab, 143001",M.D. (PHYSIOLOGY),OBC,OBC,Allotted
2614,175588,All India,"Rani Durgavati Medical College, Banda ,Rani Durgavati Medical College Naraini Road Banda, Uttar Pradesh, 210001",M.D. (FORENSIC MEDICINE),ST,ST,Allotted
2615,175590,Management/Paid Seats Quota,"Rajarajeswari Medical College and Hospital,No. 202, Kambipura, Mysore Road, Bengaluru, Karnataka, 560074",M.D. (PHYSIOLOGY),Open,General,Allotted
2616,175764,All India,"Karwar Institute of Medical Sciences, Karnataka,MG Road, Karnataka, 581301",M.D. (PHYSIOLOGY),OBC,OBC,Allotted
2617,175838,All India,"Government Medical College Kota,Government Medical College Kota, Rajasthan, 324005",M.D. (Obst. and Gynae)/MS (Obstetrics and Gynaecology),Open PwD,SC PwD,Allotted
2618,175943,Management/Paid Seats Quota,"MGM Medical College, Aurangabad,MGM Medical College, Aurangabad, Maharashtra, 431003",M.D. (MICROBIOLOGY),Open,General,Allotted
2619,176040,DNB Quota,"Associated Hospital Government Medical College, ,Government Medical College Chack Sajjan Kathua, Jammu And Kashmir, 184101",(NBEMS) PHARMACOLOGY,SC,SC,Allotted
2620,176100,Management/Paid Seats Quota,"Yenepoya Medical College,Yenepoya Medical College, Karnataka, 575018",M.D. (PHYSIOLOGY),Open,OBC,Allotted
2621,176190,All India,"JHALAWAR MEDICAL COLLEGE,JHALAWAR MEDICAL COLLEGE, JHALAWAR, Rajasthan, 326001",M.D. (BIOCHEMISTRY),EWS,EWS,Allotted
2622,176270,Non-Resident Indian,"SHRI. B. M. PATIL MEDICAL COLLEGE HOSPITAL AND RESEARCH CENTRE,SHRI. B. M. PATIL MEDICAL COLLEGE HOSPITAL AND RESEARCH CENTRE, SOLAPUR ROAD, VIJAYAPURA, Karnataka, 586103",M.D. (PATHOLOGY),Open,General,Allotted
2623,176612,Management/Paid Seats Quota,"Sri Ramachandra Medical College and Research Institute,Sri Ramachandra Medical College and Research Institute, Tamil Nadu, 600116",M.D. (PHYSIOLOGY),Open,OBC,Allotted
2624,176654,All India,"Government Medical College Srinagar,Administrative Block Government Medical College Karan Nagar Srinagar, Jammu And Kashmir, 190010",M.D. (PHYSIOLOGY),OBC,OBC,Allotted
2625,176667,All India,"Government Medical College, Ratlam,Gram Banjali, Sailana Road, NH927A, Madhya Pradesh 457001, India, Madhya Pradesh, 457001",M.D. (PHYSIOLOGY),OBC,OBC,Allotted
2626,176698,Management/Paid Seats Quota,"K S Hegde Medical Academy, Mangaluru,K S Hegde Medical Academy, Nithyanandanagar, Deralakatte, Mangaluru, Karnataka, 575018",M.D. (BIOCHEMISTRY),Open,SC,Allotted
2627,176751,All India,"Gandhi Medical College, Bhopal,Gandhi Medical College, Bhopal, Madhya Pradesh, 462001",M.D. (PHYSIOLOGY),SC,SC PwD,Allotted
2628,176783,Management/Paid Seats Quota,"SREE BALAJI MEDICAL COLLEGE AND HOSPITAL, CHENNAI,NO,7 WORKS ROAD,CHROMEPET,CHENNAI, Tamil Nadu, 600044",M.D. (PHYSIOLOGY),Open,OBC,Allotted
2629,176805,Management/Paid Seats Quota,"Mahatma Gandhi Medical College and Research Institute, Pondicherry,SBV Pondicherry Campus, Pillaiyarkuppam, Pondicherry, Puducherry, 607402",M.D. (PHYSIOLOGY),Open,OBC,Allotted
2630,177012,All India,"Government Medical College, Bhilwara,Sindri ke Balaji Road, Sanganer, Bhilwara, Rajasthan 311001, Rajasthan, 311001",M.D. (MICROBIOLOGY),ST,ST,Allotted
2631,177387,All India,"Government Medical College, Mahabubnagar,Government Medical College, Yedira, Mahabubnagar, Telangana state, Telangana, 509002",MD/MS (Anatomy),OBC,OBC,Allotted
2632,177401,All India,"CHHATTISGARH INSTITUTE OF MEDICAL SCIENCES,CHHATTISGARH INSTITUTE OF MEDICAL SCIENCES, Chhattisgarh, 495001",M.D. (BIOCHEMISTRY),ST,ST,Allotted
2633,177489,All India,"Gulbarga Institute Of Medical Sciences, Kalaburagi,VEERESH NAGAR SEDAM ROAD KALABURAGI, Karnataka, 585105",M.D. (PHYSIOLOGY),OBC,OBC,Allotted
2634,177509,Management/Paid Seats Quota,"Rajarajeswari Medical College and Hospital,No. 202, Kambipura, Mysore Road, Bengaluru, Karnataka, 560074",M.D. (PHARMACOLOGY),Open,OBC,Allotted
2635,177630,All India,"LOKMANYA TILAK MEDICAL COLLEGE MUMBAI,LOKMANYA TILAK MEDICAL COLLEGE MUMBAI, Maharashtra, 400022",M.D. (PHYSIOLOGY),OBC,OBC,Allotted
2636,177632,All India,"Maharaja Krushna Chandra Gajapati Medical College , Brahmapur,Maharaja Krushna Chandra Gajapati Medical College , Brahmapur, Odisha, 760004",M.D. (PHYSIOLOGY),OBC,OBC,Allotted
2637,177671,DNB Quota,"Government Medical College and Associated Hospital,,JANGLAT MANDI ANANTNAG, JAMMU AND KASHMIR 192101, Jammu And Kashmir, 192101",(NBEMS) PHARMACOLOGY,SC,SC,Allotted
2638,177684,All India,"MYSORE MEDICAL COLLEGE AND RESEARCH INSTITUTE,MYSORE MEDICAL COLLEGE AND RESEARCH INSTITUTE, Karnataka, 570001",MD/MS (Anatomy),SC,SC,Allotted
2639,177738,All India,"Uttar Pradesh University of Medical Sciences, Saifai, Etawah,Uttar Pradesh University of Medical Sciences, Saifai, Etawah, Uttar Pradesh, 206130",MD/MS (Anatomy),SC,SC,Allotted
2640,177775,All India,"Kalpana Chawla Govt Medical College, Karnal, Haryana,Kalpana Chawla Government Medical College Model Town Karnal 132001 Haryana, Haryana, 132001",MD/MS (Anatomy),OBC,OBC,Allotted
2641,177881,All India,"Government Medical College, Surat,Government Medical College, Majuragate, Surat., Gujarat, 395001",M.D. (BIOCHEMISTRY),SC,SC,Allotted
2642,177970,All India,"GOVT. MEDICAL COLLEGE, AMRITSAR,GOVT. MEDICAL COLLEGE,CIRCULAR ROAD, AMRITSAR, Punjab, 143001",M.D. (PHYSIOLOGY),SC,SC,Allotted
2643,178006,Management/Paid Seats Quota,"Rajarajeswari Medical College and Hospital,No. 202, Kambipura, Mysore Road, Bengaluru, Karnataka, 560074",M.D. (PHARMACOLOGY),Open,General,Allotted
2644,178282,All India,"Gulbarga Institute Of Medical Sciences, Kalaburagi,VEERESH NAGAR SEDAM ROAD KALABURAGI, Karnataka, 585105",M.D. (PREVENTIVE and SOCIAL MEDICINE)/ COMMUNITY MEDICINE,ST,ST,Allotted
2645,178421,DNB Quota,"Sher-I-Kashmir Institute of Medical Sciences, ,Principal SKIMS Medical College Hospital Bemina Srinagar, Jammu And Kashmir, 190018",(NBEMS) PHYSIOLOGY,OBC,OBC,Allotted
2646,178565,All India,"S.V. Medical College, Tirupathi ,S.V. Medical College, Tirupathi, Andhra Pradesh, 517507",MD/MS (Anatomy),SC,SC,Allotted
2647,178640,All India,"GOVERNMENT MEDICAL COLLEGE CHANDRAPUR, MAHARASHTRA,TB Hospital Campus, Ram Nagar, Chandrapur - 442401, Maharashtra, 442401",M.D. (PHARMACOLOGY),EWS,EWS,Allotted
2648,178775,All India,"Rajarshee Chhatrapati Shahu Maharaj Government Medical College, Kolhapur,R.K. Nagar Road, Shenda Park, Kolhapur, Maharashtra, Maharashtra, 416012",M.D. (PHYSIOLOGY),OBC,OBC,Allotted
2649,179190,All India,"Mahatma Gandhi Memorial Medical College, Indore,Mahatma Gandhi Memorial Medical College, Indore, Madhya Pradesh, 452001",M.D. (PHYSIOLOGY),OBC,OBC,Allotted
2650,179201,All India,"Rajarshee Chhatrapati Shahu Maharaj Government Medical College, Kolhapur,R.K. Nagar Road, Shenda Park, Kolhapur, Maharashtra, Maharashtra, 416012",M.D. (BIOCHEMISTRY),SC,SC,Allotted
2651,179585,All India,"HASSAN INSTITUTE OF MEDICAL SCIENCES, HASSAN,HASSAN INSTITUTE OF MEDICAL SCIENCES, HASSAN, Karnataka, 573201",M.D. (PREVENTIVE and SOCIAL MEDICINE)/ COMMUNITY MEDICINE,ST,ST,Allotted
2652,179601,Non-Resident Indian,"Sri Ramachandra Medical College and Research Institute,Sri Ramachandra Medical College and Research Institute, Tamil Nadu, 600116",M.D. (PATHOLOGY),Open,OBC,Allotted
2653,179660,All India,"GOA MEDICAL COLLEGE,Bambolim, Goa, Goa, 403202",M.D. (GENERAL MEDICINE),OBC PwD,OBC PwD,Allotted
2654,179734,All India,"KING GEORGES MEDICAL UNIVERSITY,KING GEORGES MEDICAL UNIVERSITY, Shahmeena Road, Chowk, Lucknow-226003, Uttar Pradesh, 226003",M.D. (PHARMACOLOGY),ST,ST,Allotted
2655,179748,All India,"SHYAM SHAH MEDICAL COLLEGE,deanmcrewa@rediffmail.com, Madhya Pradesh, 486001",MD/MS (Anatomy),OBC,OBC,Allotted
2656,179750,All India,"SHYAM SHAH MEDICAL COLLEGE,deanmcrewa@rediffmail.com, Madhya Pradesh, 486001",M.D. (FORENSIC MEDICINE),ST,ST,Allotted
2657,179840,All India,"Govt. Doon Medical College, Dehradun,Govt. Doon Medical College Dehrakhas, Patel Nagar Dehradun 248001, Uttarakhand, 248001",MD/MS (Anatomy),SC,SC,Allotted
2658,179859,All India,"Mahatma Gandhi Memorial Medical College, Indore,Mahatma Gandhi Memorial Medical College, Indore, Madhya Pradesh, 452001",MD/MS (Anatomy),OBC,OBC,Allotted
2659,179948,All India,"Gauhati Medical College, Guwahati,Gauhati Medical College, Guwahati, Assam, 781032",MD/MS (Anatomy),OBC,OBC,Allotted
2660,179956,All India,"IPGME&R and SSKM Hospital Kolkata,244, Acharya J. C. Bose Road, Kolkata-700020, West Bengal, 700020",M.D. (PHARMACOLOGY),ST,ST,Allotted
2661,180347,All India,"Mahatma Gandhi Memorial Medical College, Indore,Mahatma Gandhi Memorial Medical College, Indore, Madhya Pradesh, 452001",M.D. (PHYSIOLOGY),OBC,OBC,Allotted
2662,180349,All India,"Government Medical College Suryapet Telangana,Amaravadi Nagar Thallagadda Suryapet, Telangana, 508213",M.D. (MICROBIOLOGY),ST,ST,Allotted
2663,180417,Management/Paid Seats Quota,"Sri Ramachandra Medical College and Research Institute,Sri Ramachandra Medical College and Research Institute, Tamil Nadu, 600116",M.D. (PHYSIOLOGY),Open,SC,Allotted
2664,180492,All India,"NETAJI SUBHASH CHANDRA BOSE MEDICAL COLLEGE, JABALPUR ,NETAJI SUBHASH CHANDRA BOSE MEDICAL COLLEGE, NAGPUR ROAD JABALPUR, Madhya Pradesh, 482003",M.D. (PHYSIOLOGY),OBC,OBC,Allotted
2665,180654,Management/Paid Seats Quota,"Bharati Vidyapeeth (Deemed to be University) Medical College and Hospital, Sangli,Bharati Vidyapeeth (Deemed to be University) Medical College and Hospital, Sangli, Maharashtra, 416416",M.D. (MICROBIOLOGY),Open,OBC,Allotted
2666,181097,DNB Quota,"Government Medical College and Associated Group of Hospitals, Government Medical College, Dungarpur and Associated Group of Hospitals Shri Haridev Joshi Hospital,,Government Medical College and Associated Group of Hospitals, Government Medical College, Dungarpur, Rajasthan, 314001",(NBEMS-DIPLOMA) FAMILY MEDICINE,ST,ST,Allotted
2667,181188,Management/Paid Seats Quota,"Bharati Vidyapeeth (Deemed to be University) Medical College and Hospital, Sangli,Bharati Vidyapeeth (Deemed to be University) Medical College and Hospital, Sangli, Maharashtra, 416416",M.D. (MICROBIOLOGY),Open,General,Allotted
2668,181298,All India,"Government Medical College, Nagpur,Government Medical College, Nagpur, Maharashtra, 440003",MD/MS (Anatomy),OBC,OBC,Allotted
2669,181397,All India,"Government Medical College, Ratlam,Gram Banjali, Sailana Road, NH927A, Madhya Pradesh 457001, India, Madhya Pradesh, 457001",MD/MS (Anatomy),OBC,OBC,Allotted
2670,181495,All India,"Government Medical College, Gondia,Nehru Chowk, KTS General Hospital Campus, Govt. Medical College, Gondia. 441601. Maharashtra., Maharashtra, 441601",M.D. (MICROBIOLOGY),ST,ST,Allotted
2671,181511,Management/Paid Seats Quota,"Santosh Medical College and Hospital, Ghaziabad, NCR Delhi,Santosh Medical College and Hospital, Ghaziabad, Delhi NCR, Uttar Pradesh, 201009",M.D. (PHYSIOLOGY),Open,General,Allotted
2672,181591,All India,"PATNA MEDICAL COLLEGE, PATNA,PATNA MEDICAL COLLEGE, PATNA, Bihar, 800004",M.D. (PHARMACOLOGY),ST,ST PwD,Allotted
2673,181626,All India,"Uttar Pradesh University of Medical Sciences, Saifai, Etawah,Uttar Pradesh University of Medical Sciences, Saifai, Etawah, Uttar Pradesh, 206130",M.D. (PHYSIOLOGY),EWS,EWS,Allotted
2674,181754,All India,"Government Medical College, Surat,Government Medical College, Majuragate, Surat., Gujarat, 395001",MD/MS (Anatomy),OBC,OBC,Allotted
2675,181784,Non-Resident Indian,"SHRI. B. M. PATIL MEDICAL COLLEGE HOSPITAL AND RESEARCH CENTRE,SHRI. B. M. PATIL MEDICAL COLLEGE HOSPITAL AND RESEARCH CENTRE, SOLAPUR ROAD, VIJAYAPURA, Karnataka, 586103",M.D. (PREVENTIVE and SOCIAL MEDICINE)/ COMMUNITY MEDICINE,Open,OBC,Allotted
2676,181864,All India,"RAJIV GANDHI MEDICAL COLLEGE KALWA THANE,RAJIV GANDHI MEDICAL COLLEGE,THANE BELAPUR ROAD, KALWA, THANE, Maharashtra, 400605",M.D. (PHYSIOLOGY),OBC,OBC,Allotted
2677,182003,All India,"Karwar Institute of Medical Sciences, Karnataka,MG Road, Karnataka, 581301",M.D. (MICROBIOLOGY),ST,ST,Allotted
2678,182200,All India,"Rangaraya Medical College,Rangaraya Medical College Beside SP Office , Pithapuram Road, Kakinada, Andhra Pradesh, 533003",M.D. (BIOCHEMISTRY),SC,SC,Allotted
2679,182253,All India,"Dr Ram Manohar Lohia Institute of Medical Sciences, Lucknow,Dr Ram Manohar Lohia Institute of Medical Sciences, Lucknow, Uttar Pradesh, 226010",M.D. (PATHOLOGY),Open PwD,SC PwD,Allotted
2680,182538,IP University Quota,"PGIMER, DR. RML Hospital,ABVIMS, DR. RML Hospital, Baba Kharak Singh Marg, Cannaught Place, Delhi (NCT), 110001",M.D. (PHYSICAL MED. and REHABILITATION),OBC,OBC,Allotted
2681,182617,Management/Paid Seats Quota,"Mahatma Gandhi Medical College and Research Institute, Pondicherry,SBV Pondicherry Campus, Pillaiyarkuppam, Pondicherry, Puducherry, 607402",MD/MS (Anatomy),Open,SC,Allotted
2682,182654,All India,"Silchar Medical College, Silchar,Silchar Medical College, Silchar, Assam, 788014",M.D. (PHYSIOLOGY),OBC,OBC,Allotted
2683,182739,Muslim Minority Quota,"Hamdard Institute of Medical Sciences and Research,HIMSR, Jamia Hamdard, Guru Ravidas Marg, Hamdard Nagar, New Delhi, Delhi (NCT), 110062",M.D. (BIOCHEMISTRY),Open,General,Allotted
2684,182803,All India,"Govt. Medical College Akola,Govt. Medical College Akola, Maharashtra, 444001",M.D. (PHARMACOLOGY),ST,ST,Allotted
2685,182876,All India,"Gandhi Medical College, Bhopal,Gandhi Medical College, Bhopal, Madhya Pradesh, 462001",M.S. (OPHTHALMOLOGY),Open PwD,OBC PwD,Allotted
2686,183102,All India,"EMPLOYEES STATE INSURANCE CORPORATION MEDICAL COLLEGE AND PGIMSR,EMPLOYEES STATE INSURANCE CORPORATION MEDICAL COLLEGE AND PGIMSR, Karnataka, 560010",MD/MS (Anatomy),SC,SC,Allotted
2687,183155,All India,"Atal Bihari Vajpayee Government Medical College, Vidisha,NH 86 INFRONT OF KHEL PARISAR SANCHI ROAD VIDISHA MP, Madhya Pradesh, 464001",M.D. (PHYSIOLOGY),SC,SC,Allotted
2688,183189,All India,"Mahatma Gandhi Memorial Medical College, Indore,Mahatma Gandhi Memorial Medical College, Indore, Madhya Pradesh, 452001",M.D. (PHYSIOLOGY),SC,SC,Allotted
2689,183226,Management/Paid Seats Quota,"Rajarajeswari Medical College and Hospital,No. 202, Kambipura, Mysore Road, Bengaluru, Karnataka, 560074",M.D. (PHYSIOLOGY),Open,General,Allotted
2690,183329,Management/Paid Seats Quota,"Bharati Vidyapeeth (Deemed to be University) Medical College and Hospital, Sangli,Bharati Vidyapeeth (Deemed to be University) Medical College and Hospital, Sangli, Maharashtra, 416416",M.D. (PHARMACOLOGY),Open,ST,Allotted
2691,183403,DNB Quota,"Goverment District Hospital Bundi, ,IN FRONT OF COLLECTORATE BUNDI, Rajasthan, 323001",(NBEMS-DIPLOMA) FAMILY MEDICINE,ST,ST,Allotted
2692,183408,Management/Paid Seats Quota,"Meenakshi Medical College Hospital and Research Institute, Kanchipuram,Meenakshi Medical College Hospital and Research Institute, Kanchipuram, Tamil Nadu, 631552",M.D. (PHYSIOLOGY),Open,OBC,Allotted
2693,183756,All India,"Govt. Medical College, Jammu,Govt. Medical College, Bakshi Nagar, Jamu, Jammu And Kashmir, 180001",MD/MS (Anatomy),OBC,OBC,Allotted
2694,184306,All India,"GUNTUR MEDICAL COLLEGE,GUNTUR MEDICAL COLLEGE, Andhra Pradesh, 522004",M.D. (GENERAL MEDICINE),OBC PwD,OBC PwD,Allotted
2695,184328,Management/Paid Seats Quota,"MGM Medical College, Navi Mumbai,MGM Medical College, Sector1, Plot 1-2, Kamothe, Navi Mumbai-, Maharashtra, 410209",M.D. (BIOCHEMISTRY),Open,General,Allotted
2696,184457,Management/Paid Seats Quota,"Saveetha Medical College Nd Hospital,Saveetha Medical College and Hospital, Tamil Nadu, 602105",MD/MS (Anatomy),Open,OBC,Allotted
2697,184836,All India,"Government Medical College, Siddipet,SURVEY NO 54 GOVERNMENT MEDICAL COLLEGE ENSANPALLY SIDDIPET 502114, Telangana, 502114",M.D. (BIOCHEMISTRY),SC,SC,Allotted
2698,184974,All India,"Guru Gobind Singh Medical College,Guru Gobind Singh Medical College, Punjab, 151203",MD/MS (Anatomy),OBC,OBC,Allotted
2699,185006,All India,"GOVT. MEDICAL COLLEGE, THIRUVANANTHAPURAM,GOVT. MEDICAL COLLEGE, THIRUVANANTHAPURAM, Kerala, 695011",M.D. (PHARMACOLOGY),ST,ST,Allotted
2700,185010,Management/Paid Seats Quota,"Sri Ramachandra Medical College and Research Institute,Sri Ramachandra Medical College and Research Institute, Tamil Nadu, 600116",MD/MS (Anatomy),Open,OBC,Allotted
2701,185011,Management/Paid Seats Quota,"Bharati Vidyapeeth Deemed to be University Medical College,Pune,Bharati Vidyapeeth Deemed to be University Medical College, Dhankawadi, Pune Satara Road, Pune, Maharashtra, 411043",M.D. (PHARMACOLOGY),Open,OBC,Allotted
2702,185186,All India,"Mahatma Gandhi Memorial Medical College, Indore,Mahatma Gandhi Memorial Medical College, Indore, Madhya Pradesh, 452001",MD/MS (Anatomy),SC,SC,Allotted
2703,185191,All India,"JAWAHAR LAL NEHRU MEDICAL COLLEGE, AJMER,NEAR PATEL STADIUM, AJMER, Rajasthan, 305001",M.D. (BIOCHEMISTRY),SC,SC,Allotted
2704,185213,All India,"Shri Vasantrao Naik Govt Medical College Yavatmal,Shri Vasantrao Naik Govt Medical College Yavatmal, Maharashtra, 445001",M.D. (BIOCHEMISTRY),ST,ST,Allotted
2705,185235,Delhi University Quota,"Lady Hardinge Medical College,Lady Hardinge Medical College, Delhi (NCT), 110001",M.D. (FORENSIC MEDICINE),SC,SC,Allotted
2706,185288,All India,"TOPIWALA NATIONAL MEDICAL COLLEGE,TOPIWALA NATIONAL MEDICAL COLLEGE B Y L Nair Ch Hospital, Dr. A.L. Nair Rd, Mumbai Central, Mumbai, Maharashtra, 400008",MD/MS (Anatomy),OBC,OBC,Allotted
2707,185315,All India,"Kodagu Institute of Medical Sciences, Karnataka,Kodagu Institute of Medical Sciences Madikeri Kodagu, Karnataka, 571201",MD/MS (Anatomy),OBC,OBC,Allotted
2708,185387,All India,"Rajarshee Chhatrapati Shahu Maharaj Government Medical College, Kolhapur,R.K. Nagar Road, Shenda Park, Kolhapur, Maharashtra, Maharashtra, 416012",MD/MS (Anatomy),OBC,OBC,Allotted
2709,185418,All India,"Silchar Medical College, Silchar,Silchar Medical College, Silchar, Assam, 788014",MD/MS (Anatomy),OBC,OBC,Allotted
2710,185435,All India,"Government Medical College, Surat,Government Medical College, Majuragate, Surat., Gujarat, 395001",MD/MS (Anatomy),SC,SC,Allotted
2711,185447,All India,"GOVERNMENT THOOTHUKUDI MEDICAL COLLEGE, THOOTHUKUDI,GOVERNMENT THOOTHUKUDI MEDICAL COLLEGE, 3rd Mile,Kamaraj Nagar,Thoothukudi., Tamil Nadu, 628008",M.D. (Emergency and Critical Care)/M.D. (Emergency Medicine),OBC PwD,OBC PwD,Allotted
2712,185671,All India,"Srirama Chandra Bhanja Medical College, CUTTACK,Srirama Chandra Bhanja Medical College, CUTTACK, Odisha, 753007",MD/MS (Anatomy),OBC,OBC,Allotted
2713,185953,DNB Quota,"Sheth Vadilal Sarabhai General Hospital and Sheth Chinai Prasuti Hospital, Gujarat,SHETH VADILAL SARABHAI GENERAL HOSPITAL AND SHETH CHINAI PRASUTI HOSPITAL ELLISBRIDGE AHMEDABAD, Gujarat, 380006",(NBEMS) MICROBIOLOGY,SC,SC,Allotted
2714,186335,DNB Quota,"District Hospital, ,District Hospital Next to Sainik School second gate Athani Road, Vijayapura Karnataka 586103, Karnataka, 586103",(NBEMS-DIPLOMA) ANAESTHESIOLOGY,ST,ST,Allotted
2715,186506,All India,"Mahatma Gandhi Memorial Medical College, Jamshedpur,Mahatma Gandhi Memorial Medical College, Jamshedpur, Jharkhand, 831020",MD/MS (Anatomy),SC,SC,Allotted
2716,186602,All India,"Dr. Sampurnanand Medical College (SNMC), JODHPUR,Dr. Sampurnanand Medical College (SNMC), JODHPUR, Rajasthan, 342001",M.D. (PHYSIOLOGY),SC,SC,Allotted
2717,186614,Management/Paid Seats Quota,"Vinayaka Missions Kirupananda Variyar Medical College and Hospital, Salem,Sankari Main Road, NH-47, Seeragapadi, Salem, Tamil Nadu, 636308",M.D. (BIOCHEMISTRY),Open,OBC,Allotted
2718,186631,All India,"Government Medical College, Ratlam,Gram Banjali, Sailana Road, NH927A, Madhya Pradesh 457001, India, Madhya Pradesh, 457001",M.D. (BIOCHEMISTRY),SC,SC,Allotted
2719,186679,All India,"KING GEORGES MEDICAL UNIVERSITY,KING GEORGES MEDICAL UNIVERSITY, Shahmeena Road, Chowk, Lucknow-226003, Uttar Pradesh, 226003",M.D. (PHYSIOLOGY),ST,ST,Allotted
2720,186757,Management/Paid Seats Quota,"JSS Medical College, Mysuru,JSS Medical Institutions Campus Sri Shivarathreeshwara Nagar Bannimantap Mysuru, Karnataka, 570015",MD/MS (Anatomy),Open,OBC,Allotted
2721,187127,Management/Paid Seats Quota,"Meenakshi Medical College Hospital and Research Institute, Kanchipuram,Meenakshi Medical College Hospital and Research Institute, Kanchipuram, Tamil Nadu, 631552",M.D. (BIOCHEMISTRY),Open,General,Allotted
2722,187312,All India,"DR. SHANKARRAO CHAVAN GOVERNMENT MEDICAL COLLEGE, NANDED,DR. SHANKARRAO CHAVAN GOVERNMENT MEDICAL COLLEGE, VISHNUPURI, NANDED, Maharashtra, 431606",M.D. (PHYSIOLOGY),SC,SC,Allotted
2723,187467,All India,"Shri Vasantrao Naik Govt Medical College Yavatmal,Shri Vasantrao Naik Govt Medical College Yavatmal, Maharashtra, 445001",M.D. (PREVENTIVE and SOCIAL MEDICINE)/ COMMUNITY MEDICINE,EWS,EWS,Allotted
2724,187480,All India,"Govt. Medical College, Bhavnagar,Near. S.T. Bus Stand,Jail Road, Bhavnagar-364001, Gujarat, 364001",M.D. (PHYSIOLOGY),SC,SC,Allotted
2725,187596,Management/Paid Seats Quota,"SBKS Medical College and Research Centre, Vadodara,SBKS Medical Institute and Research Centre, Sumandeep Vidyapeeth, Piparia, Waghodia Rd, Vadodara, Gujarat, 391760",M.D. (PHYSIOLOGY),Open,General,Allotted
2726,187597,Management/Paid Seats Quota,"Chettinad Hospital and Research Institute,Rajiv Gandhi Salai, Kelambakkam, Chengalpattu District, Tamil Nadu, 603103",M.D. (PHYSIOLOGY),Open,OBC,Allotted
2727,187679,DNB Quota,"Government Medical College and Bangur Hospital, Nh62 Sumerpur Road Village Ramasiya Pali Rajasthan , Rajasthan-306401,Government Medical College and Bangur Hospital Nh62 Sumerpur Road Village Ramasiya Pali Rajasthan Ra, Rajasthan, 306401",(NBEMS-DIPLOMA) FAMILY MEDICINE,ST,ST,Allotted
2728,187684,All India,"ANUGRAH NARAYAN MAGADH MEDICAL COLLEGE,ANUGRAH NARAYAN MAGADH MEDICAL COLLEGE, Bihar, 823001",M.D. (PHARMACOLOGY),ST,ST,Allotted
2729,187794,All India,"Sawai Man Singh Medical College, JAIPUR,Sawai Man Singh Medical College, JLN Marg, Jaipur-302004, Rajasthan, 302004",MD/MS (Anatomy),SC,SC,Allotted
2730,187811,Management/Paid Seats Quota,"MGM Medical College, Navi Mumbai,MGM Medical College, Sector1, Plot 1-2, Kamothe, Navi Mumbai-, Maharashtra, 410209",M.D. (BIOCHEMISTRY),Open,General,Allotted
2731,187840,All India,"BIDAR INSTITUTE OF MEDICAL SCIENCES, BIDAR,BIDAR INSTITUTE OF MEDICAL SCIENCES, BIDAR, Karnataka, 585401",MD/MS (Anatomy),SC,SC,Allotted
2732,187864,All India,"SWAMI RAMANAND TEERTH RURAL GOVERNMENT MEDICAL COLLEGE AMBAJOGAI,SWAMI RAMANAND TEERTH RURAL GOVERNMENT MEDICAL COLLEGE AMBAJOGAI, Maharashtra, 431517",M.D. (BIOCHEMISTRY),SC,SC,Allotted
2733,188021,Management/Paid Seats Quota,"Vinayaka Missions Kirupananda Variyar Medical College and Hospital, Salem,Sankari Main Road, NH-47, Seeragapadi, Salem, Tamil Nadu, 636308",M.D. (PHYSIOLOGY),Open,OBC,Allotted
2734,188023,Management/Paid Seats Quota,"JSS Medical College, Mysuru,JSS Medical Institutions Campus Sri Shivarathreeshwara Nagar Bannimantap Mysuru, Karnataka, 570015",M.D. (PHYSIOLOGY),Open,OBC,Allotted
2735,188262,Management/Paid Seats Quota,"Hamdard Institute of Medical Sciences and Research,HIMSR, Jamia Hamdard, Guru Ravidas Marg, Hamdard Nagar, New Delhi, Delhi (NCT), 110062",M.D. (BIOCHEMISTRY),Open,OBC,Allotted
2736,188322,Management/Paid Seats Quota,"DR. D. Y. PATIL MEDICAL COLLEGE, PUNE,Dr. D. Y. Patil Medical College, Hospital and Research Centre, Sant Tukaram Nagar, Pimpri, Pune., Maharashtra, 411018",M.D. (PHARMACOLOGY),Open,OBC,Allotted
2737,188335,Management/Paid Seats Quota,"SHRI. B. M. PATIL MEDICAL COLLEGE HOSPITAL AND RESEARCH CENTRE,SHRI. B. M. PATIL MEDICAL COLLEGE HOSPITAL AND RESEARCH CENTRE, SOLAPUR ROAD, VIJAYAPURA, Karnataka, 586103",M.D. (PHYSIOLOGY),Open,General,Allotted
2738,188338,All India,"GAJRA RAJA MEDICAL COLLEGE GWALIOR,GAJRA RAJA MEDICAL COLLEGE GWALIOR, Madhya Pradesh, 474009",MD/MS (Anatomy),SC,SC,Allotted
2739,188364,All India,"Government Medical College, Surat,Government Medical College, Majuragate, Surat., Gujarat, 395001",MD/MS (Anatomy),ST,ST,Allotted
2740,188440,All India,"Shaheed Hasan Khan Mewati Government Medical College,Shaheed Hasan Khan Mewati Government Medical College, Haryana, 122107",MD/MS (Anatomy),SC,SC,Allotted
2741,188547,Management/Paid Seats Quota,"SBKS Medical College and Research Centre, Vadodara,SBKS Medical Institute and Research Centre, Sumandeep Vidyapeeth, Piparia, Waghodia Rd, Vadodara, Gujarat, 391760",M.D. (PHYSIOLOGY),Open,General,Allotted
2742,188560,Management/Paid Seats Quota,"A.C.S. Medical College and Hospital,A.C.S. Medical College and Hospital, Tamil Nadu, 600077",M.D. (BIOCHEMISTRY),Open,OBC,Allotted
2743,188731,All India,"Jorhat Medical College & Hospital,Jorhat Medical College & Hospital, Assam, 785001",M.D. (PHYSIOLOGY),SC,SC,Allotted
2744,188826,Management/Paid Seats Quota,"Bharati Vidyapeeth (Deemed to be University) Medical College and Hospital, Sangli,Bharati Vidyapeeth (Deemed to be University) Medical College and Hospital, Sangli, Maharashtra, 416416",MD/MS (Anatomy),Open,OBC,Allotted
2745,188963,Management/Paid Seats Quota,"A.C.S. Medical College and Hospital,A.C.S. Medical College and Hospital, Tamil Nadu, 600077",M.D. (BIOCHEMISTRY),Open,OBC,Allotted
2746,189069,All India,"Government Medical College Srinagar,Administrative Block Government Medical College Karan Nagar Srinagar, Jammu And Kashmir, 190010",MD/MS (Anatomy),SC,SC,Allotted
2747,189083,All India,"NETAJI SUBHASH CHANDRA BOSE MEDICAL COLLEGE, JABALPUR ,NETAJI SUBHASH CHANDRA BOSE MEDICAL COLLEGE, NAGPUR ROAD JABALPUR, Madhya Pradesh, 482003",MD/MS (Anatomy),SC,SC,Allotted
2748,189114,All India,"GADAG INSTITUTE OF MEDICAL SCIENCES GADAG,Gadag Institute of Medical Sciences Mallasamudra Gadag-582103, Karnataka, 582103",MD/MS (Anatomy),SC,SC,Allotted
2749,189137,Management/Paid Seats Quota,"Hamdard Institute of Medical Sciences and Research,HIMSR, Jamia Hamdard, Guru Ravidas Marg, Hamdard Nagar, New Delhi, Delhi (NCT), 110062",MD/MS (Anatomy),Open,OBC,Allotted
2750,189166,Management/Paid Seats Quota,"AMRITA SCHOOL OF MEDICINE,Kochi,AMRITA SCHOOL OF MEDICINE,Kochi, Kerala, 682041",M.D. (PHYSIOLOGY),Open,OBC,Allotted
2751,189182,All India,"Government Medical College Kota,Government Medical College Kota, Rajasthan, 324005",MD/MS (Anatomy),SC,SC,Allotted
2752,189627,Management/Paid Seats Quota,"Kasturba Medical College Mangalore, Manipal Academy of Higher Education, Mangalore,Kasturba Medical College Mangalore, Manipal Academy of Higher Education, Mangalore, Karnataka, 575001",M.D. (BIOCHEMISTRY),Open,General,Allotted
2753,189639,Management/Paid Seats Quota,"Mahatma Gandhi Medical College and Research Institute, Pondicherry,SBV Pondicherry Campus, Pillaiyarkuppam, Pondicherry, Puducherry, 607402",MD/MS (Anatomy),Open,OBC,Allotted
2754,189736,All India,"Ravindra Nath Tagore Medical College, Udaipur,Ravindra Nath Tagore Medical College, Udaipur, Rajasthan, 313001",M.D. (PHYSIOLOGY),SC,SC,Allotted
2755,189814,All India,"Indira Gandhi Institute of Medical Sciences, Patna,Indira Gandhi Institute of Medical Sciences, Patna, Bihar, 800014",M.S. (OPHTHALMOLOGY),Open PwD,GNYes,Allotted
2756,189837,Management/Paid Seats Quota,"DR. D. Y. PATIL MEDICAL COLLEGE, PUNE,Dr. D. Y. Patil Medical College, Hospital and Research Centre, Sant Tukaram Nagar, Pimpri, Pune., Maharashtra, 411018",M.D. (PHARMACOLOGY),Open,OBC,Allotted
2757,190023,All India,"GOVT MEDICAL COLLEGE, ANANTAPURAMU,GOVT MEDICAL COLLEGE, ANANTAPURAMU, Andhra Pradesh, 515001",M.D. (FORENSIC MEDICINE),EWS,EWS,Allotted
2758,190115,All India,"Karnataka Institute of Medical Sciences, Hubballi,Karnataka Institute of Medical Sciences, Hubballi, Karnataka, 580021",M.D. (BIOCHEMISTRY),SC,SC PwD,Allotted
2759,190144,DNB Quota,"Associated Hospital Government Medical College, ,Government Medical College Chack Sajjan Kathua, Jammu And Kashmir, 184101",(NBEMS) Anatomy,SC,SC,Allotted
2760,190263,All India,"Government Medical College, Datia,Near 29 Batallion, National Highway 44, Dist Datia, Madhya Pradesh Pin - 475661, Madhya Pradesh, 475661",M.D. (PHYSIOLOGY),SC,SC,Allotted
2761,190301,All India,"Government Medical College, Pali Rajasthan.,NH-62,Sumerpur Road,Village Ramasiya,Hemawas,Pali, Rajasthan, Rajasthan, 306401",M.D. (PHYSIOLOGY),SC,SC,Allotted
2762,190338,All India,"Rajarshee Chhatrapati Shahu Maharaj Government Medical College, Kolhapur,R.K. Nagar Road, Shenda Park, Kolhapur, Maharashtra, Maharashtra, 416012",M.D. (MICROBIOLOGY),ST,ST,Allotted
2763,190540,All India,"Dr. Rajendra Prasad Government Medical College, Tanda,Dr. Rajendra Prasad Government Medical College, Tanda, Himachal Pradesh, 176002",M.D. (BIOCHEMISTRY),ST,ST,Allotted
2764,190589,Management/Paid Seats Quota,"AARUPADAI VEEDU MEDICAL COLLEGE AND HOSPITAL,PONDY - CUDDALORE MAIN ROAD, KIRUMAMPAKKAM, BAHOUR COMMUNE PANCHAYAT, PUDUCHERRY, Puducherry, 607402",MD/MS (Anatomy),Open,SC,Allotted
2765,190624,All India,"SHYAM SHAH MEDICAL COLLEGE,deanmcrewa@rediffmail.com, Madhya Pradesh, 486001",M.D. (PHYSIOLOGY),SC,SC,Allotted
2766,191036,All India,"INDIRA GANDHI GOVT.MEDICAL COLLEGE NAGPUR,INDIRA GANDHI GOVT.MEDICAL COLLEGE NAGPUR, Maharashtra, 440018",M.D. (FORENSIC MEDICINE),EWS,EWS,Allotted
2767,191053,All India,"Government Medical College, Nizamabad, Telangana State,Government Medical College, Nizamabad, Telangana State, Telangana, 503001",MD/MS (Anatomy),SC,SC,Allotted
2768,191238,All India,"SHYAM SHAH MEDICAL COLLEGE,deanmcrewa@rediffmail.com, Madhya Pradesh, 486001",M.D. (PHYSIOLOGY),SC,SC,Allotted
2769,191279,Delhi University Quota,"Maulana Azad Medical College,Maulana Azad Medical College, Delhi (NCT), 110002",M.D. (MICROBIOLOGY),Open,ST,Allotted
2770,191424,All India,"Government Medical College, Nalgonda,Office of the Principal, Government Medical College Nalgonda, Near RTC Bus Stand, Gollaguda, Nalgon, Telangana, 508001",MD/MS (Anatomy),SC,SC,Allotted
2771,191454,All India,"Govt. Medical College, Bhavnagar,Near. S.T. Bus Stand,Jail Road, Bhavnagar-364001, Gujarat, 364001",MD/MS (Anatomy),ST,ST,Allotted
2772,191480,Management/Paid Seats Quota,"Sri Ramachandra Medical College and Research Institute,Sri Ramachandra Medical College and Research Institute, Tamil Nadu, 600116",MD/MS (Anatomy),Open,General,Allotted
2773,191871,All India,"JAWAHAR LAL NEHRU MEDICAL COLLEGE, AJMER,NEAR PATEL STADIUM, AJMER, Rajasthan, 305001",M.D. (PHYSIOLOGY),SC,SC,Allotted
2774,192053,Management/Paid Seats Quota,"SRI DEVARAJ URS MEDICAL COLLEGE, TAMAKA,Tamaka, Kolar, Karnataka, 563103",M.D. (PHYSIOLOGY),Open,General,Allotted
2775,192217,All India,"Atal Bihari Vajpayee Government Medical College, Vidisha,NH 86 INFRONT OF KHEL PARISAR SANCHI ROAD VIDISHA MP, Madhya Pradesh, 464001",M.D. (PHYSIOLOGY),ST,ST,Allotted
2776,192501,Management/Paid Seats Quota,"SREE BALAJI MEDICAL COLLEGE AND HOSPITAL, CHENNAI,NO,7 WORKS ROAD,CHROMEPET,CHENNAI, Tamil Nadu, 600044",MD/MS (Anatomy),Open,General,Allotted
2777,192535,All India,"GOVERNMENT MEDICAL COLLEGE CHANDRAPUR, MAHARASHTRA,TB Hospital Campus, Ram Nagar, Chandrapur - 442401, Maharashtra, 442401",MD/MS (Anatomy),SC,SC,Allotted
2778,192604,Management/Paid Seats Quota,"Kasturba Medical College Mangalore, Manipal Academy of Higher Education, Mangalore,Kasturba Medical College Mangalore, Manipal Academy of Higher Education, Mangalore, Karnataka, 575001",M.D. (PHYSIOLOGY),Open,OBC,Allotted
2779,192623,Management/Paid Seats Quota,"Pravara Rural Medical College, Loni,Dr. Balasaheb Vikhe Patil Rural Medical College (Formerly Called As Rural Medical College, Loni), Maharashtra, 413736",M.D. (PHARMACOLOGY),Open,General,Allotted
2780,192672,Management/Paid Seats Quota,"Bharati Vidyapeeth Deemed to be University Medical College,Pune,Bharati Vidyapeeth Deemed to be University Medical College, Dhankawadi, Pune Satara Road, Pune, Maharashtra, 411043",M.D. (PHARMACOLOGY),Open,General,Allotted
2781,192827,All India,"EMPLOYEES STATE INSURANCE CORPORATION MEDICAL COLLEGE AND PGIMSR,EMPLOYEES STATE INSURANCE CORPORATION MEDICAL COLLEGE AND PGIMSR, Karnataka, 560010",MD/MS (Anatomy),SC,SC,Allotted
2782,192865,All India,"Guru Gobind Singh Medical College,Guru Gobind Singh Medical College, Punjab, 151203",M.D. (PHYSIOLOGY),SC,SC,Allotted
2783,193026,Management/Paid Seats Quota,"Jawaharlal Nehru Medical College, Sawangi (Meghe), Wardha-,Jawaharlal Nehru Medical College, Sawangi (Meghe), Wardha-442107, Maharashtra, 442107",M.D. (PHARMACOLOGY),Open,OBC,Allotted
2784,193045,All India,"Government medical college patiala.,Government medical college patiala., Punjab, 147001",MD/MS (Anatomy),SC,SC,Allotted
2785,193070,Management/Paid Seats Quota,"Pravara Rural Medical College, Loni,Dr. Balasaheb Vikhe Patil Rural Medical College (Formerly Called As Rural Medical College, Loni), Maharashtra, 413736",M.D. (PHARMACOLOGY),Open,OBC,Allotted
2786,193138,Management/Paid Seats Quota,"DR. D. Y. PATIL MEDICAL COLLEGE, PUNE,Dr. D. Y. Patil Medical College, Hospital and Research Centre, Sant Tukaram Nagar, Pimpri, Pune., Maharashtra, 411018",M.D. (PHYSIOLOGY),Open,General,Allotted
2787,193151,Management/Paid Seats Quota,"Chettinad Hospital and Research Institute,Rajiv Gandhi Salai, Kelambakkam, Chengalpattu District, Tamil Nadu, 603103",MD/MS (Anatomy),Open,General,Allotted
2788,193301,Management/Paid Seats Quota,"M.M. Institute of Medical Sciences and Research, Ambala,M.M. Institute of Medical Sciences and Research, Ambala, Haryana, 133207",M.D. (BIOCHEMISTRY),Open,General,Allotted
2789,193346,All India,"Indira Gandhi Medical College Shimla,Indira Gandhi Medical College Shimla, Himachal Pradesh, 171001",MD/MS (Anatomy),SC,SC,Allotted
2790,193372,All India,"SHYAM SHAH MEDICAL COLLEGE,deanmcrewa@rediffmail.com, Madhya Pradesh, 486001",MD/MS (Anatomy),SC,SC,Allotted
2791,193704,All India,"Rajiv Gandhi Institute of Medical Sciences Srikakulam,Government Medical College Srikakulam Balaga Srikakulam Town Srikakulam District, Andhra Pradesh, 532001",M.D. (PHYSIOLOGY),SC,SC,Allotted
2792,193714,Muslim Minority Quota,"Hamdard Institute of Medical Sciences and Research,HIMSR, Jamia Hamdard, Guru Ravidas Marg, Hamdard Nagar, New Delhi, Delhi (NCT), 110062",MD/MS (Anatomy),Open,General,Allotted
2793,193834,All India,"Kakatiya Medical College,Kakatiya Medical College, Telangana, 506007",M.D. (BIOCHEMISTRY),ST,ST,Allotted
2794,193898,All India,"MEDICAL COLLEGE, KOLKATA,MEDICAL COLLEGE, KOLKATA, West Bengal, 700073",M.D. (Tuberculosis and Respiratory diseases)/Pulmonary Medicine /M.D. (Respiratory Medicine),Open PwD,GNYes,Allotted
2795,193984,All India,"Regional Institute of Medical Sciences, Imphal,Regional Institute of Medical Sciences, Imphal, Lamphelpat, Manipur, 795004",M.D. (PREVENTIVE and SOCIAL MEDICINE)/ COMMUNITY MEDICINE,EWS,EWS,Allotted
2796,193999,All India,"VIJANAGARA INSTITUTE OF MEDICAL SCIENCES BALLARI,VIJANAGARA INSTITUTE OF MEDICAL SCIENCES BALLARI, Karnataka, 583104",MD/MS (Anatomy),SC,SC,Allotted
2797,194064,Management/Paid Seats Quota,"Kasturba Medical College Mangalore, Manipal Academy of Higher Education, Mangalore,Kasturba Medical College Mangalore, Manipal Academy of Higher Education, Mangalore, Karnataka, 575001",M.D. (PHYSIOLOGY),Open,General,Allotted
2798,194259,All India,"Karwar Institute of Medical Sciences, Karnataka,MG Road, Karnataka, 581301",M.D. (BIOCHEMISTRY),SC,SC,Allotted
2799,194336,All India,"Mahatma Gandhi Institute of Medical Sciences, Wardha,Mahatma Gandhi Institute of Medical Sciences, Sevagram, Wardha, Maharashtra, 442102",M.D. (PHARMACOLOGY),EWS,EWS,Allotted
2800,194368,Management/Paid Seats Quota,"SBKS Medical College and Research Centre, Vadodara,SBKS Medical Institute and Research Centre, Sumandeep Vidyapeeth, Piparia, Waghodia Rd, Vadodara, Gujarat, 391760",MD/MS (Anatomy),Open,General,Allotted
2801,194371,Management/Paid Seats Quota,"DR. D. Y. PATIL MEDICAL COLLEGE, PUNE,Dr. D. Y. Patil Medical College, Hospital and Research Centre, Sant Tukaram Nagar, Pimpri, Pune., Maharashtra, 411018",M.D. (PHARMACOLOGY),Open,General,Allotted
2802,194523,All India,"NSC Government Medical College, Khandwa (MP),LUV KUSH NAGAR,MUNDI NAGAR, KHANDWA, Madhya Pradesh, 450001",M.D. (PAEDIATRICS),OBC PwD,OBC PwD,Allotted
2803,194709,All India,"Grant Medical College, Maharashtra,Grant Medical College, Maharashtra, Maharashtra, 400008",MD/MS (Anatomy),SC,SC,Allotted
2804,194814,Management/Paid Seats Quota,"Rajarajeswari Medical College and Hospital,No. 202, Kambipura, Mysore Road, Bengaluru, Karnataka, 560074",M.D. (BIOCHEMISTRY),Open,OBC,Allotted
2805,195042,All India,"MANDYA INSTITUTE OF MEDICAL SCIENCES,MANDYA INSTITUTE OF MEDICAL SCIENCES MANDYA, Karnataka, 571401",M.D. (BIOCHEMISTRY),SC,SC,Allotted
2806,195153,All India,"Uttar Pradesh University of Medical Sciences, Saifai, Etawah,Uttar Pradesh University of Medical Sciences, Saifai, Etawah, Uttar Pradesh, 206130",MD/MS (Anatomy),ST,ST,Allotted
2807,195415,DNB Quota,"GMERS Medical College and Hospital, ,paddoc road, near majewadi gate, junagadh, Gujarat, 362001",(NBEMS) MICROBIOLOGY,EWS,EWS,Allotted
2808,195496,All India,"JAWAHAR LAL NEHRU MEDICAL COLLEGE, AJMER,NEAR PATEL STADIUM, AJMER, Rajasthan, 305001",MD/MS (Anatomy),SC,SC,Allotted
2809,195704,Management/Paid Seats Quota,"Bharati Vidyapeeth (Deemed to be University) Medical College and Hospital, Sangli,Bharati Vidyapeeth (Deemed to be University) Medical College and Hospital, Sangli, Maharashtra, 416416",M.D. (PHARMACOLOGY),Open,OBC,Allotted
2810,195723,All India,"GADAG INSTITUTE OF MEDICAL SCIENCES GADAG,Gadag Institute of Medical Sciences Mallasamudra Gadag-582103, Karnataka, 582103",M.D. (BIOCHEMISTRY),ST,ST,Allotted
2811,195763,All India,"College of Medicine and JNM Hospital, WBUHS,Block A, Post Office Kalyani, Near Silpanchal Station, Block A2, District Nadia, West Bengal, West Bengal, 741235",M.D. (PHYSIOLOGY),ST,ST,Allotted
2812,195810,Management/Paid Seats Quota,"Chettinad Hospital and Research Institute,Rajiv Gandhi Salai, Kelambakkam, Chengalpattu District, Tamil Nadu, 603103",MD/MS (Anatomy),Open,OBC,Allotted
2813,195927,Management/Paid Seats Quota,"SRI DEVARAJ URS MEDICAL COLLEGE, TAMAKA,Tamaka, Kolar, Karnataka, 563103",M.D. (BIOCHEMISTRY),Open,General,Allotted
2814,196047,All India,"Maharaja Krushna Chandra Gajapati Medical College , Brahmapur,Maharaja Krushna Chandra Gajapati Medical College , Brahmapur, Odisha, 760004",MD/MS (Anatomy),SC,SC,Allotted
2815,196062,Management/Paid Seats Quota,"Meenakshi Medical College Hospital and Research Institute, Kanchipuram,Meenakshi Medical College Hospital and Research Institute, Kanchipuram, Tamil Nadu, 631552",MD/MS (Anatomy),Open,OBC,Allotted
2816,196104,All India,"Andhra Medical College,Andhra Medical College, Andhra Pradesh, 530002",M.D. (PHYSIOLOGY),ST,ST,Allotted
2817,196185,Management/Paid Seats Quota,"Jawaharlal Nehru Medical College, Belagavi,Jawaharlal Nehru Medical College, Belagavi, Karnataka, 590010",MD/MS (Anatomy),Open,OBC,Allotted
2818,196195,Management/Paid Seats Quota,"Santosh Medical College and Hospital, Ghaziabad, NCR Delhi,Santosh Medical College and Hospital, Ghaziabad, Delhi NCR, Uttar Pradesh, 201009",MD/MS (Anatomy),Open,General,Allotted
2819,196283,All India,"KING GEORGES MEDICAL UNIVERSITY,KING GEORGES MEDICAL UNIVERSITY, Shahmeena Road, Chowk, Lucknow-226003, Uttar Pradesh, 226003",MD/MS (Anatomy),ST,ST,Allotted
2820,196410,Management/Paid Seats Quota,"Bharati Vidyapeeth (Deemed to be University) Medical College and Hospital, Sangli,Bharati Vidyapeeth (Deemed to be University) Medical College and Hospital, Sangli, Maharashtra, 416416",M.D. (BIOCHEMISTRY),Open,General,Allotted
2821,196517,All India,"Assam Medical College,Assam Medical College, Assam, 786002",M.D. (PHARMACOLOGY),EWS,EWS,Allotted
2822,196601,Management/Paid Seats Quota,"DR D Y PATIL MEDICAL COLLEGE, NAVI MUMBAI,DR D Y PATIL MEDICAL COLLEGE, NAVI MUMBAI, Maharashtra, 400706",M.D. (BIOCHEMISTRY),Open,General,Allotted
2823,196621,Management/Paid Seats Quota,"Hamdard Institute of Medical Sciences and Research,HIMSR, Jamia Hamdard, Guru Ravidas Marg, Hamdard Nagar, New Delhi, Delhi (NCT), 110062",MD/MS (Anatomy),Open,General,Allotted
2824,196978,All India,"Ravindra Nath Tagore Medical College, Udaipur,Ravindra Nath Tagore Medical College, Udaipur, Rajasthan, 313001",MD/MS (Anatomy),SC,SC,Allotted
2825,197010,Management/Paid Seats Quota,"MGM Medical College, Aurangabad,MGM Medical College, Aurangabad, Maharashtra, 431003",M.D. (PHYSIOLOGY),Open,General,Allotted
2826,197059,Banaras Hindu University,"INSTITUTE OF MEDICAL SCIENCES, BANARAS HINDU UNIVERSITY,INSTITUTE OF MEDICAL SCIENCES, BANARAS HINDU UNIVERSITY, Uttar Pradesh, 221005",M.S. (ORTHOPAEDICS),OBC,OBC,Allotted
2827,197125,Management/Paid Seats Quota,"Bharati Vidyapeeth Deemed to be University Medical College,Pune,Bharati Vidyapeeth Deemed to be University Medical College, Dhankawadi, Pune Satara Road, Pune, Maharashtra, 411043",M.D. (PHYSIOLOGY),Open,OBC,Allotted
2828,197208,DNB Quota,"Government Medical College and Associated Hospital,,JANGLAT MANDI ANANTNAG, JAMMU AND KASHMIR 192101, Jammu And Kashmir, 192101",(NBEMS-DIPLOMA) FAMILY MEDICINE,ST,ST,Allotted
2829,197218,Management/Paid Seats Quota,"Jawaharlal Nehru Medical College, Belagavi,Jawaharlal Nehru Medical College, Belagavi, Karnataka, 590010",MD/MS (Anatomy),Open,SC,Allotted
2830,197296,All India,"GOVERNMENT MEDICAL COLLEGE CHANDRAPUR, MAHARASHTRA,TB Hospital Campus, Ram Nagar, Chandrapur - 442401, Maharashtra, 442401",M.D. (FORENSIC MEDICINE),EWS,EWS,Allotted
2831,197301,Delhi University Quota,"University College of Medical Sciences,University College of Medical Sciences, Delhi (NCT), 110095",M.D. (FORENSIC MEDICINE),Open,OBC,Allotted
2832,197315,Management/Paid Seats Quota,"Bharati Vidyapeeth (Deemed to be University) Medical College and Hospital, Sangli,Bharati Vidyapeeth (Deemed to be University) Medical College and Hospital, Sangli, Maharashtra, 416416",M.D. (PHYSIOLOGY),Open,OBC,Allotted
2833,197596,Management/Paid Seats Quota,"KRISHNA INSTITUTE OF MEDICAL SCIENCES, KARAD,KRISHNA INSTITUTE OF MEDICAL SCIENCES, KARAD, Maharashtra, 415110",MD/MS (Anatomy),Open,General,Allotted
2834,197729,All India,"Kalpana Chawla Govt Medical College, Karnal, Haryana,Kalpana Chawla Government Medical College Model Town Karnal 132001 Haryana, Haryana, 132001",MD/MS (Anatomy),SC,SC,Allotted
2835,197757,Management/Paid Seats Quota,"Santosh Medical College and Hospital, Ghaziabad, NCR Delhi,Santosh Medical College and Hospital, Ghaziabad, Delhi NCR, Uttar Pradesh, 201009",MD/MS (Anatomy),Open,OBC,Allotted
2836,197872,All India,"JHALAWAR MEDICAL COLLEGE,JHALAWAR MEDICAL COLLEGE, JHALAWAR, Rajasthan, 326001",MD/MS (Anatomy),SC,SC,Allotted
2837,198116,All India,"Sawai Man Singh Medical College, JAIPUR,Sawai Man Singh Medical College, JLN Marg, Jaipur-302004, Rajasthan, 302004",M.D. (PHYSICAL MED. and REHABILITATION),Open PwD,GNYes,Allotted
2838,198177,All India,"Chittaranjan Seva Sadan Hospital,37, S.P. MUKHERJEE ROAD, KOLKATA, West Bengal, 700026",M.D. (PAEDIATRICS),Open PwD,OBC PwD,Allotted
2839,198232,All India,"Government medical college patiala.,Government medical college patiala., Punjab, 147001",MD/MS (Anatomy),SC,SC,Allotted
2840,198352,All India,"Pandit Dindayal Upadhyay Medical College, RAJKOT,Pandit Dindayal Upadhyay Medical College, RAJKOT, Gujarat, 360001",MD/MS (Anatomy),SC,SC,Allotted
2841,198366,All India,"PATNA MEDICAL COLLEGE, PATNA,PATNA MEDICAL COLLEGE, PATNA, Bihar, 800004",M.D. (BIOCHEMISTRY),ST,ST,Allotted
2842,198463,All India,"Karwar Institute of Medical Sciences, Karnataka,MG Road, Karnataka, 581301",MD/MS (Anatomy),SC,SC,Allotted
2843,198520,Management/Paid Seats Quota,"AARUPADAI VEEDU MEDICAL COLLEGE AND HOSPITAL,PONDY - CUDDALORE MAIN ROAD, KIRUMAMPAKKAM, BAHOUR COMMUNE PANCHAYAT, PUDUCHERRY, Puducherry, 607402",MD/MS (Anatomy),Open,General,Allotted
2844,198647,Management/Paid Seats Quota,"Kasturba Medical College Manipal, Manipal Academy Of Higher Education, Manipal,Kasturba Medical College Manipal, Manipal Academy Of Higher Education, Manipal, Karnataka, 576104",M.D. (BIOCHEMISTRY),Open,OBC,Allotted
2845,198712,All India,"Bangalore Medical College and Research Institute,Bangalore Medical College and Research Institute, Karnataka, 560002",M.D. (PHARMACOLOGY),EWS,EWS,Allotted
2846,198804,All India,"Sawai Man Singh Medical College, JAIPUR,Sawai Man Singh Medical College, JLN Marg, Jaipur-302004, Rajasthan, 302004",MD/MS (Anatomy),EWS,EWS,Allotted
2847,198929,All India,"GOVT MEDICAL COLLEGE,THRISSUR,GOVT MEDICAL COLLEGE,THRISSUR, Kerala, 680596",M.S. (ORTHOPAEDICS),Open PwD,OBC PwD,Allotted
2848,199003,All India,"Hinduhridayasamrat Balasaheb Thackeray Medical College and Dr. R. N. Cooper Municipal General Hospital, Maharashtra,HBT Medical College and Dr R N Cooper Municipal General Hospital, Bhaktivedanta Swami Rd, JVPD Schem, Maharashtra, 400056",MD/MS (Anatomy),SC,SC,Allotted
2849,199422,Management/Paid Seats Quota,"A.C.S. Medical College and Hospital,A.C.S. Medical College and Hospital, Tamil Nadu, 600077",MD/MS (Anatomy),Open,OBC,Allotted
2850,199438,Management/Paid Seats Quota,"M.M. Institute of Medical Sciences and Research, Ambala,M.M. Institute of Medical Sciences and Research, Ambala, Haryana, 133207",M.D. (PHYSIOLOGY),Open,OBC,Allotted
2851,199550,All India,"RUHS COLLEGE OF MEDICAL SCIENCES,RUHS COLLEGE OF MEDICAL SCIENCES, Rajasthan, 302033",MD/MS (Anatomy),SC,SC,Allotted
2852,199649,Management/Paid Seats Quota,"A.C.S. Medical College and Hospital,A.C.S. Medical College and Hospital, Tamil Nadu, 600077",MD/MS (Anatomy),Open,General,Allotted
2853,199995,Management/Paid Seats Quota,"Rajarajeswari Medical College and Hospital,No. 202, Kambipura, Mysore Road, Bengaluru, Karnataka, 560074",MD/MS (Anatomy),Open,OBC,Allotted
2854,200012,All India,"SHIMOGA INSTITUTE OF MEDICAL SCIENCES,SHIMOGA INSTITUTE OF MEDICAL SCIENCES, Karnataka, 577201",MD/MS (Anatomy),SC,SC,Allotted
2855,200315,Management/Paid Seats Quota,"JSS Medical College, Mysuru,JSS Medical Institutions Campus Sri Shivarathreeshwara Nagar Bannimantap Mysuru, Karnataka, 570015",M.D. (PHYSIOLOGY),Open,OBC,Allotted
2856,200353,Management/Paid Seats Quota,"DR D Y PATIL MEDICAL COLLEGE, NAVI MUMBAI,DR D Y PATIL MEDICAL COLLEGE, NAVI MUMBAI, Maharashtra, 400706",MD/MS (Anatomy),Open,OBC,Allotted
2857,200435,All India,"NALANDA MEDICAL COLLEGE,PATNA,NALANDA MEDICAL COLLEGE,PATNA, OLD BYPASS KANKARBAGH, Bihar, 800026",M.D. (BIOCHEMISTRY),ST,ST,Allotted
2858,200482,Management/Paid Seats Quota,"M.M. Institute of Medical Sciences and Research, Ambala,M.M. Institute of Medical Sciences and Research, Ambala, Haryana, 133207",M.D. (PHYSIOLOGY),Open,General,Allotted
