sno,rank,quota,institute,course,alloted_category,candidate_category,remarks
1,2952,All India,"MADRAS MEDICAL COLLEGE,EVR PERIYAR SALAI, CHENNAI-03, Tamil Nadu, 600003","M.D. (DERM.,VENE. and LEPROSY)/ (DERMATOLOGY)/(SKIN and VENEREAL DISEASES)/(VENEREOL OGY)",Open,General,Allotted
2,3246,All India,"Kidwai Memorial Institute of Oncolgy,Kidwai Memorial Institute of Oncolgy, Karnataka, 560029",M.D. (RADIO- DIAGNOSIS),Open,EWS,Allotted
3,3478,All India,"Sri Venkateswara Institute of Medical Sciences (SVIMS), A State University estd. by Govt. of A.P.,Sri Venkateswara Institute of Medical Sciences, SVIMS, Alipiri Road, Tirupati, Andhra Pradesh, 517507",M.D. (GENERAL MEDICINE),Open,OBC,Allotted
4,4048,All India,"S.V. Medical College, Tirupathi ,S.V. Medical College, Tirupathi, Andhra Pradesh, 517501",M.D. (GENERAL MEDICINE),Open,General,Allotted
5,4867,All India,"Govt. Medical College, Baroda,Govt. Medical College, Baroda, Gujarat, 390001",M.D. (RADIO- DIAGNOSIS),Open,OBC,Allotted
6,4870,All India,"Government Medical College, Surat,Government Medical College, Majuragate, Surat., Gujarat, 395001",M.D. (RADIO- DIAGNOSIS),Open,General,Allotted
7,4882,All India,"Pandit Dindayal Upadhyay Medical College, RAJKOT,Pandit Dindayal Upadhyay Medical College, RAJKOT, Gujarat, 360001",M.D. (GENERAL MEDICINE),OBC,OBC,Allotted
8,5176,All India,"Karnataka Medical College and Research Institute, Hubballi,Karnataka Medical College and Research Institute, Hubballi Karnataka, 580021","M.D. (DERM.,VENE. and LEPROSY)/ (DERMATOLOGY)/(SKIN and VENEREAL DISEASES)/(VENEREOL OGY)",Open,OBC,Allotted
9,5220,All India,"GANDHI MEDICAL COLLEGE,GANDHI MEDICAL COLLEGE, Telangana, 500003","M.D. (DERM.,VENE. and LEPROSY)/ (DERMATOLOGY)/(SKIN and VENEREAL DISEASES)/(VENEREOL OGY)",OBC,OBC,Allotted
10,5398,All India,"Government Medical College, Surat,Government Medical College, Majuragate, Surat., Gujarat, 395001",M.D. (RADIO- DIAGNOSIS),Open,General,Allotted
11,5527,All India,"ESIC Medical College and PGIMSR,ESIC Medical College and Hospital, KK Nagar, Chennai - 600 078, Tamil Nadu, 600078",M.S. (GENERAL SURGERY),Open,General,Allotted
12,5669,All India,"Kakatiya Medical College,Kakatiya Medical College, Telangana, 506007",M.D. (RADIO- DIAGNOSIS),OBC,OBC,Allotted
13,5681,DNB Quota,"Bangalore Baptist Hospital, ,Bangalore Baptist Hospital, Bellary Road, Hebbal, Bangalore - 560024, Karnataka, 560024",(NBEMS) GENERAL MEDICINE,Open,General,Allotted
14,5718,All India,"S.V. Medical College, Tirupathi ,S.V. Medical College, Tirupathi, Andhra Pradesh, 517501",M.D. (GENERAL MEDICINE),Open,General,Allotted
15,5928,All India,"Siddhartha Medical College, Vijayawada,Siddhartha Medical College, Vijayawada, Andhra Pradesh, 520008","M.D. (DERM.,VENE. and LEPROSY)/ (DERMATOLOGY)/(SKIN and VENEREAL DISEASES)/(VENEREOL OGY)",Open,OBC,Allotted
16,5965,DNB Quota,"Apollo Hospital,,DNB office, 3rd Floor Opp Library Apollo Hospitals, Jubilee Hills, Hyderabad, Telangana, 500033",(NBEMS) RADIO- DIAGNOSIS,Open,EWS,Allotted
17,6225,All India,"Government Medical College, Nizamabad, Telangana State,Government Medical College, Nizamabad, Telangana State, Telangana, 503001",M.D. (RADIO- DIAGNOSIS),Open,General,Allotted
18,6259,All India,"GOVT. MEDICAL COLLEGE, AMRITSAR,GOVT. MEDICAL COLLEGE,CIRCULAR ROAD, AMRITSAR, Punjab, 143001","M.D. (DERM.,VENE. and LEPROSY)/ (DERMATOLOGY)/(SKIN and VENEREAL DISEASES)/(VENEREOL OGY)",OBC,OBC,Allotted
19,6397,All India,"VSS INSTITUTE OF MEDICAL SCIENCES AND RESEARCH,BURLA,VSS INSTITUTE OF MEDICAL SCIENCES AND RESEARCH,BURLA, Odisha, 768017",M.D. (GENERAL MEDICINE),Open,General,Allotted
20,6504,All India,"Government Medical College, Surat,Government Medical College, Majuragate, Surat., Gujarat, 395001",M.D. (RADIO- DIAGNOSIS),OBC,OBC,Allotted
21,6517,All India,"Pt. Raghunath Murmu Medical College & Hospital, Baripada Government,At- Rangamatia, Po- Laxmiposi, PS- Baripada Sadar, Via- Shankhabhanga, Dist- Mayurbhanj, Odisha",M.D. (GENERAL MEDICINE),Open,OBC,Allotted
22,6617,All India,"Government Medical College, Nagpur,Government Medical College, Nagpur, Maharashtra, 440003",M.D. (GENERAL MEDICINE),EWS,EWS,Allotted
23,6656,All India,"North Bengal Medical College,North Bengal Medical College, West Bengal, 734012",M.D. (RADIO- DIAGNOSIS),Open,General,Allotted
24,7354,All India,"ESIC MEDICAL COLLEGE, JOKA,ESI-PGIMSR & ESIC MEDICAL COLLEGE, JOKA, KOLKATA, WEST BENGAL, West Bengal, 700104",M.D. (GENERAL MEDICINE),OBC,OBC,Allotted
25,7474,All India,"Gauhati Medical College, Guwahati,Gauhati Medical College, Guwahati, Assam, 781032",M.D. (GENERAL MEDICINE),Open,OBC,Allotted
26,7606,All India,"Tirunelveli Medical College,THE DEAN, TIRUNELVELI MEDICAL COLLEGE, HIGHGROUND,TIRUNELVELI-11, Tamil Nadu, 627011",M.D. (GENERAL MEDICINE),OBC,OBC,Allotted
27,7716,All India,"Osmania Medical Collge,5-1-876, Turrebaz Khan Rd, Troop Bazaar, Koti, Hyderabad, Telangana, Telangana, 500095",M.D. (PAEDIATRICS),Open,General,Allotted
28,7752,All India,"Tirunelveli Medical College,THE DEAN, TIRUNELVELI MEDICAL COLLEGE, HIGHGROUND,TIRUNELVELI-11, Tamil Nadu, 627011",M.D. (GENERAL MEDICINE),OBC,OBC,Allotted
29,7833,All India,"ESIC Medical College and PGIMSR,ESIC Medical College and Hospital, KK Nagar, Chennai - 600 078, Tamil Nadu, 600078",M.D. (GENERAL MEDICINE),OBC,OBC,Allotted
30,7881,DNB Quota,"GMERS Medical College and Hospital, ,paddoc road, near majewadi gate, junagadh, Gujarat, 362001",(NBEMS) DERMATOLOGY and VENEREOLOGY and LEPROSY,Open,General,Allotted
31,7911,All India,"Siddhartha Medical College, Vijayawada,Siddhartha Medical College, Vijayawada, Andhra Pradesh, 520008",M.D. (GENERAL MEDICINE),OBC,OBC,Allotted
32,8041,DNB Quota,"Bangalore Baptist Hospital, ,Bangalore Baptist Hospital, Bellary Road, Hebbal, Bangalore - 560024, Karnataka, 560024",(NBEMS) RADIO- DIAGNOSIS,Open,OBC,Allotted
33,8078,DNB Quota,"Fortis Hospital, ,Poonam Palaspagar - Academic Coordinator Fortis Hospital, Bannerghatta Road, Bangalore, Karnataka 5, Karnataka, 560076",(NBEMS) RADIO- DIAGNOSIS,Open,General,Allotted
34,8278,All India,"Kodagu Institute of Medical Sciences, Karnataka,Kodagu Institute of Medical Sciences Madikeri Kodagu, Karnataka, 571201",M.D. (GENERAL MEDICINE),Open,General,Allotted
35,8379,All India,"KANYAKUMARI GOVERNMENT MEDICAL COLLEGE,KANYAKUMARI GOVERNMENT MEDICAL COLLEGE, Tamil Nadu, 629201",M.D. (GENERAL MEDICINE),Open,OBC,Allotted
36,8414,DNB Quota,"Fortis Hospital, ,Poonam Palaspagar - Academic Coordinator Fortis Hospital, Bannerghatta Road, Bangalore, Karnataka 5, Karnataka, 560076",(NBEMS) RADIO- DIAGNOSIS,Open,General,Allotted
37,8425,All India,"GOVERNMENT VELLORE MEDICAL COLLEGE,GOVERNMENT VELLORE MEDICAL COLLEGE, Tamil Nadu, 632011",M.D. (GENERAL MEDICINE),Open,General,Allotted
38,8544,DNB Quota,"Government Multi Specialty Hospital, ,Director Health and Family Welfare Govt. Multi Speciality Hospital Sector 16 Chandigarh, Chandigarh, 160016",(NBEMS) GENERAL MEDICINE,Open,General,Allotted
39,8548,DNB Quota,"T.S.R.T.C. HOSPITAL, Tarnaka Flyover, Abhilekhagaram, Amberpet, Secunderabad , Telangana-500007,TSRTC Hospital, Osmania University Main Rd, Abhilekhagaram, Tarnaka, Secunderabad, Hyderabad, Telangana 500007",(NBEMS) GENERAL MEDICINE,OBC,OBC,Allotted
40,8614,DNB Quota,"Billroth Hospital,,43,Lakshmi Talkies Road, Shenoy Nagar, Chennai, Tamil Nadu, 600030",(NBEMS) RADIO- DIAGNOSIS,Open,OBC,Allotted
41,8617,DNB Quota,"Sri Ramakrishna Hospital, ,395, Sarojini Naidu Road, Sidhapudur, Coimbatore - 641 044, Tamil Nadu, 641044",(NBEMS) RADIO- DIAGNOSIS,Open,General,Allotted
42,8806,DNB Quota,"Sadhu Vaswani Missions ,7-9 Lane No 1 Koregaon Park Pune 411001, Maharashtra, 411001",(NBEMS) RADIO- DIAGNOSIS,Open,General,Allotted
43,8814,All India,"College of Medicine & Sagore Dutta Hospital,College of Medicine & Sagore Dutta Hospital, West Bengal, 700058",M.D. (GENERAL MEDICINE),Open,General,Allotted
44,8874,DNB Quota,"Shalby Hospital, ,DNB Program, Basement 2, Shalby hopsital , Opp. karnwati club, S. G. Highway Ahmedabad - 380015, Gujarat, 380015",(NBEMS) RADIO- DIAGNOSIS,Open,EWS,Allotted
45,8903,All India,"KURNOOL MEDICAL COLLEGE,KURNOOL MEDICAL COLLEGE, Andhra Pradesh, 518002",M.D. (PAEDIATRICS),Open,General,Allotted
46,8946,All India,"Sarojini Naidu Medical College, AGRA,Sarojini Naidu Medical College, AGRA, Uttar Pradesh, 282002",M.D. (Obst. and Gynae)/MS (Obstetrics and Gynaecology),Open,General,Allotted
47,8956,All India,"NAMO Medical Education and Research Institute, Dadra & Nagar Haveli & Daman & Diu,Sayli Road, Silvassa, DNH, Dadra And Nagar Haveli, 396230",M.D. (RADIO- DIAGNOSIS),OBC,OBC,Allotted
48,9059,All India,"Govt. Medical College, Bhavnagar,Near. S.T. Bus Stand,Jail Road, Bhavnagar-364001, Gujarat, 364001",M.D. (PAEDIATRICS),Open,EWS,Allotted
49,9101,All India,"Dr. Sampurnanand Medical College (SNMC), JODHPUR,Dr. Sampurnanand Medical College (SNMC), JODHPUR, Rajasthan, 342001",M.D. (PAEDIATRICS),Open,OBC,Allotted
50,9135,DNB Quota,"Polakulath Narayanan Renai Medicity Multi Super Specialty Hospital,,RENAIMEDICITY PALARIVATTOM KOCHI KERALA, Kerala, 682025",(NBEMS) RADIO- DIAGNOSIS,Open,General,Allotted
51,9158,DNB Quota,"Bhagat Phool Singh Govt. Medical College for Women,BHAGAT PHOOL SINGH GOVT. MEDICAL COLLEGE FOR WOMEN KHANPUR KALAN SONEPAT, Haryana, 131305",(NBEMS) GENERAL MEDICINE,Open,OBC,Allotted
52,9159,All India,"Government Medical College, Nizamabad, Telangana State,Government Medical College, Nizamabad, Telangana State, Telangana, 503001","M.D. (DERM.,VENE. and LEPROSY)/ (DERMATOLOGY)/(SKIN and VENEREAL DISEASES)/(VENEREOL OGY)",OBC,OBC,Allotted
53,9183,All India,"Koppal Institute of Medical Sciences Koppal, Karnataka,Gangavati Road Kiddidal Gate koppal, Karnataka, 583231",M.D. (GENERAL MEDICINE),Open,OBC,Allotted
54,9186,DNB Quota,"Cancer Institute (WIA), No:38, Tamil Nadu,No.38 Sardar Patel Road,Chennai, Tamil Nadu, 600036",(NBEMS) RADIO- DIAGNOSIS,Open,General,Allotted
55,9208,All India,"B.J.Government Medical College, Pune,B.J.Government Medical College, Pune, Maharashtra, 411001",M.D. (PAEDIATRICS),Open,General,Allotted
56,9394,All India,"GAJRA RAJA MEDICAL COLLEGE GWALIOR,GAJRA RAJA MEDICAL COLLEGE GWALIOR, Madhya Pradesh, 474009",M.D. (PAEDIATRICS),Open,General,Allotted
57,9435,DNB Quota,"Joint Accreditation Programme- AARTHI SCANS AND LABS, (A UNIT OF AARTHI SCANS PVT LTD) (Attached Secondary hospital is Billroth Hospital Pvt. Ltd. Shenoy Road, Chennai, Tamil Nadu) , Tamil Nadu ,No.60, 100 feet road, Vadapalani, Chennai 600026, Tamil Nadu, 600026",(NBEMS) RADIO- DIAGNOSIS,Open,General,Allotted
58,9676,All India,"Government Medical College Srinagar,Administrative Block Government Medical College Karan Nagar Srinagar, Jammu And Kashmir, 190010",M.D. (GENERAL MEDICINE),EWS,EWS,Allotted
59,9704,All India,"Govt. Medical College Anantnag, J&K,Govt. Medical College Anantnag, J&K- Main Campus Dialgam, 192210",M.D. (GENERAL MEDICINE),Open,General,Allotted
60,9759,All India,"GOVERNMENT DHARMAPURI MEDICAL COLLEGE, DHARMAPURI, TAMIL NADU,GOVERNMENT DHARMAPURI MEDICAL COLLEGE, NETHAJI BYE PASS ROAD, DHARMAPURI, TAMIL NADU, Tamil Nadu, 636701",M.D. (GENERAL MEDICINE),Open,OBC,Allotted
61,9848,DNB Quota,"The Mission Hospital, West Bengal ,The Mission Hospital, 219 P, Immon Kalyan Sarani, Sector-2C, Bidhannagar, Durgapur, Dist- Paschim Ba, West Bengal, 713212",(NBEMS) RADIO- DIAGNOSIS,Open,OBC,Allotted
62,9849,All India,"Sardar Patel Medical College, Bikaner,Sardar Patel Medical College, Bikaner, Rajasthan, 334003",M.D. (Obst. and Gynae)/MS (Obstetrics and Gynaecology),Open,General,Allotted
63,9867,All India,"KING GEORGES MEDICAL UNIVERSITY,KING GEORGES MEDICAL UNIVERSITY, Shahmeena Road, Chowk, Lucknow-226003, Uttar Pradesh, 226003",M.D. (Obst. and Gynae)/MS (Obstetrics and Gynaecology),OBC,OBC,Allotted
64,9904,All India,"Govt. Medical College, Bhavnagar,Near. S.T. Bus Stand,Jail Road, Bhavnagar-364001, Gujarat, 364001",M.D. (GENERAL MEDICINE),OBC,OBC,Allotted
65,9932,All India,"Assam Medical College,Assam Medical College, Assam, 786002",M.D. (GENERAL MEDICINE),Open,General,Allotted
66,9988,All India,"Kakatiya Medical College,Kakatiya Medical College, Telangana, 506007",M.D. (PAEDIATRICS),Open,OBC,Allotted
67,10059,All India,"SHYAM SHAH MEDICAL COLLEGE,deanmcrewa@rediffmail.com, Madhya Pradesh, 486001",M.D. (GENERAL MEDICINE),EWS,EWS,Allotted
68,10080,DNB Quota,"Gujarat MRI Centre, ,1ST FLOOR,SAMVED HOSPITAL,STADIUM COMMERCE COLLEGE ROAD,NAVRANGPURA,AHMEDABAD, Gujarat, 380009",(NBEMS) RADIO- DIAGNOSIS,Open,General,Allotted
69,10086,All India,"Dr. Rajendra Prasad Government Medical College, Tanda,Dr. Rajendra Prasad Government Medical College, Tanda, Himachal Pradesh, 176002",M.D. (Obst. and Gynae)/MS (Obstetrics and Gynaecology),Open,General,Allotted
70,10179,DNB Quota,"Medica Superspecialty Hospital, ,127 Mukundapur, E.M. Byapss, Kolkata, West Bengal, 700099",(NBEMS) GENERAL MEDICINE,Open,OBC,Allotted
71,10199,DNB Quota,"Shaheed Hasan Khan Mewati Government Medical College , ,Shaheed Hasan Khan Mewati Government Medical College Nalhar Nuh, Haryana, 122107",(NBEMS) GENERAL MEDICINE,Open,General,Allotted
72,10456,All India,"TATA MEMORIAL CENTRE, MUMBAI,OFFICE OF THE DIRECTOR ACADEMICS, 13TH FLOOR, HOMI BHABHA BLOCK, TATA MEMORIAL HOSPITAL, PAREL, MUMB, Maharashtra, 400012",M.D. (Radiotherapy/ Radiation Oncology),Open,EWS,Allotted
73,10492,All India,"LATE SHRI LAKHI RAM AGRAWAL MEMORIAL GOVT.MEDICAL COLLEGE,LATE SHRI LAKHI RAM AGRAWAL MEMORIAL GOVT.MEDICAL COLLEGE, Chhattisgarh, 496001",M.D. (GENERAL MEDICINE),Open,General,Allotted
74,10539,DNB Quota,"YATHARTH SUPER SPECIALTY HOSPITALS, Uttar Pradesh,Sector omega 01-, Greater noida, Uttar Pradesh, 201308",(NBEMS) GENERAL MEDICINE,Open,General,Allotted
75,10600,All India,"Dr.V.M.Govt.Medical College,Solapur, Maharasthtra,In front of district court civil chowk Dr.V.M.Govt.Medical College,Solapur, Maharasthtra, Maharashtra, 413003",M.D. (PAEDIATRICS),Open,OBC,Allotted
76,10655,All India,"ESIC Medical College & Hospital, Alwar,MIA, DESULA, ALWAR, RAJASTHAN",M.D. (PAEDIATRICS),Open,EWS,Allotted
77,10677,All India,"Rangaraya Medical College,Rangaraya Medical College Beside SP Office , Pithapuram Road, Kakinada, Andhra Pradesh, 533003",M.S. (GENERAL SURGERY),Open,General,Allotted
78,10717,DNB Quota,"Kovai Medical Centre, ,Kovai Medical Center and Hospital, 99, Avanashi Road, Coimbatore - 641014, Tamil Nadu, 641014",(NBEMS) GENERAL MEDICINE,Open,General,Allotted
79,10719,DNB Quota,"Vadamalayan Hospital,,Registered Office - 15, Jawahar Road, Chokkikulam, Madurai - 625002. 9A, Vallabhai Road, Chokkikula, Tamil Nadu, 625002",(NBEMS) RADIO- DIAGNOSIS,Open,General,Allotted
80,10737,DNB Quota,"Vivekananda Polyclinic and Institute of Medical Sciences, ,Vivekananda Polyclinic and Institute of Medical Sciences, Vivekananda Puram, Lucknow, Uttar Pradesh, 226007",(NBEMS) GENERAL MEDICINE,Open,General,Allotted
81,10743,DNB Quota,"BAPS Pramukh Swami Hospital, ,SHRI PRAMUKH SWAMI MAHARAJ MARG, ADAJAN CHAR RASTA, ADAJAN, SURAT, Gujarat, 395009",(NBEMS) GENERAL MEDICINE,Open,EWS,Allotted
82,10782,DNB Quota,"Desun Hospital and Heart Institute, West Bengal,720 EM Bypass Sector - I Kasba Kolkata, West Bengal, 700107",(NBEMS) GENERAL MEDICINE,Open,General,Allotted
83,10888,Armed Forces Medical,"Institute of Aerospace Medicine, IAF, Bangaluru,Institute of Aerospace Medicine IAF, Old Airport Road, Vimanapura Post, Bengaluru, Karnataka, 560017",M.D. (AEROSPACE MEDICINE),Open,OBC,Allotted( AFMS Rank : 3661 )
84,11069,DNB Quota,"Government Medical College,Maharashtra,Near civil hospital, Oros, taluka kudal, sindhudurg , Maharashtra, Maharashtra, 416812",(NBEMS) GENERAL MEDICINE,EWS,EWS,Allotted
85,11182,DNB Quota,"Apollo Gleneagles Hospital, ,58 Canal Circular Road Kolkata 700054, West Bengal, 700054",(NBEMS) PAEDIATRICS,Open,General,Allotted
86,11230,All India,"ANUGRAH NARAYAN MAGADH MEDICAL COLLEGE,ANUGRAH NARAYAN MAGADH MEDICAL COLLEGE, Bihar, 823001","M.D. (DERM.,VENE. and LEPROSY)/ (DERMATOLOGY)/(SKIN and VENEREAL DISEASES)/(VENEREOL OGY)",EWS,EWS,Allotted
87,11238,DNB Quota,"DISHARI HEALTH POINT PRIVATE LIMITED,West Bengal,19 B G ROAD, P.O- MOKDUMPUR, P.S-ENGLISH BAZAR, DIST- MALDA, PIN-732103, West Bengal, 732103",(NBEMS) RADIO- DIAGNOSIS,Open,General,Allotted
88,11249,All India,"M. P. SHAH GOVERNMENT MEDICAL COLLEGE,M. P. SHAH GOVERNMENT MEDICAL COLLEGE, Gujarat, 361008",M.D. (PAEDIATRICS),Open,General,Allotted
89,11623,All India,"Government Medical College, Kathua,NH1A, Near Kalibari, Kathua",M.D. (GENERAL MEDICINE),OBC,OBC,Allotted
90,11679,All India,"GOVT MEDICAL COLLEGE KOTTAYAM,GOVT MEDICAL COLLEGE, GANDHINAGAR P O, KOTTAYAM KERALA 686008, Kerala, 686008",M.D. (PAEDIATRICS),OBC,OBC,Allotted
91,11971,DNB Quota,"ESIC MEDICAL COLLEGE AND HOSPITAL, Bihar,SIKANDARPUR, BIHTA, PATNA, BIHAR, Bihar-801103Sikandarpur, Bihta, Patna, Bihar, 801103",(NBEMS) GENERAL MEDICINE,Open,OBC,Allotted
92,12067,DNB Quota,"Karuna Medical College, Vilayodi, Chittur, Palakkad, Kerala-678103,KARUNA MEDICAL COLLEGE HOSPITAL, VILAYODI, CHITTUR",(NBEMS) GENERAL MEDICINE,Open,OBC,Allotted
93,12270,DNB Quota,"Shree Narayana Hospital, ,Near Ganj Mandi, Behind Sector 5, Devendra Nagar, Pandri, Raipur, Chhattisgarh, 492001",(NBEMS) GENERAL MEDICINE,Open,OBC,Allotted
94,12296,All India,"Sardar Patel Medical College, Bikaner,Sardar Patel Medical College, Bikaner, Rajasthan, 334003",M.D. (Obst. and Gynae)/MS (Obstetrics and Gynaecology),Open,General,Allotted
95,12303,DNB Quota,"Kauvery Hospital, Vadapalani (A unit of Sri Kauvery Medical Care India Limited) No 23/1, Arcot Road, Vadapalani Chennai , Tamil Nadu-600026,No 23/1 Arcot road, Kauvery Hospital, Vadapalani Chennai",(NBEMS) RADIO- DIAGNOSIS,Open,General,Allotted
96,12304,DNB Quota,"Mata Chanan Devi Hospital,, ,C-1 JANAKPURI, Delhi (NCT), 110058",(NBEMS) GENERAL MEDICINE,Open,General,Allotted
97,12344,All India,"Government Medical College Srinagar,Administrative Block Government Medical College Karan Nagar Srinagar, Jammu And Kashmir, 190010",M.D. (GENERAL MEDICINE),OBC,OBC,Allotted
98,12358,DNB Quota,"Lilavati Hospital and Research Centre, ,Lilavati Hospital And Research Centre A-791, Bandra Reclamation, Bandra - West, Mumbai, Maharashtra, 400050",(NBEMS-DIPLOMA) RADIO-DIAGNOSIS,Open,OBC,Allotted
99,12370,All India,"Osmania Medical Collge,5-1-876, Turrebaz Khan Rd, Troop Bazaar, Koti, Hyderabad, Telangana, Telangana, 500095",M.S. (ORTHOPAEDICS),Open,General,Allotted
100,12372,DNB Quota,"Bangalore Baptist Hospital, ,Bangalore Baptist Hospital, Bellary Road, Hebbal, Bangalore - 560024, Karnataka, 560024",(NBEMS-DIPLOMA) RADIO-DIAGNOSIS,Open,OBC,Allotted
101,12454,All India,"Tirunelveli Medical College,THE DEAN, TIRUNELVELI MEDICAL COLLEGE, HIGHGROUND,TIRUNELVELI-11, Tamil Nadu, 627011",M.D. (PAEDIATRICS),Open,OBC,Allotted
102,12461,All India,"Post Graduate Institute of Medical Sciences (PGIMS),Navi Mumbai,Park Avenue Road Kamladevi Birjdar Marg Plot no 11 6 and 11 7 Nerul East Navi Mumbai, Maharashtra, 400706",M.D. (PAEDIATRICS),Open,General,Allotted
103,12476,IP University Quota,"Vardhman Mahavir Medical College, , New Delhi,Vardhman Mahavir Medical College, , New Delhi, Delhi (NCT), 110029",M.D. (Obst. and Gynae)/MS (Obstetrics and Gynaecology),Open,General,Allotted
104,12484,DNB Quota,"Global Hospital and Health City, (A unit of Ravindernath GE Medical Associate), Tamil Nadu,439, Cheran Nagar, Sholinganallur - Medavakkam Road, Perumbakkam, Chennai, Tamil Nadu, 600100",(NBEMS) GENERAL MEDICINE,Open,OBC,Allotted
105,12530,All India,"Bankura Sammilani Medical College,Bankura Sammilani Medical College, West Bengal, 722102",M.D. (GENERAL MEDICINE),OBC,OBC,Allotted
106,12621,All India,"PATNA MEDICAL COLLEGE, PATNA,PATNA MEDICAL COLLEGE, PATNA, Bihar, 800004",M.D. (PAEDIATRICS),Open,General,Allotted
107,12633,All India,"Gulbarga Institute Of Medical Sciences, Kalaburagi,VEERESH NAGAR SEDAM ROAD KALABURAGI, Karnataka, 585105",M.D. (PAEDIATRICS),Open,General,Allotted
108,12644,DNB Quota,"Shree Mahavir Health and Medical Relief Society Hospital, (Smt. R B Shah Mahavir Super Specialty Hospital and Shri B D Mehta Mahavir Heart Institute) ,SHREE MAHAVIR HEALTH CAMPUS, OPP JIVANBHARTI SCHOOL, NANPURA SURAT, Gujarat, 395001",(NBEMS) GENERAL MEDICINE,Open,EWS,Allotted
109,12649,All India,"Govt. Medical College, Baroda,Govt. Medical College, Baroda, Gujarat, 390001",M.S. (GENERAL SURGERY),Open,General,Allotted
110,12674,All India,"Rajmata Shrimati Devendra Kumari Singhdeo Government Medical College, Ambikapur,Kanyaparisar Road Gangapur Ambikapur District Surguja, Chhattisgarh, 497001",M.D. (GENERAL MEDICINE),Open,OBC,Allotted
111,12914,All India,"NALANDA MEDICAL COLLEGE,PATNA,NALANDA MEDICAL COLLEGE,PATNA, OLD BYPASS ROAD,BHOOTNATH, KANKARBAGH, Bihar, 800026",M.D. (Obst. and Gynae)/MS (Obstetrics and Gynaecology),Open,General,Allotted
112,12952,All India,"Lady Hardinge Medical College,Lady Hardinge Medical College, Delhi (NCT), 110001",M.D. (Obst. and Gynae)/MS (Obstetrics and Gynaecology),EWS,EWS,Allotted
113,13020,Armed Forces Medical,"Institute of Aerospace Medicine, IAF, Bangaluru,Institute of Aerospace Medicine IAF, Old Airport Road, Vimanapura Post, Bengaluru, Karnataka, 560017",M.D. (AEROSPACE MEDICINE),Open,General,Allotted( AFMS Rank : 4426 )
114,13021,All India,"GUNTUR MEDICAL COLLEGE,GUNTUR MEDICAL COLLEGE, Andhra Pradesh, 522004",M.S. (GENERAL SURGERY),OBC,OBC,Allotted
115,13038,DNB Quota,"Kailash hospital neuro institute, Uttar Pradesh,KAILASH HOSPITAL & NEURO INSTITUTE NH-1 SECTOR 71 NOIDA UP, Uttar Pradesh, 201309",(NBEMS) GENERAL MEDICINE,Open,OBC,Allotted
116,13053,All India,"Jorhat Medical College & Hospital,Jorhat Medical College & Hospital, Assam, 785001","M.D. (DERM.,VENE. and LEPROSY)/ (DERMATOLOGY)/(SKIN and VENEREAL DISEASES)/(VENEREOL OGY)",EWS,EWS,Allotted
117,13099,All India,"GUNTUR MEDICAL COLLEGE,GUNTUR MEDICAL COLLEGE, Andhra Pradesh, 522004",M.D. (PAEDIATRICS),OBC,OBC,Allotted
118,13106,All India,"Government Medical College, Cuddalore District,Govt. Medical College and Hospital, Cuddalore District Erstwhile Rajah Muthiah Medical College, Tamil Nadu, 608002",M.D. (PAEDIATRICS),Open,General,Allotted
119,13173,All India,"VSS INSTITUTE OF MEDICAL SCIENCES AND RESEARCH,BURLA,VSS INSTITUTE OF MEDICAL SCIENCES AND RESEARCH,BURLA, Odisha, 768017",M.D. (PAEDIATRICS),Open,General,Allotted
120,13184,All India,"KURNOOL MEDICAL COLLEGE,KURNOOL MEDICAL COLLEGE, Andhra Pradesh, 518002",M.D. (Obst. and Gynae)/MS (Obstetrics and Gynaecology),EWS,EWS,Allotted
121,13192,All India,"SHYAM SHAH MEDICAL COLLEGE,deanmcrewa@rediffmail.com, Madhya Pradesh, 486001",M.D. (Obst. and Gynae)/MS (Obstetrics and Gynaecology),Open,General,Allotted
122,13240,All India,"Government Medical College Hospital, Omandurar,GOVERNMENT MEDICAL COLLEGE, OMANDURAR GOVERNMENT ESTATE, WALAJAH ROAD, NEAR KALAIVANAR ARANGAM, CHEN, Tamil Nadu, 600002",M.D. (PAEDIATRICS),OBC,OBC,Allotted
123,13290,All India,"Sawai Man Singh Medical College, JAIPUR,Sawai Man Singh Medical College, JLN Marg, Jaipur-302004, Rajasthan, 302004",M.S. (E.N.T.),OBC,OBC,Allotted
124,13318,All India,"Government Medical College Kozhikode,Government Medical College Kozhikode principalmcc@gmail.com, Kerala, 673008",M.D. (Tuberculosis and Respiratory diseases)/Pulmonary Medicine /M.D. (Respiratory Medicine),Open,OBC,Allotted
125,13347,DNB Quota,"Shree Aggarsain International Hospital, P.S.P, Sector 22, Rohini, Delhi-110086,PSP Aman Vihar, Sector-22,Rohini,Delhi-110086",(NBEMS) GENERAL MEDICINE,Open,General,Allotted
126,13395,All India,"MAHARANI LAXMI BAI MEDICAL COLLEGE JHANSI,MAHARANI LAXMI BAI MEDICAL COLLEGE JHANSI, Uttar Pradesh, 284128",M.S. (GENERAL SURGERY),Open,General,Allotted
127,13436,All India,"Government Medical College, Gondia,Nehru Chowk, KTS General Hospital Campus, Govt. Medical College, Gondia. 441601. Maharashtra., Maharashtra, 441601",M.D. (PAEDIATRICS),Open,OBC,Allotted
128,13463,All India,"Andhra Medical College,Andhra Medical College, Andhra Pradesh, 530002",M.D. (Tuberculosis and Respiratory diseases)/Pulmonary Medicine /M.D. (Respiratory Medicine),Open,General,Allotted
129,13488,All India,"Agartala Government Medical College,Agartala Government Medical College, Tripura, 799006",M.D. (GENERAL MEDICINE),EWS,EWS,Allotted
130,13497,DNB Quota,"Max Super Specialty Hospital Lucknow ( A Unit of Starlit Medical Center Private Limited ) ( Formerly Known As Sahara India Medical Institute Limited Lucknow ),1 Viraj Khand Gomti Nagar, Uttar Pradesh, 226010",(NBEMS) GENERAL MEDICINE,Open,General,Allotted
131,13538,All India,"JAWAHAR LAL NEHRU GOVERNMENT MEDICAL COLLEGE, CHAMBA,AKHAND CHANDI PALACE, NEAR LAXMINARAYAN MANDIR,CHAMBA,HP",M.D. (GENERAL MEDICINE),OBC,OBC,Allotted
132,13583,All India,"STANLEY MEDICAL COLLEGE,STANLEY MEDICAL COLLEGE NO.1, OLD JAIL ROAD, CHENNAI-600001, Tamil Nadu, 600001",M.D. (Obst. and Gynae)/MS (Obstetrics and Gynaecology),OBC,OBC,Allotted
133,13630,DNB Quota,"Gheesibai Memorial Mittal Hospital and Research Centre,,Gheesi Bai Memorial Mittal Hospital and Research Centre, Pushkar Road, Ajmer, Rajasthan, 305004",(NBEMS) GENERAL MEDICINE,Open,General,Allotted
134,13725,All India,"Government Medical College, Rajouri,,Rajouri, Kheora/Mehra Rajouri, Jammu and Kashmir.",M.D. (PAEDIATRICS),Open,General,Allotted
135,13739,All India,"IPGME&R and SSKM Hospital Kolkata,244, Acharya J. C. Bose Road, Kolkata-700020, West Bengal, 700020",M.D. (Tuberculosis and Respiratory diseases)/Pulmonary Medicine /M.D. (Respiratory Medicine),Open,General,Allotted
136,13754,All India,"Gvernment Medical College,Haldwani,Government Medical College, Haldwani, Uttarakhand, 263139",M.D. (Obst. and Gynae)/MS (Obstetrics and Gynaecology),Open,General,Allotted
137,13816,DNB Quota,"Vijaya Hospital, ,New No 434, Old No 180, NSK Salai, Vadapalani, Chennai - 600026, Tamil Nadu, 600026",(NBEMS) GENERAL MEDICINE,Open,OBC,Allotted
138,13871,DNB Quota,"AUTONOMOUS STATE MEDICAL COLLEGE (ASMC), PILIBHIT, SH-26, BITHORA KALAN,, Uttar Pradesh-262001,AUTONOMOUS STATE MEDICAL COLLEGE (ASMC), PILIBHIT, SH-26, BITHORA KALAN",(NBEMS) GENERAL MEDICINE,Open,General,Allotted
139,13873,DNB Quota,"Ayushman Hospital and Health Services, Dwarka, Delhi,Ayushman Hospital and Health Services, Sector-10 Dwarka, New Delhi-110075, Delhi (NCT), 110075",(NBEMS) GENERAL MEDICINE,Open,General,Allotted
140,13909,All India,"Rajarshee Chhatrapati Shahu Maharaj Government Medical College, Kolhapur,R.K. Nagar Road, Shenda Park, Kolhapur, Maharashtra, Maharashtra, 416012",M.S. (ORTHOPAEDICS),Open,General,Allotted
141,13911,All India,"GOVERMENT MEDICAL COLLEGE, KORBA(C.G),IT COLLEGE CAMPUS, UGRA BYPASS, JHAGRHA ROAD KOBRA",M.D. (GENERAL MEDICINE),Open,General,Allotted
142,13994,All India,"Sher-i-Kashmir Institute of Medical Sciences, Srinagar,J&K ,SKIMS, SOURA, SRINAGAR-190011, Jammu And Kashmir, 190011",M.S. (GENERAL SURGERY),Open,General,Allotted
143,14005,All India,"Government Erode Medical College- Formerly IRT-Perundurai Medical College,GOVERNMENT ERODE MEDICAL COLLEGE AND HOSPITAL PERUNDURAI SANATORIUM POST ERODE DISTRICT, Tamil Nadu, 638053",M.S. (GENERAL SURGERY),Open,General,Allotted
144,14062,All India,"JHALAWAR MEDICAL COLLEGE,JHALAWAR MEDICAL COLLEGE, JHALAWAR, Rajasthan, 326001",M.D. (Obst. and Gynae)/MS (Obstetrics and Gynaecology),Open,General,Allotted
145,14071,All India,"M. P. SHAH GOVERNMENT MEDICAL COLLEGE,M. P. SHAH GOVERNMENT MEDICAL COLLEGE, Gujarat, 361008",M.S. (GENERAL SURGERY),Open,General,Allotted
146,14082,All India,"Baba Raghav Das Medical College,Baba Raghav Das Medical College, Gorakhpur, Uttar Pradesh, 273013",M.D. (GENERAL MEDICINE),SC,SC,Allotted
147,14181,All India,"Chacha Nehru Bal Chikitsalaya,Geeta Colony, Delhi (NCT), 110031",M.D. (PAEDIATRICS),EWS,EWS,Allotted
148,14235,All India,"Srirama Chandra Bhanja Medical College, CUTTACK,Srirama Chandra Bhanja Medical College, CUTTACK, Odisha, 753007",M.D. (Tuberculosis and Respiratory diseases)/Pulmonary Medicine /M.D. (Respiratory Medicine),Open,OBC,Allotted
149,14259,DNB Quota,"Sparsh Hospital, Karnataka,Ideal Homes HBCS Layout, 8, 4th Cross Rd, Javarandoddi, Rajarajeshwari Nagar, Bengaluru, Karnataka, 560098",(NBEMS) GENERAL MEDICINE,Open,OBC,Allotted
150,14327,All India,"Government Medical College, Cuddalore District,Govt. Medical College and Hospital, Cuddalore District Erstwhile Rajah Muthiah Medical College, Tamil Nadu, 608002",M.D. (PAEDIATRICS),Open,General,Allotted
151,14342,All India,"GUNTUR MEDICAL COLLEGE,GUNTUR MEDICAL COLLEGE, Andhra Pradesh, 522004",M.D. (Obst. and Gynae)/MS (Obstetrics and Gynaecology),OBC,OBC,Allotted
152,14440,DNB Quota,"Andhra Hospital (Vijayawada), ,CVR Complex, Governorpet, Vijayawada-520002, Krishna District, Andhra Pradesh, 520002",(NBEMS) GENERAL MEDICINE,Open,General,Allotted
153,14445,All India,"NIL RATAN SIRCAR MEDICAL COLLEGE,NIL RATAN SIRCAR MEDICAL COLLEGE, 138 AJC BOSE ROAD, KOLKATA-700014., West Bengal, 700014",M.D. (Obst. and Gynae)/MS (Obstetrics and Gynaecology),Open,General,Allotted
154,14475,All India,"Guru Gobind Singh Medical College,Guru Gobind Singh Medical College, Sadiq Road, Faridkot, Punjab, 151203",M.D. (PAEDIATRICS),OBC,OBC,Allotted
155,14499,DNB Quota,"BIG Apollo Spectra Hospitals,Shitla Mandir Road, Agamkuan, Patna, Bihar, 800007",(NBEMS) GENERAL MEDICINE,Open,OBC,Allotted
156,14514,DNB Quota,"Aarogya Hospital, Plot No-27/28 Chitra Vihar Viaksh Marg East Delhi, Delhi- 110019,27/28 Chitra Vihar, Vikas Mard",(NBEMS) GENERAL MEDICINE,Open,General,Allotted
157,14529,DNB Quota,"Autonomous State Medical College, Tiloi, Amethi , Uttar Pradesh-229309,Autonomous State Medical College, Tiloi, Amethi, Uttar Pradesh.",(NBEMS) GENERAL MEDICINE,OBC,OBC,Allotted
158,14584,All India,"Government Medical College, Kathua,NH1A, Near Kalibari, Kathua",M.D. (Obst. and Gynae)/MS (Obstetrics and Gynaecology),Open,General,Allotted
159,14632,All India,"SHIMOGA INSTITUTE OF MEDICAL SCIENCES,SHIMOGA INSTITUTE OF MEDICAL SCIENCES, Karnataka, 577201",M.D. (PAEDIATRICS),OBC,OBC,Allotted
160,14671,All India,"MEDICAL COLLEGE, KOLKATA,MEDICAL COLLEGE, KOLKATA, West Bengal, 700073",M.D. (Obst. and Gynae)/MS (Obstetrics and Gynaecology),Open,General,Allotted
161,14765,DNB Quota,"Rajagiri Hospital,Rajagiri Hospital, Chunagamvely, Aluva 683112, Kerala, 683112",(NBEMS) PAEDIATRICS,Open,OBC,Allotted
162,14882,DNB Quota,"Kokilaben Dhirubhai Ambani Hospital and Medical Research Institute,,Achyutrao Patwardhan Marg Andheri West Mumbai Maharashtra, Maharashtra, 400053",(NBEMS) PAEDIATRICS,Open,General,Allotted
163,14888,DNB Quota,"Joint Accreditation Programme- SUDHA MEDICAL COLLEGE AND HOSPITAL, Kota (Attached Secondary Hospital is Sudha Hospital and Medical Research Center P. Ltd.,,128 UMMEDPURA VIA JAGPURA NH 52 JHALAWAR ROAD KOTA RAJASTHAN, Rajasthan, 325003",(NBEMS) GENERAL MEDICINE,Open,OBC,Allotted
164,14938,All India,"Pandit Bhagwat Dayal Sharma Post Graduate Institute of Medical Sciences, Rohtak,Pandit Bhagwat Dayal Sharma Post Graduate Institute of Medical Sciences, Rohtak, Haryana, 124001",M.D. (PAEDIATRICS),EWS,EWS,Allotted
165,14943,DNB Quota,"BHEL Kasturba Hospital,,KASTURBA HOSPITAL, BHEL, HABIBGANJ, BHOPAL, Madhya Pradesh, 462024",(NBEMS) GENERAL MEDICINE,Open,General,Allotted
166,14963,All India,"Government Medical College Srinagar,Administrative Block Government Medical College Karan Nagar Srinagar, Jammu And Kashmir, 190010",M.D. (PSYCHIATRY),Open,General,Allotted
167,14970,All India,"Midnapore Medical College and Hospital,Midnapore Medical College and Hospital, West Bengal, 721101",M.D. (GENERAL MEDICINE),OBC,OBC,Allotted
168,14971,DNB Quota,"Government Medical College and Associated Hospital, ,Government Medical College and Associated Hospital, Kheora, Rajouri, Jammu and Kashmir-185131, Jammu And Kashmir, 185131",(NBEMS) GENERAL MEDICINE,Open,OBC,Allotted
169,14980,All India,"CHENGALPATTU MEDICAL COLLEGE, CHENGALPATTU,CHENGALPATTU MEDICAL COLLEGE, CHENGALPATTU, Tamil Nadu, 603001",M.D. (Obst. and Gynae)/MS (Obstetrics and Gynaecology),Open,OBC,Allotted
170,15008,All India,"GOVERNMENT VILLUPURAM MEDICAL COLLEGE, VILLUPURAM,GOVERNMENT VILLUPURAM MEDICAL COLLEGE VILLUPURAM TRICHY TRUNK ROAD MUNDIYAMPAKKAM VILLUPURAM DISTR, Tamil Nadu, 605601",M.D. (PAEDIATRICS),OBC,OBC,Allotted
171,15018,All India,"JAWAHARLAL NEHRU MEDICAL COLLEGE, BHAGALPUR,JAWAHARLAL NEHRU MEDICAL COLLEGE, BHAGALPUR, Bihar, 812001",M.S. (GENERAL SURGERY),Open,General,Allotted
172,15033,All India,"GOVERNMENT MEDICAL COLLEGE KADAPA (FORMERLY RAJIV GANDHI INSTITUTE OF MEDICAL SCIENCES, KADAPA),GOVERNMENT MEDICAL COLLEGE KADAPA (FORMERLY RIMS KADAPA), Andhra Pradesh, 516002",M.D. (PAEDIATRICS),OBC,OBC,Allotted
173,15051,DNB Quota,"RANA BENI MADHAV SINGH (RBMS) DISTRICT HOSPITAL,Uttar Pradesh,RBMS Raebareli, Niarala Nagar,Kacheri road, Near hathipark, UP, Uttar Pradesh, 229001",(NBEMS) GENERAL MEDICINE,Open,OBC,Allotted
174,15052,DNB Quota,"HARISH HOSPITAL, TELCO CIRCLE, Rajasthan-301001,TELCO CIRCLE, TIJARA ROAD",(NBEMS) GENERAL MEDICINE,Open,General,Allotted
175,15068,DNB Quota,"V Y Institute of Medical Science, ,Near Kamal Vihar, Dhamtari Road, Raipur, Chhattisgarh, 492001",(NBEMS) GENERAL MEDICINE,Open,OBC,Allotted
176,15080,DNB Quota,"OZONE Institute of Medical Sciences,Telangana,OZONE INSTITUTE OF MEDICAL SCIENCES PVT LTD, GREEN HILLS COLONY, ROAD NO 4, KOTHAPET, HYDERABAD, TEL, Telangana, 500035",(NBEMS) GENERAL MEDICINE,Open,OBC,Allotted
177,15111,All India,"Govt. Medical College, Hamirpur,,Govt. Medical College, Hamirpur, Himachal Pradesh",M.D. (Obst. and Gynae)/MS (Obstetrics and Gynaecology),Open,General,Allotted
178,15121,All India,"GOVERNMENT MEDICAL COLLEGE KADAPA (FORMERLY RAJIV GANDHI INSTITUTE OF MEDICAL SCIENCES, KADAPA),GOVERNMENT MEDICAL COLLEGE KADAPA (FORMERLY RIMS KADAPA), Andhra Pradesh, 516002",M.D. (Obst. and Gynae)/MS (Obstetrics and Gynaecology),Open,General,Allotted
179,15146,All India,"NAMO Medical Education and Research Institute, Dadra & Nagar Haveli & Daman & Diu,Sayli Road, Silvassa, DNH, Dadra And Nagar Haveli, 396230","M.D. (DERM.,VENE. and LEPROSY)/ (DERMATOLOGY)/(SKIN and VENEREAL DISEASES)/(VENEREOL OGY)",Open,General,Allotted
180,15199,DNB Quota,"Apollo Hospital, ,LOTUS TOWER, G S ROAD, GUWAHATI, Assam, 781005",(NBEMS) GENERAL MEDICINE,Open,General,Allotted
181,15231,DNB Quota,"KIMS Hospital Kurnool (A unit of KIMS hospital Kurnool Pvt Ltd), Andhra Pradesh,69/213-k-9, Joharapuram Road, Joharapuram, Kurnool, Andhra Pradesh, 518002",(NBEMS) GENERAL MEDICINE,Open,OBC,Allotted
182,15327,All India,"JAWAHARLAL NEHRU MEDICAL COLLEGE, ALIGARH MUSLIM UNIVERSITY STATE UTTAR,JAWAHARLAL NEHRU MEDICAL COLLEGE, ALIGARH MUSLIM UNIVERSITY STATE UTTAR, Uttar Pradesh, 202002",M.S. (GENERAL SURGERY),OBC,OBC,Allotted
183,15330,All India,"ACSR GOVERNMENT MEDICAL COLLEGE,NELLORE,Opp. AC Subbareddy Stadium Dargamitta Nellore, SPSR Nellore district, Andhra Pradesh., Andhra Pradesh, 524004",M.D. (Obst. and Gynae)/MS (Obstetrics and Gynaecology),Open,OBC,Allotted
184,15352,All India,"Gauhati Medical College, Guwahati,Gauhati Medical College, Guwahati, Assam, 781032",M.D. (PAEDIATRICS),OBC,OBC,Allotted
185,15404,All India,"GOVERNMENT MEDICAL COLLEGE MACHILIPATNAM,KARA AGRAHARAM NEAR RADAR CENTRE, CHILAKALPUDI, MACHILIPATNAM",M.D. (PAEDIATRICS),OBC,OBC,Allotted
186,15419,DNB Quota,"Tata Motors Hospital, ,KHARANGAJHAR, TELCO COLONY JAMSHEDPUR, Jharkhand, 831003",(NBEMS) PAEDIATRICS,Open,General,Allotted
187,15447,All India,"CHENGALPATTU MEDICAL COLLEGE, CHENGALPATTU,CHENGALPATTU MEDICAL COLLEGE, CHENGALPATTU, Tamil Nadu, 603001",M.D. (Obst. and Gynae)/MS (Obstetrics and Gynaecology),OBC,OBC,Allotted
188,15467,DNB Quota,"Dr. B L Kapur Memorial Hospital,Pusa Road New Delhi, Delhi (NCT), 110005",(NBEMS) Obstetrics and Gynaecology,Open,General,Allotted
189,15495,All India,"Gandhi Medical College, Bhopal,Gandhi Medical College, Bhopal, Madhya Pradesh, 462001",M.D. (Obst. and Gynae)/MS (Obstetrics and Gynaecology),EWS,EWS,Allotted
190,15531,All India,"Regional Institute of Medical Sciences, Imphal,Regional Institute of Medical Sciences, Imphal, Lamphelpat, Manipur, 795004","M.D. (DERM.,VENE. and LEPROSY)/ (DERMATOLOGY)/(SKIN and VENEREAL DISEASES)/(VENEREOL OGY)",OBC,OBC,Allotted
191,15572,All India,"GADAG INSTITUTE OF MEDICAL SCIENCES GADAG,Gadag Institute of Medical Sciences Mallasamudra Gadag-582103, Karnataka, 582103",M.D. (Obst. and Gynae)/MS (Obstetrics and Gynaecology),Open,OBC,Allotted
192,15600,All India,"Homi Bhabha Cancer Hospital, Varanasi,Homi Bhabha Cancer Hospital , Old Loco Colony, Shivpurwa, Lahartara, Varanasi-221002, Uttar Pradesh, Uttar Pradesh, 221002",M.D. (Radiotherapy/ Radiation Oncology),Open,General,Allotted
193,15644,DNB Quota,"KALYAN SINGH GOVERNMENT MEDICAL COLLEGE, BULANDSHAHR, Chandpur Road, Near Tehsil Sadar, Bulandshahr, Uttar Pradesh-203001,Kalyan Singh Government Medical College, 339 Chandpur Road, Near Sadar Tehsil, Bulandshahr 203001",(NBEMS) Obstetrics and Gynaecology,Open,General,Allotted
194,15650,All India,"COIMBATORE MEDICAL COLLEGE,COIMBATORE MEDICAL COLLEGE, CIVIL AERODROME POST, AVINASHI ROAD, PEELAMEDU, COIMBATORE-14, Tamil Nadu, 641014",M.D. (Obst. and Gynae)/MS (Obstetrics and Gynaecology),Open,OBC,Allotted
195,15728,All India,"ESIC MEDICAL COLLEGE, JOKA,ESI-PGIMSR & ESIC MEDICAL COLLEGE, JOKA, KOLKATA, WEST BENGAL, West Bengal, 700104",M.S. (GENERAL SURGERY),Open,General,Allotted
196,15784,All India,"Uttar Pradesh University of Medical Sciences, Saifai, Etawah,Uttar Pradesh University of Medical Sciences, Saifai, Etawah, Uttar Pradesh, 206130",M.D. (PAEDIATRICS),EWS,EWS,Allotted
197,15788,All India,"DARBHANGA MEDICAL COLLEGE,Sheetal Prasad Marg, Laheriasarai, Darbhanga, Bihar, Bihar, 846003",M.D. (PAEDIATRICS),OBC,OBC,Allotted
198,15799,DNB Quota,"K S HOSPITAL, Karnataka,9-13-1270, M B DIWATAR NAGAR, HOSPET ROAD, KOPPAL, Karnataka, 583231",(NBEMS) GENERAL MEDICINE,Open,General,Allotted
199,15819,All India,"Government T D Medical College, Vandanm , Alappuzha,Government T D Medical College, Vandanam , Alappuzha, Kerala, 688005",M.D. (Obst. and Gynae)/MS (Obstetrics and Gynaecology),Open,General,Allotted
200,15830,All India,"Tomo Riba Institute of Health and Medical Sciences,,TRIHMS. Old Assembly Block. Near Rajiv Gandhi Stadium. Naharlagun-791110. Arunachal Pradesh, Arunachal Pradesh, 791110",M.D. (GENERAL MEDICINE),Open,General,Allotted
201,15919,Self-Financed Merit Seat,"AMRITA SCHOOL OF MEDICINE,Kochi,Amrita School of Medicine, Amrita Institute of Medical Sciences,AIMS Ponekkara P.O, Kochi, Kerala, 682041",M.D. (PAEDIATRICS),Open,General,Allotted
202,15954,All India,"Dr. Rajendra Prasad Government Medical College, Tanda,Dr. Rajendra Prasad Government Medical College, Tanda, Himachal Pradesh, 176002",M.S. (GENERAL SURGERY),Open,General,Allotted
203,16069,All India,"Govt. Bundelkhand Medical College Sagar M.P.,Govt. Bundelkhand Medical College Sagar M.P., Madhya Pradesh, 470001",M.D. (Obst. and Gynae)/MS (Obstetrics and Gynaecology),OBC,OBC,Allotted
204,16077,DNB Quota,"Vishesh Jupiter Hospital,Scheme No 94, Ring Road, near Teen Imli Chauraha, Sector 1, Indore, Madhya Pradesh 452020, Madhya Pradesh, 452020",(NBEMS) PAEDIATRICS,Open,EWS,Allotted
205,16120,All India,"Government Medical College, Nandyal,Noonepalle, Nandyala, Andhra Pradesh",M.D. (PAEDIATRICS),OBC,OBC,Allotted
206,16121,DNB Quota,"Deenanath Mangeshkar Hospital and Research Centre.,,8 13 2 Erandawane near Mhatre Bridge, Maharashtra, 411004",(NBEMS) Obstetrics and Gynaecology,Open,General,Allotted
207,16126,All India,"Tirunelveli Medical College,THE DEAN, TIRUNELVELI MEDICAL COLLEGE, HIGHGROUND,TIRUNELVELI-11, Tamil Nadu, 627011",M.S. (ORTHOPAEDICS),OBC,OBC,Allotted
208,16137,All India,"Government Medical College, Datia,Near 29 Batallion, National Highway 44, Dist Datia, Madhya Pradesh Pin - 475661, Madhya Pradesh, 475661",M.D. (PAEDIATRICS),OBC,OBC,Allotted
209,16142,All India,"NAMO Medical Education and Research Institute, Dadra & Nagar Haveli & Daman & Diu,Sayli Road, Silvassa, DNH, Dadra And Nagar Haveli, 396230",M.D. (GENERAL MEDICINE),Open,General,Allotted
210,16213,DNB Quota,"Diamond Harbour Government Medical College And Hospital, ,Harindanga, New Town, Word No- 4, P.O and P.S- Diamond Harbour, Dist- South 24 Parganas, West Bengal, West Bengal, 743331",(NBEMS) GENERAL MEDICINE,Open,OBC,Allotted
211,16302,DNB Quota,"Dr Shyama Prasad Mukherjee (Civil) Hospital, ,Park Road, Hazratganj, Lucknow, Uttar Pradesh, 226001",(NBEMS) PAEDIATRICS,Open,General,Allotted
212,16311,All India,"Government Medical College, Mahabubnagar,Government Medical College, Yedira, Mahabubnagar, Telangana state, Telangana, 509002",M.D. (PAEDIATRICS),OBC,OBC,Allotted
213,16338,All India,"Rajmata Shrimati Devendra Kumari Singhdeo Government Medical College, Ambikapur,Kanyaparisar Road Gangapur Ambikapur District Surguja, Chhattisgarh, 497001",M.D. (Obst. and Gynae)/MS (Obstetrics and Gynaecology),Open,General,Allotted
214,16342,All India,"Bangalore Medical College and Research Institute,Bangalore Medical College and Research Institute, Karnataka, 560002",M.D. (Obst. and Gynae)/MS (Obstetrics and Gynaecology),EWS,EWS,Allotted
215,16573,All India,"Sarojini Naidu Medical College, AGRA,Sarojini Naidu Medical College, AGRA, Uttar Pradesh, 282002",M.S. (GENERAL SURGERY),OBC,OBC,Allotted
216,16578,All India,"Government Medical College, Mahabubnagar,Government Medical College, Yedira, Mahabubnagar, Telangana state, Telangana, 509002",M.D. (Obst. and Gynae)/MS (Obstetrics and Gynaecology),Open,OBC,Allotted
217,16606,All India,"GOVERNMENT VILLUPURAM MEDICAL COLLEGE, VILLUPURAM,GOVERNMENT VILLUPURAM MEDICAL COLLEGE VILLUPURAM TRICHY TRUNK ROAD MUNDIYAMPAKKAM VILLUPURAM DISTR, Tamil Nadu, 605601",M.D. (Obst. and Gynae)/MS (Obstetrics and Gynaecology),OBC,OBC,Allotted
218,16714,DNB Quota,"TIMES HOSPITAL, Assam,Old N.T. Road, Deurigaon Opposite NRL Petrol Pump, Mission Chariali, Ketekibari, Tezpur, Assam 78400, Assam, 784001",(NBEMS) GENERAL MEDICINE,Open,General,Allotted
219,16742,All India,"GOVERNMENT VELLORE MEDICAL COLLEGE,GOVERNMENT VELLORE MEDICAL COLLEGE, Tamil Nadu, 632011",M.S. (GENERAL SURGERY),OBC,OBC,Allotted
220,16803,All India,"North Bengal Medical College,North Bengal Medical College, West Bengal, 734012",M.D. (Obst. and Gynae)/MS (Obstetrics and Gynaecology),Open,OBC,Allotted
221,16863,DNB Quota,"Deen Dayal Upadhyay Hospital, ,DDU HOSPITAL, SHAHEED MANGAL PANDEY MARG, NANAK PURA, HARI NAGAR, NEW DELHI, DELHI-110064, Delhi (NCT), 110064",(NBEMS) GENERAL SURGERY,Open,OBC,Allotted
222,16871,DNB Quota,"Lilavati Hospital and Research Centre, ,Lilavati Hospital And Research Centre A-791, Bandra Reclamation, Bandra - West, Mumbai, Maharashtra, 400050",(NBEMS) PAEDIATRICS,Open,OBC,Allotted
223,16895,All India,"MALDA MEDICAL COLLEGE,MALDA MEDICAL COLLEGE, West Bengal, 732101",M.S. (GENERAL SURGERY),Open,General,Allotted
224,16901,DNB Quota,"J.L.N. Main Hospital and Research Centre, ,Bhilai Steel Plant Sector-9, Bhilai, C.G., Chhattisgarh, 490009",(NBEMS) PAEDIATRICS,Open,General,Allotted
225,16916,DNB Quota,"ARPA Medcity Hospital and Research Institute, Vypar Vihar Near SBI Main Road, Bilaspur, Chhattisgarh-495001,Elite Medcity Hospital Near SBI Comercial Branch Vyapar Vihar Main Road Bilaspur",(NBEMS) GENERAL MEDICINE,Open,OBC,Allotted
226,16923,DNB Quota,"Apollo Hospital, Andhra Pradesh,Main Road, Suryarao Pet,Kakinada -, Andhra Pradesh, 533001",(NBEMS) GENERAL MEDICINE,Open,OBC,Allotted
227,16937,All India,"Government Thiruvannamalai Medical College, Thiruvannamalai, Tamil Nadu,DISTRICT COLLECTORATE MASTER PLAN COMPLEX, VENGIKKAL THIRUVANNAMALAI, Tamil Nadu, 600604",M.S. (GENERAL SURGERY),Open,OBC,Allotted
228,16946,DNB Quota,"Jupiter Hospital, ,Eastern Express Highway, Thane West, Maharashtra, 400601",(NBEMS) PAEDIATRICS,Open,OBC,Allotted
229,17127,All India,"BIDAR INSTITUTE OF MEDICAL SCIENCES, BIDAR,BIDAR INSTITUTE OF MEDICAL SCIENCES, BIDAR, Karnataka, 585401",M.D. (PAEDIATRICS),Open,OBC,Allotted
230,17139,All India,"MYSORE MEDICAL COLLEGE AND RESEARCH INSTITUTE,MYSORE MEDICAL COLLEGE AND RESEARCH INSTITUTE, Karnataka, 570001",M.S. (ORTHOPAEDICS),Open,General,Allotted
231,17153,All India,"Thiruvarur Govt.Medical College,Thiruvarur Govt.Medical College, Master Plan Complex, Vilamal, Thiruvarur -610004, Tamil Nadu, 610004",M.S. (GENERAL SURGERY),Open,OBC,Allotted
232,17156,All India,"Pandit Bhagwat Dayal Sharma Post Graduate Institute of Medical Sciences, Rohtak,Pandit Bhagwat Dayal Sharma Post Graduate Institute of Medical Sciences, Rohtak, Haryana, 124001",M.S. (ORTHOPAEDICS),OBC,OBC,Allotted
233,17190,All India,"NAMO Medical Education and Research Institute, Dadra & Nagar Haveli & Daman & Diu,Sayli Road, Silvassa, DNH, Dadra And Nagar Haveli, 396230",M.D. (GENERAL MEDICINE),Open,General,Allotted
234,17245,DNB Quota,"Bhagat Phool Singh Govt. Medical College for Women,BHAGAT PHOOL SINGH GOVT. MEDICAL COLLEGE FOR WOMEN KHANPUR KALAN SONEPAT, Haryana, 131305",(NBEMS) PAEDIATRICS,Open,OBC,Allotted
235,17250,All India,"Govt. Medical College, Jammu,Govt. Medical College, Bakshi Nagar, Jamu, Jammu And Kashmir, 180001",M.S. (GENERAL SURGERY),Open,General,Allotted
236,17270,All India,"NETAJI SUBHASH CHANDRA BOSE MEDICAL COLLEGE, JABALPUR ,NETAJI SUBHASH CHANDRA BOSE MEDICAL COLLEGE, NAGPUR ROAD JABALPUR, Madhya Pradesh, 482003",M.D. (PAEDIATRICS),EWS,EWS,Allotted
237,17290,All India,"CALCUTTA NATIONAL MEDICAL COLLEGE,CALCUTTA NATIONAL MEDICAL COLLEGE 32, Gorachand Road, Kolkata 700014, West Bengal, 700014",M.D. (GENERAL MEDICINE),EWS,EWS,Allotted
238,17293,DNB Quota,"Maxwell Super Multispeciality Hospital Pvt. Ltd.,Uttar Pradesh,Near Toll Tax Plaza Dafi, Varanasi, Uttar Pradesh, 221011",(NBEMS-DIPLOMA) RADIO-DIAGNOSIS,Open,General,Allotted
239,17373,DNB Quota,"Government Medical College Purnea, Line Bazar, Purnea, Bihar-854301,GMCH,LINE BAZAR,PURNEA",(NBEMS) Obstetrics and Gynaecology,Open,EWS,Allotted
240,17404,All India,"GOVT. MEDICAL COLLEGE AND HOSPITAL, CHANDIGARH,GOVT. MEDICAL COLLEGE AND HOSPITAL, CHANDIGARH, Chandigarh, 160030",M.S. (E.N.T.),OBC,OBC,Allotted
241,17429,Aligarh Muslim University,"JAWAHARLAL NEHRU MEDICAL COLLEGE, ALIGARH MUSLIM UNIVERSITY STATE UTTAR,JAWAHARLAL NEHRU MEDICAL COLLEGE, ALIGARH MUSLIM UNIVERSITY STATE UTTAR, Uttar Pradesh, 202002",M.S. (GENERAL SURGERY),Open,General,Allotted
242,17435,DNB Quota,"Sheth Vadilal Sarabhai General Hospital and Sheth Chinai Prasuti Hospital, Gujarat,Ellisbridge, Ahmedabad. Gujarat , Gujarat-380006",(NBEMS) PAEDIATRICS,Open,OBC,Allotted
243,17482,All India,"Government medical college patiala.,Government medical college patiala., Punjab, 147001",M.D. (Tuberculosis and Respiratory diseases)/Pulmonary Medicine /M.D. (Respiratory Medicine),Open,General,Allotted
244,17497,DNB Quota,"Ramakrishna Mission Sevashrama Charitable Hospital, Swami Vivekananda Marg Vrindavan PO, Mathura District, Uttar Pradesh-281121,Ramakrishna Marg, Vrindavan P.O., Mathura Dist.",(NBEMS) Obstetrics and Gynaecology,Open,General,Allotted
245,17606,All India,"GANDHI MEDICAL COLLEGE,GANDHI MEDICAL COLLEGE, Telangana, 500003",M.S. (ORTHOPAEDICS),Open,OBC,Allotted
246,17660,All India,"Government Medical College, Miraj,Government Medical College, Miraj, Maharashtra, 416410",M.S. (GENERAL SURGERY),OBC,OBC,Allotted
247,17738,All India,"JAWAHARLAL NEHRU MEDICAL COLLEGE, ALIGARH MUSLIM UNIVERSITY STATE UTTAR,JAWAHARLAL NEHRU MEDICAL COLLEGE, ALIGARH MUSLIM UNIVERSITY STATE UTTAR, Uttar Pradesh, 202002",M.S. (GENERAL SURGERY),EWS,EWS,Allotted
248,17743,All India,"Government Medical College, Baramati,Plot No P-107 Opposite Women Hospital Baramati MIDC Area Baramati Tehsil Baramati Dist Pune, Maharashtra, 413133",M.S. (GENERAL SURGERY),Open,General,Allotted
249,17825,All India,"GOVERNMENT MEDICAL COLLEGE - KANNUR,GOVERNMENT MEDICAL COLLEGE - KANNUR, Kerala, 670503",M.D. (Obst. and Gynae)/MS (Obstetrics and Gynaecology),Open,General,Allotted
250,17829,All India,"Shri Vasantrao Naik Govt Medical College Yavatmal,Civil lines, Yavatmal, Maharashtra, 445001",M.S. (GENERAL SURGERY),Open,General,Allotted
251,17848,DNB Quota,"Apollo Hospital, Andhra Pradesh,Main Road, Suryarao Pet,Kakinada -, Andhra Pradesh, 533001",(NBEMS) GENERAL MEDICINE,Open,OBC,Allotted
252,17896,All India,"Jawaharlal Institute of Medical Sciences, Manipur,Jawaharlal Nehru Institute of Medical Sciences, Porompat, Imphal -East, Manipur-795005, Manipur, 795005",M.D. (PAEDIATRICS),Open,General,Allotted
253,17986,All India,"Moti Lal Nehru Medical College,Moti Lal Nehru Medical College, Uttar Pradesh, 211001",M.D. (Obst. and Gynae)/MS (Obstetrics and Gynaecology),OBC,OBC,Allotted
254,18054,DNB Quota,"Rampurhat Govt. Medical College and Hospital, ,RAMPURHAT GOVERNMENT MEDICAL COLLEGE AND HOSPITAL, P.O. RAMPURHAT, P.S. RAMPURHAT, DIST. BIRBHUM, WB, West Bengal, 731224",(NBEMS) GENERAL MEDICINE,OBC,OBC,Allotted
255,18061,All India,"MEDICAL COLLEGE, KOLKATA,MEDICAL COLLEGE, KOLKATA, West Bengal, 700073",M.D. (PAEDIATRICS),OBC,OBC,Allotted
256,18067,All India,"LATE SHRI LAKHI RAM AGRAWAL MEMORIAL GOVT.MEDICAL COLLEGE,LATE SHRI LAKHI RAM AGRAWAL MEMORIAL GOVT.MEDICAL COLLEGE, Chhattisgarh, 496001",M.D. (PAEDIATRICS),Open,General,Allotted
257,18071,All India,"Government Medical College, Pali Rajasthan.,NH-62,Sumerpur Road,Village Ramasiya,Hemawas,Pali, Rajasthan, Rajasthan, 306401",M.D. (Obst. and Gynae)/MS (Obstetrics and Gynaecology),OBC,OBC,Allotted
258,18095,All India,"Dr. Rajendra Prasad Government Medical College, Tanda,Dr. Rajendra Prasad Government Medical College, Tanda, Himachal Pradesh, 176002",M.S. (ORTHOPAEDICS),Open,General,Allotted
259,18099,All India,"Agartala Government Medical College,Agartala Government Medical College, Tripura, 799006",M.D. (Tuberculosis and Respiratory diseases)/Pulmonary Medicine /M.D. (Respiratory Medicine),Open,General,Allotted
260,18110,DNB Quota,"Vijay Marie Hospital and Educational Society, ,10-1-673 1 Veernagar Khairatabad, Telangana, 500004",(NBEMS) GENERAL MEDICINE,Open,General,Allotted
261,18162,All India,"Dr. B. C. Roy Post Graduate Institute of Paediatric Sciences,111 Narkeldanga Main Road Kolkata, West Bengal, 700054",M.D. (PAEDIATRICS),OBC,OBC,Allotted
262,18199,DNB Quota,"Kovai Medical Centre, ,Kovai Medical Center and Hospital, 99, Avanashi Road, Coimbatore - 641014, Tamil Nadu, 641014",(NBEMS) Respiratory Medicine,Open,OBC,Allotted
263,18213,All India,"Zoram Medical College & Hospital,Mizoram ,Falkawn, Mizoram",M.D. (Obst. and Gynae)/MS (Obstetrics and Gynaecology),Open,General,Allotted
264,18242,All India,"Government Medical College, Cuddalore District,Govt. Medical College and Hospital, Cuddalore District Erstwhile Rajah Muthiah Medical College, Tamil Nadu, 608002",M.S. (GENERAL SURGERY),Open,OBC,Allotted
265,18282,All India,"Govt. Medical College, Jammu,Govt. Medical College, Bakshi Nagar, Jamu, Jammu And Kashmir, 180001",M.S. (GENERAL SURGERY),Open,General,Allotted
266,18294,All India,"MAHARANI LAXMI BAI MEDICAL COLLEGE JHANSI,MAHARANI LAXMI BAI MEDICAL COLLEGE JHANSI, Uttar Pradesh, 284128",M.D. (Obst. and Gynae)/MS (Obstetrics and Gynaecology),EWS,EWS,Allotted
267,18309,All India,"Indira Gandhi Medical College Shimla,Indira Gandhi Medical College Shimla, Himachal Pradesh, 171001",M.D. (Obst. and Gynae)/MS (Obstetrics and Gynaecology),OBC,OBC,Allotted
268,18383,DNB Quota,"Care Hospital,,Care Hospitals Road No1 Banjara Hills Hyderabad Telangana, Telangana, 500034",(NBEMS) Obstetrics and Gynaecology,Open,EWS,Allotted
269,18418,All India,"RAJIV GANDHI INSTITUTE OF MEDICAL SCIENCES,RAJIV GANDHI INSTITUTE OF MEDICAL SCIENCES ADILABAD -504001 TELANGANA STATE, Telangana, 504001",M.S. (GENERAL SURGERY),Open,General,Allotted
270,18425,DNB Quota,"GURUKRIPA HOSPITALS ,JYOTI NAGAR PIPRALI ROAD SIKAR RAJASTHAN, Rajasthan, 332001",(NBEMS-DIPLOMA) RADIO-DIAGNOSIS,Open,OBC,Allotted
271,18487,All India,"GOVT. MEDICAL COLLEGE, THIRUVANANTHAPURAM,GOVT. MEDICAL COLLEGE, THIRUVANANTHAPURAM, Kerala, 695011",M.D. (Obst. and Gynae)/MS (Obstetrics and Gynaecology),OBC,OBC,Allotted
272,18490,All India,"Rajmata Shrimati Devendra Kumari Singhdeo Government Medical College, Ambikapur,Kanyaparisar Road Gangapur Ambikapur District Surguja, Chhattisgarh, 497001",M.D. (PAEDIATRICS),OBC,OBC,Allotted
273,18520,All India,"Govt. Medical College, Jammu,Govt. Medical College, Bakshi Nagar, Jamu, Jammu And Kashmir, 180001",M.S. (ORTHOPAEDICS),Open,General,Allotted
274,18527,All India,"R G KAR MEDICAL COLLEGE, West Bengal,R G KAR MEDICAL COLLEGE,1 KHUDIRAM BOSE SARANI,KOLKATA, West Bengal, West Bengal, 700004",M.D. (PAEDIATRICS),OBC,OBC,Allotted
275,18528,All India,"Burdwan Medical College, West Bengal,Burdwan Medical College, West Bengal, West Bengal, 713104","M.D. (DERM.,VENE. and LEPROSY)/ (DERMATOLOGY)/(SKIN and VENEREAL DISEASES)/(VENEREOL OGY)",EWS,EWS,Allotted
276,18540,DNB Quota,"R P HOSPITAL AND RESEARCH INSTITUTE, PARBHANI, Maharashtra ,Pedgaon, Parbhani- manwat road, Parbhani, Maharashtra, 431537",(NBEMS) Obstetrics and Gynaecology,Open,EWS,Allotted
277,18547,All India,"NIZAMS INSTITUTE OF MEDICAL SCIENCES,NIZAMS INSTITUTE OF MEDICAL SCIENCES PANJAGUTTA HYDERABAD, Telangana, 500082",M.D. (ANAESTHESIOLOGY),Open,OBC,Allotted
278,18558,All India,"Dr. Sampurnanand Medical College (SNMC), JODHPUR,Dr. Sampurnanand Medical College (SNMC), JODHPUR, Rajasthan, 342001",M.D. (Emergency and Critical Care)/M.D. (Emergency Medicine),Open,General,Allotted
279,18700,DNB Quota,"HAJI ABDUL MAJID MEMORIAL HOSPITAL and RESEARCH CENTER, Assam,HAJI ABDUL MAJID MEMORIAL HOSPITAL MAIN ROAD HOJAI, Assam, 782435",(NBEMS) GENERAL MEDICINE,Open,OBC,Allotted
280,18720,All India,"Andhra Medical College,Andhra Medical College, Andhra Pradesh, 530002",M.D. (Tuberculosis and Respiratory diseases)/Pulmonary Medicine /M.D. (Respiratory Medicine),OBC,OBC,Allotted
281,18747,All India,"NAMO Medical Education and Research Institute, Dadra & Nagar Haveli & Daman & Diu,Sayli Road, Silvassa, DNH, Dadra And Nagar Haveli, 396230",M.D. (RADIO- DIAGNOSIS),EWS,EWS,Allotted
282,18752,DNB Quota,"Dr. Rela Institute and Medical Centre , Tamil Nadu,NO.7, CLC WORKS ROAD, CHROMPET CHENNAI, Tamil Nadu, 600044",(NBEMS) PAEDIATRICS,Open,OBC,Allotted
283,18779,All India,"INSTITUTE OF MENTAL HEALTH AND HOSPITAL, AGRA,INSTITUTE OF MENTAL HEALTH AND HOSPITAL, AGRA, Uttar Pradesh, 282002",M.D. (PSYCHIATRY),Open,General,Allotted
284,18790,All India,"Govt. Medical College, Jammu,Govt. Medical College, Bakshi Nagar, Jamu, Jammu And Kashmir, 180001",M.D. (PAEDIATRICS),EWS,EWS,Allotted
285,18922,DNB Quota,"Maharaja Agrasen Medical College,,NH- 9, VPO - Agroha, District Hisar, Haryana, 125047",(NBEMS) PAEDIATRICS,Open,General,Allotted
286,19020,All India,"BIDAR INSTITUTE OF MEDICAL SCIENCES, BIDAR,BIDAR INSTITUTE OF MEDICAL SCIENCES, BIDAR, Karnataka, 585401",M.S. (GENERAL SURGERY),Open,General,Allotted
287,19031,All India,"GOVT MEDICAL COLLEGE,THRISSUR,GOVT MEDICAL COLLEGE,THRISSUR, Kerala, 680596",M.D. (Obst. and Gynae)/MS (Obstetrics and Gynaecology),OBC,OBC,Allotted
288,19061,DNB Quota,"Punjab Institute of Medical Scineces ,Punjab Institute of Medical Sciences Garha Road Jalandhar, Punjab, 144006",(NBEMS) Respiratory Medicine,Open,OBC,Allotted
289,19072,DNB Quota,"GMERS Medical College and Hospital,,GMERS Medical College and Hospital Campus, Dharpur, Patan-Unjha State Highway, Patan (North Gujarat,, Gujarat, 384265",(NBEMS) PSYCHIATRY,Open,General,Allotted
290,19115,All India,"Guru Gobind Singh Medical College,Guru Gobind Singh Medical College, Sadiq Road, Faridkot, Punjab, 151203",M.D. (Tuberculosis and Respiratory diseases)/Pulmonary Medicine /M.D. (Respiratory Medicine),Open,General,Allotted
291,19195,All India,"MADURAI MEDICAL COLLEGE,MADURAI MEDICAL COLLEGE, Tamil Nadu, 625020",M.S. (ORTHOPAEDICS),OBC,OBC,Allotted
292,19204,DNB Quota,"Fortis Escorts Hospital,,Fortis Escorts Hospital, Neelam bata road, Faridabad, Haryana, 121001",(NBEMS) Obstetrics and Gynaecology,Open,OBC,Allotted
293,19260,All India,"GOVT MEDICAL COLLEGE, ANANTAPURAMU,GOVT MEDICAL COLLEGE, ANANTAPURAMU, Andhra Pradesh, 515001",M.D. (Tuberculosis and Respiratory diseases)/Pulmonary Medicine /M.D. (Respiratory Medicine),OBC,OBC,Allotted
294,19311,DNB Quota,"ASYM DISTRICT HOSPITAL,Jammu and Kashmir,NEAR FIRE SERVICE STATION BUDGAM, Jammu And Kashmir, 191111",(NBEMS) GENERAL MEDICINE,OBC,OBC,Allotted
295,19325,All India,"MEDICAL COLLEGE, KOLKATA,MEDICAL COLLEGE, KOLKATA, West Bengal, 700073",M.S. (OPHTHALMOLOGY),Open,General,Allotted
296,19422,All India,"GANDHI MEDICAL COLLEGE,GANDHI MEDICAL COLLEGE, Telangana, 500003",M.S. (E.N.T.),Open,General,Allotted
297,19428,DNB Quota,"Artemis Health Institute, ,Sector 51, Gurugram, Haryana -122001, Haryana, 122001",(NBEMS) Obstetrics and Gynaecology,Open,General,Allotted
298,19451,All India,"MADRAS MEDICAL COLLEGE,EVR PERIYAR SALAI, CHENNAI-03, Tamil Nadu, 600003",M.D. (ANAESTHESIOLOGY),Open,OBC,Allotted
299,19455,DNB Quota,"J.L.N. Main Hospital and Research Centre, ,Bhilai Steel Plant Sector-9, Bhilai, C.G., Chhattisgarh, 490009",(NBEMS) Obstetrics and Gynaecology,Open,General,Allotted
300,19471,DNB Quota,"Dr. Kamakshi Memorial Hospital, (Dr. Kamakshi Institute of Medical Sciences and Research) ,No.1,Radial Road , Pallikaranai, Chennai, Tamil Nadu, 600100",(NBEMS) PAEDIATRICS,Open,OBC,Allotted
301,19487,DNB Quota,"Shaheed Hasan Khan Mewati Government Medical College , ,Shaheed Hasan Khan Mewati Government Medical College Nalhar Nuh, Haryana, 122107",(NBEMS) GENERAL SURGERY,Open,General,Allotted
302,19582,Self-Financed Merit Seat,"Kasturba Medical College Mangalore, Manipal Academy of Higher Education, Mangalore,Kasturba Medical College Mangalore, Manipal Academy of Higher Education, Mangalore, Karnataka, 575001",M.D. (GENERAL MEDICINE),Open,OBC,Allotted
303,19599,DNB Quota,"KAUVERY HOSPITAL, Karnataka,no.92, 1 A B, Konappana Agrahara, Electronic City, Bangalore, Karnataka, 560100",(NBEMS-DIPLOMA) RADIO-DIAGNOSIS,Open,General,Allotted
304,19682,DNB Quota,"K B Bhabha Municipal General Hospital, ,R K PATKAR ROAD ,BANDRA WEST ,MUMBAI, Maharashtra, 400050",(NBEMS) PAEDIATRICS,Open,OBC,Allotted
305,19716,DNB Quota,"Dr. Kamakshi Memorial Hospital, (Dr. Kamakshi Institute of Medical Sciences and Research) ,No.1,Radial Road , Pallikaranai, Chennai, Tamil Nadu, 600100",(NBEMS-DIPLOMA) RADIO-DIAGNOSIS,Open,OBC,Allotted
306,19763,All India,"Kodagu Institute of Medical Sciences, Karnataka,Kodagu Institute of Medical Sciences Madikeri Kodagu, Karnataka, 571201",M.S. (GENERAL SURGERY),Open,General,Allotted
307,19778,DNB Quota,"Aadhar Health Institute, (A UNIT OF VLCOM HEALTHCARE P LTD.) ,Aadhar Health Institute, A UNIT OF VLCOM HEALTHCARE P LTD. Tosham Road, Hisar, Haryana- 125001, Haryana, 125001",(NBEMS) Obstetrics and Gynaecology,Open,General,Allotted
308,19781,All India,"Lady Hardinge Medical College,Lady Hardinge Medical College, Delhi (NCT), 110001",M.D. (ANAESTHESIOLOGY),OBC,OBC,Allotted
309,19784,DNB Quota,"District Hospital, ,DISTRICT HOSPITAL KULGAM NEAR FRUIT MANDI, Jammu And Kashmir, 192231",(NBEMS) GENERAL MEDICINE,Open,OBC,Allotted
310,19814,DNB Quota,"Asarfi Hospital, Jharkhand,Baramuri, B Polytechnic, Dhanbad, Jharkhand, 828130",(NBEMS-DIPLOMA) RADIO-DIAGNOSIS,Open,EWS,Allotted
311,19825,DNB Quota,"Shifaa Hospital, ,NO 332, QUEENS ROAD, SHIVAJINAGAR, Karnataka, 560052",(NBEMS-DIPLOMA) RADIO-DIAGNOSIS,Open,General,Allotted
312,19856,All India,"Gauhati Medical College, Guwahati,Gauhati Medical College, Guwahati, Assam, 781032",M.D. (Obst. and Gynae)/MS (Obstetrics and Gynaecology),OBC,OBC,Allotted
313,19863,All India,"Rajendra Institute of Medical Sciences, Ranchi,Rajendra Institute of Medical Sciences, Ranchi, Jharkhand, 834009","M.D. (DERM.,VENE. and LEPROSY)/ (DERMATOLOGY)/(SKIN and VENEREAL DISEASES)/(VENEREOL OGY)",SC,SC,Allotted
314,19874,DNB Quota,"Indo-American Cancer Institute and Research Centre, ,Road No.14, Banjara Hills, Hyderabad, Telangana, 500034",(NBEMS) RADIATION ONCOLOGY,Open,EWS,Allotted
315,19885,All India,"Grant Medical College, Maharashtra,Grant Medical College, Maharashtra, Maharashtra, 400008",M.S. (OPHTHALMOLOGY),Open,General,Allotted
316,19914,DNB Quota,"ASTER HOSPITAL, Plot 2,3,4,Sadaramangala Industrial area, opposite ITPL ,Whitefield main road. Bengaluru, Karnataka-560066,Plot 2,3,4, Sadaramangala Industrial area , opposite ITPL, Whitefield main road. Bengaluru Karnataka",(NBEMS) Obstetrics and Gynaecology,Open,OBC,Allotted
317,19919,All India,"Govt. Medical College Anantnag, J&K,Govt. Medical College Anantnag, J&K- Main Campus Dialgam, 192210",M.D. (PAEDIATRICS),OBC,OBC,Allotted
318,19926,All India,"ESI-POST GRADUATE INSTITUTE OF MEDICAL SCIENCES AND RESEARCH, BASAIDARAPUR, NEW DELHI,ESI-POST GRADUATE INSTITUTE OF MEDICAL SCIENCES AND RESEARCH, BASAIDARAPUR, NEW DELHI, Delhi (NCT), 110015",M.S. (ORTHOPAEDICS),OBC,OBC,Allotted
319,19974,DNB Quota,"Sehgal Neo Hospital,B-362, 363, 364, Meera Bagh, Outer Ring Road, Paschim Vihar,, Delhi (NCT), 110063",(NBEMS) PAEDIATRICS,Open,General,Allotted
320,20009,DNB Quota,"Metro Hospital and Heart Institute Multispecialty, (Formerly known as Metro Heart Institute), Uttar Pradesh,L 94 sector 11 NoidaUttar pradesh, Uttar Pradesh, 201301",(NBEMS) Respiratory Medicine,Open,General,Allotted
321,20029,DNB Quota,"District Male Hospital , Basti, Uttar Pradesh, ,Asptaal Chauraha, Kotwali Road, Basti, Uttar Pradesh, 272002",(NBEMS) GENERAL MEDICINE,EWS,EWS,Allotted
322,20056,Delhi University Quota,"University College of Medical Sciences,University College of Medical Sciences, Delhi (NCT), 110095",M.S. (OPHTHALMOLOGY),Open,General,Allotted
323,20083,All India,"Government Medical College, Cuddalore District,Govt. Medical College and Hospital, Cuddalore District Erstwhile Rajah Muthiah Medical College, Tamil Nadu, 608002",M.S. (GENERAL SURGERY),OBC,OBC,Allotted
324,20136,DNB Quota,"Mata Chanan Devi Hospital,, ,C-1 JANAKPURI, Delhi (NCT), 110058",(NBEMS) PAEDIATRICS,Open,General,Allotted
325,20193,DNB Quota,"Siddh Multi Specialty Hospital,SIDDH MULTISPECIALTY HOSPITAL HARTHALA INDUSTRIAL ESTATE KANTH ROAD MORADABAD UP, Uttar Pradesh, 244001",(NBEMS-DIPLOMA) RADIO-DIAGNOSIS,Open,General,Allotted
326,20206,All India,"Ravindra Nath Tagore Medical College, Udaipur,Ravindra Nath Tagore Medical College, Udaipur, Rajasthan, 313001",M.D. (Radiotherapy/ Radiation Oncology),OBC,OBC,Allotted
327,20221,DNB Quota,"Aarthi Hospital, Tamil Nadu,DOOR NO 60 SANTHAIPETTAI ROAD KOVILPATTI KOVILPATTI TALUK THOOTHUKUDI DISTRICT, Tamil Nadu, 628502",(NBEMS-DIPLOMA) RADIO-DIAGNOSIS,Open,General,Allotted
328,20235,All India,"ESIC Medical College & Hospital, Faridabad,NH3 NIT FARIDABAD, Haryana, 121001",M.D. (Emergency and Critical Care)/M.D. (Emergency Medicine),Open,OBC,Allotted
329,20265,All India,"Government Medical College, Nizamabad, Telangana State,Government Medical College, Nizamabad, Telangana State, Telangana, 503001",M.D. (GENERAL MEDICINE),SC,SC,Allotted
330,20298,All India,"Govt. Doon Medical College, Dehradun,Govt. Doon Medical College Dehrakhas, Patel Nagar Dehradun 248001, Uttarakhand, 248001",M.D. (PAEDIATRICS),EWS,EWS,Allotted
331,20317,DNB Quota,"Sir Ganga Ram Hospital, ,Rajinder Nagar, New Delhi, Delhi (NCT), 110060",(NBEMS) Paediatric Surgery (Direct 6 Years Course),Open,OBC,Allotted
332,20326,All India,"Gauhati Medical College, Guwahati,Gauhati Medical College, Guwahati, Assam, 781032",M.D. (Obst. and Gynae)/MS (Obstetrics and Gynaecology),OBC,OBC,Allotted
333,20427,All India,"MADRAS MEDICAL COLLEGE,EVR PERIYAR SALAI, CHENNAI-03, Tamil Nadu, 600003",M.D. (Radiotherapy/ Radiation Oncology),OBC,OBC,Allotted
334,20436,All India,"Assam Medical College,Assam Medical College, Assam, 786002",M.D. (Obst. and Gynae)/MS (Obstetrics and Gynaecology),OBC,OBC,Allotted
335,20479,DNB Quota,"Yashoda Super Speciality Hospital, Uttar Pradesh,H-1, 24,26-27, KAUSHAMBI, NEAR DABUR CHOWK, GHAZIABAD, Uttar Pradesh, 201010",(NBEMS) PAEDIATRICS,Open,General,Allotted
336,20481,DNB Quota,"Apollo Hospital, ,LOTUS TOWER, G S ROAD, GUWAHATI, Assam, 781005",(NBEMS) Respiratory Medicine,Open,General,Allotted
337,20514,DNB Quota,"District Hospital, ,Government Medical College, Near RTC Bus stand, Gollaguda, Nalgonda Telangana - 508001, Telangana, 508001",(NBEMS) PAEDIATRICS,Open,OBC,Allotted
338,20515,All India,"MADURAI MEDICAL COLLEGE,MADURAI MEDICAL COLLEGE, Tamil Nadu, 625020",M.D. (ANAESTHESIOLOGY),OBC,OBC,Allotted
339,20521,All India,"GOVERNMENT MEDICAL COLLEGE KADAPA (FORMERLY RAJIV GANDHI INSTITUTE OF MEDICAL SCIENCES, KADAPA),GOVERNMENT MEDICAL COLLEGE KADAPA (FORMERLY RIMS KADAPA), Andhra Pradesh, 516002",M.D. (GENERAL MEDICINE),SC,SC,Allotted
340,20542,DNB Quota,"Kailash Hospital and Heart Institute, Uttar Pradesh,H-33 SECTOR 27 NOIDA, Uttar Pradesh, 201301",(NBEMS) PAEDIATRICS,Open,OBC,Allotted
341,20561,All India,"Sawai Man Singh Medical College, JAIPUR,Sawai Man Singh Medical College, JLN Marg, Jaipur-302004, Rajasthan, 302004",M.D. (ANAESTHESIOLOGY),Open,General,Allotted
342,20584,Aligarh Muslim University,"JAWAHARLAL NEHRU MEDICAL COLLEGE, ALIGARH MUSLIM UNIVERSITY STATE UTTAR,JAWAHARLAL NEHRU MEDICAL COLLEGE, ALIGARH MUSLIM UNIVERSITY STATE UTTAR, Uttar Pradesh, 202002",M.S. (ORTHOPAEDICS),Open,General,Allotted
343,20756,DNB Quota,"Government Medical College, Makeshift Campus Bye pass Road. Handwara Distt.: Kupwara, Jammu and Kashmir-193221,Makeshift Campus, Bypass Road, Handwara, Kupwara, J&K",(NBEMS) PAEDIATRICS,OBC,OBC,Allotted
344,20804,All India,"GADAG INSTITUTE OF MEDICAL SCIENCES GADAG,Gadag Institute of Medical Sciences Mallasamudra Gadag-582103, Karnataka, 582103",M.S. (GENERAL SURGERY),OBC,OBC,Allotted
345,20826,All India,"Moti Lal Nehru Medical College,Moti Lal Nehru Medical College, Uttar Pradesh, 211001",M.S. (GENERAL SURGERY),OBC,OBC,Allotted
346,20852,DNB Quota,"ASTER HOSPITAL, Plot 2,3,4,Sadaramangala Industrial area, opposite ITPL ,Whitefield main road. Bengaluru, Karnataka-560066,Plot 2,3,4, Sadaramangala Industrial area , opposite ITPL, Whitefield main road. Bengaluru Karnataka",(NBEMS) Plastic and Reconstructive Surgery (Direct 6 Years Course),Open,OBC,Allotted
347,20922,DNB Quota,"JBMM District Hospital , ,JBMM DISTRICT HOSPITAL RAM BAGH PHATAK NANDAN CINEMA CHOWK AMRITSAR AMRITSAR AMRITSAR IN 143001, Punjab, 143001",(NBEMS) PAEDIATRICS,OBC,OBC PwD,Allotted
348,21036,DNB Quota,"Ankura Hospital for Women and Children (Unit of Ankura hospitals, Gachibowli), Located at Sy.N0-8(P) and 163(P) Nanakramguda Road Khajaguda(V) Serilingampally(M) Ranga Reddy District , Telangana-500008,SY NO-8(P) and 163(P) NANAKRAMGUDA ROAD KHAJAGUDA(V)SERILINGAMPALLY(M)",(NBEMS) PAEDIATRICS,Open,EWS,Allotted
349,21039,DNB Quota,"Rangadore Memorial Hospital,,1ST CROSS, SHANKARAPURAM, BANGALORE, Karnataka, 560004",(NBEMS) PAEDIATRICS,Open,General,Allotted
350,21059,All India,"Midnapore Medical College and Hospital,Midnapore Medical College and Hospital, West Bengal, 721101",M.S. (GENERAL SURGERY),OBC,OBC,Allotted
351,21087,DNB Quota,"Sree Uthradom Tirunal Hospital,,Pattom Palace PO, Trivandrum, Kerala, 695004",(NBEMS) Obstetrics and Gynaecology,Open,General,Allotted
352,21102,All India,"NIL RATAN SIRCAR MEDICAL COLLEGE,NIL RATAN SIRCAR MEDICAL COLLEGE, 138 AJC BOSE ROAD, KOLKATA-700014., West Bengal, 700014",M.D. (PAEDIATRICS),EWS,EWS,Allotted
353,21116,DNB Quota,"NETAJI SUBHASH CHANDRA BOSE DISTRICT HOSPITAL,Uttar Pradesh,NEAR GHOSH COMPANY CHAURAHA GORAKHPUR, Uttar Pradesh, 273001",(NBEMS) Respiratory Medicine,Open,General,Allotted
354,21146,DNB Quota,"Amrutha Childrens Hospital, ,5-10-15, Kishenpura, hanamkonda, Telangana, 506001",(NBEMS) PAEDIATRICS,Open,General,Allotted
355,21150,All India,"GOVT. MEDICAL COLLEGE, AMRITSAR,GOVT. MEDICAL COLLEGE,CIRCULAR ROAD, AMRITSAR, Punjab, 143001",M.D. (Emergency and Critical Care)/M.D. (Emergency Medicine),Open,OBC,Allotted
356,21184,All India,"GOVT. MEDICAL COLLEGE, AMRITSAR,GOVT. MEDICAL COLLEGE,CIRCULAR ROAD, AMRITSAR, Punjab, 143001",M.S. (GENERAL SURGERY),OBC,OBC,Allotted
357,21188,DNB Quota,"Caritas Hospital, ,Thellakom P.O, Kerala, 686630",(NBEMS) ORTHOPAEDICS,Open,OBC,Allotted
358,21261,All India,"R G KAR MEDICAL COLLEGE, West Bengal,R G KAR MEDICAL COLLEGE,1 KHUDIRAM BOSE SARANI,KOLKATA, West Bengal, West Bengal, 700004",M.D. (Tuberculosis and Respiratory diseases)/Pulmonary Medicine /M.D. (Respiratory Medicine),OBC,OBC,Allotted
359,21278,All India,"Government Medical College Srinagar,Administrative Block Government Medical College Karan Nagar Srinagar, Jammu And Kashmir, 190010",M.S. (OPHTHALMOLOGY),Open,General,Allotted
360,21301,DNB Quota,"G Kuppuswamy Naidu Memorial Hospital, ,Post Box No.6327, Nethaji Road, Pappanaickenpalayam, Coimbatore, Tamil Nadu, 641037",(NBEMS) Respiratory Medicine,Open,OBC,Allotted
361,21311,DNB Quota,"Tirath Ram Shah Hospital,,2A, RBL Isher Das Sawhney Marg, Rajpur Road,, Delhi (NCT), 110054",(NBEMS) PAEDIATRICS,Open,General,Allotted
362,21344,DNB Quota,"ALL IS WELL MULTI SPECIALITY HOSPITAL,Madhya Pradesh,Near Macro Vision Academy, Mohammadpura, Burhanpur, Madhya Pradesh, 450331",(NBEMS-DIPLOMA) RADIO-DIAGNOSIS,Open,OBC,Allotted
363,21359,DNB Quota,"Mahavir Jaipuriya Rajasthan Hospital, Rajasthan ,Opposite Jaipuriya Hospital, Hospital Road, Milap Nagar, JLN Marg, Jaipur, Rajasthan, 302018",(NBEMS) Respiratory Medicine,Open,General,Allotted
364,21376,All India,"Dr. Rajendra Prasad Government Medical College, Tanda,Dr. Rajendra Prasad Government Medical College, Tanda, Himachal Pradesh, 176002",M.S. (GENERAL SURGERY),OBC,OBC,Allotted
365,21400,All India,"Government Medical College Kannauj , Uttar Pradesh,Kannaujmedicalcollege@gmail.com, Uttar Pradesh, 209732",M.S. (OPHTHALMOLOGY),Open,General,Allotted
366,21478,All India,"VARDHMAN INSTITUTE OF MEDICAL SCIENCES, NALANDA,BMIMS CAMPUS, PAWAPURI, NALANDA, Bihar, 803115",M.S. (GENERAL SURGERY),OBC,OBC,Allotted
367,21509,DNB Quota,"Lotus Children`s Hospital,,6-2-29,Lakdikapul, Hyderabad - 500004, Telangana, 500004",(NBEMS) PAEDIATRICS,Open,General,Allotted
368,21552,All India,"NAMO Medical Education and Research Institute, Dadra & Nagar Haveli & Daman & Diu,Sayli Road, Silvassa, DNH, Dadra And Nagar Haveli, 396230",M.D. (PAEDIATRICS),OBC,OBC,Allotted
369,21560,DNB Quota,"ESIC MEDICAL COLLEGE AND HOSPITAL, Bihar,SIKANDARPUR, BIHTA, PATNA, BIHAR, Bihar-801103Sikandarpur, Bihta, Patna, Bihar, 801103",(NBEMS) ORTHOPAEDICS,OBC,OBC,Allotted
370,21572,DNB Quota,"Durgabai Deshmukh Hospital, ,OSMANIA UNIVERSITY ROAD, VIDYANAGAR, HYDERABAD, Telangana, 500044",(NBEMS) PAEDIATRICS,Open,OBC,Allotted
371,21588,All India,"Govt. Medical College, Bhavnagar,Near. S.T. Bus Stand,Jail Road, Bhavnagar-364001, Gujarat, 364001",M.S. (GENERAL SURGERY),EWS,EWS,Allotted
372,21591,DNB Quota,"Dr. B L Kapur Memorial Hospital,Pusa Road New Delhi, Delhi (NCT), 110005",(NBEMS) Respiratory Medicine,Open,General,Allotted
373,21604,All India,"Guru Gobind Singh Medical College,Guru Gobind Singh Medical College, Sadiq Road, Faridkot, Punjab, 151203",M.S. (E.N.T.),Open,General,Allotted
374,21662,All India,"Autonomous State Medical College Society, Etah, Uttar Pradesh.,112 Nagla Padihar, Sirao Mahrara Link road Sakeet, Etah Uttar Pradesh 207001 Etah, Uttar Pradesh,",M.S. (GENERAL SURGERY),OBC,OBC,Allotted
375,21715,DNB Quota,"Apollo Hospital, ,NO. 21, OFF GREAMS LANE, GREAMS ROAD, CHENNAI, Tamil Nadu, 600006",(NBEMS) Obstetrics and Gynaecology,Open,General,Allotted
376,21769,DNB Quota,"Sheth Vadilal Sarabhai General Hospital and Sheth Chinai Prasuti Hospital, Gujarat,Ellisbridge, Ahmedabad. Gujarat , Gujarat-380006",(NBEMS) Obstetrics and Gynaecology,OBC,OBC,Allotted
377,21784,All India,"Karnataka Medical College and Research Institute, Hubballi,Karnataka Medical College and Research Institute, Hubballi Karnataka, 580021",M.S. (GENERAL SURGERY),OBC,OBC,Allotted
378,21787,All India,"Assam Medical College,Assam Medical College, Assam, 786002",M.S. (GENERAL SURGERY),Open,OBC,Allotted
379,21801,DNB Quota,"Jaiprakash Hospital and Research Centre Pvt. Ltd, Odisha,,JAIPRAKASH HOSPITAL AND RESEARCH CENTER PVT. LTD., DANDIAPALI, ROURKELA, Odisha, 769004",(NBEMS) PAEDIATRICS,Open,OBC,Allotted
380,21823,DNB Quota,"South Eastern Railways Central Hospital, ,CENTRAL HOSPITAL SOUTH EASTERN RAILWAY 11 GARDEN REACH ROAD KOLKATA, West Bengal, 700043",(NBEMS) GENERAL SURGERY,OBC,OBC,Allotted
381,21849,All India,"Indira Gandhi Institute of Medical Sciences, Patna,Indira Gandhi Institute of Medical Sciences, Patna, Bihar, 800014",M.D. (ANAESTHESIOLOGY),OBC,OBC,Allotted
382,21891,All India,"Rangaraya Medical College,Rangaraya Medical College Beside SP Office , Pithapuram Road, Kakinada, Andhra Pradesh, 533003",M.S. (ORTHOPAEDICS),OBC,OBC,Allotted
383,21922,DNB Quota,"The Voluntary Health Services and Medical Centre, ,RAJIV GANDHI SALAI, TARAMANI, CHENNAI, Tamil Nadu, 600113",(NBEMS) GENERAL SURGERY,Open,OBC,Allotted
384,21940,All India,"Government medical college patiala.,Government medical college patiala., Punjab, 147001",M.S. (E.N.T.),Open,General,Allotted
385,21953,DNB Quota,"Star Women and Children Hospital , Telangana,H No : 4-101 ,Saraswati nagar ,Teegalagutta pally Railway station road , karimnagar., Telangana, 505001",(NBEMS) PAEDIATRICS,Open,EWS,Allotted
386,21991,DNB Quota,"Andhra Hospital (Vijayawada), ,CVR Complex, Governorpet, Vijayawada-520002, Krishna District, Andhra Pradesh, 520002",(NBEMS) PAEDIATRICS,Open,General,Allotted
387,22005,DNB Quota,"Mahavir Jaipuriya Rajasthan Hospital, Rajasthan ,Opposite Jaipuriya Hospital, Hospital Road, Milap Nagar, JLN Marg, Jaipur, Rajasthan, 302018",(NBEMS) Respiratory Medicine,Open,OBC,Allotted
388,22011,All India,"STANLEY MEDICAL COLLEGE,STANLEY MEDICAL COLLEGE NO.1, OLD JAIL ROAD, CHENNAI-600001, Tamil Nadu, 600001",M.S. (ORTHOPAEDICS),Open,OBC,Allotted
389,22063,DNB Quota,"M.G.M. Muthoot Hospital, ,MGM Muthoot Medical Centre, Ring Road, Pathanamthitta, Kerala, 689645",(NBEMS) ORTHOPAEDICS,Open,General,Allotted
390,22096,DNB Quota,"Healthway Hospital, Goa ,plot no 132, Ella, Tiswadi, Old Goa, Goa, 403402",(NBEMS) PAEDIATRICS,Open,General,Allotted
391,22114,DNB Quota,"Bangalore Baptist Hospital, ,Bangalore Baptist Hospital, Bellary Road, Hebbal, Bangalore - 560024, Karnataka, 560024",(NBEMS) GENERAL SURGERY,Open,General,Allotted
392,22115,All India,"ESIC Medical College & Hospital, Faridabad,NH3 NIT FARIDABAD, Haryana, 121001",M.D. (PSYCHIATRY),OBC,OBC,Allotted
393,22212,DNB Quota,"Fehmicare Hospital, ,8-3-22937, TAHIR VILLA, YOUSUFGUDA HYDERABAD, Telangana, 500045",(NBEMS) Obstetrics and Gynaecology,Open,OBC,Allotted
394,22282,DNB Quota,"Medicover Hospitals MVP, Andhra Pradesh,1-1-83,NH16 Main road,Sector- 6,Venkojipalem, Visakhapatnam, Andhra Pradesh, Andhra Pradesh, 530017",(NBEMS) Respiratory Medicine,Open,OBC,Allotted
395,22296,All India,"Silchar Medical College, Silchar,Silchar Medical College, Silchar, Assam, 788014",M.S. (GENERAL SURGERY),Open,General,Allotted
396,22327,DNB Quota,"Bhagat Phool Singh Govt. Medical College for Women,BHAGAT PHOOL SINGH GOVT. MEDICAL COLLEGE FOR WOMEN KHANPUR KALAN SONEPAT, Haryana, 131305",(NBEMS) GENERAL SURGERY,EWS,EWS,Allotted
397,22358,All India,"Gandhi Medical College, Bhopal,Gandhi Medical College, Bhopal, Madhya Pradesh, 462001",M.S. (OPHTHALMOLOGY),EWS,EWS,Allotted
398,22368,All India,"Assam Medical College,Assam Medical College, Assam, 786002",M.S. (ORTHOPAEDICS),OBC,OBC,Allotted
399,22379,All India,"Government Medical College Srinagar,Administrative Block Government Medical College Karan Nagar Srinagar, Jammu And Kashmir, 190010",M.D. (RADIO- DIAGNOSIS),SC,SC,Allotted
400,22381,All India,"VSS INSTITUTE OF MEDICAL SCIENCES AND RESEARCH,BURLA,VSS INSTITUTE OF MEDICAL SCIENCES AND RESEARCH,BURLA, Odisha, 768017",M.S. (OPHTHALMOLOGY),OBC,OBC,Allotted
401,22458,DNB Quota,"Mydhili Hospital, ,ICS Road Gudur SPSR Nellore District, Andhra Pradesh, 524101",(NBEMS) Obstetrics and Gynaecology,Open,OBC,Allotted
402,22480,All India,"Srirama Chandra Bhanja Medical College, CUTTACK,Srirama Chandra Bhanja Medical College, CUTTACK, Odisha, 753007",M.S. (E.N.T.),Open,General,Allotted
403,22526,DNB Quota,"Lotus Children`s Hospital,,6-2-29,Lakdikapul, Hyderabad - 500004, Telangana, 500004",(NBEMS) PAEDIATRICS,Open,OBC,Allotted
404,22568,All India,"Government Medical College Srinagar,Administrative Block Government Medical College Karan Nagar Srinagar, Jammu And Kashmir, 190010",M.S. (ORTHOPAEDICS),OBC,OBC,Allotted
405,22571,DNB Quota,"Credence Hospital, ,Near Ulloor Bridge Ulloor Medical College P O Trivandrum, Kerala, 695011",(NBEMS) Obstetrics and Gynaecology,Open,EWS,Allotted
406,22581,All India,"Government Medical College Kota,Government Medical College Kota, Rajasthan, 324005",M.D. (PSYCHIATRY),OBC,OBC,Allotted
407,22659,All India,"Indira Gandhi Institute of Medical Sciences, Patna,Indira Gandhi Institute of Medical Sciences, Patna, Bihar, 800014",M.S. (E.N.T.),Open,OBC,Allotted
408,22661,All India,"Government Medical College, Aurangabad,Government Medical College, Aurangabad, Maharashtra, 431001",M.D. GERIATRICS,Open,OBC,Allotted
409,22669,All India,"MEDICAL COLLEGE, KOLKATA,MEDICAL COLLEGE, KOLKATA, West Bengal, 700073",M.D. (Tuberculosis and Respiratory diseases)/Pulmonary Medicine /M.D. (Respiratory Medicine),EWS,EWS,Allotted
410,22674,All India,"K.A.P.Viswanatham Government Medical College, Tiruchirapalli,PERIYAMILAGUPARAI, TIRUCHIRAPPALLI,, Tamil Nadu, 620001",M.S. (ORTHOPAEDICS),Open,OBC,Allotted
411,22718,DNB Quota,"Ekta Institute of Child Health, ,Near Ram Mandir. Shantinagar, Raipur, Chhattisgarh, 492001",(NBEMS) PAEDIATRICS,Open,OBC,Allotted
412,22725,All India,"ESIC Medical College and PGIMSR,ESIC Medical College and Hospital, KK Nagar, Chennai - 600 078, Tamil Nadu, 600078",M.D. (Emergency and Critical Care)/M.D. (Emergency Medicine),Open,General,Allotted
413,22744,DNB Quota,"DISHARI HEALTH POINT PRIVATE LIMITED,West Bengal,19 B G ROAD, P.O- MOKDUMPUR, P.S-ENGLISH BAZAR, DIST- MALDA, PIN-732103, West Bengal, 732103",(NBEMS) Obstetrics and Gynaecology,Open,OBC,Allotted
414,22751,All India,"MADRAS MEDICAL COLLEGE,EVR PERIYAR SALAI, CHENNAI-03, Tamil Nadu, 600003",M.S. (OPHTHALMOLOGY),Open,General,Allotted
415,22814,All India,"Tezpur Medical College,Tumuki, Bihaguri, Tezpur, Sonitpur, Assam, Assam, 784010",M.S. (ORTHOPAEDICS),OBC,OBC,Allotted
416,22862,DNB Quota,"Kinder Womens Hospital and Fertility Centre , Maruthorvattom Temple Road, Near NH 47, Cherthala, Alleppy (Dist), Kerala-688539,Kinder Women's Hospital and Fertility Centre, Maruthorvattom Temple Road, Near NH 66, Alappuzha, Kerala 688539",(NBEMS) Obstetrics and Gynaecology,Open,General,Allotted
417,22872,All India,"Government Medical College, Ratlam,Gram Banjali, Sailana Road, NH927A, Madhya Pradesh 457001, India, Madhya Pradesh, 457001",M.S. (ORTHOPAEDICS),EWS,EWS,Allotted
418,22904,DNB Quota,"Apollo Excelcare Hospital, Assam,NH-37, Near Ganesh Mandir, Paschim Boragaon, Guwahati, Assam, Assam, 781033",(NBEMS) PAEDIATRICS,Open,General,Allotted
419,22911,All India,"BIDAR INSTITUTE OF MEDICAL SCIENCES, BIDAR,BIDAR INSTITUTE OF MEDICAL SCIENCES, BIDAR, Karnataka, 585401",M.S. (ORTHOPAEDICS),Open,OBC,Allotted
420,22942,All India,"Government Medical College Srinagar,Administrative Block Government Medical College Karan Nagar Srinagar, Jammu And Kashmir, 190010",M.D. (Tuberculosis and Respiratory diseases)/Pulmonary Medicine /M.D. (Respiratory Medicine),OBC,OBC,Allotted
421,23034,All India,"Gauhati Medical College, Guwahati,Gauhati Medical College, Guwahati, Assam, 781032",M.S. (ORTHOPAEDICS),EWS,EWS,Allotted
422,23152,All India,"HASSAN INSTITUTE OF MEDICAL SCIENCES, HASSAN,HASSAN INSTITUTE OF MEDICAL SCIENCES, HASSAN, Karnataka, 573201",M.S. (ORTHOPAEDICS),Open,General,Allotted
423,23167,All India,"Sawai Man Singh Medical College, JAIPUR,Sawai Man Singh Medical College, JLN Marg, Jaipur-302004, Rajasthan, 302004",M.D. (ANAESTHESIOLOGY),Open,OBC,Allotted
424,23178,All India,"Government Medical College, Aurangabad,Government Medical College, Aurangabad, Maharashtra, 431001",M.D. GERIATRICS,OBC,OBC,Allotted
425,23227,DNB Quota,"Naruvi Hospitals , Tamil Nadu,Naruvi Hospitals, A Unit of SANCO Foundation, T.S.No.72 1B2, Collector Office Road, Chennai- Bengalu, Tamil Nadu, 632004",(NBEMS) Obstetrics and Gynaecology,Open,General,Allotted
426,23293,All India,"Post Graduate Institute of Medical Education & Research and Capital Hospital ( PGIMER & CH), Odisha,Post Graduate Institute of Medical Education & Research and Capital Hospital, Bhubaneswar, Udyan Mar, Odisha, 751001",M.D. (GENERAL MEDICINE),SC,SC,Allotted
427,23348,DNB Quota,"Lotus Children`s Hospital,,6-2-29,Lakdikapul, Hyderabad - 500004, Telangana, 500004",(NBEMS) PAEDIATRICS,Open,OBC,Allotted
428,23378,DNB Quota,"S. K. S. Hospital, ,NO.23,SKS Hospital Road, Alagapuram,Salem, Tamil Nadu, 636004",(NBEMS) Obstetrics and Gynaecology,Open,General,Allotted
429,23394,DNB Quota,"Employee State Insurance Corporation Model Hospital,,Bharat Nagar, Ludhiana, Punjab, 141001",(NBEMS) GENERAL SURGERY,OBC,OBC,Allotted
430,23432,All India,"STANLEY MEDICAL COLLEGE,STANLEY MEDICAL COLLEGE NO.1, OLD JAIL ROAD, CHENNAI-600001, Tamil Nadu, 600001",M.S. (OPHTHALMOLOGY),Open,General,Allotted
431,23502,All India,"Government Medical College, Cuddalore District,Govt. Medical College and Hospital, Cuddalore District Erstwhile Rajah Muthiah Medical College, Tamil Nadu, 608002",M.S. (ORTHOPAEDICS),Open,General,Allotted
432,23514,DNB Quota,"HCG Cancer Centre,, ,Opposite Bhagawat Vidhyapith, Sola, Ahmedabad, Gujarat, 380060",(NBEMS) RADIATION ONCOLOGY,Open,OBC,Allotted
433,23564,DNB Quota,"Artemis Health Institute, ,Sector 51, Gurugram, Haryana -122001, Haryana, 122001",(NBEMS) FAMILY MEDICINE,Open,General,Allotted
434,23572,DNB Quota,"Medicover hospitals (A unit of sahrudaya Healthcare Pvt. Ltd),18-1-3, KGH Down Rd, Besides Lepakshi Handicrafts, Jagadamba Junction, Visakhapatnam, Andhra Pradesh, Andhra Pradesh, 530002",(NBEMS) PAEDIATRICS,Open,OBC,Allotted
435,23633,DNB Quota,"Kailash Hospital and Heart Institute, Uttar Pradesh,H-33 SECTOR 27 NOIDA, Uttar Pradesh, 201301",(NBEMS) Respiratory Medicine,Open,EWS,Allotted
436,23673,DNB Quota,"Rich Hospital, Andhra Pradesh,POGATHOTA,NELLORE,ANDHRAPRADESH, Andhra Pradesh, 524001",(NBEMS) PAEDIATRICS,Open,General,Allotted
437,23677,All India,"MADURAI MEDICAL COLLEGE,MADURAI MEDICAL COLLEGE, Tamil Nadu, 625020",M.D. (GENERAL MEDICINE),SC,SC,Allotted
438,23695,All India,"Tirunelveli Medical College,THE DEAN, TIRUNELVELI MEDICAL COLLEGE, HIGHGROUND,TIRUNELVELI-11, Tamil Nadu, 627011",M.D. (ANAESTHESIOLOGY),OBC,OBC,Allotted
439,23698,DNB Quota,"Vijaya Hospital, ,New No 434, Old No 180, NSK Salai, Vadapalani, Chennai - 600026, Tamil Nadu, 600026",(NBEMS) Respiratory Medicine,Open,OBC,Allotted
440,23857,DNB Quota,"Venkatapadma Hospital,,Venkatapadma hospital, near 3 lamp junction, Door No 15-1-45, Vizianagaram, Andhra Pradesh, 535002",(NBEMS) PAEDIATRICS,Open,General,Allotted
441,23861,All India,"Government Medical College, Nagpur,Government Medical College, Nagpur, Maharashtra, 440003",M.D. (Radiotherapy/ Radiation Oncology),Open,General,Allotted
442,23894,All India,"Post Graduate Institute of Medical Education & Research and Capital Hospital ( PGIMER & CH), Odisha,Post Graduate Institute of Medical Education & Research and Capital Hospital, Bhubaneswar, Udyan Mar, Odisha, 751001",M.D. (ANAESTHESIOLOGY),Open,General,Allotted
443,23932,DNB Quota,"Kalpana Chawla Govt Medical College, ,Model Town, Karnal, Haryana, 132001",(NBEMS) ORTHOPAEDICS,Open,General,Allotted
444,23947,All India,"JAWAHARLAL NEHRU MEDICAL COLLEGE, ALIGARH MUSLIM UNIVERSITY STATE UTTAR,JAWAHARLAL NEHRU MEDICAL COLLEGE, ALIGARH MUSLIM UNIVERSITY STATE UTTAR, Uttar Pradesh, 202002",M.D. (PATHOLOGY),Open,General,Allotted
445,23990,All India,"Andhra Medical College,Andhra Medical College, Andhra Pradesh, 530002",M.S. (OPHTHALMOLOGY),Open,General,Allotted
446,24004,DNB Quota,"Continental Hospital, ,Continental Hospitals Pvt Ltd., Plot No.3, Road No.2, IT & Financial District, Nanakramguda, Gachibo, Telangana, 500032",(NBEMS) Respiratory Medicine,Open,General,Allotted
447,24035,All India,"GAJRA RAJA MEDICAL COLLEGE GWALIOR,GAJRA RAJA MEDICAL COLLEGE GWALIOR, Madhya Pradesh, 474009",M.D. (RADIO- DIAGNOSIS),ST,ST,Allotted
448,24160,All India,"Shri Atal Bihari Vajpayee Medical College & Research Institute, Bengaluru,Opposite to Shivajinagar Bus stop, Shivajinagar, Bengaluru., Karnataka, 560001",M.S. (OPHTHALMOLOGY),Open,General,Allotted
449,24421,All India,"Government Kilpauk Medical College,Government Kilpauk Medical College Poonthamalli main roadl, Kilpauk, Chennai 10, Tamil Nadu, 600010",M.D. (ANAESTHESIOLOGY),Open,OBC,Allotted
450,24555,DNB Quota,"Rajkot Cancer Society, 1 Tirupati Nagar Opp Nirmala Convent School Rajkot, Gujarat- 360007,RAJKOT CANCER SOCIETY, SHREE NATHALAL CANCER HOSPITAL, RAJKOT1, Tirupatinagar, Opp. Nirmala Convent School, Rajkot – 360 007, Gujarat, India",(NBEMS) RADIATION ONCOLOGY,Open,General,Allotted
451,24558,DNB Quota,"Yashoda Health Care Services Private Limited, D.No: 2-41/14/Yashoda/GF, Sy No,41/14, Khanamet Village, Serilingampally(M), Hyderabad, Telangana-500084,Hitech City, Hyderabad, Telangana State",(NBEMS) Emergency Medicine,Open,OBC,Allotted
452,24578,All India,"Government Medical College, Kathua,NH1A, Near Kalibari, Kathua",M.S. (E.N.T.),Open,General,Allotted
453,24781,All India,"NAMO Medical Education and Research Institute, Dadra & Nagar Haveli & Daman & Diu,Sayli Road, Silvassa, DNH, Dadra And Nagar Haveli, 396230",M.S. (GENERAL SURGERY),Open,General,Allotted
454,24788,All India,"Moti Lal Nehru Medical College,Moti Lal Nehru Medical College, Uttar Pradesh, 211001",M.D. (ANAESTHESIOLOGY),Open,General,Allotted
455,24808,DNB Quota,"Government Medical College and Associated Hospital,,JANGLAT MANDI ANANTNAG, JAMMU AND KASHMIR 192101, Jammu And Kashmir, 192101",(NBEMS-DIPLOMA) RADIO-DIAGNOSIS,ST,ST,Allotted
456,24933,All India,"INSTITUTE OF MEDICAL SCIENCES, BANARAS HINDU UNIVERSITY,INSTITUTE OF MEDICAL SCIENCES, BANARAS HINDU UNIVERSITY, Uttar Pradesh, 221005",M.D. (ANAESTHESIOLOGY),OBC,OBC,Allotted
457,24948,All India,"Government Thiruvannamalai Medical College, Thiruvannamalai, Tamil Nadu,DISTRICT COLLECTORATE MASTER PLAN COMPLEX, VENGIKKAL THIRUVANNAMALAI, Tamil Nadu, 600604",M.S. (GENERAL SURGERY),EWS,EWS,Allotted
458,25096,All India,"VIJANAGARA INSTITUTE OF MEDICAL SCIENCES BALLARI,Ballari Medical College and Research Centre Ballari formerly VIMS Ballari, Karnataka, 583104",M.D. (PSYCHIATRY),Open,General,Allotted
459,25120,DNB Quota,"Apollo Specialty Hospital, ,NO. 320, PADMA COMPLEX, MOUNT ROAD, CHENNAI, Tamil Nadu, 600035",(NBEMS) RADIATION ONCOLOGY,Open,General,Allotted
460,25155,DNB Quota,"College of Medicine and JNM Hospital,,Kalyani, Silpanchal, West Bengal, 741235",(NBEMS) Respiratory Medicine,OBC,OBC,Allotted
461,25172,DNB Quota,"Bokaro General Hospital, ,SECTOR - 4 BOKARO STEEL CITY DIST - BOKARO, Jharkhand, 827004",(NBEMS) GENERAL SURGERY,OBC,OBC,Allotted
462,25203,All India,"ESIC Medical College, Hyderbad,Sanathnagar, Hyderabad, Telangana, 500038",M.S. (E.N.T.),Open,General,Allotted
463,25207,DNB Quota,"Fortis Hospital,,B-22, Sector 62, Noida, Uttar Pradesh, Uttar Pradesh, 201301",(NBEMS) Cardio Vascular and Thoracic Surgery (Direct 6 Years Course),Open,General,Allotted
464,25239,All India,"MEDICAL COLLEGE, KOLKATA,MEDICAL COLLEGE, KOLKATA, West Bengal, 700073",DIPLOMA IN ORTHOPAEDICS,Open,OBC,Allotted
465,25264,All India,"KURNOOL MEDICAL COLLEGE,KURNOOL MEDICAL COLLEGE, Andhra Pradesh, 518002",M.D. (ANAESTHESIOLOGY),Open,OBC,Allotted
466,25291,DNB Quota,"Government Medical College, Makeshift Campus Bye pass Road. Handwara Distt.: Kupwara, Jammu and Kashmir-193221,Makeshift Campus, Bypass Road, Handwara, Kupwara, J&K",(NBEMS) PAEDIATRICS,OBC,OBC,Allotted
467,25305,DNB Quota,"J.L.N. Main Hospital and Research Centre, ,Bhilai Steel Plant Sector-9, Bhilai, C.G., Chhattisgarh, 490009",(NBEMS) GENERAL SURGERY,OBC,OBC,Allotted
468,25373,All India,"Vardhman Mahavir Medical College, , New Delhi,Vardhman Mahavir Medical College, , New Delhi, Delhi (NCT), 110029",M.D. (PAEDIATRICS),SC,SC,Allotted
469,25424,All India,"Government Medical College, Nagpur,Government Medical College, Nagpur, Maharashtra, 440003",M.D. (ANAESTHESIOLOGY),Open,General,Allotted
470,25619,DNB Quota,"GMERS Medical College and Hospital, ,paddoc road, near majewadi gate, junagadh, Gujarat, 362001",(NBEMS) ORTHOPAEDICS,Open,General,Allotted
471,25855,DNB Quota,"GMERS Medical College and General Hospital, ,Kharvad medan Sipor road Vadnagar, Gujarat, 384355",(NBEMS) ORTHOPAEDICS,Open,OBC,Allotted
472,25865,All India,"Government Medical College, Cuddalore District,Govt. Medical College and Hospital, Cuddalore District Erstwhile Rajah Muthiah Medical College, Tamil Nadu, 608002",M.S. (ORTHOPAEDICS),OBC,OBC,Allotted
473,25925,DNB Quota,"Government Medical College, Bettiah, West Champaran, Bihar-845438,Government Medical College, Bettiah, West Champaran",(NBEMS) PSYCHIATRY,Open,General,Allotted
474,25967,All India,"GOVT. MEDICAL COLLEGE, AMRITSAR,GOVT. MEDICAL COLLEGE,CIRCULAR ROAD, AMRITSAR, Punjab, 143001",M.S. (E.N.T.),OBC,OBC,Allotted
475,25986,DNB Quota,"Sadhu Vaswani Missions ,7-9 Lane No 1 Koregaon Park Pune 411001, Maharashtra, 411001",(NBEMS) GENERAL SURGERY,Open,EWS,Allotted
476,25991,All India,"Maharashtra Post Graduate Institute of Medical Education and Research, Nashik,Maharashtra Post Graduation Institute of Medical Education and Research Civil Hospital campus Tramba, Maharashtra, 422002",M.S. (OPHTHALMOLOGY),Open,General,Allotted
477,26020,All India,"GOVT. MEDICAL COLLEGE, THIRUVANANTHAPURAM,GOVT. MEDICAL COLLEGE, THIRUVANANTHAPURAM, Kerala, 695011",M.S. (OPHTHALMOLOGY),OBC,OBC,Allotted
478,26024,All India,"Gauhati Medical College, Guwahati,Gauhati Medical College, Guwahati, Assam, 781032",M.D. (Emergency and Critical Care)/M.D. (Emergency Medicine),Open,EWS,Allotted
479,26084,All India,"GOVERMENT MEDICAL COLLEGE, KORBA(C.G),IT COLLEGE CAMPUS, UGRA BYPASS, JHAGRHA ROAD KOBRA",M.D. (Obst. and Gynae)/MS (Obstetrics and Gynaecology),EWS,EWS,Allotted
480,26119,DNB Quota,"Apollo Hospital,,DNB office, 3rd Floor Opp Library Apollo Hospitals, Jubilee Hills, Hyderabad, Telangana, 500033",(NBEMS) GENERAL SURGERY,Open,General,Allotted
481,26184,DNB Quota,"Rajiv Gandhi Medical College and Chhatrapati Shivaji Maharaj Hospital, ,RAJIV GANDHI MEDICAL COLLEGE,THANE BELAPUR ROAD, KALWA, THANE, Maharashtra, 400605",(NBEMS) GENERAL MEDICINE,SC,SC,Allotted
482,26283,All India,"Rangaraya Medical College,Rangaraya Medical College Beside SP Office , Pithapuram Road, Kakinada, Andhra Pradesh, 533003",M.D. (Radiotherapy/ Radiation Oncology),Open,General,Allotted
483,26365,All India,"B.J.Government Medical College, Pune,B.J.Government Medical College, Pune, Maharashtra, 411001",M.D. (ANAESTHESIOLOGY),OBC,OBC,Allotted
484,26367,All India,"Government Medical College Srinagar,Administrative Block Government Medical College Karan Nagar Srinagar, Jammu And Kashmir, 190010",M.D. (Obst. and Gynae)/MS (Obstetrics and Gynaecology),EWS,EWS,Allotted
485,26377,DNB Quota,"Kannur Medical College Hospital, Anjarakandy Po, Kannur, Kerala-670612,KANNUR MEDICAL COLLEGE ANJARAKANDY (POST) KANNUR - DISTRICT",(NBEMS) ORTHOPAEDICS,Open,General,Allotted
486,26418,DNB Quota,"Max Super Specialty Hospital,,FC 50, Max Wali Rd, C and D Block, Shalimar Place Site, Shalimar Bagh, New Delhi, Delhi 110088, Delhi (NCT), 110088",(NBEMS) GENERAL SURGERY,Open,General,Allotted
487,26444,All India,"NETAJI SUBHASH CHANDRA BOSE MEDICAL COLLEGE, JABALPUR ,NETAJI SUBHASH CHANDRA BOSE MEDICAL COLLEGE, NAGPUR ROAD JABALPUR, Madhya Pradesh, 482003",M.D. (RADIO- DIAGNOSIS),SC,SC,Allotted
488,26478,All India,"Gauhati Medical College, Guwahati,Gauhati Medical College, Guwahati, Assam, 781032",M.D. (Emergency and Critical Care)/M.D. (Emergency Medicine),Open,General,Allotted
489,26485,All India,"JAWAHARLAL NEHRU MEDICAL COLLEGE, ALIGARH MUSLIM UNIVERSITY STATE UTTAR,JAWAHARLAL NEHRU MEDICAL COLLEGE, ALIGARH MUSLIM UNIVERSITY STATE UTTAR, Uttar Pradesh, 202002",M.D. (ANAESTHESIOLOGY),Open,General,Allotted
490,26553,DNB Quota,"Batra Hospital and Medical Research Centre, ,1, Tughlakabad institutional Area, Mehrauli Badarpur Road, New Delhi, Delhi (NCT), 110062",(NBEMS) RADIATION ONCOLOGY,Open,General,Allotted
491,26575,DNB Quota,"Lisie Medical Institution, ,Kochi, Kerala, Kerala, 682018",(NBEMS) GENERAL SURGERY,Open,General,Allotted
492,26663,All India,"Rangaraya Medical College,Rangaraya Medical College Beside SP Office , Pithapuram Road, Kakinada, Andhra Pradesh, 533003",M.D. (Radiotherapy/ Radiation Oncology),EWS,EWS,Allotted
493,26681,All India,"GOVERNMENT THOOTHUKUDI MEDICAL COLLEGE, THOOTHUKUDI,GOVERNMENT THOOTHUKUDI MEDICAL COLLEGE, 3rd Mile,Kamaraj Nagar,Thoothukudi., Tamil Nadu, 628008",M.D. (Emergency and Critical Care)/M.D. (Emergency Medicine),OBC,OBC,Allotted
494,26764,All India,"GADAG INSTITUTE OF MEDICAL SCIENCES GADAG,Gadag Institute of Medical Sciences Mallasamudra Gadag-582103, Karnataka, 582103",M.S. (ORTHOPAEDICS),OBC,OBC,Allotted
495,26814,All India,"Thiruvarur Govt.Medical College,Thiruvarur Govt.Medical College, Master Plan Complex, Vilamal, Thiruvarur -610004, Tamil Nadu, 610004",M.D. (ANAESTHESIOLOGY),Open,OBC,Allotted
496,26817,All India,"Government Medical College, Cuddalore District,Govt. Medical College and Hospital, Cuddalore District Erstwhile Rajah Muthiah Medical College, Tamil Nadu, 608002",M.D. (Emergency and Critical Care)/M.D. (Emergency Medicine),Open,General,Allotted
497,26826,DNB Quota,"St. Stephen`s Hospital, ,Tis Hazari, Delhi (NCT), 110054",(NBEMS-DIPLOMA) Obstetrics and Gynaecology,Open,General,Allotted
498,26836,All India,"S.V. Medical College, Tirupathi ,S.V. Medical College, Tirupathi, Andhra Pradesh, 517501",M.S. (OPHTHALMOLOGY),OBC,OBC,Allotted
499,26855,All India,"Bangalore Medical College and Research Institute,Bangalore Medical College and Research Institute, Karnataka, 560002",M.S. (E.N.T.),Open,General,Allotted
500,26875,DNB Quota,"Dr. B L Kapur Memorial Hospital,Pusa Road New Delhi, Delhi (NCT), 110005",(NBEMS) Otorhinolaryngology (E.N.T.),Open,General,Allotted
501,26945,All India,"MAHARANI LAXMI BAI MEDICAL COLLEGE JHANSI,MAHARANI LAXMI BAI MEDICAL COLLEGE JHANSI, Uttar Pradesh, 284128",DIPLOMA IN CHILD HEALTH/ PAEDIATRICS,Open,General,Allotted
502,26953,DNB Quota,"Jaiprakash Hospital and Research Centre Pvt. Ltd, Odisha,,JAIPRAKASH HOSPITAL AND RESEARCH CENTER PVT. LTD., DANDIAPALI, ROURKELA, Odisha, 769004",(NBEMS) GENERAL SURGERY,Open,General,Allotted
503,27331,All India,"Thiruvarur Govt.Medical College,Thiruvarur Govt.Medical College, Master Plan Complex, Vilamal, Thiruvarur -610004, Tamil Nadu, 610004",M.D. (ANAESTHESIOLOGY),Open,OBC,Allotted
504,27335,All India,"GOVERNMENT MEDICAL COLLEGE KADAPA (FORMERLY RAJIV GANDHI INSTITUTE OF MEDICAL SCIENCES, KADAPA),GOVERNMENT MEDICAL COLLEGE KADAPA (FORMERLY RIMS KADAPA), Andhra Pradesh, 516002",M.S. (E.N.T.),Open,General,Allotted
505,27351,Self-Financed Merit Seat,"Kasturba Medical College Mangalore, Manipal Academy of Higher Education, Mangalore,Kasturba Medical College Mangalore, Manipal Academy of Higher Education, Mangalore, Karnataka, 575001",M.D. (PAEDIATRICS),Open,General,Allotted
506,27436,DNB Quota,"Govt. Medical College, ,Govt. Medical College, B-5 Medical Enclave, Maheshpura Bakshi Nagar, Jammu, Jammu And Kashmir, 180001",(NBEMS) Respiratory Medicine,EWS,EWS,Allotted
507,27521,All India,"Pandit Bhagwat Dayal Sharma Post Graduate Institute of Medical Sciences, Rohtak,Pandit Bhagwat Dayal Sharma Post Graduate Institute of Medical Sciences, Rohtak, Haryana, 124001",M.D. (ANAESTHESIOLOGY),Open,General,Allotted
508,27536,DNB Quota,"Dr. Babasaheb Ambedkar Central Railway Hospital, ,Bharatratna Dr. Babasaheb Ambedkar Memorial Hospital, Central Railway, Dr. Babasaheb Ambedkar Road,, Maharashtra, 400027",(NBEMS-DIPLOMA) Obstetrics and Gynaecology,Open,EWS,Allotted
509,27605,All India,"Maharaja Krushna Chandra Gajapati Medical College , Brahmapur,Maharaja Krushna Chandra Gajapati Medical College , Brahmapur, Odisha, 760004",M.D. (RADIO- DIAGNOSIS),SC,SC,Allotted
510,27675,All India,"LATE SHRI LAKHI RAM AGRAWAL MEMORIAL GOVT.MEDICAL COLLEGE,LATE SHRI LAKHI RAM AGRAWAL MEMORIAL GOVT.MEDICAL COLLEGE, Chhattisgarh, 496001",M.S. (E.N.T.),Open,General,Allotted
511,27712,All India,"KING GEORGES MEDICAL UNIVERSITY,KING GEORGES MEDICAL UNIVERSITY, Shahmeena Road, Chowk, Lucknow-226003, Uttar Pradesh, 226003",M.D. Sports Medicine,OBC,OBC,Allotted
512,27756,All India,"JAWAHARLAL NEHRU MEDICAL COLLEGE, ALIGARH MUSLIM UNIVERSITY STATE UTTAR,JAWAHARLAL NEHRU MEDICAL COLLEGE, ALIGARH MUSLIM UNIVERSITY STATE UTTAR, Uttar Pradesh, 202002",M.D. (ANAESTHESIOLOGY),Open,OBC,Allotted
513,27795,DNB Quota,"Saifee Hospital, ,postbox no 3771, 15-17 Maharshi Karve Marg, Charni road, Mumbai, Maharashtra, 400004",(NBEMS) GENERAL SURGERY,Open,OBC,Allotted
514,27803,DNB Quota,"Ramkrishna Care Hospital, ,AUROBINDO ENCLAVE, PACHPEDI NAKA,DAHAMTARI ROAD, RAIPUR, Chhattisgarh, 492001",(NBEMS) ORTHOPAEDICS,Open,General,Allotted
515,27811,All India,"KANYAKUMARI GOVERNMENT MEDICAL COLLEGE,KANYAKUMARI GOVERNMENT MEDICAL COLLEGE, Tamil Nadu, 629201",M.D. (ANAESTHESIOLOGY),Open,OBC,Allotted
516,27847,DNB Quota,"HCG Manavata Cancer Centre, A Unit of HCG Manavata Oncology LLP,,Near Mylan Circle, Mumbai Naka, Nashik-422002, Maharashtra, 422002",(NBEMS) RADIATION ONCOLOGY,Open,General,Allotted
517,27863,All India,"Sri Venkateswara Institute of Medical Sciences (SVIMS), A State University estd. by Govt. of A.P.,Sri Venkateswara Institute of Medical Sciences, SVIMS, Alipiri Road, Tirupati, Andhra Pradesh, 517507",M.S. (ORTHOPAEDICS),EWS,EWS,Allotted
518,27865,All India,"NAMO Medical Education and Research Institute, Dadra & Nagar Haveli & Daman & Diu,Sayli Road, Silvassa, DNH, Dadra And Nagar Haveli, 396230",M.S. (GENERAL SURGERY),EWS,EWS,Allotted
519,27867,All India,"Govt. Medical College, Jammu,Govt. Medical College, Bakshi Nagar, Jamu, Jammu And Kashmir, 180001",M.D. (ANAESTHESIOLOGY),Open,General,Allotted
520,27958,All India,"Gandhi Medical College, Bhopal,Gandhi Medical College, Bhopal, Madhya Pradesh, 462001",M.D. (ANAESTHESIOLOGY),OBC,OBC,Allotted
521,28017,All India,"B. J. MEDICAL COLLEGE, Ahmedabad,B.J. Medical College, New Civil Hospital Asarwa,Ahmedabad-380016,Gujarat,India, Gujarat, 380016",M.D. (ANAESTHESIOLOGY),Open,General,Allotted
522,28022,DNB Quota,"Karuna Medical College, Vilayodi, Chittur, Palakkad, Kerala-678103,KARUNA MEDICAL COLLEGE HOSPITAL, VILAYODI, CHITTUR",(NBEMS) GENERAL SURGERY,Open,General,Allotted
523,28065,Armed Forces Medical,"Institute of Naval Medicine, Colaba, Mumbai,INSTITUTE OF NAVAL MEDICINE, INHS ASVINI, COLABA, MUMBAI 400005, Maharashtra, 400005",M.D. (ANAESTHESIOLOGY),Open,OBC,Allotted( AFMS Rank : 9433 )
524,28100,All India,"Ganesh Shankar Vidyarthi Memorial Medical College,Ganesh Shankar Vidyarthi Memorial Medical College, Uttar Pradesh, 208002",M.D. (ANAESTHESIOLOGY),Open,General,Allotted
525,28107,DNB Quota,"Sheth Vadilal Sarabhai General Hospital and Sheth Chinai Prasuti Hospital, Gujarat,Ellisbridge, Ahmedabad. Gujarat , Gujarat-380006",(NBEMS) Obstetrics and Gynaecology,EWS,EWS,Allotted
526,28117,All India,"Thiruvarur Govt.Medical College,Thiruvarur Govt.Medical College, Master Plan Complex, Vilamal, Thiruvarur -610004, Tamil Nadu, 610004",M.D. (ANAESTHESIOLOGY),Open,OBC,Allotted
527,28125,All India,"Kakatiya Medical College,Kakatiya Medical College, Telangana, 506007",M.D. (ANAESTHESIOLOGY),Open,General,Allotted
528,28129,All India,"Rangaraya Medical College,Rangaraya Medical College Beside SP Office , Pithapuram Road, Kakinada, Andhra Pradesh, 533003",M.D. (ANAESTHESIOLOGY),OBC,OBC,Allotted
529,28153,All India,"GOVERNMENT MEDICAL COLLEGE CHANDRAPUR, MAHARASHTRA,TB Hospital Campus, Ram Nagar, Chandrapur - 442401, Maharashtra, 442401",M.S. (OPHTHALMOLOGY),Open,General,Allotted
530,28162,All India,"M. P. SHAH GOVERNMENT MEDICAL COLLEGE,M. P. SHAH GOVERNMENT MEDICAL COLLEGE, Gujarat, 361008",M.S. (OPHTHALMOLOGY),OBC,OBC,Allotted
531,28173,DNB Quota,"SRCC Children`s Hoapital,,1 A Haji Ali Park, K Khadye Marg, Near MCGN Pump Station, Mahalaxmi, Mumbai, Maharashtra, 400034",(NBEMS) Paediatric Surgery (Direct 6 Years Course),Open,General,Allotted
532,28195,All India,"Osmania Medical Collge,5-1-876, Turrebaz Khan Rd, Troop Bazaar, Koti, Hyderabad, Telangana, Telangana, 500095",M.D. (ANAESTHESIOLOGY),EWS,EWS,Allotted
533,28255,All India,"VIJANAGARA INSTITUTE OF MEDICAL SCIENCES BALLARI,Ballari Medical College and Research Centre Ballari formerly VIMS Ballari, Karnataka, 583104",M.D. (ANAESTHESIOLOGY),OBC,OBC,Allotted
534,28299,DNB Quota,"Sarvodaya Hospital and Research Centre, ,YMCA road Sector 08 Faridabad, Haryana, 121006",(NBEMS) GENERAL SURGERY,Open,OBC,Allotted
535,28302,All India,"BELAGAVI INSTITUTE OF MEDICAL SCIENCES, BELAGAVI,BELAGAVI INSTITUTE OF MEDICAL SCIENCES, BELAGAVI, Karnataka, 590001",M.S. (OPHTHALMOLOGY),Open,General,Allotted
536,28390,DNB Quota,"Aditya Birla Memorial Hospital, Maharashtra,Aditya Birla Hospital Marg, P.O.- Chinchwad, Pune, Maharashtra, 411033",(NBEMS-DIPLOMA) Obstetrics and Gynaecology,Open,OBC,Allotted
537,28459,All India,"GOVERNMENT MEDICAL COLLEGE KADAPA (FORMERLY RAJIV GANDHI INSTITUTE OF MEDICAL SCIENCES, KADAPA),GOVERNMENT MEDICAL COLLEGE KADAPA (FORMERLY RIMS KADAPA), Andhra Pradesh, 516002",M.D. (ANAESTHESIOLOGY),OBC,OBC,Allotted
538,28660,DNB Quota,"Sri Ramakrishna Hospital, ,395, Sarojini Naidu Road, Sidhapudur, Coimbatore - 641 044, Tamil Nadu, 641044",(NBEMS-DIPLOMA) PAEDIATRICS,Open,OBC,Allotted
539,28675,All India,"Kakatiya Medical College,Kakatiya Medical College, Telangana, 506007",M.S. (E.N.T.),Open,General,Allotted
540,28772,All India,"Government Medical College, Nalgonda,Office of the Principal, Government Medical College Nalgonda, Near RTC Bus Stand, Gollaguda, Nalgon, Telangana, 508001",M.D. (ANAESTHESIOLOGY),Open,General,Allotted
541,28800,All India,"Sri Venkateswara Institute of Medical Sciences (SVIMS), A State University estd. by Govt. of A.P.,Sri Venkateswara Institute of Medical Sciences, SVIMS, Alipiri Road, Tirupati, Andhra Pradesh, 517507",M.S. (E.N.T.),OBC,OBC,Allotted
542,28842,All India,"B. J. MEDICAL COLLEGE, Ahmedabad,B.J. Medical College, New Civil Hospital Asarwa,Ahmedabad-380016,Gujarat,India, Gujarat, 380016",M.D. (ANAESTHESIOLOGY),OBC,OBC,Allotted
543,28928,DNB Quota,"Royal Care Super Speciality Hospital, ,1,520 L and T Bypass Road, Neelambur, Coimbatore., Tamil Nadu, 641062",(NBEMS) GENERAL SURGERY,Open,General,Allotted
544,29008,DNB Quota,"Deenanath Mangeshkar Hospital and Research Centre.,,8 13 2 Erandawane near Mhatre Bridge, Maharashtra, 411004",(NBEMS) Emergency Medicine,Open,OBC,Allotted
545,29012,All India,"GOVERNMENT THOOTHUKUDI MEDICAL COLLEGE, THOOTHUKUDI,GOVERNMENT THOOTHUKUDI MEDICAL COLLEGE, 3rd Mile,Kamaraj Nagar,Thoothukudi., Tamil Nadu, 628008",M.S. (E.N.T.),Open,General,Allotted
546,29047,DNB Quota,"Ganga Medical Centre and Hospital,,313 Mettupalayam Road Coimbatore 641043, Tamil Nadu, 641043",(NBEMS) ANAESTHESIOLOGY,Open,OBC,Allotted
547,29067,All India,"Sri Bhausaheb Hire Government Medical College,Sri Bhausaheb Hire Government Medical College,Dhule, Maharashtra, 424311",M.S. (E.N.T.),Open,General,Allotted
548,29070,DNB Quota,"Associated Hospital Government Medical College, ,Kanth Bagh Baramulla, Jammu And Kashmir, 193103",(NBEMS) Obstetrics and Gynaecology,OBC,OBC,Allotted
549,29086,DNB Quota,"District Hospital , ,shahid Rajmal Meena Govt. Dis. Hospital Mandi Road Baran, Rajasthan, 325205",(NBEMS-DIPLOMA) Obstetrics and Gynaecology,Open,OBC,Allotted
550,29158,All India,"Lala Lajpat Rai Memorial Medical College, MEERUT,Lala Lajpat Rai Memorial Medical College, MEERUT, Uttar Pradesh, 250004",M.D. (ANAESTHESIOLOGY),Open,General,Allotted
551,29183,DNB Quota,"Indira Gandhi Medical College and Research Institute, Pondicherry,Vazhudavour Road, Kadirkamam, Puducherry, 605009",(NBEMS) Emergency Medicine,Open,General,Allotted
552,29276,DNB Quota,"Narayana Hrudayalaya Hospital, (NH-Narayana Health City, Bangalore) ,#258 Bommasandra Industrial Area, Bangalore, Karnataka, 560099",(NBEMS) ANAESTHESIOLOGY,Open,OBC,Allotted
553,29337,All India,"Ravindra Nath Tagore Medical College, Udaipur,Ravindra Nath Tagore Medical College, Udaipur, Rajasthan, 313001",M.D. (ANAESTHESIOLOGY),OBC,OBC,Allotted
554,29367,DNB Quota,"Sir Hurkisondas Nurrotumdas Hospital and Research Centre, ,Prarthana Samaj, Raja Ram Mohan Roy road, Girgaon, MUMBAI, Maharashtra, 400004",(NBEMS) ORTHOPAEDICS,Open,OBC,Allotted
555,29420,DNB Quota,"Fortune Hospital, Kanpur Uttar Pradesh , Uttar Pradesh,117-Q 40A-41 Sharda Nagar, Kanpur near Gurdev Crossing, Uttar Pradesh, 208025",(NBEMS) GENERAL SURGERY,Open,General,Allotted
556,29434,All India,"Government Thiruvannamalai Medical College, Thiruvannamalai, Tamil Nadu,DISTRICT COLLECTORATE MASTER PLAN COMPLEX, VENGIKKAL THIRUVANNAMALAI, Tamil Nadu, 600604",M.S. (E.N.T.),Open,OBC,Allotted
557,29507,DNB Quota,"Bangalore Baptist Hospital, ,Bangalore Baptist Hospital, Bellary Road, Hebbal, Bangalore - 560024, Karnataka, 560024",(NBEMS-DIPLOMA) PAEDIATRICS,Open,OBC,Allotted
558,29529,Self-Financed Merit Seat,"SRM MEDICAL COLLEGE HOSPITAL AND RESEARCH CENTRE, SRM INSTITUTE OF SCIENCE AND TECHNOLOGY,SRM MEDICAL COLLEGE HOSPITAL AND RESEARCH CENTRE,SRM IST, KATTANKULATHUR , CHENGALPATTU DIST, Tamil Nadu, 603203",M.D. (GENERAL MEDICINE),Open,EWS,Allotted
559,29632,All India,"GOA MEDICAL COLLEGE,Bambolim, Goa, Goa, 403202",M.D. (GENERAL MEDICINE),ST,ST,Allotted
560,29671,DNB Quota,"Venkateshwar Hospital, ,Sector- 18 A, Dwarka, New Delhi, Delhi (NCT), 110075",(NBEMS) GENERAL SURGERY,Open,General,Allotted
561,29840,All India,"Indira Gandhi Medical College Shimla,Indira Gandhi Medical College Shimla, Himachal Pradesh, 171001",M.D. (GENERAL MEDICINE),SC,SC,Allotted
562,29859,All India,"Sardar Patel Medical College, Bikaner,Sardar Patel Medical College, Bikaner, Rajasthan, 334003",M.D. (ANAESTHESIOLOGY),Open,General,Allotted
563,30009,All India,"INDIRA GANDHI MEDICAL COLLEGE AND RESEARCH INSTITUTE, PUDUCHERRY,INDIRA GANDHI MEDICAL COLLEGE AND RESEARCH INSTITUTE, PUDUCHERRY, Puducherry, 605009",M.S. (E.N.T.),Open,OBC,Allotted
564,30056,DNB Quota,"Apollo Hospital, Village Lingiadih,,Apollo Hospitals Bilaspur Seepat Road Lingyadih Village Bilaspur, Chhattisgarh, 495006",(NBEMS-DIPLOMA) PAEDIATRICS,Open,General,Allotted
565,30081,DNB Quota,"Holy Family Hospital, ,St.Andrews Road, Bandra West , Mumbai - 50, Maharashtra, 400050",(NBEMS-DIPLOMA) Obstetrics and Gynaecology,Open,General,Allotted
566,30099,DNB Quota,"Seven Hills Hospital, ,11-4-4/A, Rockdale Layout, Visakhapatnam, Andhra Pradesh, 530002",(NBEMS) GENERAL SURGERY,Open,EWS,Allotted
567,30124,DNB Quota,"Ananthapuri Hospital and Research Institute, ,Chacka, NH Bypass, Thiruvananthapuram 695024, Kerala, 695024",(NBEMS) Emergency Medicine,Open,General,Allotted
568,30187,DNB Quota,"Ranchi Institute of Nuero - Psychiatry and Allied Sciences,,RANCHI INSTITUTE of NEURO-PSYCHIATRY and ALLIED SCIENCES, KANKE, RANCHI, Jharkhand, 834006",(NBEMS) PSYCHIATRY,OBC,OBC,Allotted
569,30251,DNB Quota,"DIVISIONAL DISTRICT HOSPITAL,Uttar Pradesh,DIVISIONAL DISTRICT HOSPITAL AZAMGARH ,DEEN DAYAL UPADHYAY MARG ,HARRA KI CHUNGI SADAR ,AZAMGARH, Uttar Pradesh, 276001",(NBEMS) GENERAL SURGERY,Open,General,Allotted
570,30315,IP University Quota,"PGIMER, DR. RML Hospital, Cannaught Place, New Delhi,ABVIMS, DR. RML Hospital, Baba Kharak Singh Marg, Cannaught Place, New Delhi",M.S. (GENERAL SURGERY),OBC,OBC,Allotted
571,30415,DNB Quota,"Andhra Hospital (Vijayawada), ,CVR Complex, Governorpet, Vijayawada-520002, Krishna District, Andhra Pradesh, 520002",(NBEMS) GENERAL SURGERY,Open,General,Allotted
572,30434,DNB Quota,"Vivekananda Polyclinic and Institute of Medical Sciences, ,Vivekananda Polyclinic and Institute of Medical Sciences, Vivekananda Puram, Lucknow, Uttar Pradesh, 226007",(NBEMS) GENERAL SURGERY,Open,EWS,Allotted
573,30496,All India,"VSS INSTITUTE OF MEDICAL SCIENCES AND RESEARCH,BURLA,VSS INSTITUTE OF MEDICAL SCIENCES AND RESEARCH,BURLA, Odisha, 768017",M.D. (Obst. and Gynae)/MS (Obstetrics and Gynaecology),SC,SC,Allotted
574,30499,DNB Quota,"Aadhar Health Institute, (A UNIT OF VLCOM HEALTHCARE P LTD.) ,Aadhar Health Institute, A UNIT OF VLCOM HEALTHCARE P LTD. Tosham Road, Hisar, Haryana- 125001, Haryana, 125001",(NBEMS) RADIATION ONCOLOGY,Open,General,Allotted
575,30587,All India,"MAHARANI LAXMI BAI MEDICAL COLLEGE JHANSI,MAHARANI LAXMI BAI MEDICAL COLLEGE JHANSI, Uttar Pradesh, 284128",M.D. (ANAESTHESIOLOGY),Open,General,Allotted
576,30650,DNB Quota,"Associated Hospital Government Medical College, ,Government Medical College Chack Sajjan Kathua, Jammu And Kashmir, 184101",(NBEMS) Obstetrics and Gynaecology,OBC,OBC,Allotted
577,30717,All India,"Government Medical College, Nalgonda,Office of the Principal, Government Medical College Nalgonda, Near RTC Bus Stand, Gollaguda, Nalgon, Telangana, 508001",M.S. (ORTHOPAEDICS),EWS,EWS,Allotted
578,30746,DNB Quota,"K.G. Hospital and PG Medical Institute ,,No:5, Arts College Road, Coimbatore - 641018, Tamil Nadu, 641018",(NBEMS) GENERAL SURGERY,Open,General,Allotted
579,30826,All India,"BIDAR INSTITUTE OF MEDICAL SCIENCES, BIDAR,BIDAR INSTITUTE OF MEDICAL SCIENCES, BIDAR, Karnataka, 585401",M.D. (ANAESTHESIOLOGY),OBC,OBC,Allotted
580,30828,DNB Quota,"KMC Hospital and Research Centre, ,KMC Hospital and Research Centre 187, Baghpat Road, Meerut, Uttar Pradesh, 250002",(NBEMS) RADIATION ONCOLOGY,Open,EWS,Allotted
581,30857,All India,"Srirama Chandra Bhanja Medical College, CUTTACK,Srirama Chandra Bhanja Medical College, CUTTACK, Odisha, 753007",M.D. (PSYCHIATRY),OBC,OBC,Allotted
582,30860,All India,"VIJANAGARA INSTITUTE OF MEDICAL SCIENCES BALLARI,Ballari Medical College and Research Centre Ballari formerly VIMS Ballari, Karnataka, 583104",M.S. (E.N.T.),Open,General,Allotted
583,30881,DNB Quota,"Kannur Medical College Hospital, Anjarakandy Po, Kannur, Kerala-670612,KANNUR MEDICAL COLLEGE ANJARAKANDY (POST) KANNUR - DISTRICT",(NBEMS) Emergency Medicine,Open,OBC,Allotted
584,30973,All India,"Kodagu Institute of Medical Sciences, Karnataka,Kodagu Institute of Medical Sciences Madikeri Kodagu, Karnataka, 571201",M.D. (ANAESTHESIOLOGY),Open,General,Allotted
585,31041,DNB Quota,"Cosmopolitan Hospital,,COSMOPOLITAN HOSPITALS Pvt.Ltd, Murinjapalam, Pattom P O, Thiruvananthapuram, Kerala, 695004",(NBEMS) GENERAL SURGERY,Open,OBC,Allotted
586,31076,All India,"GOVERNMENT THOOTHUKUDI MEDICAL COLLEGE, THOOTHUKUDI,GOVERNMENT THOOTHUKUDI MEDICAL COLLEGE, 3rd Mile,Kamaraj Nagar,Thoothukudi., Tamil Nadu, 628008",M.D. (GENERAL MEDICINE),SC,SC,Allotted
587,31084,DNB Quota,"Jawahar Lal Nehru Cancer Hospital and Res. Centre, Madhya Pradesh,Idgah Hills, Bhopal, Madhya Pradesh, 462001",(NBEMS) RADIATION ONCOLOGY,Open,General,Allotted
588,31145,DNB Quota,"Kasturba Medical College Hospital (KMC Hospital),,KMC Hospital, Dr B R Ambedkar Circle, Mangalore, Karnataka, 575001",(NBEMS) Emergency Medicine,Open,General,Allotted
589,31154,All India,"Government Medical College, Eluru.,Survey No – 60, Opp DM&HO office , Eluru , Eluru district , Pin - 534001, Andhra Pradesh",M.D. (ANAESTHESIOLOGY),Open,OBC,Allotted
590,31262,All India,"M. P. SHAH GOVERNMENT MEDICAL COLLEGE,M. P. SHAH GOVERNMENT MEDICAL COLLEGE, Gujarat, 361008",M.D. (ANAESTHESIOLOGY),Open,EWS,Allotted
591,31283,DNB Quota,"Devadoss Multi Speciality Hospital, ,,DOOR NO 75/1, SURVEYOR COLONY, ALAGAR KOVIL MAIN ROAD, MADURAI, Tamil Nadu, 625007",(NBEMS) ORTHOPAEDICS,Open,General,Allotted
592,31319,DNB Quota,"Daya General Hospital,Daya General Hospital Limited Shornur Road NEar Viyyur bridge Thiruvambady PO Thrissur, Kerala, 680022",(NBEMS) ANAESTHESIOLOGY,Open,OBC,Allotted
593,31367,All India,"BELAGAVI INSTITUTE OF MEDICAL SCIENCES, BELAGAVI,BELAGAVI INSTITUTE OF MEDICAL SCIENCES, BELAGAVI, Karnataka, 590001",M.S. (E.N.T.),Open,General,Allotted
594,31397,All India,"NAMO Medical Education and Research Institute, Dadra & Nagar Haveli & Daman & Diu,Sayli Road, Silvassa, DNH, Dadra And Nagar Haveli, 396230",M.S. (ORTHOPAEDICS),OBC,OBC,Allotted
595,31418,All India,"Guru Gobind Singh Medical College,Guru Gobind Singh Medical College, Sadiq Road, Faridkot, Punjab, 151203",M.D. (FAMILY MEDICINE),OBC,OBC,Allotted
596,31506,All India,"Government Medical College, Cuddalore District,Govt. Medical College and Hospital, Cuddalore District Erstwhile Rajah Muthiah Medical College, Tamil Nadu, 608002",DIPLOMA IN CHILD HEALTH/ PAEDIATRICS,Open,OBC,Allotted
597,31535,All India,"KANYAKUMARI GOVERNMENT MEDICAL COLLEGE,KANYAKUMARI GOVERNMENT MEDICAL COLLEGE, Tamil Nadu, 629201",M.D. (GENERAL MEDICINE),SC,SC,Allotted
598,31580,All India,"Government medical college patiala.,Government medical college patiala., Punjab, 147001",M.S. (E.N.T.),OBC,OBC,Allotted
599,31590,DNB Quota,"National Institute Of Ophthalmology, ,1187.30 ShivajiNagar, off Ghole Road, Pune, Maharashtra, 411005",(NBEMS) OPHTHALMOLOGY,Open,General,Allotted
600,31612,All India,"GAJRA RAJA MEDICAL COLLEGE GWALIOR,GAJRA RAJA MEDICAL COLLEGE GWALIOR, Madhya Pradesh, 474009",M.D. (PAEDIATRICS),SC,SC,Allotted
601,31625,DNB Quota,"Shri Balaji Action Medical Institute,,FC34 A4 PASCHIM VIHAR NEW DELHI, Delhi (NCT), 110063",(NBEMS) ORTHOPAEDICS,Open,OBC,Allotted
602,31688,All India,"M. P. SHAH GOVERNMENT MEDICAL COLLEGE,M. P. SHAH GOVERNMENT MEDICAL COLLEGE, Gujarat, 361008",DIPLOMA IN CHILD HEALTH/ PAEDIATRICS,Open,EWS,Allotted
603,31746,All India,"Government Medical College, Nizamabad, Telangana State,Government Medical College, Nizamabad, Telangana State, Telangana, 503001",M.S. (E.N.T.),Open,EWS,Allotted
604,31771,DNB Quota,"The Gujarat Research and Medical Institute (Rajasthan Hospitals), ,Camp Road, Shahibaug, Ahmedabad, Gujarat, 380004",(NBEMS) ORTHOPAEDICS,Open,General,Allotted
605,31887,DNB Quota,"SRCC Children`s Hoapital,,1 A Haji Ali Park, K Khadye Marg, Near MCGN Pump Station, Mahalaxmi, Mumbai, Maharashtra, 400034",(NBEMS) Paediatric Surgery (Direct 6 Years Course),Open,EWS,Allotted
606,31962,DNB Quota,"Ramkrishna Care Hospital, ,AUROBINDO ENCLAVE, PACHPEDI NAKA,DAHAMTARI ROAD, RAIPUR, Chhattisgarh, 492001",(NBEMS) GENERAL SURGERY,Open,General,Allotted
607,31964,All India,"Atal Bihari Vajpayee Government Medical College, Vidisha,NH 86 INFRONT OF KHEL PARISAR SANCHI ROAD VIDISHA MP, Madhya Pradesh, 464001",M.S. (E.N.T.),EWS,EWS,Allotted
608,32089,DNB Quota,"Government Multi Specialty Hospital, ,Director Health and Family Welfare Govt. Multi Speciality Hospital Sector 16 Chandigarh, Chandigarh, 160016",(NBEMS-DIPLOMA) RADIO-DIAGNOSIS,SC,SC,Allotted
609,32141,DNB Quota,"Jaipur Golden Hospital, ,2 INSTITUTIONAL AREA, SECTOR-3, ROHINI, Delhi (NCT), 110085",(NBEMS) FAMILY MEDICINE,Open,OBC,Allotted
610,32338,All India,"NAMO Medical Education and Research Institute, Dadra & Nagar Haveli & Daman & Diu,Sayli Road, Silvassa, DNH, Dadra And Nagar Haveli, 396230",M.D. (Obst. and Gynae)/MS (Obstetrics and Gynaecology),OBC,OBC,Allotted
611,32404,DNB Quota,"Healthworld Hospital, ,Healthworld Hospitals [A Unit of Parashmani Medical Centre Pvt.Ltd.], C-49,Commercial Area, Opp. ESI, West Bengal, 713216",(NBEMS) GENERAL SURGERY,Open,OBC,Allotted
612,32511,DNB Quota,"Indira Gandhi Govt. General Hospital and PG Institute, No. 1, ,No.1, Victor Simonel street, Puducherry -1., Puducherry, 605001",(NBEMS) OPHTHALMOLOGY,OBC,OBC,Allotted
613,32513,Delhi University Quota,"Lady Hardinge Medical College,Lady Hardinge Medical College, Delhi (NCT), 110001",M.D. (PSYCHIATRY),OBC,OBC,Allotted
614,32533,All India,"Pandit Dindayal Upadhyay Medical College, RAJKOT,Pandit Dindayal Upadhyay Medical College, RAJKOT, Gujarat, 360001",M.D. (ANAESTHESIOLOGY),Open,OBC,Allotted
615,32574,All India,"Silchar Medical College, Silchar,Silchar Medical College, Silchar, Assam, 788014",M.D. (GENERAL MEDICINE),SC,SC,Allotted
616,32657,All India,"Sri Venkateswara Institute of Medical Sciences (SVIMS), A State University estd. by Govt. of A.P.,Sri Venkateswara Institute of Medical Sciences, SVIMS, Alipiri Road, Tirupati, Andhra Pradesh, 517507",M.D. (Emergency and Critical Care)/M.D. (Emergency Medicine),OBC,OBC,Allotted
617,32701,DNB Quota,"Cauvery Heart and Multispeciality Hospital, ,BANNUR ROAD, NEAR TERESIAN CIRCLE,MYSORE, Karnataka, 570029",(NBEMS) Emergency Medicine,Open,General,Allotted
618,32772,All India,"Midnapore Medical College and Hospital,Midnapore Medical College and Hospital, West Bengal, 721101",M.D. (ANAESTHESIOLOGY),Open,General,Allotted
619,32968,DNB Quota,"Sankara Eye Hospital, ,No.1, Third Cross Street, Sri Sankara Nagar, Pammal, Chennai, Tamil Nadu, 600075",(NBEMS) OPHTHALMOLOGY,Open,General,Allotted
620,33015,DNB Quota,"AIG Hospital,Door No: 1-66/AIG/2 to 5 Mindspace Road, Gachibowli,Hyderabad, Telangana, 500032",(NBEMS) Otorhinolaryngology (E.N.T.),Open,General,Allotted
621,33017,DNB Quota,"Netaji Subhas Chandra Bose Cancer Hospital,West Bengal,3081, Nayabad, New Garia, West Bengal, 700094",(NBEMS) RADIATION ONCOLOGY,Open,OBC,Allotted
622,33089,DNB Quota,"HOSMAT HOSPITAL, 1,HENNUR ROAD,HBR LAYOUT,4TH BLOCK,KALYAN NAGAR,BENGALURU, Karnataka-560043,HOSMAT HOSPITAL, 1,HENNUR ROAD,HBR LAYOUT,4TH BLOCK,KALYAN NAGAR,BENGALURU, Karnataka-560043",(NBEMS) ORTHOPAEDICS,Open,EWS,Allotted
623,33112,All India,"Lady Hardinge Medical College,Lady Hardinge Medical College, Delhi (NCT), 110001",M.D. (PATHOLOGY),Open,General,Allotted
624,33250,All India,"Government Medical College, Eluru.,Survey No – 60, Opp DM&HO office , Eluru , Eluru district , Pin - 534001, Andhra Pradesh",M.D. (GENERAL MEDICINE),SC,SC,Allotted
625,33254,All India,"GADAG INSTITUTE OF MEDICAL SCIENCES GADAG,Gadag Institute of Medical Sciences Mallasamudra Gadag-582103, Karnataka, 582103",M.D. (ANAESTHESIOLOGY),Open,OBC,Allotted
626,33308,DNB Quota,"Global Hospital and Health City, (A unit of Ravindernath GE Medical Associate), Tamil Nadu,439, Cheran Nagar, Sholinganallur - Medavakkam Road, Perumbakkam, Chennai, Tamil Nadu, 600100",(NBEMS) RADIATION ONCOLOGY,Open,OBC,Allotted
627,33324,All India,"Kodagu Institute of Medical Sciences, Karnataka,Kodagu Institute of Medical Sciences Madikeri Kodagu, Karnataka, 571201",M.S. (OPHTHALMOLOGY),OBC,OBC,Allotted
628,33333,All India,"Government Medical College, Siddipet,SURVEY NO 54 GOVERNMENT MEDICAL COLLEGE ENSANPALLY SIDDIPET 502114, Telangana, 502114",M.D. (PSYCHIATRY),OBC,OBC,Allotted
629,33364,All India,"Baba Raghav Das Medical College,Baba Raghav Das Medical College, Gorakhpur, Uttar Pradesh, 273013",M.D. (ANAESTHESIOLOGY),Open,General,Allotted
630,33425,DNB Quota,"Royal Care Super Speciality Hospital, ,1,520 L and T Bypass Road, Neelambur, Coimbatore., Tamil Nadu, 641062",(NBEMS) GENERAL SURGERY,Open,General,Allotted
631,33428,DNB Quota,"Dr. Agarwals Eye Hospital, ,10, South Bypass Road, Vannarpettai, Tirunelveli, Tamil Nadu, 627003",(NBEMS) OPHTHALMOLOGY,Open,General,Allotted
632,33429,DNB Quota,"Max Super Specialty Hospital,,FC 50, Max Wali Rd, C and D Block, Shalimar Place Site, Shalimar Bagh, New Delhi, Delhi 110088, Delhi (NCT), 110088",(NBEMS) ORTHOPAEDICS,Open,General,Allotted
633,33498,All India,"Dr. Sampurnanand Medical College (SNMC), JODHPUR,Dr. Sampurnanand Medical College (SNMC), JODHPUR, Rajasthan, 342001",M.D. (ANAESTHESIOLOGY),EWS,EWS,Allotted
634,33567,All India,"Moti Lal Nehru Medical College,Moti Lal Nehru Medical College, Uttar Pradesh, 211001",M.D. (PAEDIATRICS),SC,SC,Allotted
635,33584,All India,"Government Medical College, Eluru.,Survey No – 60, Opp DM&HO office , Eluru , Eluru district , Pin - 534001, Andhra Pradesh",M.D. (ANAESTHESIOLOGY),Open,OBC,Allotted
636,33606,DNB Quota,"District Hospital Kargil, Ladakh ,Medical Superintendent District Hospital Kurbathang Kargil Ladakh, Ladakh, 194103",(NBEMS) GENERAL SURGERY,OBC,OBC,Allotted
637,33619,All India,"GANDHI MEDICAL COLLEGE,GANDHI MEDICAL COLLEGE, Telangana, 500003",M.D. (PAEDIATRICS),SC,SC,Allotted
638,33663,All India,"SHIMOGA INSTITUTE OF MEDICAL SCIENCES,SHIMOGA INSTITUTE OF MEDICAL SCIENCES, Karnataka, 577201",M.S. (E.N.T.),OBC,OBC,Allotted
639,33685,DNB Quota,"Kokilaben Dhirubhai Ambani Hospital, Plot No X8 and X8-1, T.T.C. Industrial Area, MIDC, Thane Belapur Road, Koparkhairane, Navi Mumbai, Maharashtra- 400710,KOKILABEN DHIRUBHAI AMBANI HOSPITAL ,THANE-BELAPUR ROAD, OPP. KOPARKHAIRANE RAILYWAY STATION, NAVI MUMBAI-400710",(NBEMS) ANAESTHESIOLOGY,Open,General,Allotted
640,33711,DNB Quota,"Tata Main Hospital, ,C Road, Bistupur, Jamshedpur, Jharkhand, 831001",(NBEMS) ANAESTHESIOLOGY,Open,OBC,Allotted
641,33714,All India,"Government Medical College, Nizamabad, Telangana State,Government Medical College, Nizamabad, Telangana State, Telangana, 503001",M.S. (E.N.T.),OBC,OBC,Allotted
642,33723,DNB Quota,"Asarfi Hospital, Jharkhand,Baramuri, B Polytechnic, Dhanbad, Jharkhand, 828130",(NBEMS) GENERAL SURGERY,Open,OBC,Allotted
643,33727,All India,"Government medical college patiala.,Government medical college patiala., Punjab, 147001",M.D. (ANAESTHESIOLOGY),Open,General,Allotted
644,33731,DNB Quota,"Balaji Institute of Surgery, Research and Rehabilitation for the Disabled Hospital (BIRRD), ,BIRRD Trust Hospital, SVIMS Campus, T.T. Devasthanams, Tirupati, Andhra Pradesh, 517501",(NBEMS) ORTHOPAEDICS,Open,EWS,Allotted
645,33781,DNB Quota,"Dr. B L Kapur Memorial Hospital,Pusa Road New Delhi, Delhi (NCT), 110005",(NBEMS) Cardio Vascular and Thoracic Surgery (Direct 6 Years Course),Open,General,Allotted
646,33821,DNB Quota,"Sir Hurkisondas Nurrotumdas Hospital and Research Centre, ,Prarthana Samaj, Raja Ram Mohan Roy road, Girgaon, MUMBAI, Maharashtra, 400004",(NBEMS) Emergency Medicine,Open,EWS,Allotted
647,33855,All India,"BHOPAL MEMORIAL HOSPITAL AND RESEARCH CENTRE, BHOPAL,Raisen By pass Road, Bhopal- 462038 (M.P.), Madhya Pradesh, 462038",M.D. (ANAESTHESIOLOGY),Open,OBC,Allotted
648,33908,DNB Quota,"Government Headquarters Hospital, ,GOVERNMENT HEAD QUARTERS HOSPITAL AND DNB POST GRADUATE TEACHING INSTITUTE, UDUMALAI ROAD, POLLACHI, Tamil Nadu, 642001",(NBEMS-DIPLOMA) Obstetrics and Gynaecology,Open,OBC,Allotted
649,33930,All India,"GADAG INSTITUTE OF MEDICAL SCIENCES GADAG,Gadag Institute of Medical Sciences Mallasamudra Gadag-582103, Karnataka, 582103",M.S. (E.N.T.),Open,OBC,Allotted
650,33939,All India,"B.J.Government Medical College, Pune,B.J.Government Medical College, Pune, Maharashtra, 411001",M.D. (PAEDIATRICS),SC,SC,Allotted
651,33971,DNB Quota,"Ispat General Hospital,,Ispat General Hospital Rourkela Steel Plant SAIL Rourkela 769005, Odisha, 769005",(NBEMS) ORTHOPAEDICS,Open,General,Allotted
652,34010,DNB Quota,"Max Super Specialty Hospital,,FC 50, Max Wali Rd, C and D Block, Shalimar Place Site, Shalimar Bagh, New Delhi, Delhi 110088, Delhi (NCT), 110088",(NBEMS) Emergency Medicine,Open,General,Allotted
653,34024,DNB Quota,"District Hospital, Dharwad,Killa Road, Dharwad, Karnataka-580008",(NBEMS-DIPLOMA) Obstetrics and Gynaecology,OBC,OBC,Allotted
654,34060,DNB Quota,"R P HOSPITAL AND RESEARCH INSTITUTE, PARBHANI, Maharashtra ,Pedgaon, Parbhani- manwat road, Parbhani, Maharashtra, 431537",(NBEMS) GENERAL SURGERY,Open,General,Allotted
655,34237,All India,"GADAG INSTITUTE OF MEDICAL SCIENCES GADAG,Gadag Institute of Medical Sciences Mallasamudra Gadag-582103, Karnataka, 582103",M.D. (ANAESTHESIOLOGY),Open,OBC,Allotted
656,34280,All India,"LATE SHRI LAKHI RAM AGRAWAL MEMORIAL GOVT.MEDICAL COLLEGE,LATE SHRI LAKHI RAM AGRAWAL MEMORIAL GOVT.MEDICAL COLLEGE, Chhattisgarh, 496001",M.D. (PSYCHIATRY),OBC,OBC,Allotted
657,34290,DNB Quota,"Dharan Hospital , Tamil Nadu,14 SEELANAICKENPATTY BYPASS SALEM 636201, Tamil Nadu, 636201",(NBEMS) ANAESTHESIOLOGY,Open,OBC,Allotted
658,34414,All India,"GMC Bharat Ratna Late Shri Atal Bihari Vajpayee Memorial Medical College, Chhattisgarh ,BHARAT RATNA LATE SHRI ATAL BIHARI VAJPAYEE MEMORIAL MEDICAL COLLEGE, PENDRI, RAJNANDGAON, CHHATTIS, Chhattisgarh, 491441",M.S. (E.N.T.),OBC,OBC,Allotted
659,34476,Delhi University Quota,"University College of Medical Sciences,University College of Medical Sciences, Delhi (NCT), 110095",M.D. (ANAESTHESIOLOGY),EWS,EWS,Allotted
660,34480,DNB Quota,"Manipal Hospital, Bhubaneswar (Formerly known as AMRI Hospital), Odisha,BhubaneswarPlot no-1, Besides Satya Sai Enclave, Khandagiri, Bhubaneswar, Odisha, 751030",(NBEMS) Emergency Medicine,Open,General,Allotted
661,34593,All India,"DR. SHANKARRAO CHAVAN GOVERNMENT MEDICAL COLLEGE, NANDED,DR. SHANKARRAO CHAVAN GOVERNMENT MEDICAL COLLEGE, VISHNUPURI, NANDED, Maharashtra, 431606",M.D. (PAEDIATRICS),SC,SC,Allotted
662,34598,All India,"Assam Medical College,Assam Medical College, Assam, 786002",M.D. (PSYCHIATRY),OBC,OBC,Allotted
663,34626,All India,"NETAJI SUBHASH CHANDRA BOSE MEDICAL COLLEGE, JABALPUR ,NETAJI SUBHASH CHANDRA BOSE MEDICAL COLLEGE, NAGPUR ROAD JABALPUR, Madhya Pradesh, 482003",M.D. (ANAESTHESIOLOGY),Open,General,Allotted
664,34652,DNB Quota,"Balrampur Hospital, ,Gola Ganj, lucknow, Uttar Pradesh, 226018",(NBEMS) Otorhinolaryngology (E.N.T.),Open,General,Allotted
665,34656,DNB Quota,"Dr. Kamakshi Memorial Hospital, (Dr. Kamakshi Institute of Medical Sciences and Research) ,No.1,Radial Road , Pallikaranai, Chennai, Tamil Nadu, 600100",(NBEMS-DIPLOMA) Obstetrics and Gynaecology,Open,OBC,Allotted
666,34667,DNB Quota,"GMR Varalakshmi Care Hospital, Andhra Pradesh,GMR Varalakshmi CARE Hospital GMR Nagar , Rajam, Vizianagaram District, Andhra Pradesh, 532127",(NBEMS-DIPLOMA) Obstetrics and Gynaecology,Open,General,Allotted
667,34800,DNB Quota,"Amrita Institute of Medical Sciences and Research Centre, Sector 88, Mata Amritanandmayi Marg, Faridabad, Haryana-121002,AMRITA INSTITUTE OF MEDICAL SCIENCES & RESEARCH CENTRE, SECTOR 88, FARIDABAD",(NBEMS) Cardio Vascular and Thoracic Surgery (Direct 6 Years Course),Open,General,Allotted
668,34838,All India,"GMC Bharat Ratna Late Shri Atal Bihari Vajpayee Memorial Medical College, Chhattisgarh ,BHARAT RATNA LATE SHRI ATAL BIHARI VAJPAYEE MEMORIAL MEDICAL COLLEGE, PENDRI, RAJNANDGAON, CHHATTIS, Chhattisgarh, 491441",M.D. (ANAESTHESIOLOGY),Open,General,Allotted
669,34850,DNB Quota,"Kongunad Hospitals Private Limited, ,116,117 11th Street, Tatabad,Opposite to east power house, Tamil Nadu, 641012",(NBEMS) ANAESTHESIOLOGY,Open,OBC,Allotted
670,34870,DNB Quota,"Care Hospital, ,Care hospitals exhibition road Nampally Hyderabad Telangana, Telangana, 500001",(NBEMS) Cardio Vascular and Thoracic Surgery (Direct 6 Years Course),Open,General,Allotted
671,34877,DNB Quota,"Dr. B C Roy Post Graduate Institute of Paediatric Sciences, ,111 Narkeldanga Main Road Kolkata, West Bengal, 700054",(NBEMS) Paediatric Surgery (Direct 6 Years Course),Open,General,Allotted
672,34887,DNB Quota,"K K Hospital, Uttar Pradesh,87 88 Nabiullah Road River Bank Colony Lucknow, Uttar Pradesh, 226018",(NBEMS) GENERAL SURGERY,Open,OBC,Allotted
673,34902,All India,"Government Kilpauk Medical College,Government Kilpauk Medical College Poonthamalli main roadl, Kilpauk, Chennai 10, Tamil Nadu, 600010",M.D. (PATHOLOGY),Open,General,Allotted
674,34925,All India,"Rajiv Gandhi Institute of Medical Sciences Srikakulam,Government Medical College Srikakulam Balaga Srikakulam Town Srikakulam District, Andhra Pradesh, 532001",M.D. (Emergency and Critical Care)/M.D. (Emergency Medicine),OBC,OBC,Allotted
675,34926,All India,"Shaikh-Ul-Hind Maulana Mahmood Hasan Medical College, Saharanpur,Pilkhani Ambala Road, Uttar Pradesh, 247232",M.D. (ANAESTHESIOLOGY),Open,General,Allotted
676,34963,All India,"JAWAHAR LAL NEHRU MEDICAL COLLEGE, AJMER,NEAR PATEL STADIUM, AJMER, Rajasthan, 305001",M.S. (E.N.T.),EWS,EWS,Allotted
677,35003,DNB Quota,"Dr. B.R. Ambedkar State Institute of Medical Sciences,Punjab,Phase-6, Sector 56, SAS Nagar (Mohali) , Punjab-160055",(NBEMS) ORTHOPAEDICS,OBC,OBC,Allotted
678,35019,All India,"Indian Railway Post Graduate Institute of Medical Sciences and Research and Associated Northern Railway Central Hospital, New Delhi, Basant Lane, Aram Bagh, Connaught Place,Paharganj, New Delhi,",M.D. (PATHOLOGY),Open,General,Allotted
679,35032,DNB Quota,"Rio Childrens Hospital Pvt Ltd, Madurai, Tamil Nadu,No 40 4C 2B1 Tuticorin Ring Road Masthanpatti Madurai, Tamil Nadu, 625020",(NBEMS-DIPLOMA) PAEDIATRICS,Open,OBC,Allotted
680,35049,All India,"DR. SHANKARRAO CHAVAN GOVERNMENT MEDICAL COLLEGE, NANDED,DR. SHANKARRAO CHAVAN GOVERNMENT MEDICAL COLLEGE, VISHNUPURI, NANDED, Maharashtra, 431606",M.D. (ANAESTHESIOLOGY),Open,General,Allotted
681,35124,All India,"R G KAR MEDICAL COLLEGE, West Bengal,R G KAR MEDICAL COLLEGE,1 KHUDIRAM BOSE SARANI,KOLKATA, West Bengal, West Bengal, 700004",M.S. (OPHTHALMOLOGY),OBC,OBC,Allotted
682,35202,DNB Quota,"Aakash Healthcare Super Specialty Hospital, Delhi,HOSPITAL PLOT, ROAD NO- 201,SECTOR 3 DWARKA, NEW DELHI, Delhi (NCT), 110075",(NBEMS) OPHTHALMOLOGY,Open,General,Allotted
683,35261,DNB Quota,"District Hospital, ,Government Medical College, Near RTC Bus stand, Gollaguda, Nalgonda Telangana - 508001, Telangana, 508001",(NBEMS) ANAESTHESIOLOGY,Open,General,Allotted
684,35337,All India,"Dr. Sampurnanand Medical College (SNMC), JODHPUR,Dr. Sampurnanand Medical College (SNMC), JODHPUR, Rajasthan, 342001",M.D. (Obst. and Gynae)/MS (Obstetrics and Gynaecology),SC,SC,Allotted
685,35354,DNB Quota,"HAJI ABDUL MAJID MEMORIAL HOSPITAL and RESEARCH CENTER, Assam,HAJI ABDUL MAJID MEMORIAL HOSPITAL MAIN ROAD HOJAI, Assam, 782435",(NBEMS) GENERAL SURGERY,Open,EWS,Allotted
686,35422,DNB Quota,"Medanta Hospital, Uttar Pradesh,Medanta hospital, Sec A pocket 1, Amar Shaheed Path Sushant Golf City Lucknow, Uttar Pradesh, 226030",(NBEMS) Cardio Vascular and Thoracic Surgery (Direct 6 Years Course),Open,General,Allotted
687,35450,All India,"Pt. Raghunath Murmu Medical College & Hospital, Baripada Government,At- Rangamatia, Po- Laxmiposi, PS- Baripada Sadar, Via- Shankhabhanga, Dist- Mayurbhanj, Odisha",M.D. (ANAESTHESIOLOGY),Open,General,Allotted
688,35458,DNB Quota,"BALAJI CURE AND CARE HOSPITAL, 1,2,3-KANAK VIHAR, SIRSI ROAD, MEENAWALA, JAIPUR, Rajasthan-302012,Balaji Cure and Care Hospital, 1,2,3, Kanak Vihar, Sirsi Road, Jaipur",(NBEMS-DIPLOMA) Obstetrics and Gynaecology,Open,General,Allotted
689,35489,DNB Quota,"Fortis Hospital, ,Mulund - Goregaon Link Rd, Nahur West, Industrial Area, Bhandup West, Mumbai, Maharashtra 400078, Maharashtra, 400078",(NBEMS) ORTHOPAEDICS,Open,EWS,Allotted
690,35571,DNB Quota,"Dr. Rangarajan Memorial Hospital, (Sundaram Medical Foundation) ,Sundaram Medical Foundation, Shanthi Colony, 4th Avenue, Anna Nagar, Chennai, Tamil Nadu, 600040",(NBEMS) ANAESTHESIOLOGY,Open,OBC,Allotted
691,35607,DNB Quota,"Bihar State Institute of Mental Health and Allied Sciences(BIMHAS), Bihar,BIMHAS Koilwar Bhojpur, Bihar, 802160",(NBEMS) PSYCHIATRY,OBC,OBC,Allotted
692,35630,DNB Quota,"St. Stephen`s Hospital, ,Tis Hazari, Delhi (NCT), 110054",(NBEMS) ANAESTHESIOLOGY,Open,General,Allotted
693,35635,All India,"Government Medical College, Ratlam,Gram Banjali, Sailana Road, NH927A, Madhya Pradesh 457001, India, Madhya Pradesh, 457001",M.D. (ANAESTHESIOLOGY),Open,OBC,Allotted
694,35638,All India,"Government Medical College, Datia,Near 29 Batallion, National Highway 44, Dist Datia, Madhya Pradesh Pin - 475661, Madhya Pradesh, 475661",M.S. (OPHTHALMOLOGY),OBC,OBC,Allotted
695,35661,DNB Quota,"Aster RV Hospital, Karnataka,CA 37, 24th Main Rd, ITI Layout, 1st Phase, J. P. Nagar, Bengaluru, Karnataka 560078, Karnataka, 560078",(NBEMS) ANAESTHESIOLOGY,Open,OBC,Allotted
696,35691,DNB Quota,"Apollo Hospital,,DNB office, 3rd Floor Opp Library Apollo Hospitals, Jubilee Hills, Hyderabad, Telangana, 500033",(NBEMS) Otorhinolaryngology (E.N.T.),Open,General,Allotted
697,35700,DNB Quota,"RURAL DEVELOPMENT TRUST HOSPITAL, SY NO; 330/1, BELLARY ROAD, KALYANDURG, ANANTHAPURAMU DIST, Andhra Pradesh-515761,RURAL DEVELOPMENT TRUST HOSPITAL, SY NO.330/1, BELLARY ROAD, KALYANDURG",(NBEMS-DIPLOMA) PAEDIATRICS,Open,EWS,Allotted
698,35762,All India,"S.V. Medical College, Tirupathi ,S.V. Medical College, Tirupathi, Andhra Pradesh, 517501",M.D. (Obst. and Gynae)/MS (Obstetrics and Gynaecology),SC,SC,Allotted
699,35812,DNB Quota,"Geetanjali Medical College and Hospital,Rajasthan,Geetanjali University, NH-8 By-pass, Manva Kheda, Near Eklingpura Chouraha, Udaipur, Rajasthan, 313001",(NBEMS) Cardio Vascular and Thoracic Surgery (Direct 6 Years Course),Open,EWS,Allotted
700,35815,DNB Quota,"Divine Heart and Multispecialty Hospital, Uttar Pradesh,Viraj Khand 5 Institutional Area Gomti Nagar Lucknow, Uttar Pradesh, 226010",(NBEMS) Cardio Vascular and Thoracic Surgery (Direct 6 Years Course),Open,OBC,Allotted
701,35839,DNB Quota,"GURUKRIPA HOSPITALS ,JYOTI NAGAR PIPRALI ROAD SIKAR RAJASTHAN, Rajasthan, 332001",(NBEMS) ORTHOPAEDICS,Open,General,Allotted
702,35864,All India,"Jorhat Medical College & Hospital,Jorhat Medical College & Hospital, Assam, 785001",M.S. (E.N.T.),Open,General,Allotted
703,35873,DNB Quota,"Indiana hospital and Heart Institute, ,Mahaveer Cirlce, Pumpwell, Mangalore, Karnataka, 575002",(NBEMS) Emergency Medicine,Open,EWS,Allotted
704,35905,DNB Quota,"Khan Bahadur Bhabha Hospital, Maharashtra,Khan Bahadur Bhabha Hospital Belgrami road kurla west, Maharashtra, 400070",(NBEMS) ORTHOPAEDICS,OBC,OBC,Allotted
705,35949,All India,"JAWAHAR LAL NEHRU MEDICAL COLLEGE, AJMER,NEAR PATEL STADIUM, AJMER, Rajasthan, 305001",M.D. (Obst. and Gynae)/MS (Obstetrics and Gynaecology),SC,SC,Allotted
706,35960,All India,"KING GEORGES MEDICAL UNIVERSITY,KING GEORGES MEDICAL UNIVERSITY, Shahmeena Road, Chowk, Lucknow-226003, Uttar Pradesh, 226003",M.D. (Tuberculosis and Respiratory diseases)/Pulmonary Medicine /M.D. (Respiratory Medicine),SC,SC,Allotted
707,35969,DNB Quota,"District Hospital Kargil, Ladakh ,Medical Superintendent District Hospital Kurbathang Kargil Ladakh, Ladakh, 194103",(NBEMS-DIPLOMA) PAEDIATRICS,Open,General,Allotted
708,36020,DNB Quota,"Fortis Hospital, Shalimar Bagh,A- Block, Shalimar Bagh, Delhi (NCT), 110088",(NBEMS) Emergency Medicine,Open,EWS,Allotted
709,36047,DNB Quota,"Kauvery Hospital, Vadapalani (A unit of Sri Kauvery Medical Care India Limited) No 23/1, Arcot Road, Vadapalani Chennai , Tamil Nadu-600026,No 23/1 Arcot road, Kauvery Hospital, Vadapalani Chennai",(NBEMS) ANAESTHESIOLOGY,Open,General,Allotted
710,36065,DNB Quota,"M.I.O.T. Hospital, ,4 112 MOUNT POONAMALLEE ROAD MANAPAKKAM CHENNAI 600089, Tamil Nadu, 600089",(NBEMS) Cardio Vascular and Thoracic Surgery (Direct 6 Years Course),Open,OBC,Allotted
711,36081,DNB Quota,"SHRI JAGANNATH MEDICAL COLLEGE AND HOSPITAL, PURI, AT/PO- BALIGUALI, PURI, Odisha-752002,AT/PO- BALIGUALI, PURI",(NBEMS) PAEDIATRICS,SC,SC,Allotted
712,36189,All India,"Baba Raghav Das Medical College,Baba Raghav Das Medical College, Gorakhpur, Uttar Pradesh, 273013",M.D. (PATHOLOGY),Open,General,Allotted
713,36204,DNB Quota,"Divine Heart and Multispecialty Hospital, Uttar Pradesh,Viraj Khand 5 Institutional Area Gomti Nagar Lucknow, Uttar Pradesh, 226010",(NBEMS) Cardio Vascular and Thoracic Surgery (Direct 6 Years Course),Open,OBC,Allotted
714,36254,DNB Quota,"POSITRON HOSPITAL, (A UNIT OF MK SUPER SPECIALTIY HOSPITAL PVT. LTD.) HEALTH CENTER PLOT, BLOCK-B, SECTOR-35, SUNCITY, ROHTAK, Haryana- 124001,Health Centre Plot, Block-B, Suncity, Sector-35",(NBEMS) ORTHOPAEDICS,Open,EWS,Allotted
715,36289,DNB Quota,"Dr. B.R. Ambedkar State Institute of Medical Sciences,Punjab,Phase-6, Sector 56, SAS Nagar (Mohali) , Punjab-160055",(NBEMS) GENERAL MEDICINE,SC,SC,Allotted
716,36488,DNB Quota,"Dr. Ramesh Cardiac and Multi Speciality Hospital,,Collector office road, Nagarampalem, Guntur , AP, Andhra Pradesh, 522004",(NBEMS) Cardio Vascular and Thoracic Surgery (Direct 6 Years Course),Open,General,Allotted
717,36491,All India,"Lala Lajpat Rai Memorial Medical College, MEERUT,Lala Lajpat Rai Memorial Medical College, MEERUT, Uttar Pradesh, 250004",M.D. (PAEDIATRICS),SC,SC,Allotted
718,36537,DNB Quota,"Apollo Hospital,,DNB office, 3rd Floor Opp Library Apollo Hospitals, Jubilee Hills, Hyderabad, Telangana, 500033",(NBEMS) ORTHOPAEDICS,Open,General,Allotted
719,36580,DNB Quota,"Kanumuri Hospital, Andhra Pradesh,D-NO 12 , SANAKKAYALA FACTORY ROAD , KOTHAPET , GUNTUR, Andhra Pradesh, 522001",(NBEMS-DIPLOMA) Tuberculosis and CHEST DISEASES,Open,EWS,Allotted
720,36787,All India,"JAWAHARLAL NEHRU MEDICAL COLLEGE, ALIGARH MUSLIM UNIVERSITY STATE UTTAR,JAWAHARLAL NEHRU MEDICAL COLLEGE, ALIGARH MUSLIM UNIVERSITY STATE UTTAR, Uttar Pradesh, 202002",M.D. (ANAESTHESIOLOGY),EWS,EWS,Allotted
721,36802,All India,"Pt. Jawahar Lal Nehru Memorial Medical College, RAIPUR,Pt. Jawahar Lal Nehru Memorial Medical College, RAIPUR, Chhattisgarh, 492001",M.S. (OPHTHALMOLOGY),OBC,OBC,Allotted
722,36858,All India,"SHYAM SHAH MEDICAL COLLEGE,deanmcrewa@rediffmail.com, Madhya Pradesh, 486001",M.D. (PAEDIATRICS),SC,SC,Allotted
723,36864,DNB Quota,"S. K. S. Hospital, ,NO.23,SKS Hospital Road, Alagapuram,Salem, Tamil Nadu, 636004",(NBEMS) Emergency Medicine,Open,OBC,Allotted
724,36905,DNB Quota,"District Hospital, Dharwad,Killa Road, Dharwad, Karnataka-580008",(NBEMS-DIPLOMA) PAEDIATRICS,Open,OBC,Allotted
725,36917,DNB Quota,"Unique Super Specialty Centre,Unique Super Speciality Center, Annpurna Road Indore, Madhya Pradesh, 452009",(NBEMS) ORTHOPAEDICS,Open,General,Allotted
726,36920,DNB Quota,"Amandeep Medicity, Mall Road, Amritsar, Punjab,Mall Rd, near Novelty Chownk, Maharaja Ranjit Singh Nagar, Joshi Colony, Amritsar, Punjab 143001, Punjab, 143001",(NBEMS) Emergency Medicine,Open,OBC,Allotted
727,36925,DNB Quota,"Seven Hills Hospital, ,11-4-4/A, Rockdale Layout, Visakhapatnam, Andhra Pradesh, 530002",(NBEMS) ANAESTHESIOLOGY,Open,EWS,Allotted
728,37005,Self-Financed Merit Seat,"Hamdard Institute of Medical Sciences and Research,HIMSR, Jamia Hamdard, Guru Ravidas Marg, Hamdard Nagar, New Delhi, Delhi (NCT), 110062",M.D. (GENERAL MEDICINE),Open,OBC,Allotted
729,37094,All India,"KURNOOL MEDICAL COLLEGE,KURNOOL MEDICAL COLLEGE, Andhra Pradesh, 518002",M.D. (Obst. and Gynae)/MS (Obstetrics and Gynaecology),SC,SC,Allotted
730,37117,DNB Quota,"Sri Chandra Sekara Hospital, Tamil Nadu,M-1, M-2, H-23, Avalapalli Housing Board, Bagalur Road, Hosur - 635109, Krishnagiri Dist, Tamil Nadu, Tamil Nadu, 635109",(NBEMS) Emergency Medicine,Open,OBC,Allotted
731,37140,DNB Quota,"Mahavir Hospital Manish IVF Center, Gujarat,Dr Manish R Pandya Lati plot , Opp. District Library, Near C J hospital Surendranagar, Gujarat, 363001",(NBEMS-DIPLOMA) Obstetrics and Gynaecology,Open,General,Allotted
732,37169,DNB Quota,"Apollo Gleneagles Hospital, ,58 Canal Circular Road Kolkata 700054, West Bengal, 700054",(NBEMS) Emergency Medicine,Open,General,Allotted
733,37388,All India,"Government Medical College, Miraj,Government Medical College, Miraj, Maharashtra, 416410",M.D. (PAEDIATRICS),SC,SC,Allotted
734,37389,DNB Quota,"JLNM Hospital, ,JLNM Hospital Rainawari Srinagar, Jammu And Kashmir, 190003",(NBEMS-DIPLOMA) PAEDIATRICS,Open,General,Allotted
735,37393,DNB Quota,"Wockhardt Hospitals ,Maharashtra,Wockhardt Hospitals, Mira Road The Umrao Institute of Medical Science and Research Near Railway St, Maharashtra, 401107",(NBEMS) ANAESTHESIOLOGY,Open,General,Allotted
736,37445,DNB Quota,"Fortis Hospital,,B-22, Sector 62, Noida, Uttar Pradesh, Uttar Pradesh, 201301",(NBEMS) Emergency Medicine,Open,OBC,Allotted
737,37503,DNB Quota,"Mahavir Hospital Manish IVF Center, Gujarat,Dr Manish R Pandya Lati plot , Opp. District Library, Near C J hospital Surendranagar, Gujarat, 363001",(NBEMS-DIPLOMA) Obstetrics and Gynaecology,Open,OBC,Allotted
738,37510,All India,"R G KAR MEDICAL COLLEGE, West Bengal,R G KAR MEDICAL COLLEGE,1 KHUDIRAM BOSE SARANI,KOLKATA, West Bengal, West Bengal, 700004",M.D. (ANAESTHESIOLOGY),OBC,OBC,Allotted
739,37515,DNB Quota,"Bharath Hospital, Kerala,AZAD LANE, KOTTAYAM, KERALA 686001, Kerala, 686001",(NBEMS-DIPLOMA) Obstetrics and Gynaecology,Open,OBC,Allotted
740,37562,All India,"All India Institute of Physical Medicine and Rehabilitation,All India Institute of Physical Medicine and Rehabilitation Near Haji Ali K Khadye Marg Mahalaxmi Mu, Maharashtra, 400034",M.D. (PHYSICAL MED. and REHABILITATION),EWS,EWS,Allotted
741,37660,DNB Quota,"Amandeep Medicity, Mall Road, Amritsar, Punjab,Mall Rd, near Novelty Chownk, Maharaja Ranjit Singh Nagar, Joshi Colony, Amritsar, Punjab 143001, Punjab, 143001",(NBEMS) Emergency Medicine,Open,OBC,Allotted
742,37693,All India,"Government Medical College, Bhilwara,Sindri ke Balaji Road, Sanganer, Bhilwara, Rajasthan 311001, Rajasthan, 311001",M.D. (ANAESTHESIOLOGY),OBC,OBC,Allotted
743,37696,DNB Quota,"Fortis Hospital, Shalimar Bagh,A- Block, Shalimar Bagh, Delhi (NCT), 110088",(NBEMS) ANAESTHESIOLOGY,Open,General,Allotted
744,37751,DNB Quota,"Manipal Hospital Pvt. Ltd., (Formerly Vikram Hospital) #71/1, Opp. St. Annes College, Millers Road, Bengaluru Karnataka , Karnataka-560052,71/1, Millers Rd, opp. to St. Anne's College, Vasanth Nagar",(NBEMS) ANAESTHESIOLOGY,Open,General,Allotted
745,37846,DNB Quota,"Sri Sathya Sai Institute of Higher Medical Sciences, ,PRASANTHIGRAM , PUTTAPARTHI SRI SATHYA SAI DISTRICT, Andhra Pradesh, 515134",(NBEMS) OPHTHALMOLOGY,Open,EWS,Allotted
746,37855,DNB Quota,"Star Women and Children Hospital , Telangana,H No : 4-101 ,Saraswati nagar ,Teegalagutta pally Railway station road , karimnagar., Telangana, 505001",(NBEMS-DIPLOMA) Obstetrics and Gynaecology,Open,OBC,Allotted
747,37904,All India,"Ravindra Nath Tagore Medical College, Udaipur,Ravindra Nath Tagore Medical College, Udaipur, Rajasthan, 313001",M.D. (Tuberculosis and Respiratory diseases)/Pulmonary Medicine /M.D. (Respiratory Medicine),SC,SC,Allotted
748,37936,DNB Quota,"SADAR HOSPITAL, LOK NAYAK JAY PRAKASH NARYAN SADAR HOSPITAL BHAGALPUR NEAR GHANTAGHAR CHOWK, Bihar-812001,LOK NAYAK JAY PRAKASH NARAYAN ,SADAR HOSPITAL BHAGALPUR ,NEAR GHANTAGHAR CHOWK , BIHAR",(NBEMS) GENERAL MEDICINE,SC,SC,Allotted
749,37954,DNB Quota,"Apollo Hospital, Health City, ,Apollo Hospitals, Health City, Chinagadhili, Visakhapatnam, Andhra Pradesh, 530040",(NBEMS) ORTHOPAEDICS,Open,EWS,Allotted
750,37978,All India,"CALCUTTA NATIONAL MEDICAL COLLEGE,CALCUTTA NATIONAL MEDICAL COLLEGE 32, Gorachand Road, Kolkata 700014, West Bengal, 700014",M.S. (OPHTHALMOLOGY),OBC,OBC,Allotted
751,38000,DNB Quota,"Preethi Hospital, ,50, Melur Main Road, Uthangudi, Madurai - 625107, Tamil Nadu, 625107",(NBEMS) ANAESTHESIOLOGY,Open,OBC,Allotted
752,38045,All India,"Guru Gobind Singh Medical College,Guru Gobind Singh Medical College, Sadiq Road, Faridkot, Punjab, 151203",M.D. (ANAESTHESIOLOGY),OBC,OBC,Allotted
753,38071,All India,"Government Medical College Srinagar,Administrative Block Government Medical College Karan Nagar Srinagar, Jammu And Kashmir, 190010",M.S. (OPHTHALMOLOGY),OBC,OBC,Allotted
754,38091,DNB Quota,"Tata Main Hospital, ,C Road, Bistupur, Jamshedpur, Jharkhand, 831001",(NBEMS) ANAESTHESIOLOGY,Open,General,Allotted( AFMS Rank : 12084 )
755,38102,DNB Quota,"Sakra World Hospital, (A Unit of Takshasila Hospitals Operating Private Limited) ,LOVEKESH\DOT\PHASU\AT\SAKRAWORLDHOSPITAL\DOT\COM, Karnataka, 560103",(NBEMS) ANAESTHESIOLOGY,Open,OBC,Allotted
756,38169,DNB Quota,"Yashoda Health Care Services Private Limited, D.No: 2-41/14/Yashoda/GF, Sy No,41/14, Khanamet Village, Serilingampally(M), Hyderabad, Telangana-500084,Hitech City, Hyderabad, Telangana State",(NBEMS) OPHTHALMOLOGY,Open,General,Allotted
757,38298,All India,"JAWAHARLAL NEHRU MEDICAL COLLEGE, ALIGARH MUSLIM UNIVERSITY STATE UTTAR,JAWAHARLAL NEHRU MEDICAL COLLEGE, ALIGARH MUSLIM UNIVERSITY STATE UTTAR, Uttar Pradesh, 202002",M.D. (PAEDIATRICS),SC,SC,Allotted
758,38363,All India,"Karwar Institute of Medical Sciences, Karnataka,MG Road, Karnataka, 581301",M.D. (PAEDIATRICS),SC,SC,Allotted
759,38366,DNB Quota,"GMERS Medical College and Hospital, ,GMERS Medical College Valsad,Nanakwada Halar Road,Valsad ,Gujarat, Gujarat, 396001",(NBEMS) ANAESTHESIOLOGY,OBC,OBC,Allotted
760,38383,DNB Quota,"Nasa Brain And Spine Centre, Punjab,128 GURUNANAK PURA KAPURTHALA ROAD JALANDHAR, Punjab, 144008",(NBEMS) ORTHOPAEDICS,Open,General,Allotted
761,38475,DNB Quota,"Ahalia Hospital , (Women and Childrens Hospital - Maternal and Child Care Centre) ,Ahalia Campus Kozhippara Post Palakkad Kerala 678 557, Kerala, 678557",(NBEMS-DIPLOMA) Obstetrics and Gynaecology,Open,OBC,Allotted
762,38476,All India,"JHALAWAR MEDICAL COLLEGE,JHALAWAR MEDICAL COLLEGE, JHALAWAR, Rajasthan, 326001",M.D. (ANAESTHESIOLOGY),OBC,OBC,Allotted
763,38502,All India,"STANLEY MEDICAL COLLEGE,STANLEY MEDICAL COLLEGE NO.1, OLD JAIL ROAD, CHENNAI-600001, Tamil Nadu, 600001",M.D. (PSYCHIATRY),EWS,EWS,Allotted
764,38544,IP University Quota,"PGIMER, DR. RML Hospital, Cannaught Place, New Delhi,ABVIMS, DR. RML Hospital, Baba Kharak Singh Marg, Cannaught Place, New Delhi",M.D. (PHYSICAL MED. and REHABILITATION),Open,General,Allotted
765,38571,DNB Quota,"KIMS SunShine Hospital (Formerly known as SunShine Hospital), Begumpet, Telangana,KIMS SUNSHINE HOSPITALS Begumpet, Metro Pillar No.C1327 Hyderabad, Telangana 500016, Telangana, 500016",(NBEMS) ORTHOPAEDICS,Open,OBC,Allotted
766,38590,DNB Quota,"Manipal Hospital Pvt. Ltd., (Formerly Vikram Hospital) #71/1, Opp. St. Annes College, Millers Road, Bengaluru Karnataka , Karnataka-560052,71/1, Millers Rd, opp. to St. Anne's College, Vasanth Nagar",(NBEMS) ANAESTHESIOLOGY,Open,OBC,Allotted
767,38633,DNB Quota,"GMERS Medical College and Hospital,,GMERS Medical College and Hospital Campus, Dharpur, Patan-Unjha State Highway, Patan (North Gujarat,, Gujarat, 384265",(NBEMS-DIPLOMA) PAEDIATRICS,OBC,OBC,Allotted
768,38678,All India,"NAMO Medical Education and Research Institute, Dadra & Nagar Haveli & Daman & Diu,Sayli Road, Silvassa, DNH, Dadra And Nagar Haveli, 396230",M.S. (OPHTHALMOLOGY),Open,OBC,Allotted
769,38812,All India,"Government Kilpauk Medical College,Government Kilpauk Medical College Poonthamalli main roadl, Kilpauk, Chennai 10, Tamil Nadu, 600010",M.D. (PHYSICAL MED. and REHABILITATION),Open,OBC,Allotted
770,38856,DNB Quota,"V Y Institute of Medical Science, ,Near Kamal Vihar, Dhamtari Road, Raipur, Chhattisgarh, 492001",(NBEMS) ORTHOPAEDICS,Open,OBC,Allotted
771,38997,DNB Quota,"Apollo Gleneagles Hospital, ,58 Canal Circular Road Kolkata 700054, West Bengal, 700054",(NBEMS) ANAESTHESIOLOGY,Open,General,Allotted
772,38999,All India,"University College of Medical Sciences,University College of Medical Sciences, Delhi (NCT), 110095",M.D. (PHARMACOLOGY),Open,EWS,Allotted
773,39007,DNB Quota,"KIMS Saveera Hospital,1-1348 OPPOSITE SAKSHI OFFICE RUDRAMPET ANANTAPURAM 515004, Andhra Pradesh, 515004",(NBEMS) Emergency Medicine,Open,General,Allotted
774,39028,DNB Quota,"Dr. Kamakshi Memorial Hospital, (Dr. Kamakshi Institute of Medical Sciences and Research) ,No.1,Radial Road , Pallikaranai, Chennai, Tamil Nadu, 600100",(NBEMS-DIPLOMA) ANAESTHESIOLOGY,Open,OBC,Allotted
775,39051,DNB Quota,"Geetanjali Medical College and Hospital,Rajasthan,Geetanjali University, NH-8 By-pass, Manva Kheda, Near Eklingpura Chouraha, Udaipur, Rajasthan, 313001",(NBEMS) Cardio Vascular and Thoracic Surgery (Direct 6 Years Course),Open,OBC,Allotted
776,39069,DNB Quota,"Rampurhat Govt. Medical College and Hospital, ,RAMPURHAT GOVERNMENT MEDICAL COLLEGE AND HOSPITAL, P.O. RAMPURHAT, P.S. RAMPURHAT, DIST. BIRBHUM, WB, West Bengal, 731224",(NBEMS-DIPLOMA) Tuberculosis and CHEST DISEASES,Open,General,Allotted
777,39115,DNB Quota,"Jaiprakash Hospital and Research Centre Pvt. Ltd, Odisha,,JAIPRAKASH HOSPITAL AND RESEARCH CENTER PVT. LTD., DANDIAPALI, ROURKELA, Odisha, 769004",(NBEMS) Emergency Medicine,Open,General,Allotted
778,39132,DNB Quota,"S. K. S. Hospital, ,NO.23,SKS Hospital Road, Alagapuram,Salem, Tamil Nadu, 636004",(NBEMS) FAMILY MEDICINE,Open,OBC,Allotted
779,39195,DNB Quota,"Lord Mahavir Civil Hospital,,Lord Mahavir Civil Hospital, MCH Wing Fieldganj Road Ludhiana, Punjab, 141008",(NBEMS-DIPLOMA) Obstetrics and Gynaecology,Open,OBC,Allotted
780,39197,Self-Financed Merit Seat,"Kasturba Medical College Manipal, Manipal Academy Of Higher Education, Manipal,Kasturba Medical College Manipal, Manipal Academy Of Higher Education, Manipal, Karnataka, 576104",M.S. (ORTHOPAEDICS),Open,General,Allotted
781,39213,DNB Quota,"Tirumala Hospital, ,PSR COMPLEX, NEAR RTC COMPLEX, VIZIANAGARAM, Andhra Pradesh, 535003",(NBEMS) Emergency Medicine,Open,OBC,Allotted
782,39222,All India,"Government Medical College, Miraj,Government Medical College, Miraj, Maharashtra, 416410",M.D. (PSYCHIATRY),EWS,EWS,Allotted
783,39234,All India,"Atal Bihari Vajpayee Government Medical College, Vidisha,NH 86 INFRONT OF KHEL PARISAR SANCHI ROAD VIDISHA MP, Madhya Pradesh, 464001",M.D. (ANAESTHESIOLOGY),EWS,EWS,Allotted
784,39262,DNB Quota,"Tata Main Hospital, ,C Road, Bistupur, Jamshedpur, Jharkhand, 831001",(NBEMS) ANAESTHESIOLOGY,Open,General,Allotted
785,39272,Armed Forces Medical,"Armed Forces Medical College,SOLAPUR ROAD NEAR RACE COURSE OPPOSITE OLD COMMAND HOSPITAL, WANOWARI PUNE, Maharashtra, 411040",M.D. (MICROBIOLOGY),Open,General,Allotted( AFMS Rank : 12364 )
786,39277,DNB Quota,"Accord Superspeciality Hospital Khasra No. 22, Kila. 19, 20, 21, 22, Sector 86, Village- Tehsil-District: Faridabad Haryana – 121002,Accord Superspeciality Hospital Khasra No. 22, Kila. 19, 20, 21, 22, Sector 86",(NBEMS) ANAESTHESIOLOGY,Open,General,Allotted
787,39279,DNB Quota,"Swami Dayanand Hospital, ,Dilshad Garden, Shahdara, Delhi, Delhi (NCT), 110095",(NBEMS) ANAESTHESIOLOGY,OBC,OBC,Allotted
788,39371,All India,"Dr. Sampurnanand Medical College (SNMC), JODHPUR,Dr. Sampurnanand Medical College (SNMC), JODHPUR, Rajasthan, 342001",M.D. (ANAESTHESIOLOGY),EWS,EWS,Allotted
789,39386,All India,"Government Institute of Medical Sciences, Greater Noida, Uttar Pradesh,KASNA GREATER NOIDA GAUTAM BUDDHA NAGAR, Uttar Pradesh, 201310",M.D. (PAEDIATRICS),SC,SC,Allotted
790,39425,DNB Quota,"Visakha Eye Hospital , ,Door No. 8-1-64, Doctors Colony, Pedda Waltair, Visakhapatnam - 530017, Andhra Pradesh, 530017",(NBEMS) OPHTHALMOLOGY,Open,OBC,Allotted
791,39447,DNB Quota,"Sri Narayani Hospital and Res. Centre, ,Sripuram Thirumalaikodi Vellore, Tamil Nadu, 632055",(NBEMS) ANAESTHESIOLOGY,Open,General,Allotted
792,39461,DNB Quota,"Healthworld Hospital, ,Healthworld Hospitals [A Unit of Parashmani Medical Centre Pvt.Ltd.], C-49,Commercial Area, Opp. ESI, West Bengal, 713216",(NBEMS) Emergency Medicine,Open,General,Allotted
793,39472,All India,"Government Medical College, Datia,Near 29 Batallion, National Highway 44, Dist Datia, Madhya Pradesh Pin - 475661, Madhya Pradesh, 475661",M.D. (ANAESTHESIOLOGY),OBC,OBC,Allotted
794,39563,DNB Quota,"Prakash Hospital Pvt.Ltd, D- 12,12A , 12B sec33 Noida, Uttar Pradesh-201301,D12,12 A,12B,SECTOR 33,NOIDA",(NBEMS) ORTHOPAEDICS,Open,OBC,Allotted
795,39575,DNB Quota,"Medica Superspecialty Hospital, ,127 Mukundapur, E.M. Byapss, Kolkata, West Bengal, 700099",(NBEMS) Emergency Medicine,Open,OBC,Allotted
796,39626,DNB Quota,"Bangalore Baptist Hospital, ,Bangalore Baptist Hospital, Bellary Road, Hebbal, Bangalore - 560024, Karnataka, 560024",(NBEMS) FAMILY MEDICINE,Open,General,Allotted
797,39628,DNB Quota,"Medicover Hospitals, (Formerly MaxCure Hospital) ,Medicover Hospitals , Opposite Cyber gate way , Ibis hotel Lane , hitech city Madhapur Hyderabad, Telangana, 500081",(NBEMS) ORTHOPAEDICS,Open,EWS,Allotted
798,39728,DNB Quota,"Medicare Multispeciality Hospital,medicarepusad@gmail.com, Maharashtra, 445204",(NBEMS-DIPLOMA) PAEDIATRICS,Open,General,Allotted
799,39743,DNB Quota,"Vasavi Hospital, No.15, 70th Cross, 2nd Stage, Kumaraswamy Layout, Bangalore, Karnataka-560078,#15, 70th Cross, 14th Main, Kumaraswamy Layout",(NBEMS) ANAESTHESIOLOGY,Open,OBC,Allotted
800,39854,DNB Quota,"Sagar Hospital - ,Shavige Malleshwara Hills, Kumaraswamy Layout, Bangalore, Karnataka, 560078",(NBEMS) ANAESTHESIOLOGY,Open,OBC,Allotted
801,39863,DNB Quota,"General Hospital, ,SECTOR-6, PANCHKULA, HARYANA-134108, Haryana, 134108",(NBEMS) OPHTHALMOLOGY,OBC,OBC,Allotted
802,39900,IP University Quota,"ESI-POST GRADUATE INSTITUTE OF MEDICAL SCIENCES AND RESEARCH, BASAIDARAPUR, NEW DELHI,ESI-POST GRADUATE INSTITUTE OF MEDICAL SCIENCES AND RESEARCH, BASAIDARAPUR, NEW DELHI, Delhi (NCT), 110015",M.D. (Obst. and Gynae)/MS (Obstetrics and Gynaecology),OBC,OBC,Allotted
803,39961,DNB Quota,"AMRI Hospitals, West Bengal,AMRI Hospitals Mukundapur 230 Barakhola Lane Behind Metro Cash and Carry on EM Bypass Kolkata, West Bengal, 700099",(NBEMS) ORTHOPAEDICS,Open,OBC,Allotted
804,40066,DNB Quota,"Arasan Eye Hospital, ,44,ANNAMALAI LAYOUT, OPP TO ROYAL THEATER,NEAR BUS STAND, ERODE - 638011, Tamil Nadu, 638011",(NBEMS) OPHTHALMOLOGY,Open,OBC,Allotted
805,40083,All India,"LATE SHRI LAKHI RAM AGRAWAL MEMORIAL GOVT.MEDICAL COLLEGE,LATE SHRI LAKHI RAM AGRAWAL MEMORIAL GOVT.MEDICAL COLLEGE, Chhattisgarh, 496001",M.D. (ANAESTHESIOLOGY),OBC,OBC,Allotted
806,40096,DNB Quota,"Sree Abirami Hospital Pvt. Ltd., 33, Madukkarai Road, Sundarapuram, Coimbatore, Tamil Nadu-641024,33 madukkarai road sundarapuram coimbatore 641024",(NBEMS) Emergency Medicine,Open,OBC,Allotted
807,40131,Armed Forces Medical,"7 Air Force Hospital, ,NATHU SINGH ROAD KANPUR CANTT KANPUR, Uttar Pradesh, 208004",(NBEMS) ANAESTHESIOLOGY,Open,General,Allotted( AFMS Rank : 12587 )
808,40161,All India,"Government Medical College, Jalgaon,Jilha Peth, Government Hospital Campus, Jalgaon, Maharashtra, 425001",M.D. (PAEDIATRICS),SC,SC,Allotted
809,40253,DNB Quota,"GMERS Medical College,Gujarat,Morbi Gandhi Choke, Near Town Hall, Morbi, Gujarat- 363641",(NBEMS) ANAESTHESIOLOGY,Open,General,Allotted
810,40254,All India,"THANJAVUR MEDICAL COLLEGE, THANJAVUR,THANJAVUR MEDICAL COLLEGE, THANJAVUR, Tamil Nadu, 613004",M.S. (GENERAL SURGERY),SC,SC,Allotted
811,40279,DNB Quota,"Dr. Agarwals Eye Hospital, ,10, South Bypass Road, Vannarpettai, Tirunelveli, Tamil Nadu, 627003",(NBEMS) OPHTHALMOLOGY,Open,OBC,Allotted
812,40289,DNB Quota,"V Y Institute of Medical Science, ,Near Kamal Vihar, Dhamtari Road, Raipur, Chhattisgarh, 492001",(NBEMS) ORTHOPAEDICS,Open,OBC,Allotted
813,40351,DNB Quota,"District Hospital, Phase- 6 Sas Nagar, Punjab,SMO, DISTRICT HOSPITAL, PHASE 6, SAS NAGAR, PUNJAB, Punjab, 160055",(NBEMS-DIPLOMA) PAEDIATRICS,Open,General,Allotted
814,40522,DNB Quota,"Sheth Vadilal Sarabhai General Hospital and Sheth Chinai Prasuti Hospital, Gujarat,Ellisbridge, Ahmedabad. Gujarat , Gujarat-380006",(NBEMS) ANAESTHESIOLOGY,OBC,OBC,Allotted
815,40540,DNB Quota,"Aadhar Health Institute, (A UNIT OF VLCOM HEALTHCARE P LTD.) ,Aadhar Health Institute, A UNIT OF VLCOM HEALTHCARE P LTD. Tosham Road, Hisar, Haryana- 125001, Haryana, 125001",(NBEMS) ANAESTHESIOLOGY,Open,General,Allotted
816,40559,All India,"Bankura Sammilani Medical College,Bankura Sammilani Medical College, West Bengal, 722102",M.D. (PAEDIATRICS),SC,SC,Allotted
817,40627,DNB Quota,"Q1 Hospital, Andhra Pradesh,Q1 HOSPITAL A UNIT OF Q1 BONEAND JOINT HOSPITAL,D.NO 13A AND 13 B,HEALTH CITY, ARILOVA VISAKHAPATNAM, Andhra Pradesh, 530040",(NBEMS) ORTHOPAEDICS,Open,OBC,Allotted
818,40629,DNB Quota,"AMRI Hospitals Ltd, 17, Panchanantala Road, PO: Sarat Bose Road, Kolkata, West Bengal-700029,Manipal Hospital Dhakuria (Annex II) 17, Panchanantala Road, PO: Sarat Bose Road, Kolkata - 700029",(NBEMS) ORTHOPAEDICS,Open,General,Allotted
819,40642,DNB Quota,"Vivekanandha Medical Care Hospital , ,Sf. No. 20-1 Elayampalayam village, Tiruchengode taluk Namakkal, Tamil Nadu, 637205",(NBEMS) Emergency Medicine,Open,OBC,Allotted
820,40651,All India,"Govt. Doon Medical College, Dehradun,Govt. Doon Medical College Dehrakhas, Patel Nagar Dehradun 248001, Uttarakhand, 248001",M.D. (Obst. and Gynae)/MS (Obstetrics and Gynaecology),SC,SC,Allotted
821,40683,DNB Quota,"SANKARA NETRA CHIKITSALAYA, Andhra Pradesh,SANKARA NETRA CHIKITSALAYA, 59-14-1/2, NIRMALA CONVENT CIRCLE, BHARATHI SQUARE BUILDING, VIJAYAWADA, Andhra Pradesh, 520008",(NBEMS) OPHTHALMOLOGY,Open,EWS,Allotted
822,40686,All India,"MADRAS MEDICAL COLLEGE,EVR PERIYAR SALAI, CHENNAI-03, Tamil Nadu, 600003",M.D. GERIATRICS,EWS,EWS,Allotted
823,40702,DNB Quota,"T.S.R.T.C. HOSPITAL, Tarnaka Flyover, Abhilekhagaram, Amberpet, Secunderabad , Telangana-500007,TSRTC Hospital, Osmania University Main Rd, Abhilekhagaram, Tarnaka, Secunderabad, Hyderabad, Telangana 500007",(NBEMS) ORTHOPAEDICS,Open,OBC,Allotted
824,40727,DNB Quota,"Dr. Agarwal`s Eye Hospital, ,BBC TOWER, LINK ROAD SQUARE,MADHUPATNA,CUTTACK,ORISSA 753010, Odisha, 753010",(NBEMS) OPHTHALMOLOGY,Open,OBC,Allotted
825,40735,DNB Quota,"NORBE MEDICARE PRIVATE LIMITED, VILL-NITYANANDAPUR, SAHAPUR, PO- NAGESWARPUR, PS + DIST.- MALDA, West Bengal-732142,Sahapur (Disco More), Dist. Malda, West Bengal",(NBEMS) ORTHOPAEDICS,Open,OBC,Allotted
826,40791,DNB Quota,"Vishnuprasad Nandrai Desai Municipal General Hospital, Maharashtra,11 TH GOLIBAR ROAD TPS,SANTACRUZ EAST, Maharashtra, 400055",(NBEMS) ANAESTHESIOLOGY,EWS,EWS,Allotted
827,40836,All India,"Government Medical College, Jalgaon,Jilha Peth, Government Hospital Campus, Jalgaon, Maharashtra, 425001",M.D. (Obst. and Gynae)/MS (Obstetrics and Gynaecology),SC,SC,Allotted
828,40854,DNB Quota,"Meenakshi Hospital, ,244-2, Trichy Main Road, Near New Bus stand, Thanjavur, Tamil Nadu, 613005",(NBEMS) ANAESTHESIOLOGY,Open,OBC,Allotted
829,40874,DNB Quota,"Vivekanandha Medical Care Hospital , ,Sf. No. 20-1 Elayampalayam village, Tiruchengode taluk Namakkal, Tamil Nadu, 637205",(NBEMS) Emergency Medicine,Open,OBC,Allotted
830,40897,All India,"JAWAHARLAL NEHRU MEDICAL COLLEGE, ALIGARH MUSLIM UNIVERSITY STATE UTTAR,JAWAHARLAL NEHRU MEDICAL COLLEGE, ALIGARH MUSLIM UNIVERSITY STATE UTTAR, Uttar Pradesh, 202002",M.D. (PATHOLOGY),Open,General,Allotted
831,40931,DNB Quota,"Cauvery Heart and Multispeciality Hospital, ,BANNUR ROAD, NEAR TERESIAN CIRCLE,MYSORE, Karnataka, 570029",(NBEMS) ANAESTHESIOLOGY,Open,OBC,Allotted
832,40940,DNB Quota,"Kamineni Health Care, 100 ft Road, Poranki, Vijaywada, Andhra Pradesh- 521137,PORANKI,100FEET ROAD",(NBEMS) ORTHOPAEDICS,Open,OBC,Allotted
833,40946,DNB Quota,"Jaipur Golden Hospital, ,2 INSTITUTIONAL AREA, SECTOR-3, ROHINI, Delhi (NCT), 110085",(NBEMS) ANAESTHESIOLOGY,Open,General,Allotted
834,40965,All India,"Dr. Rajendra Prasad Government Medical College, Tanda,Dr. Rajendra Prasad Government Medical College, Tanda, Himachal Pradesh, 176002",M.D. (PAEDIATRICS),SC,SC,Allotted
835,41043,DNB Quota,"Yashoda Super Speciality Hospital, Uttar Pradesh,H-1, 24,26-27, KAUSHAMBI, NEAR DABUR CHOWK, GHAZIABAD, Uttar Pradesh, 201010",(NBEMS) ANAESTHESIOLOGY,Open,OBC,Allotted
836,41084,Self-Financed Merit Seat,"MGM Medical College, Navi Mumbai,MGM Medical College, Sector1, Plot 1, Kamothe, Navi Mumbai- 410209, Maharashtra, 410209",M.D. (RADIO- DIAGNOSIS),Open,General,Allotted
837,41092,DNB Quota,"HIRAMANI MEMORIAL HOSPITAL, 40 ANANTAHARI MITRA ROAD, KRISHNAGAR, NADIA WEST BENGAL , West Bengal-741101,40 ANANTAHARI MITRA ROAD, KRISHNANAGAR, NADIA, WEST BENGAL",(NBEMS) ORTHOPAEDICS,Open,General,Allotted
838,41110,All India,"Kakatiya Medical College,Kakatiya Medical College, Telangana, 506007",M.S. (GENERAL SURGERY),SC,SC,Allotted
839,41116,All India,"Seth Gordhandas Sunderdas Medical College, MUMBAI,Seth Gordhandas Sunderdas Medical College, Acharya Donde Marg Parel MUMBAI, Maharashtra, 400012",M.D. (Tuberculosis and Respiratory diseases)/Pulmonary Medicine /M.D. (Respiratory Medicine),SC,SC,Allotted
840,41130,DNB Quota,"SHRI JAGANNATH MEDICAL COLLEGE AND HOSPITAL, PURI, AT/PO- BALIGUALI, PURI, Odisha-752002,AT/PO- BALIGUALI, PURI",(NBEMS) ANAESTHESIOLOGY,Open,General,Allotted
841,41139,All India,"MEDICAL COLLEGE, KOLKATA,MEDICAL COLLEGE, KOLKATA, West Bengal, 700073",M.S. (OPHTHALMOLOGY),EWS,EWS,Allotted
842,41193,All India,"Government Medical College, Surat,Government Medical College, Majuragate, Surat., Gujarat, 395001",M.D. (PATHOLOGY),Open,General,Allotted
843,41248,DNB Quota,"Daya General Hospital,Daya General Hospital Limited Shornur Road NEar Viyyur bridge Thiruvambady PO Thrissur, Kerala, 680022",(NBEMS) ORTHOPAEDICS,Open,OBC,Allotted
844,41266,DNB Quota,"Karuna Medical College, Vilayodi, Chittur, Palakkad, Kerala-678103,KARUNA MEDICAL COLLEGE HOSPITAL, VILAYODI, CHITTUR",(NBEMS) ORTHOPAEDICS,Open,General,Allotted
845,41284,All India,"Government medical college patiala.,Government medical college patiala., Punjab, 147001",M.D. (Obst. and Gynae)/MS (Obstetrics and Gynaecology),SC,SC,Allotted
846,41294,DNB Quota,"SANKARA NETRA CHIKITSALAYA, Andhra Pradesh,SANKARA NETRA CHIKITSALAYA, 59-14-1/2, NIRMALA CONVENT CIRCLE, BHARATHI SQUARE BUILDING, VIJAYAWADA, Andhra Pradesh, 520008",(NBEMS) OPHTHALMOLOGY,Open,OBC,Allotted
847,41321,DNB Quota,"SANKARA NETRA CHIKITSALAYA, Andhra Pradesh,SANKARA NETRA CHIKITSALAYA, 59-14-1/2, NIRMALA CONVENT CIRCLE, BHARATHI SQUARE BUILDING, VIJAYAWADA, Andhra Pradesh, 520008",(NBEMS) OPHTHALMOLOGY,Open,General,Allotted
848,41345,DNB Quota,"Dr. Kamakshi Memorial Hospital, (Dr. Kamakshi Institute of Medical Sciences and Research) ,No.1,Radial Road , Pallikaranai, Chennai, Tamil Nadu, 600100",(NBEMS) FAMILY MEDICINE,Open,OBC,Allotted
849,41351,All India,"GOVT. MEDICAL COLLEGE, AMRITSAR,GOVT. MEDICAL COLLEGE,CIRCULAR ROAD, AMRITSAR, Punjab, 143001",M.D. (Obst. and Gynae)/MS (Obstetrics and Gynaecology),SC,SC,Allotted
850,41356,DNB Quota,"Sri Sathya Sai Institute of Higher Medical Sciences, ,PRASANTHIGRAM , PUTTAPARTHI SRI SATHYA SAI DISTRICT, Andhra Pradesh, 515134",(NBEMS) ORTHOPAEDICS,Open,EWS,Allotted
851,41392,DNB Quota,"Medivision Eye and Health Care Centre, ,10-3-304/1 to 4, Indira Sadan,Humayun Nagar, Near NMDC, Hyderabad., Telangana, 500028",(NBEMS) OPHTHALMOLOGY,Open,General,Allotted
852,41409,DNB Quota,"K S HOSPITAL, Karnataka,9-13-1270, M B DIWATAR NAGAR, HOSPET ROAD, KOPPAL, Karnataka, 583231",(NBEMS) ORTHOPAEDICS,Open,OBC,Allotted
853,41436,DNB Quota,"AMARA HOSPITAL, Andhra Pradesh,#1, GIRIDRUSYA, KARAKAMBADI, KADAPA - RENIGUNTA HWY, TIRUPATI, Andhra Pradesh, 517520",(NBEMS) ORTHOPAEDICS,Open,OBC,Allotted
854,41439,DNB Quota,"Pandurang Ramarao Dongaonkar District Hospital, Chhattisgarh,Pandurang Ramarao Dongaonkar District Hospital Durg G E Road District Durg Chhattisgarh 491001, Chhattisgarh, 491001",(NBEMS-DIPLOMA) PAEDIATRICS,OBC,OBC,Allotted
855,41509,DNB Quota,"Sadhu Vaswani Missions ,7-9 Lane No 1 Koregaon Park Pune 411001, Maharashtra, 411001",(NBEMS) FAMILY MEDICINE,Open,General,Allotted
856,41612,All India,"ESIC Medical College & Hospital, Faridabad,NH3 NIT FARIDABAD, Haryana, 121001",M.D. (PHYSICAL MED. and REHABILITATION),Open,General,Allotted
857,41632,DNB Quota,"Ayushman Hospital and Health Services, Dwarka, Delhi,Ayushman Hospital and Health Services, Sector-10 Dwarka, New Delhi-110075, Delhi (NCT), 110075",(NBEMS) ANAESTHESIOLOGY,Open,General,Allotted
858,41679,All India,"CALCUTTA NATIONAL MEDICAL COLLEGE,CALCUTTA NATIONAL MEDICAL COLLEGE 32, Gorachand Road, Kolkata 700014, West Bengal, 700014",M.D. (ANAESTHESIOLOGY),OBC,OBC,Allotted
859,41722,All India,"CHENGALPATTU MEDICAL COLLEGE, CHENGALPATTU,CHENGALPATTU MEDICAL COLLEGE, CHENGALPATTU, Tamil Nadu, 603001",M.D. (Emergency and Critical Care)/M.D. (Emergency Medicine),SC,SC,Allotted
860,41735,All India,"INDIRA GANDHI MEDICAL COLLEGE AND RESEARCH INSTITUTE, PUDUCHERRY,INDIRA GANDHI MEDICAL COLLEGE AND RESEARCH INSTITUTE, PUDUCHERRY, Puducherry, 605009",M.D. (PATHOLOGY),Open,OBC,Allotted
861,41750,All India,"Indira Gandhi Medical College Shimla,Indira Gandhi Medical College Shimla, Himachal Pradesh, 171001",M.D. (ANAESTHESIOLOGY),OBC,OBC,Allotted
862,41751,DNB Quota,"UJALA CYGNUS BRIGHTSTAR HOSPITAL, SECTOR-16A, NEW MORADABAD TEHSIL MORADABAD DISTRICT MORADABAD, Uttar Pradesh-244001,Sector 16, New Moradabad, Moradabad, Uttar Pradesh 244102",(NBEMS-DIPLOMA) PAEDIATRICS,Open,General,Allotted
863,41795,DNB Quota,"AMARA HOSPITAL, Andhra Pradesh,#1, GIRIDRUSYA, KARAKAMBADI, KADAPA - RENIGUNTA HWY, TIRUPATI, Andhra Pradesh, 517520",(NBEMS) ORTHOPAEDICS,Open,General,Allotted
864,41820,DNB Quota,"AUTONOMOUS STATE MEDICAL COLLEGE, ,RAJARSHI DASHRATH AUTONOMOUS STATE MEDICAL COLLEGE VILL- GANJA, POST- DABHA SEMAR, DISTRICT- AYODHYA, Uttar Pradesh, 224133",(NBEMS) PSYCHIATRY,OBC,OBC,Allotted
865,41825,All India,"CALCUTTA NATIONAL MEDICAL COLLEGE,CALCUTTA NATIONAL MEDICAL COLLEGE 32, Gorachand Road, Kolkata 700014, West Bengal, 700014",M.S. (ORTHOPAEDICS),SC,SC,Allotted
866,41917,DNB Quota,"Shree Narayan Eye Hospital, At : Tajpura, Halol, Dist : Panchmahal, Gujarat- 389350,shree narayan eye hospital tajpura ta. halol dist. panchmahal gujarat",(NBEMS) OPHTHALMOLOGY,Open,EWS,Allotted
867,41945,All India,"STANLEY MEDICAL COLLEGE,STANLEY MEDICAL COLLEGE NO.1, OLD JAIL ROAD, CHENNAI-600001, Tamil Nadu, 600001",M.D. (Tuberculosis and Respiratory diseases)/Pulmonary Medicine /M.D. (Respiratory Medicine),SC,SC,Allotted
868,41952,DNB Quota,"Sri Narayani Hospital and Res. Centre, ,Sripuram Thirumalaikodi Vellore, Tamil Nadu, 632055",(NBEMS) ANAESTHESIOLOGY,Open,OBC,Allotted
869,41975,DNB Quota,"Civil Hospital, Punjab,chhsp1234@gmail.com, Punjab, 146001",(NBEMS-DIPLOMA) PAEDIATRICS,Open,OBC,Allotted
870,41988,DNB Quota,"AMARA HOSPITAL, Andhra Pradesh,#1, GIRIDRUSYA, KARAKAMBADI, KADAPA - RENIGUNTA HWY, TIRUPATI, Andhra Pradesh, 517520",(NBEMS) ANAESTHESIOLOGY,Open,OBC,Allotted
871,42014,DNB Quota,"Maharaja Agrasen Medical College,,NH- 9, VPO - Agroha, District Hisar, Haryana, 125047",(NBEMS-DIPLOMA) Otorhinolaryngology (E.N.T.),Open,General,Allotted
872,42105,DNB Quota,"Dr. B.R. Ambedkar State Institute of Medical Sciences,Punjab,Phase-6, Sector 56, SAS Nagar (Mohali) , Punjab-160055",(NBEMS) ANAESTHESIOLOGY,OBC,OBC,Allotted
873,42114,DNB Quota,"Grecian Super Speciality Hospital , (A unit of R.G.S Healthcare Pvt. Ltd), Sector-69, Opp. Village Kumbra, S.A.S Nagar, Mohali, Punjab-60062,Grecian Super Sepeciality Hospital Sec -69 Mohali Punjab",(NBEMS) ANAESTHESIOLOGY,Open,OBC,Allotted
874,42167,DNB Quota,"Prafulla Chandra Sen Government Medical College and Hospital,West Bengal,Arambagh, Hooghly , Pin - 712601, West Bengal, 712601",(NBEMS-DIPLOMA) PAEDIATRICS,Open,General,Allotted
875,42284,DNB Quota,"Amandeep Hospital, ,Amandeep Hospital GT road Model Town Amritsar, Punjab, 143001",(NBEMS) ANAESTHESIOLOGY,Open,General,Allotted
876,42340,All India,"Mahatma Gandhi Memorial Medical College, Jamshedpur,Mahatma Gandhi Memorial Medical College, Jamshedpur, Jharkhand, 831020",M.D. (PAEDIATRICS),SC,SC,Allotted
877,42395,DNB Quota,"BHAGIRATHI NEOTIA WOMAN AND CHILD CARE CENTRE, West Bengal,BHAGIRATHI NEOTIA WOMAN AND CHILD CARE CENTRE, RAWDON STREET , West Bengal, 700017",(NBEMS-DIPLOMA) PAEDIATRICS,Open,General,Allotted
878,42433,DNB Quota,"RANA BENI MADHAV SINGH (RBMS) DISTRICT HOSPITAL,Uttar Pradesh,RBMS Raebareli, Niarala Nagar,Kacheri road, Near hathipark, UP, Uttar Pradesh, 229001",(NBEMS) Otorhinolaryngology (E.N.T.),OBC,OBC,Allotted
879,42448,All India,"TOPIWALA NATIONAL MEDICAL COLLEGE,TOPIWALA NATIONAL MEDICAL COLLEGE B Y L Nair Ch Hospital, Dr. A.L. Nair Rd, Mumbai Central, Mumbai, Maharashtra, 400008",M.D. (PATHOLOGY),Open,OBC,Allotted
880,42550,DNB Quota,"NAIHATI STATE GENERAL HOSPITAL , West Bengal,NAIHATI NORTH 24 PARGANAS, West Bengal, 743165",(NBEMS-DIPLOMA) Obstetrics and Gynaecology,Open,OBC,Allotted
881,42566,All India,"Baba Raghav Das Medical College,Baba Raghav Das Medical College, Gorakhpur, Uttar Pradesh, 273013",M.S. (ORTHOPAEDICS),SC,SC,Allotted
882,42640,DNB Quota,"Paras Hospital,,C1 Sushant Lok Sector 43 Gurugram-12202 Haryana, Haryana, 122002",(NBEMS) ANAESTHESIOLOGY,Open,General,Allotted
883,42727,DNB Quota,"Tata Motors Hospital, ,KHARANGAJHAR, TELCO COLONY JAMSHEDPUR, Jharkhand, 831003",(NBEMS) ANAESTHESIOLOGY,Open,General,Allotted
884,42799,All India,"Dr. Rajendra Prasad Government Medical College, Tanda,Dr. Rajendra Prasad Government Medical College, Tanda, Himachal Pradesh, 176002",M.D. (ANAESTHESIOLOGY),EWS,EWS,Allotted
885,42808,DNB Quota,"Peerless Hospital and B K Roy Research Centre, ,360, Panchasayar, Kolkata - 700 -094, West Bengal, 700094",(NBEMS) Emergency Medicine,Open,General,Allotted
886,42833,DNB Quota,"Government Medical College, Makeshift Campus Bye pass Road. Handwara Distt.: Kupwara, Jammu and Kashmir-193221,Makeshift Campus, Bypass Road, Handwara, Kupwara, J&K",(NBEMS) GENERAL MEDICINE,SC,SC,Allotted
887,42872,DNB Quota,"Aravind Eye Hospital, ,Aravind Eye Hospital Poonamallee High Rd, opposite Saveetha Dental College, Noombal, Chennai, Tamil Nadu, 600077",(NBEMS-DIPLOMA) OPHTHALMOLOGY,Open,OBC,Allotted
888,42877,DNB Quota,"Renee Hospital, Karimnagar, Telangana,H. No 3-7-1 and 3-7-02, Indira Nagar, Karimnagar-505001, Telangana, Telangana, 505001",(NBEMS) ORTHOPAEDICS,Open,OBC,Allotted
889,42885,DNB Quota,"Government DB General Medical Hosptal,Churu,Govt. D.B. General District Hospital, Naya Bass, Churu, Rajasthan, 331001",(NBEMS-DIPLOMA) RADIO-DIAGNOSIS,SC,SC,Allotted
890,42892,DNB Quota,"Delhi Hospital And Nursing Home, Haryana,METRO PILLAR NO. 812 NEAR SHYAMJI COMPLEX BAHADURGARH DIST JHAJJAR-124507, Haryana, 124507",(NBEMS-DIPLOMA) PAEDIATRICS,Open,General,Allotted
891,42915,All India,"Zoram Medical College & Hospital,Mizoram ,Falkawn, Mizoram",M.D. (ANAESTHESIOLOGY),OBC,OBC,Allotted
892,42925,All India,"Govt. Medical College Anantnag, J&K,Govt. Medical College Anantnag, J&K- Main Campus Dialgam, 192210",M.D. (ANAESTHESIOLOGY),OBC,OBC,Allotted
893,42945,All India,"B. J. MEDICAL COLLEGE, Ahmedabad,B.J. Medical College, New Civil Hospital Asarwa,Ahmedabad-380016,Gujarat,India, Gujarat, 380016",M.S. (ORTHOPAEDICS),SC,SC,Allotted
894,43045,DNB Quota,"Bhima Bhoi Medical College and Hospital, Balangir,At-Laltikra Po-Rajendra College, Balangir, Odisha, 767002",(NBEMS) ANAESTHESIOLOGY,Open,General,Allotted
895,43093,All India,"Government Medical College Kannauj , Uttar Pradesh,Kannaujmedicalcollege@gmail.com, Uttar Pradesh, 209732",M.S. (ORTHOPAEDICS),SC,SC,Allotted
896,43113,DNB Quota,"Livasa Hospital, Mohali (A unit of Ivy Health and Life Sciences Private Limited), (Formerly known as Ivy Health and Life Sciences), Punjab,Ivy Hospital Mohali, Sector 71 SAS Nagar, Punjab, 160071",(NBEMS) ANAESTHESIOLOGY,Open,General,Allotted
897,43196,DNB Quota,"Dhanvantri Critical Care Center,Tamil Nadu,27,28 Poonkundranar Street, Karungalpalayam, Erode, Tamil Nadu, 638003",(NBEMS) ANAESTHESIOLOGY,Open,OBC,Allotted
898,43242,DNB Quota,"SUDARSANI EYE HOSPITAL, Andhra Pradesh,12-25-167, Main Road, Kothapeta, Guntur 522001, Andhra Pradesh, 522001",(NBEMS) OPHTHALMOLOGY,Open,General,Allotted
899,43254,DNB Quota,"Government General Hospital, ,GOVERNMENT GENERAL HOSPITAL, ALANPUR LINK ROAD SAWAI MADHOPUR 322001, Rajasthan, 322001",(NBEMS-DIPLOMA) Tuberculosis and CHEST DISEASES,OBC,OBC,Allotted
900,43302,All India,"Govt. Medical College, Jammu,Govt. Medical College, Bakshi Nagar, Jamu, Jammu And Kashmir, 180001",M.D. (Obst. and Gynae)/MS (Obstetrics and Gynaecology),SC,SC,Allotted
901,43317,DNB Quota,"Dr. Kothari`s Eye Hospital,,Patel Circle, Udaipur, Rajasthan, 313001",(NBEMS) OPHTHALMOLOGY,Open,OBC,Allotted
902,43335,DNB Quota,"Chittaranjan Seva Sadan College of Obstetrics, ,37, S P MUKHERJEE ROAD KOLKATA, West Bengal, 700026",(NBEMS-DIPLOMA) PAEDIATRICS,OBC,OBC,Allotted
903,43355,DNB Quota,"Balrampur Hospital, ,Gola Ganj, lucknow, Uttar Pradesh, 226018",(NBEMS-DIPLOMA) PAEDIATRICS,EWS,EWS,Allotted
904,43365,DNB Quota,"Mata Chanan Devi Hospital,, ,C-1 JANAKPURI, Delhi (NCT), 110058",(NBEMS) ANAESTHESIOLOGY,Open,General,Allotted
905,43398,DNB Quota,"Dhir Hospital, ,DHIR HOSPITAL MEHAM GATE BHIWANI HARYANA 127021, Haryana, 127021",(NBEMS) OPHTHALMOLOGY,Open,General,Allotted
906,43411,All India,"Government Medical College, Nandyal,Noonepalle, Nandyala, Andhra Pradesh",M.S. (GENERAL SURGERY),SC,SC,Allotted
907,43415,DNB Quota,"Santosh Hospital, ,No.6/1, Promenade Road, Bangalore.560 005, Karnataka, 560005",(NBEMS) ANAESTHESIOLOGY,Open,OBC,Allotted
908,43482,DNB Quota,"Fortis Hospital,,B-22, Sector 62, Noida, Uttar Pradesh, Uttar Pradesh, 201301",(NBEMS) FAMILY MEDICINE,Open,OBC,Allotted
909,43544,All India,"Silchar Medical College, Silchar,Silchar Medical College, Silchar, Assam, 788014",M.S. (E.N.T.),OBC,OBC,Allotted
910,43557,Armed Forces Medical,"Command Hospital Air Force, Bangalore,COMMAND HOSPITAL, AIR FORCE, BANGALORE, OLD AIRPORT ROAD, AGRAM POST, BANGALORE, Karnataka, 560007",M.D. (PATHOLOGY),Open,OBC,Allotted( AFMS Rank : 13318 )
911,43609,All India,"PATNA MEDICAL COLLEGE, PATNA,PATNA MEDICAL COLLEGE, PATNA, Bihar, 800004",DIP.IN MEDICAL RADIO- DIAGNOSIS,SC,SC,Allotted
912,43629,All India,"Karnataka Medical College and Research Institute, Hubballi,Karnataka Medical College and Research Institute, Hubballi Karnataka, 580021",M.D. (PATHOLOGY),OBC,OBC,Allotted( AFMS Rank : 13337 )
913,43641,DNB Quota,"SANKARA NETRA CHIKITSALAYA, Andhra Pradesh,SANKARA NETRA CHIKITSALAYA, 59-14-1/2, NIRMALA CONVENT CIRCLE, BHARATHI SQUARE BUILDING, VIJAYAWADA, Andhra Pradesh, 520008",(NBEMS) OPHTHALMOLOGY,Open,General,Allotted
914,43647,All India,"GOVT. MEDICAL COLLEGE, THIRUVANANTHAPURAM,GOVT. MEDICAL COLLEGE, THIRUVANANTHAPURAM, Kerala, 695011",M.D. (PATHOLOGY),Open,OBC,Allotted
915,43655,All India,"Rajmata Shrimati Devendra Kumari Singhdeo Government Medical College, Ambikapur,Kanyaparisar Road Gangapur Ambikapur District Surguja, Chhattisgarh, 497001",M.D. (ANAESTHESIOLOGY),OBC,OBC,Allotted
916,43673,DNB Quota,"Indus International Hospital, ,CHANDIGARH-AMBALA ROAD NH-22, DERABASSI, Punjab, 140507",(NBEMS) ANAESTHESIOLOGY,Open,General,Allotted
917,43692,DNB Quota,"Tirumala Hospital, ,PSR COMPLEX, NEAR RTC COMPLEX, VIZIANAGARAM, Andhra Pradesh, 535003",(NBEMS) ORTHOPAEDICS,Open,OBC,Allotted
918,43819,All India,"Bankura Sammilani Medical College,Bankura Sammilani Medical College, West Bengal, 722102",M.D. (Obst. and Gynae)/MS (Obstetrics and Gynaecology),SC,SC,Allotted
919,43973,All India,"COIMBATORE MEDICAL COLLEGE,COIMBATORE MEDICAL COLLEGE, CIVIL AERODROME POST, AVINASHI ROAD, PEELAMEDU, COIMBATORE-14, Tamil Nadu, 641014",M.S. (GENERAL SURGERY),SC,SC,Allotted
920,43996,All India,"Bankura Sammilani Medical College,Bankura Sammilani Medical College, West Bengal, 722102",M.D. (ANAESTHESIOLOGY),OBC,OBC,Allotted
921,44052,All India,"Regional Institute of Medical Sciences, Imphal,Regional Institute of Medical Sciences, Imphal, Lamphelpat, Manipur, 795004",M.D. (PATHOLOGY),Open,General,Allotted
922,44079,All India,"GOVERNMENT MEDICAL COLLEGE, CHHINDWARA,M.P,MANDHATA COLONY, KHAJRI ROAD,CHHINDWARA,M.P.",M.D. (ANAESTHESIOLOGY),EWS,EWS,Allotted
923,44153,All India,"CALCUTTA NATIONAL MEDICAL COLLEGE,CALCUTTA NATIONAL MEDICAL COLLEGE 32, Gorachand Road, Kolkata 700014, West Bengal, 700014",M.D. (ANAESTHESIOLOGY),EWS,EWS,Allotted
924,44199,All India,"Jawaharlal Institute of Medical Sciences, Manipur,Jawaharlal Nehru Institute of Medical Sciences, Porompat, Imphal -East, Manipur-795005, Manipur, 795005",M.D. (PATHOLOGY),Open,General,Allotted
925,44229,DNB Quota,"Chandan Hospital, ,Vijayant Khand, Gomti Nagar, Lucknow, Uttar Pradesh, 226010",(NBEMS) ANAESTHESIOLOGY,Open,General,Allotted
926,44322,DNB Quota,"CHL Hospital,,L.I.G. SQUARE A.B. ROAD, INDORE, Madhya Pradesh, 452008",(NBEMS) ANAESTHESIOLOGY,Open,General,Allotted
927,44374,All India,"Uttar Pradesh University of Medical Sciences, Saifai, Etawah,Uttar Pradesh University of Medical Sciences, Saifai, Etawah, Uttar Pradesh, 206130",M.S. (GENERAL SURGERY),SC,SC,Allotted
928,44377,All India,"BIDAR INSTITUTE OF MEDICAL SCIENCES, BIDAR,BIDAR INSTITUTE OF MEDICAL SCIENCES, BIDAR, Karnataka, 585401",M.S. (GENERAL SURGERY),SC,SC,Allotted
929,44385,All India,"JAWAHARLAL NEHRU MEDICAL COLLEGE, ALIGARH MUSLIM UNIVERSITY STATE UTTAR,JAWAHARLAL NEHRU MEDICAL COLLEGE, ALIGARH MUSLIM UNIVERSITY STATE UTTAR, Uttar Pradesh, 202002",M.S. (ORTHOPAEDICS),SC,SC,Allotted
930,44438,All India,"Jorhat Medical College & Hospital,Jorhat Medical College & Hospital, Assam, 785001",M.D. (PAEDIATRICS),SC,SC,Allotted
931,44481,All India,"GOVERNMENT MEDICAL COLLEGE KADAPA (FORMERLY RAJIV GANDHI INSTITUTE OF MEDICAL SCIENCES, KADAPA),GOVERNMENT MEDICAL COLLEGE KADAPA (FORMERLY RIMS KADAPA), Andhra Pradesh, 516002",M.D. (PSYCHIATRY),EWS,EWS,Allotted
932,44549,All India,"COIMBATORE MEDICAL COLLEGE,COIMBATORE MEDICAL COLLEGE, CIVIL AERODROME POST, AVINASHI ROAD, PEELAMEDU, COIMBATORE-14, Tamil Nadu, 641014",M.S. (GENERAL SURGERY),SC,SC,Allotted
933,44563,All India,"PATNA MEDICAL COLLEGE, PATNA,PATNA MEDICAL COLLEGE, PATNA, Bihar, 800004",M.D. (GENERAL MEDICINE),ST,ST,Allotted
934,44577,DNB Quota,"Barasat Government Medical College and Hospital,Kolkata,Barasat Banamalipur, Barasat, Kolkata, West Bengal-700124",(NBEMS-DIPLOMA) PAEDIATRICS,OBC,OBC,Allotted
935,44647,DNB Quota,"General Hospital, ,SECTOR-6, PANCHKULA, HARYANA-134108, Haryana, 134108",(NBEMS-DIPLOMA) PAEDIATRICS,OBC,OBC,Allotted
936,44670,All India,"Govt. Bundelkhand Medical College Sagar M.P.,Govt. Bundelkhand Medical College Sagar M.P., Madhya Pradesh, 470001",M.S. (ORTHOPAEDICS),SC,SC,Allotted
937,44687,All India,"Assam Medical College,Assam Medical College, Assam, 786002",M.D. (ANAESTHESIOLOGY),OBC,OBC,Allotted
938,44713,All India,"Burdwan Medical College, West Bengal,Burdwan Medical College, West Bengal, West Bengal, 713104",M.S. (E.N.T.),OBC,OBC,Allotted
939,44739,All India,"M. P. SHAH GOVERNMENT MEDICAL COLLEGE,M. P. SHAH GOVERNMENT MEDICAL COLLEGE, Gujarat, 361008",M.D. (PATHOLOGY),Open,General,Allotted
940,44768,DNB Quota,"Dhanvantri Critical Care Center,Tamil Nadu,27,28 Poonkundranar Street, Karungalpalayam, Erode, Tamil Nadu, 638003",(NBEMS) ANAESTHESIOLOGY,Open,OBC,Allotted
941,44794,DNB Quota,"Apex Hospital,,N7 2A 5D BLW Hydel Road Varanasi, Uttar Pradesh, 221004",(NBEMS) ANAESTHESIOLOGY,Open,General,Allotted
942,44803,All India,"MADRAS MEDICAL COLLEGE,EVR PERIYAR SALAI, CHENNAI-03, Tamil Nadu, 600003",DIPLOMA IN DIABETOLOGY,Open,OBC,Allotted
943,44818,All India,"Pt. Jawahar Lal Nehru Memorial Medical College, RAIPUR,Pt. Jawahar Lal Nehru Memorial Medical College, RAIPUR, Chhattisgarh, 492001",M.S. (GENERAL SURGERY),SC,SC,Allotted
944,44824,All India,"Burdwan Medical College, West Bengal,Burdwan Medical College, West Bengal, West Bengal, 713104",M.S. (GENERAL SURGERY),SC,SC,Allotted
945,44833,DNB Quota,"St. Josephs General Hospital,D NO 27-1-12, OPP AC COLLEGE, NEAR FLY OVER NAGARAMPALEM, GUNTUR, Andhra Pradesh, 522004",(NBEMS-DIPLOMA) Tuberculosis and CHEST DISEASES,Open,General,Allotted
946,44834,DNB Quota,"College of Medicine and JNM Hospital,,Kalyani, Silpanchal, West Bengal, 741235",(NBEMS) ORTHOPAEDICS,EWS,EWS,Allotted
947,44953,All India,"University College of Medical Sciences,University College of Medical Sciences, Delhi (NCT), 110095",M.D. (ANAESTHESIOLOGY),SC,SC,Allotted
948,45003,All India,"Government Medical College Srinagar,Administrative Block Government Medical College Karan Nagar Srinagar, Jammu And Kashmir, 190010",M.S. (ORTHOPAEDICS),SC,SC,Allotted
949,45096,DNB Quota,"Ursala Horsman Memorial Hospital, ,Bada Chauraha, Civil Lines,Kanpur Nagar, Uttar Pradesh, 208001",(NBEMS) PAEDIATRICS,SC,SC,Allotted
950,45128,All India,"North Bengal Medical College,North Bengal Medical College, West Bengal, 734012",M.D. (ANAESTHESIOLOGY),OBC,OBC,Allotted
951,45136,DNB Quota,"Tagore Hospital and Heart Care Center Pvt. Ltd., ,BANDA BAHADUR NAGAR, MAHAVIR MARG, JALANDHAR CITY 144001, PUNJAB, INDIA, Punjab, 144001",(NBEMS) ANAESTHESIOLOGY,Open,General,Allotted
952,45147,All India,"Government Sivagangai Medical College and Hospital, Tamil Nadu,GOVT.SIVAGANGAI MEDICAL COLLEGE, MELAVANIYANKUDY, MANAMADURAI ROAD, SIVAGANGAI., Tamil Nadu, 630561",M.D. (Obst. and Gynae)/MS (Obstetrics and Gynaecology),SC,SC,Allotted
953,45151,DNB Quota,"SDH KUPWARA, Jammu and Kashmir,IQBAL MARKET KUPWARA, Jammu And Kashmir, 193222",(NBEMS-DIPLOMA) ANAESTHESIOLOGY,Open,General,Allotted
954,45238,All India,"Agartala Government Medical College,Agartala Government Medical College, Tripura, 799006",M.D. (ANAESTHESIOLOGY),OBC,OBC,Allotted
955,45285,All India,"Dharwad Institute of Mental Health and Neurosciences (DIMHANS),Dharwad Institute of Mental Health and Neurosciences, Belagavi Road, Dharwad, Karnataka, 580008",M.D. (PSYCHIATRY),EWS,EWS,Allotted
956,45312,All India,"Assam Medical College,Assam Medical College, Assam, 786002",M.S. (OPHTHALMOLOGY),EWS,EWS,Allotted
957,45339,DNB Quota,"O P JINDAL HOSITAL AND RESEARCH CENTER, KHARSIA ROAD, PATRAPALI, RAIGARH, Chhattisgarh-496001,OP Jindal Hospital & Research center, Kharsia road, Patrapali",(NBEMS) ANAESTHESIOLOGY,Open,General,Allotted
958,45359,DNB Quota,"THE MEDICITY HOSPITAL,Uttaranchal,Teen pani, Bigbara, Uttarakhand 244923, Uttarakhand, 244923",(NBEMS) ANAESTHESIOLOGY,Open,General,Allotted
959,45402,DNB Quota,"Rahmania Medical Centre, Bihar,Rahmania Medical Centre, NH-28A, Bariyaarpur, Motihari, Bihar, Bihar-845401",(NBEMS) Emergency Medicine,Open,EWS,Allotted
960,45429,DNB Quota,"DIVISIONAL DISTRICT HOSPITAL,Uttar Pradesh,DIVISIONAL DISTRICT HOSPITAL AZAMGARH ,DEEN DAYAL UPADHYAY MARG ,HARRA KI CHUNGI SADAR ,AZAMGARH, Uttar Pradesh, 276001",(NBEMS) Emergency Medicine,OBC,OBC,Allotted
961,45459,DNB Quota,"J.L.N. Main Hospital and Research Centre, ,Bhilai Steel Plant Sector-9, Bhilai, C.G., Chhattisgarh, 490009",(NBEMS) ANAESTHESIOLOGY,Open,EWS,Allotted
962,45517,All India,"Government Medical College Suryapet Telangana,Amaravadi Nagar Thallagadda Suryapet, Telangana, 508213",M.D. (Tuberculosis and Respiratory diseases)/Pulmonary Medicine /M.D. (Respiratory Medicine),SC,SC,Allotted
963,45525,DNB Quota,"Civil Hospital Palwal, Palwal , Haryana,Civil Hospital Palwal, Haryana, 121102",(NBEMS-DIPLOMA) OPHTHALMOLOGY,OBC,OBC,Allotted
964,45623,DNB Quota,"Rural Development Trust Hospital, ,Kadiri Road,Bathalapalli, Anantapur District Andhra Pradesh, Andhra Pradesh, 515661",(NBEMS) FAMILY MEDICINE,Open,OBC,Allotted
965,45754,DNB Quota,"Ivy Health and Life Sciences Pvt. Ltd. , (Ivy Hospital Amritsar), Punjab,Ivy Hospital Amritsar, Airport Road, Village Heir, Amritsar, Punjab, Punjab, 143001",(NBEMS) ANAESTHESIOLOGY,Open,OBC,Allotted
966,45896,DNB Quota,"C.S.I. Kalyani General Hospital,, ,15, DR RADHAKRISHNAN SALAI, MYLAPORE, CHENNAI, Tamil Nadu, 600004",(NBEMS) FAMILY MEDICINE,Open,General,Allotted
967,45947,All India,"Silchar Medical College, Silchar,Silchar Medical College, Silchar, Assam, 788014",M.S. (E.N.T.),EWS,EWS,Allotted
968,46010,DNB Quota,"Durgapur Steel Plant Hospital, ,J M Sengupta Road, B Zone, Durgapur, Dist- Paschim Bardhaman, West Bengal, 713205",(NBEMS) ANAESTHESIOLOGY,Open,General,Allotted
969,46089,DNB Quota,"District Combined Hospital, Ghaziabad, Uttar Pradesh ,DISTRICT COMBINED HOSPITAL SANJAY NAGAR GHAZIABAD, Uttar Pradesh, 201002",(NBEMS-DIPLOMA) PAEDIATRICS,OBC,OBC,Allotted
970,46100,DNB Quota,"Cancer Institute (WIA), No:38, Tamil Nadu,No.38 Sardar Patel Road,Chennai, Tamil Nadu, 600036",(NBEMS) Palliative Medicine,Open,EWS,Allotted
971,46165,All India,"Sri Bhausaheb Hire Government Medical College,Sri Bhausaheb Hire Government Medical College,Dhule, Maharashtra, 424311","M.D. (DERM.,VENE. and LEPROSY)/ (DERMATOLOGY)/(SKIN and VENEREAL DISEASES)/(VENEREOL OGY)",ST,ST,Allotted
972,46220,All India,"NETAJI SUBHAS NATIONAL INSTITUTE OF SPORTS, PATIALA,NETAJI SUBHAS NATIONAL INSTITUTE OF SPORTS, OLD MOTIBAGH, PATIALA, Punjab, 147001",DIP. IN SPORTS MEDICINE,Open,OBC,Allotted
973,46362,DNB Quota,"Dr. Kothari`s Eye Hospital,,Patel Circle, Udaipur, Rajasthan, 313001",(NBEMS) OPHTHALMOLOGY,Open,General,Allotted
974,46398,DNB Quota,"Ahooja Eye And Dental Institute,Haryana,560 1, Dayanand Colony, New Railway Road, Gurugram, Haryana, 122001",(NBEMS) OPHTHALMOLOGY,Open,General,Allotted
975,46457,All India,"GOVT. MEDICAL COLLEGE, AMRITSAR,GOVT. MEDICAL COLLEGE,CIRCULAR ROAD, AMRITSAR, Punjab, 143001",M.S. (GENERAL SURGERY),SC,SC,Allotted
976,46462,DNB Quota,"Jaipur Golden Hospital, ,2 INSTITUTIONAL AREA, SECTOR-3, ROHINI, Delhi (NCT), 110085",(NBEMS-DIPLOMA) Tuberculosis and CHEST DISEASES,Open,OBC,Allotted
977,46580,Armed Forces Medical,"Armed Forces Medical College,SOLAPUR ROAD NEAR RACE COURSE OPPOSITE OLD COMMAND HOSPITAL, WANOWARI PUNE, Maharashtra, 411040",M.D. (Hospital Administration),Open,EWS,Allotted( AFMS Rank : 13917 )
978,46617,DNB Quota,"SDH PHAGWARA, CHAHAL NAGA, GT ROAD, PHAGWARA, Punjab-144401,CHAHAL NAGAR, SUB DIVISIONAL HOSPITAL PHAGWARA",(NBEMS-DIPLOMA) PAEDIATRICS,Open,General,Allotted
979,46664,DNB Quota,"Ispat General Hospital,,Ispat General Hospital Rourkela Steel Plant SAIL Rourkela 769005, Odisha, 769005",(NBEMS) OPHTHALMOLOGY,Open,EWS,Allotted
980,46756,All India,"Dr. Rajendra Prasad Government Medical College, Tanda,Dr. Rajendra Prasad Government Medical College, Tanda, Himachal Pradesh, 176002",M.S. (E.N.T.),EWS,EWS,Allotted
981,46766,All India,"MEDICAL COLLEGE, KOLKATA,MEDICAL COLLEGE, KOLKATA, West Bengal, 700073",DIPLOMA IN OTO- RHINO-LARYNGOLOGY,Open,EWS,Allotted
982,46772,DNB Quota,"Bhima Bhoi Medical College and Hospital, Balangir,At-Laltikra Po-Rajendra College, Balangir, Odisha, 767002",(NBEMS-DIPLOMA) Otorhinolaryngology (E.N.T.),Open,General,Allotted
983,46824,All India,"Agartala Government Medical College,Agartala Government Medical College, Tripura, 799006",M.S. (OPHTHALMOLOGY),OBC,OBC,Allotted
984,46846,All India,"Osmania Medical Collge,5-1-876, Turrebaz Khan Rd, Troop Bazaar, Koti, Hyderabad, Telangana, Telangana, 500095",M.D. (PATHOLOGY),Open,General,Allotted
985,46852,All India,"Government Medical College, Cuddalore District,Govt. Medical College and Hospital, Cuddalore District Erstwhile Rajah Muthiah Medical College, Tamil Nadu, 608002",M.S. (GENERAL SURGERY),SC,SC,Allotted
986,46884,All India,"Ganesh Shankar Vidyarthi Memorial Medical College,Ganesh Shankar Vidyarthi Memorial Medical College, Uttar Pradesh, 208002",M.D. (GENERAL MEDICINE),ST,ST,Allotted
987,46889,DNB Quota,"ISHWAR EYE CENTRE LLP, 926, VIJAY PARK JHANG COLONY, ROHTAK, Haryana- 124001,926- Vijay Park, Jhang Colony, Rohtak",(NBEMS) OPHTHALMOLOGY,Open,General,Allotted
988,46921,DNB Quota,"Anand Hospital, A-1, Damodar Colony, Garh Road, Meerut, Uttar Pradesh-250001,A-1, Garh Rd, near Medical College, Damoder Colony, Meerut, Uttar Pradesh 250002",(NBEMS) ANAESTHESIOLOGY,Open,General,Allotted
989,46933,All India,"INDIRA GANDHI MEDICAL COLLEGE AND RESEARCH INSTITUTE, PUDUCHERRY,INDIRA GANDHI MEDICAL COLLEGE AND RESEARCH INSTITUTE, PUDUCHERRY, Puducherry, 605009",M.S. (GENERAL SURGERY),SC,SC,Allotted
990,46950,DNB Quota,"Government Medical College, ,Gunera Wazidpur, Ujhani Road, Badaun, Uttar Pradesh, 243601",(NBEMS-DIPLOMA) Tuberculosis and CHEST DISEASES,Open,General,Allotted
991,46971,DNB Quota,"HEALTH CITY HOSPITAL , Assam ,UDAY NAGAR KOINADHARA KHANAPARA GUWAHATI KAMRUP M, Assam, 781022",(NBEMS) ANAESTHESIOLOGY,Open,General,Allotted
992,47042,All India,"JAWAHARLAL NEHRU MEDICAL COLLEGE, ALIGARH MUSLIM UNIVERSITY STATE UTTAR,JAWAHARLAL NEHRU MEDICAL COLLEGE, ALIGARH MUSLIM UNIVERSITY STATE UTTAR, Uttar Pradesh, 202002",M.D. (PREVENTIVE and SOCIAL MEDICINE)/ COMMUNITY MEDICINE,Open,General,Allotted
993,47085,DNB Quota,"ISHWAR EYE CENTRE LLP, 926, VIJAY PARK JHANG COLONY, ROHTAK, Haryana- 124001,926- Vijay Park, Jhang Colony, Rohtak",(NBEMS) OPHTHALMOLOGY,Open,OBC,Allotted
994,47137,DNB Quota,"District Hospital, ,10 Biplabi Haren Ghosh Sarani Howrah, West Bengal, 711101",(NBEMS) PAEDIATRICS,SC,SC,Allotted
995,47186,DNB Quota,"Suraj Eye Institute, ,559, New Colony, Maharashtra, 440001",(NBEMS) OPHTHALMOLOGY,Open,General,Allotted
996,47207,DNB Quota,"Cancer Institute (WIA), No:38, Tamil Nadu,No.38 Sardar Patel Road,Chennai, Tamil Nadu, 600036",(NBEMS) Palliative Medicine,Open,General,Allotted
997,47242,DNB Quota,"Christian Institute of Health Sciences and Research, ,4th Mile, Central Jail Road, Dimapur, Nagaland, 797115",(NBEMS) ANAESTHESIOLOGY,Open,General,Allotted
998,47252,DNB Quota,"Yashoda Health Care Services Private Limited, D.No: 2-41/14/Yashoda/GF, Sy No,41/14, Khanamet Village, Serilingampally(M), Hyderabad, Telangana-500084,Hitech City, Hyderabad, Telangana State",Diploma-Emergency Medicine,Open,General,Allotted
999,47328,DNB Quota,"Jaipur Golden Hospital, ,2 INSTITUTIONAL AREA, SECTOR-3, ROHINI, Delhi (NCT), 110085",(NBEMS-DIPLOMA) Tuberculosis and CHEST DISEASES,Open,OBC,Allotted
1000,47337,Armed Forces Medical,"Armed Forces Medical College,SOLAPUR ROAD NEAR RACE COURSE OPPOSITE OLD COMMAND HOSPITAL, WANOWARI PUNE, Maharashtra, 411040",M.D. (Hospital Administration),Open,OBC,Allotted( AFMS Rank : 14077 )
1001,47340,DNB Quota,"Dr. Agarwal`s Eye Hospital, ,BBC TOWER, LINK ROAD SQUARE,MADHUPATNA,CUTTACK,ORISSA 753010, Odisha, 753010",(NBEMS) OPHTHALMOLOGY,Open,General,Allotted
1002,47588,DNB Quota,"Shree Narayan Eye Hospital, At : Tajpura, Halol, Dist : Panchmahal, Gujarat- 389350,shree narayan eye hospital tajpura ta. halol dist. panchmahal gujarat",(NBEMS) OPHTHALMOLOGY,Open,General,Allotted
1003,47591,DNB Quota,"NEOTIA GETWEL HEALTHCARE CENTRE, ,Uttorayon, Behind City Centre, Matigara, Siliguri, West Bengal, 734010",(NBEMS-DIPLOMA) PAEDIATRICS,Open,OBC,Allotted
1004,47602,All India,"JAWAHARLAL NEHRU MEDICAL COLLEGE, ALIGARH MUSLIM UNIVERSITY STATE UTTAR,JAWAHARLAL NEHRU MEDICAL COLLEGE, ALIGARH MUSLIM UNIVERSITY STATE UTTAR, Uttar Pradesh, 202002",DIPLOMA IN OPHTHALMOLOGY/DOM S,Open,General,Allotted
1005,47659,All India,"Tezpur Medical College,Tumuki, Bihaguri, Tezpur, Sonitpur, Assam, Assam, 784010",M.D. (ANAESTHESIOLOGY),OBC,OBC,Allotted
1006,47660,All India,"GOVERNMENT MEDICAL COLLEGE AND ESIC HOSPITAL, COIMBATORE,KAMARAJAR ROAD, VARATHARAJAPURAM, SINGANALLUR, COIMBATORE, Tamil Nadu, 641015",M.D. (Emergency and Critical Care)/M.D. (Emergency Medicine),SC,SC,Allotted
1007,47671,All India,"S.V. Medical College, Tirupathi ,S.V. Medical College, Tirupathi, Andhra Pradesh, 517501",M.D. (ANAESTHESIOLOGY),SC,SC,Allotted
1008,47695,DNB Quota,"Susrut Eye Foundation and Research Centre, West Bengal,Susrut Eye Foundation and Research Centre Berhampore 25 1 Kalikapur Road Berhampore Murshidabad, West Bengal, 742101",(NBEMS) OPHTHALMOLOGY,Open,General,Allotted
1009,47704,All India,"ESIC Medical College, Hyderbad,Sanathnagar, Hyderabad, Telangana, 500038",M.D. IN TRANSFUSION MEDICINE/ IMMUNO- HAEMATOLOGY and BLOOD TRANSFUSION,Open,EWS,Allotted
1010,47726,DNB Quota,"Asarfi Hospital, Jharkhand,Baramuri, B Polytechnic, Dhanbad, Jharkhand, 828130",(NBEMS) FAMILY MEDICINE,Open,General,Allotted
1011,47748,All India,"INSTITUTE OF MEDICAL SCIENCES, BANARAS HINDU UNIVERSITY,INSTITUTE OF MEDICAL SCIENCES, BANARAS HINDU UNIVERSITY, Uttar Pradesh, 221005",M.D. (BIOCHEMISTRY),Open,General,Allotted
1012,47752,DNB Quota,"Ahalia Foundation Eye Hospital, ,Ahalia Campus Kozhippara Post Palakkad Kerala 678557, Kerala, 678557",(NBEMS-DIPLOMA) OPHTHALMOLOGY,Open,General,Allotted
1013,47897,All India,"EMPLOYEES STATE INSURANCE CORPORATION MEDICAL COLLEGE AND PGIMSR,EMPLOYEES STATE INSURANCE CORPORATION MEDICAL COLLEGE AND PGIMSR, Karnataka, 560010",M.D. IN TRANSFUSION MEDICINE/ IMMUNO- HAEMATOLOGY and BLOOD TRANSFUSION,OBC,OBC,Allotted
1014,48104,All India,"GUNTUR MEDICAL COLLEGE,GUNTUR MEDICAL COLLEGE, Andhra Pradesh, 522004",M.D. (PATHOLOGY),Open,OBC,Allotted
1015,48136,All India,"NAMO Medical Education and Research Institute, Dadra & Nagar Haveli & Daman & Diu,Sayli Road, Silvassa, DNH, Dadra And Nagar Haveli, 396230",M.D. (ANAESTHESIOLOGY),OBC,OBC,Allotted
1016,48285,DNB Quota,"Healthworld Hospital, ,Healthworld Hospitals [A Unit of Parashmani Medical Centre Pvt.Ltd.], C-49,Commercial Area, Opp. ESI, West Bengal, 713216",(NBEMS) ANAESTHESIOLOGY,Open,General,Allotted
1017,48332,DNB Quota,"Hayat Hospital, ,kahilipara Road, Odalbakra, Lalganesh,Guwahati, Assam, 781034",(NBEMS) ANAESTHESIOLOGY,Open,OBC,Allotted
1018,48370,All India,"CALCUTTA NATIONAL MEDICAL COLLEGE,CALCUTTA NATIONAL MEDICAL COLLEGE 32, Gorachand Road, Kolkata 700014, West Bengal, 700014",M.D. (Tuberculosis and Respiratory diseases)/Pulmonary Medicine /M.D. (Respiratory Medicine),SC,SC,Allotted
1019,48520,DNB Quota,"DISTRICT HEAD QUARTER HOSPITAL NAYAGARH, DIST-NAYAGARH, Odisha- 752069,District Headquarter Hospital, Nayagarh Dist - Nayagarh, Odisha, PIN - 752069",(NBEMS-DIPLOMA) PAEDIATRICS,Open,OBC,Allotted
1020,48571,All India,"Karwar Institute of Medical Sciences, Karnataka,MG Road, Karnataka, 581301",M.S. (GENERAL SURGERY),SC,SC,Allotted
1021,48582,DNB Quota,"Government Allopathic Medical College, Uttar Pradesh,RANI DURGAVATI MEDICAL COLLEGE NARAINI ROAD BANDA, Uttar Pradesh, 210001",(NBEMS-DIPLOMA) OPHTHALMOLOGY,Open,General,Allotted
1022,48652,All India,"KURNOOL MEDICAL COLLEGE,KURNOOL MEDICAL COLLEGE, Andhra Pradesh, 518002","M.D. (DERM.,VENE. and LEPROSY)/ (DERMATOLOGY)/(SKIN and VENEREAL DISEASES)/(VENEREOL OGY)",ST,ST,Allotted
1023,48711,DNB Quota,"Kothari Medical and Research Institute, ,NH-15, Jaisalmer road, Bikaner, Rajasthan, 334004",(NBEMS) ANAESTHESIOLOGY,Open,EWS,Allotted
1024,48754,All India,"Moti Lal Nehru Medical College,Moti Lal Nehru Medical College, Uttar Pradesh, 211001",M.D. IN TRANSFUSION MEDICINE/ IMMUNO- HAEMATOLOGY and BLOOD TRANSFUSION,Open,OBC,Allotted
1025,48816,All India,"JAWAHAR LAL NEHRU MEDICAL COLLEGE, AJMER,NEAR PATEL STADIUM, AJMER, Rajasthan, 305001",M.D. (PATHOLOGY),Open,General,Allotted
1026,48965,All India,"Pandit Dindayal Upadhyay Medical College, RAJKOT,Pandit Dindayal Upadhyay Medical College, RAJKOT, Gujarat, 360001",M.D. (PATHOLOGY),Open,General,Allotted
1027,48968,DNB Quota,"Govt. Medical College (Maharani Hospital), Jagdalpur, Chhattisgarh,Late Baliram Kashyap memorial Govt. Medical College, Dimrapal, Jagdalpur Dist-Bastar, Chhattisgarh, 494001",(NBEMS) ANAESTHESIOLOGY,EWS,EWS,Allotted
1028,48989,All India,"Burdwan Medical College, West Bengal,Burdwan Medical College, West Bengal, West Bengal, 713104",M.D. (GENERAL MEDICINE),ST,ST,Allotted
1029,48991,All India,"Government Medical College Srinagar,Administrative Block Government Medical College Karan Nagar Srinagar, Jammu And Kashmir, 190010",M.S. (GENERAL SURGERY),SC,SC,Allotted
1030,49071,All India,"Government Medical College Kota,Government Medical College Kota, Rajasthan, 324005",M.S. (OPHTHALMOLOGY),SC,SC,Allotted
1031,49076,All India,"Moti Lal Nehru Medical College,Moti Lal Nehru Medical College, Uttar Pradesh, 211001",M.D. (PATHOLOGY),Open,General,Allotted
1032,49102,All India,"MAHARANI LAXMI BAI MEDICAL COLLEGE JHANSI,MAHARANI LAXMI BAI MEDICAL COLLEGE JHANSI, Uttar Pradesh, 284128",M.D. (PATHOLOGY),Open,General,Allotted
1033,49145,All India,"MEDICAL COLLEGE, KOLKATA,MEDICAL COLLEGE, KOLKATA, West Bengal, 700073",DIPLOMA IN OPHTHALMOLOGY/DOM S,Open,General,Allotted
1034,49168,All India,"EMPLOYEES STATE INSURANCE CORPORATION MEDICAL COLLEGE AND PGIMSR,EMPLOYEES STATE INSURANCE CORPORATION MEDICAL COLLEGE AND PGIMSR, Karnataka, 560010",M.S. (ORTHOPAEDICS),SC,SC,Allotted
1035,49235,DNB Quota,"Shija Hospitals and Research Institute, ,SHIJA HOSPITALS AND RESEARCH INSTITUTE, LANGOL, LAMPHELPAT, IMPHAL WEST, MANIPUR 795004, Manipur, 795004",(NBEMS) ANAESTHESIOLOGY,Open,OBC,Allotted
1036,49259,DNB Quota,"Aakash Healthcare Super Specialty Hospital, Delhi,HOSPITAL PLOT, ROAD NO- 201,SECTOR 3 DWARKA, NEW DELHI, Delhi (NCT), 110075",(NBEMS) PATHOLOGY,Open,OBC,Allotted
1037,49302,DNB Quota,"KIMS KOLLAM MULTISPECIALITY HOSPITAL INDIA PVT LTD, SITHARA JUNCTION, KOTTIYAM P O, KOLLAM, Kerala-691571,KIMS Kollam Multi Speciality Hospital India Pvt Ltd, Sithara Junction, Kottiyam PO, Kollam, Pin 691571",(NBEMS-DIPLOMA) ANAESTHESIOLOGY,Open,General,Allotted
1038,49317,All India,"Tomo Riba Institute of Health and Medical Sciences,,TRIHMS. Old Assembly Block. Near Rajiv Gandhi Stadium. Naharlagun-791110. Arunachal Pradesh, Arunachal Pradesh, 791110",M.S. (GENERAL SURGERY),SC,SC,Allotted
1039,49337,DNB Quota,"Nethradhama Super Specialty Eye Hospital, ,NO 256-14 KANAKAPURA MAIN ROAD 7TH BLOCK JAYANAGAR BANGALORE 560 070, Karnataka, 560070",(NBEMS-DIPLOMA) OPHTHALMOLOGY,Open,General,Allotted
1040,49407,DNB Quota,"Dr Shyama Prasad Mukherjee (Civil) Hospital, ,Park Road, Hazratganj, Lucknow, Uttar Pradesh, 226001",(NBEMS) ORTHOPAEDICS,SC,SC,Allotted
1041,49511,All India,"Government Medical College, Pali Rajasthan.,NH-62,Sumerpur Road,Village Ramasiya,Hemawas,Pali, Rajasthan, Rajasthan, 306401",M.S. (OPHTHALMOLOGY),SC,SC,Allotted
1042,49633,All India,"GUNTUR MEDICAL COLLEGE,GUNTUR MEDICAL COLLEGE, Andhra Pradesh, 522004",M.S. (ORTHOPAEDICS),SC,SC,Allotted
1043,49736,All India,"GOVT. MEDICAL COLLEGE AND HOSPITAL, CHANDIGARH,GOVT. MEDICAL COLLEGE AND HOSPITAL, CHANDIGARH, Chandigarh, 160030",M.D. (PHARMACOLOGY),Open,General,Allotted( AFMS Rank : 14538 )
1044,49758,DNB Quota,"Government Multi Specialty Hospital, ,Director Health and Family Welfare Govt. Multi Speciality Hospital Sector 16 Chandigarh, Chandigarh, 160016",(NBEMS) Otorhinolaryngology (E.N.T.),SC,SC,Allotted
1045,49759,All India,"GOVERNMENT MEDICAL COLLEGE - KANNUR,GOVERNMENT MEDICAL COLLEGE - KANNUR, Kerala, 670503",M.D. (Tuberculosis and Respiratory diseases)/Pulmonary Medicine /M.D. (Respiratory Medicine),SC,SC,Allotted
1046,49767,DNB Quota,"Bhagwan Mahavir Medica Superspecialty Hospital, ,INFRONT OF P.H.E.D. COLONY, BARIATU ROAD, NEAR BOOTY MORE, RANCHI, Jharkhand, 834009",(NBEMS) OPHTHALMOLOGY,Open,OBC,Allotted
1047,49780,All India,"Post Graduate Institute of Medical Education & Research and Capital Hospital ( PGIMER & CH), Odisha,Post Graduate Institute of Medical Education & Research and Capital Hospital, Bhubaneswar, Udyan Mar, Odisha, 751001",M.D. (PAEDIATRICS),ST,ST,Allotted
1048,49785,All India,"Tirunelveli Medical College,THE DEAN, TIRUNELVELI MEDICAL COLLEGE, HIGHGROUND,TIRUNELVELI-11, Tamil Nadu, 627011",M.D. (FORENSIC MEDICINE),Open,OBC,Allotted
1049,49802,DNB Quota,"Chettinad Super Speciality Hospital, Tamil Nadu,Rajiv Gandhi Salai, Kelambakkam, Chengalpattu District, Tamil Nadu, 603103",(NBEMS-DIPLOMA) ANAESTHESIOLOGY,Open,OBC,Allotted
1050,49811,DNB Quota,"Government Medical College and Associated Hospital,,JANGLAT MANDI ANANTNAG, JAMMU AND KASHMIR 192101, Jammu And Kashmir, 192101",(NBEMS) FAMILY MEDICINE,Open,EWS,Allotted
1051,49817,DNB Quota,"Tomo Riba Institute of Health and Medical Sciences,,TRIHMS. Old Assembly Block. Near Rajiv Gandhi Stadium. Naharlagun-791110. Arunachal Pradesh, Arunachal Pradesh, 791110",(NBEMS-DIPLOMA) PAEDIATRICS,Open,General,Allotted
1052,49831,DNB Quota,"Associated Hospital Government Medical College, ,Kanth Bagh Baramulla, Jammu And Kashmir, 193103",(NBEMS) ANAESTHESIOLOGY,EWS,EWS,Allotted
1053,49863,DNB Quota,"Civil Hospital, ,Medical Superintendent Office, Civil Hospital, Dawrpui, Aizawl, Mizoram, 796001",(NBEMS) ANAESTHESIOLOGY,Open,General,Allotted
1054,49975,DNB Quota,"Sacred Heart Hospital, ,Sacred Heart Hospital Maqsudan Jalandhar Punjab, Punjab, 144008",(NBEMS) FAMILY MEDICINE,Open,General,Allotted
1055,49988,All India,"DR. SHANKARRAO CHAVAN GOVERNMENT MEDICAL COLLEGE, NANDED,DR. SHANKARRAO CHAVAN GOVERNMENT MEDICAL COLLEGE, VISHNUPURI, NANDED, Maharashtra, 431606",MD/MS (Anatomy),OBC,OBC,Allotted
1056,50009,DNB Quota,"Govt. Mahatma Gandhi District Hospital, ,COLLETOR ATE CHORAHA NEAR MOHAN COLONY BANSWARA, Rajasthan, 327001",(NBEMS-DIPLOMA) PAEDIATRICS,EWS,EWS,Allotted
1057,50083,DNB Quota,"Amardeep Eye Care , Kollam, Kerala,12-694, 2nd MILESTONE, KOLLAM, Kerala, 691004",(NBEMS-DIPLOMA) OPHTHALMOLOGY,Open,OBC,Allotted
1058,50094,DNB Quota,"Sacred Heart Hospital, ,Sacred Heart Hospital Maqsudan Jalandhar Punjab, Punjab, 144008",(NBEMS) FAMILY MEDICINE,Open,General,Allotted
1059,50201,All India,"INDIRA GANDHI GOVT.MEDICAL COLLEGE NAGPUR,INDIRA GANDHI GOVT.MEDICAL COLLEGE NAGPUR, Maharashtra, 440018",M.S. (OPHTHALMOLOGY),SC,SC,Allotted
1060,50260,All India,"BELAGAVI INSTITUTE OF MEDICAL SCIENCES, BELAGAVI,BELAGAVI INSTITUTE OF MEDICAL SCIENCES, BELAGAVI, Karnataka, 590001",M.D. (Tuberculosis and Respiratory diseases)/Pulmonary Medicine /M.D. (Respiratory Medicine),SC,SC,Allotted
1061,50290,All India,"Rajiv Gandhi Institute of Medical Sciences Srikakulam,Government Medical College Srikakulam Balaga Srikakulam Town Srikakulam District, Andhra Pradesh, 532001",M.D. (ANAESTHESIOLOGY),SC,SC,Allotted
1062,50294,All India,"Gvernment Medical College,Haldwani,Government Medical College, Haldwani, Uttarakhand, 263139",M.D. (PATHOLOGY),Open,General,Allotted
1063,50504,DNB Quota,"District Combined Hospital, Pharenda Road Mukhyalay Maharajganj, Uttar Pradesh- 273303,DISTRICT HOSPITAL. PHARENDA ROAD, NEAR MUKHAYALAY, MAHARAJGANJ, UTTAR PRADESH - 273303",(NBEMS-DIPLOMA) PAEDIATRICS,EWS,EWS,Allotted
1064,50544,DNB Quota,"Sri Ram Hospital, Ayodhya, Uttar Pradesh ,Near Sri Ram Mandir, Ayodhya Dham Junction Railway Station, Ayodhya, Uttar Pradesh, 224123",(NBEMS-DIPLOMA) Tuberculosis and CHEST DISEASES,OBC,OBC,Allotted
1065,50608,All India,"B. J. MEDICAL COLLEGE, Ahmedabad,B.J. Medical College, New Civil Hospital Asarwa,Ahmedabad-380016,Gujarat,India, Gujarat, 380016",M.D. (PAEDIATRICS),ST,ST,Allotted
1066,50656,DNB Quota,"Swami Dayanand Hospital, ,Dilshad Garden, Shahdara, Delhi, Delhi (NCT), 110095",(NBEMS-DIPLOMA) ANAESTHESIOLOGY,EWS,EWS,Allotted
1067,50665,DNB Quota,"Government Medical College, Makeshift Campus Bye pass Road. Handwara Distt.: Kupwara, Jammu and Kashmir-193221,Makeshift Campus, Bypass Road, Handwara, Kupwara, J&K",(NBEMS) PAEDIATRICS,SC,SC,Allotted
1068,50676,All India,"JHALAWAR MEDICAL COLLEGE,JHALAWAR MEDICAL COLLEGE, JHALAWAR, Rajasthan, 326001",M.D. (PATHOLOGY),Open,OBC,Allotted
1069,50774,DNB Quota,"SHRI JAGANNATH MEDICAL COLLEGE AND HOSPITAL, PURI, AT/PO- BALIGUALI, PURI, Odisha-752002,AT/PO- BALIGUALI, PURI",(NBEMS) ANAESTHESIOLOGY,EWS,EWS,Allotted
1070,50796,DNB Quota,"South Eastern Railways Central Hospital, ,CENTRAL HOSPITAL SOUTH EASTERN RAILWAY 11 GARDEN REACH ROAD KOLKATA, West Bengal, 700043",(NBEMS-DIPLOMA) PAEDIATRICS,OBC,OBC,Allotted
1071,50812,DNB Quota,"Gunam Super Speciality Hospital,No 35, Tank Street, Opp To Govt Hospital, Denkanikottai Road, Hosur, Krishnagiri Dist., Tamil Nadu, 635109",(NBEMS-DIPLOMA) Otorhinolaryngology (E.N.T.),Open,OBC,Allotted
1072,50882,Self-Financed Merit Seat,"A.C.S. Medical College and Hospital,A.C.S. Medical College and Hospital, Tamil Nadu, 600077","M.D. (DERM.,VENE. and LEPROSY)/ (DERMATOLOGY)/(SKIN and VENEREAL DISEASES)/(VENEREOL OGY)",Open,OBC,Allotted
1073,50928,DNB Quota,"N S Memorial Institute of Medical Sciences ,N S Memorial Institute of Medical Sciences Palathara, Thattamala, Kollam, Kerala, 691020",(NBEMS-DIPLOMA) ANAESTHESIOLOGY,Open,General,Allotted
1074,50944,DNB Quota,"Holy Family Hospital,,Okhla Road, New Delhi, Delhi (NCT), 110025",(NBEMS-DIPLOMA) ANAESTHESIOLOGY,Open,General,Allotted
1075,50975,All India,"COIMBATORE MEDICAL COLLEGE,COIMBATORE MEDICAL COLLEGE, CIVIL AERODROME POST, AVINASHI ROAD, PEELAMEDU, COIMBATORE-14, Tamil Nadu, 641014",M.S. (ORTHOPAEDICS),SC,SC,Allotted
1076,51014,Self-Financed Merit Seat,"Bharati Vidyapeeth Deemed to be University Medical College,Pune,Bharati Vidyapeeth Deemed to be University Medical College, Dhankawadi, Pune Satara Road, Pune, Maharashtra, 411043",M.D. (PSYCHIATRY),Open,General,Allotted
1077,51054,All India,"Dr. Sampurnanand Medical College (SNMC), JODHPUR,Dr. Sampurnanand Medical College (SNMC), JODHPUR, Rajasthan, 342001",M.D. (ANAESTHESIOLOGY),SC,SC,Allotted
1078,51100,All India,"INSTITUTE OF MEDICAL SCIENCES, BANARAS HINDU UNIVERSITY,INSTITUTE OF MEDICAL SCIENCES, BANARAS HINDU UNIVERSITY, Uttar Pradesh, 221005",M.D. (PHARMACOLOGY),Open,General,Allotted
1079,51139,All India,"THANJAVUR MEDICAL COLLEGE, THANJAVUR,THANJAVUR MEDICAL COLLEGE, THANJAVUR, Tamil Nadu, 613004","M.D. (DERM.,VENE. and LEPROSY)/ (DERMATOLOGY)/(SKIN and VENEREAL DISEASES)/(VENEREOL OGY)",ST,ST,Allotted
1080,51157,DNB Quota,"Autonomous State Medical College and Allied Pandit Ram Prasad Bismil Memorial Hospital, ,ASMC, JIGNERA, kanth road, shahjahanpur, Uttar Pradesh, 242001",(NBEMS-DIPLOMA) ANAESTHESIOLOGY,Open,General,Allotted
1081,51260,DNB Quota,"Shija Hospitals and Research Institute, ,SHIJA HOSPITALS AND RESEARCH INSTITUTE, LANGOL, LAMPHELPAT, IMPHAL WEST, MANIPUR 795004, Manipur, 795004",(NBEMS) ANAESTHESIOLOGY,Open,EWS,Allotted
1082,51278,Self-Financed Merit Seat,"SRM MEDICAL COLLEGE HOSPITAL AND RESEARCH CENTRE, SRM INSTITUTE OF SCIENCE AND TECHNOLOGY,SRM MEDICAL COLLEGE HOSPITAL AND RESEARCH CENTRE,SRM IST, KATTANKULATHUR , CHENGALPATTU DIST, Tamil Nadu, 603203",M.D. (GENERAL MEDICINE),Open,General,Allotted
1083,51359,All India,"GOVERMENT MEDICAL COLLEGE, THIRUVALLUR,BLOCK-1, MASTER PLAN COMPLEX, THIRUVALLUR COLLECTORATE, PERUMBAKKAM VILLAGE, THIRUVALLUR,TAMIL NADU",M.S. (ORTHOPAEDICS),SC,SC,Allotted
1084,51362,All India,"Kodagu Institute of Medical Sciences, Karnataka,Kodagu Institute of Medical Sciences Madikeri Kodagu, Karnataka, 571201",M.D. (ANAESTHESIOLOGY),SC,SC,Allotted
1085,51464,DNB Quota,"MGM Govt District Hospital, ,MGM Govt District Hospital,Hanumangarh town, Rajasthan, 335513",(NBEMS-DIPLOMA) PAEDIATRICS,EWS,EWS,Allotted
1086,51503,All India,"PATNA MEDICAL COLLEGE, PATNA,PATNA MEDICAL COLLEGE, PATNA, Bihar, 800004",DIP. IN PHY. MEDICINE and REHAB.,Open,General,Allotted
1087,51507,DNB Quota,"Central Super Speciality Hospital,Bihar-,mdcsshecr@gmail.com, Bihar, 800001",(NBEMS-DIPLOMA) PAEDIATRICS,OBC,OBC,Allotted
1088,51522,All India,"GOVERNMENT THOOTHUKUDI MEDICAL COLLEGE, THOOTHUKUDI,GOVERNMENT THOOTHUKUDI MEDICAL COLLEGE, 3rd Mile,Kamaraj Nagar,Thoothukudi., Tamil Nadu, 628008",M.D. (ANAESTHESIOLOGY),SC,SC,Allotted
1089,51708,DNB Quota,"Maharishi Vashistha Autonomous State Medical College and Opec Hospital, ,Rampur Tahsil Sadar Basti Basti, Uttar Pradesh, 272124",(NBEMS-DIPLOMA) Tuberculosis and CHEST DISEASES,OBC,OBC,Allotted
1090,51724,All India,"RAJIV GANDHI INSTITUTE OF MEDICAL SCIENCES,RAJIV GANDHI INSTITUTE OF MEDICAL SCIENCES ADILABAD -504001 TELANGANA STATE, Telangana, 504001",M.S. (OPHTHALMOLOGY),SC,SC,Allotted
1091,51760,DNB Quota,"CC Shroff Memorial Hospital (a unit of Nandini Ramesh Gandhi Public Charitable Trust),Telangana,ccshroffhospital@gmail.com, Telangana, 500027",(NBEMS-DIPLOMA) ANAESTHESIOLOGY,Open,OBC,Allotted
1092,51765,Armed Forces Medical,"Institute of Naval Medicine, Colaba, Mumbai,INSTITUTE OF NAVAL MEDICINE, INHS ASVINI, COLABA, MUMBAI 400005, Maharashtra, 400005",M.D. (PATHOLOGY),Open,OBC,Allotted( AFMS Rank : 14929 )
1093,52008,Armed Forces Medical,"Command Hospital (Eastern Command), Kolkata, West Bengal,Alipore Kolkata, West Bengal, 70027",M.D. (PATHOLOGY),Open,General,Allotted( AFMS Rank : 14966 )
1094,52010,All India,"Rims Medical College, Ongole, ,GOVERNMENT MEDICAL COLLEGE ONGOLE, Andhra Pradesh, 523001",M.S. (ORTHOPAEDICS),SC,SC,Allotted
1095,52122,DNB Quota,"SADAR HOSPITAL, SASARAM, Bihar ,SADAR HOSPITAL CAMPUS,ROUZA ROAD,SASARAM,ROHTAS,BIHAR, Bihar, 821115",(NBEMS-DIPLOMA) PAEDIATRICS,OBC,OBC,Allotted
1096,52174,All India,"Government medical college patiala.,Government medical college patiala., Punjab, 147001",DIPLOMA IN ANAESTHESIOLOGY,OBC,OBC,Allotted
1097,52182,DNB Quota,"Chandannagar Sub Division Hospital, ,CHANDANNAGAR SD HOSPITAL, West Bengal, 712136",(NBEMS-DIPLOMA) PAEDIATRICS,OBC,OBC,Allotted
1098,52212,All India,"Karnataka Medical College and Research Institute, Hubballi,Karnataka Medical College and Research Institute, Hubballi Karnataka, 580021",M.S. (E.N.T.),SC,SC,Allotted
1099,52235,DNB Quota,"SADAR HOSPITAL NAWADA, HOSPITAL ROAD, NAWADA Bihar , Bihar-805110,Sadar Hospital Nawada, Hospital Road Nawada",(NBEMS-DIPLOMA) PAEDIATRICS,OBC,OBC,Allotted
1100,52355,DNB Quota,"Indira Gandhi Govt. General Hospital and PG Institute, No. 1, ,No.1, Victor Simonel street, Puducherry -1., Puducherry, 605001",(NBEMS) ORTHOPAEDICS,SC,SC,Allotted
1101,52358,DNB Quota,"Associated Hospital Govt. Medical College, ,Main Campus Ghat, Ghat, District Doda, UT of Jammu and Kashmir, India, Jammu And Kashmir, 182202",(NBEMS) OPHTHALMOLOGY,OBC,OBC,Allotted
1102,52400,All India,"NETAJI SUBHASH CHANDRA BOSE MEDICAL COLLEGE, JABALPUR ,NETAJI SUBHASH CHANDRA BOSE MEDICAL COLLEGE, NAGPUR ROAD JABALPUR, Madhya Pradesh, 482003",M.D. (PATHOLOGY),Open,General,Allotted
1103,52429,DNB Quota,"Jaypee Hospital,,Max Super Speciality Hospital, Sector 128, Noida, Uttar Pradesh, 201304",(NBEMS) IMMUNO- HAEMATOLOGY AND BLOOD TRANSFUSION,Open,General,Allotted
1104,52469,Self-Financed Merit Seat,"M.M. Institute of Medical Sciences and Research, Ambala,M.M. Institute of Medical Sciences and Research, Ambala, Haryana, 133207",M.D. (GENERAL MEDICINE),Open,General,Allotted
1105,52474,All India,"Siddhartha Medical College, Vijayawada,Siddhartha Medical College, Vijayawada, Andhra Pradesh, 520008",M.D. (PATHOLOGY),Open,OBC,Allotted
1106,52510,All India,"Agartala Government Medical College,Agartala Government Medical College, Tripura, 799006",M.D. (Tuberculosis and Respiratory diseases)/Pulmonary Medicine /M.D. (Respiratory Medicine),SC,SC,Allotted
1107,52615,All India,"Jawaharlal Institute of Medical Sciences, Manipur,Jawaharlal Nehru Institute of Medical Sciences, Porompat, Imphal -East, Manipur-795005, Manipur, 795005",M.D. (Tuberculosis and Respiratory diseases)/Pulmonary Medicine /M.D. (Respiratory Medicine),SC,SC,Allotted
1108,52628,All India,"Kodagu Institute of Medical Sciences, Karnataka,Kodagu Institute of Medical Sciences Madikeri Kodagu, Karnataka, 571201",M.D. (PSYCHIATRY),SC,SC,Allotted
1109,52819,All India,"Dr. Sampurnanand Medical College (SNMC), JODHPUR,Dr. Sampurnanand Medical College (SNMC), JODHPUR, Rajasthan, 342001",M.D. GERIATRICS,SC,SC,Allotted
1110,52841,Self-Financed Merit Seat,"Rajarajeswari Medical College and Hospital,No. 202, Kambipura, Mysore Road, Bengaluru, Karnataka, 560074",M.D. (RADIO- DIAGNOSIS),Open,ST,Allotted
1111,52927,DNB Quota,"Pushpanjali Hospital, Haryana ,plot number 1 sector 4 rajesh pilot chowk rewari, Haryana, 123401",(NBEMS-DIPLOMA) Tuberculosis and CHEST DISEASES,Open,OBC,Allotted
1112,52928,DNB Quota,"S.K.Hospital, ,SUPERINTENDENT RNO 36 GOVT SK HOSPITAL SILVER JUBLI ROAD SIKAR RAJ, Rajasthan, 332001",(NBEMS-DIPLOMA) ANAESTHESIOLOGY,Open,General,Allotted
1113,52967,DNB Quota,"P D Hinduja Hospital, Khar West, Mumbai, Maharashtra ,Marvella Building 724 11th Rd Khar West Mumbai, Maharashtra, 400052",(NBEMS-DIPLOMA) ANAESTHESIOLOGY,Open,General,Allotted
1114,53006,All India,"Jorhat Medical College & Hospital,Jorhat Medical College & Hospital, Assam, 785001",M.D. (PATHOLOGY),OBC,OBC,Allotted
1115,53081,DNB Quota,"Associated Hospital Government Medical College, ,Kanth Bagh Baramulla, Jammu And Kashmir, 193103",(NBEMS-DIPLOMA) FAMILY MEDICINE,Open,General,Allotted
1116,53168,All India,"INDIRA GANDHI MEDICAL COLLEGE AND RESEARCH INSTITUTE, PUDUCHERRY,INDIRA GANDHI MEDICAL COLLEGE AND RESEARCH INSTITUTE, PUDUCHERRY, Puducherry, 605009",M.D. (PREVENTIVE and SOCIAL MEDICINE)/ COMMUNITY MEDICINE,Open,OBC,Allotted
1117,53225,All India,"Indira Gandhi Medical College Shimla,Indira Gandhi Medical College Shimla, Himachal Pradesh, 171001",M.D. (GENERAL MEDICINE),ST,ST,Allotted
1118,53279,All India,"Government Mohan Kumaramangalam Medical College, Salem,Government Mohan Kumaramangalam Medical College, Majeera Kollappatti, Steel Plant Road, Salem., Tamil Nadu, 636030",M.D. (PREVENTIVE and SOCIAL MEDICINE)/ COMMUNITY MEDICINE,Open,General,Allotted
1119,53347,All India,"Govt. Bundelkhand Medical College Sagar M.P.,Govt. Bundelkhand Medical College Sagar M.P., Madhya Pradesh, 470001",M.S. (E.N.T.),SC,SC,Allotted
1120,53356,All India,"B.J.Government Medical College, Pune,B.J.Government Medical College, Pune, Maharashtra, 411001",M.D. (PHARMACOLOGY),Open,OBC,Allotted
1121,53413,Self-Financed Merit Seat,"MGM Medical College, Navi Mumbai,MGM Medical College, Sector1, Plot 1, Kamothe, Navi Mumbai- 410209, Maharashtra, 410209",M.D. (Obst. and Gynae)/MS (Obstetrics and Gynaecology),Open,General,Allotted
1122,53475,All India,"GOVERNMENT VILLUPURAM MEDICAL COLLEGE, VILLUPURAM,GOVERNMENT VILLUPURAM MEDICAL COLLEGE VILLUPURAM TRICHY TRUNK ROAD MUNDIYAMPAKKAM VILLUPURAM DISTR, Tamil Nadu, 605601",M.D. (ANAESTHESIOLOGY),SC,SC,Allotted
1123,53488,All India,"GOVERNMENT MEDICAL COLLEGE, PUDUKKOTTAI,Government Medical College & Hospital Mullur Village, Thanjavur Road, Pudukkottai, TamilNadu.",M.D. (Emergency and Critical Care)/M.D. (Emergency Medicine),SC,SC,Allotted
1124,53542,All India,"Ravindra Nath Tagore Medical College, Udaipur,Ravindra Nath Tagore Medical College, Udaipur, Rajasthan, 313001",M.D. (PATHOLOGY),OBC,OBC,Allotted
1125,53604,All India,"GOVERNMENT DHARMAPURI MEDICAL COLLEGE, DHARMAPURI, TAMIL NADU,GOVERNMENT DHARMAPURI MEDICAL COLLEGE, NETHAJI BYE PASS ROAD, DHARMAPURI, TAMIL NADU, Tamil Nadu, 636701",M.S. (OPHTHALMOLOGY),SC,SC,Allotted
1126,53638,All India,"Moti Lal Nehru Medical College,Moti Lal Nehru Medical College, Uttar Pradesh, 211001",M.D. (Radiotherapy/ Radiation Oncology),SC,SC,Allotted
1127,53736,DNB Quota,"Asarfi Hospital, Jharkhand,Baramuri, B Polytechnic, Dhanbad, Jharkhand, 828130",(NBEMS) FAMILY MEDICINE,Open,OBC,Allotted
1128,53749,All India,"NIZAMS INSTITUTE OF MEDICAL SCIENCES,NIZAMS INSTITUTE OF MEDICAL SCIENCES PANJAGUTTA HYDERABAD, Telangana, 500082",M.D. (Hospital Administration),Open,OBC,Allotted
1129,53779,DNB Quota,"Indira Gandhi Medical College and Research Institute, Pondicherry,Vazhudavour Road, Kadirkamam, Puducherry, 605009",(NBEMS) Emergency Medicine,SC,SC,Allotted
1130,53785,All India,"Sarojini Naidu Medical College, AGRA,Sarojini Naidu Medical College, AGRA, Uttar Pradesh, 282002",DIPLOMA IN CHILD HEALTH/ PAEDIATRICS,SC,SC,Allotted
1131,53799,All India,"JAWAHAR LAL NEHRU MEDICAL COLLEGE, AJMER,NEAR PATEL STADIUM, AJMER, Rajasthan, 305001",M.D. IN TRANSFUSION MEDICINE/ IMMUNO- HAEMATOLOGY and BLOOD TRANSFUSION,Open,General,Allotted
1132,53868,DNB Quota,"Acharya Shree Bhikshu Govt. Hospital, Moti Nagar, Delhi-110015,Acharya Shree Bhikshu Govt. Hosptial, Moti Nagar, New Delhi-110015",(NBEMS-DIPLOMA) Obstetrics and Gynaecology,SC,SC,Allotted
1133,53942,All India,"Sawai Man Singh Medical College, JAIPUR,Sawai Man Singh Medical College, JLN Marg, Jaipur-302004, Rajasthan, 302004",M.D. IN TRANSFUSION MEDICINE/ IMMUNO- HAEMATOLOGY and BLOOD TRANSFUSION,OBC,OBC,Allotted
1134,54080,DNB Quota,"Government Medical College and Associated Hospital,,JANGLAT MANDI ANANTNAG, JAMMU AND KASHMIR 192101, Jammu And Kashmir, 192101",(NBEMS) OPHTHALMOLOGY,OBC,OBC,Allotted
1135,54122,All India,"Kakatiya Medical College,Kakatiya Medical College, Telangana, 506007",M.D. (PSYCHIATRY),SC,SC,Allotted
1136,54125,DNB Quota,"Government Medical College and Associated Hospital,,JANGLAT MANDI ANANTNAG, JAMMU AND KASHMIR 192101, Jammu And Kashmir, 192101",(NBEMS) FAMILY MEDICINE,OBC,OBC,Allotted
1137,54149,DNB Quota,"Associated Hospital Government Medical College, ,Kanth Bagh Baramulla, Jammu And Kashmir, 193103",(NBEMS-DIPLOMA) FAMILY MEDICINE,Open,General,Allotted
1138,54192,DNB Quota,"Medhansh Hospital, Opp. Nakpur Sugar Mill, Aonla Bus Stand, Budaun Road, Bareilly, Uttar Pradesh-243001,Bus Stand, Baduan Road Aonla, opp. Sugar Mill, Kargaina, Uttar Pradesh 243001",(NBEMS-DIPLOMA) Tuberculosis and CHEST DISEASES,Open,OBC,Allotted
1139,54273,Armed Forces Medical,"Armed Forces Medical College,SOLAPUR ROAD NEAR RACE COURSE OPPOSITE OLD COMMAND HOSPITAL, WANOWARI PUNE, Maharashtra, 411040",M.D. (MICROBIOLOGY),Open,General,Allotted( AFMS Rank : 15328 )
1140,54428,All India,"Grant Medical College, Maharashtra,Grant Medical College, Maharashtra, Maharashtra, 400008",M.D. GERIATRICS,SC,SC,Allotted
1141,54451,All India,"Government Medical College Srinagar,Administrative Block Government Medical College Karan Nagar Srinagar, Jammu And Kashmir, 190010",M.D. (PHYSIOLOGY),Open,General,Allotted
1142,54460,DNB Quota,"GMERS MEDICAL AND Hospital, Navsari, Gujarat-396445,M G G General Hospital, Opposite Jahangir Talkies, Station Road Navsari, Gujarat-396445",(NBEMS) ORTHOPAEDICS,SC,SC,Allotted
1143,54461,All India,"GOVT MEDICAL COLLEGE,THRISSUR,GOVT MEDICAL COLLEGE,THRISSUR, Kerala, 680596",M.S. (E.N.T.),SC,SC,Allotted
1144,54518,All India,"DARBHANGA MEDICAL COLLEGE,Sheetal Prasad Marg, Laheriasarai, Darbhanga, Bihar, Bihar, 846003",M.S. (OPHTHALMOLOGY),SC,SC,Allotted
1145,54569,All India,"The National Institute of Health and Family Welfare,The National Institute of Health and Family Welfare, Delhi (NCT), 110067",DIPLOMA IN HEALTH ADMINISTRATION,Open,OBC,Allotted
1146,54906,All India,"Govt. Doon Medical College, Dehradun,Govt. Doon Medical College Dehrakhas, Patel Nagar Dehradun 248001, Uttarakhand, 248001",M.D. (ANAESTHESIOLOGY),SC,SC,Allotted
1147,54947,All India,"GOVT. MEDICAL COLLEGE, AMRITSAR,GOVT. MEDICAL COLLEGE,CIRCULAR ROAD, AMRITSAR, Punjab, 143001",M.D. (ANAESTHESIOLOGY),SC,SC,Allotted
1148,55183,Self-Financed Merit Seat,"K S Hegde Medical Academy, Mangaluru,K S Hegde Medical Academy, Nithyanandanagar, Deralakatte, Mangaluru, Karnataka, 575018",M.D. (Obst. and Gynae)/MS (Obstetrics and Gynaecology),Open,EWS,Allotted
1149,55209,DNB Quota,"Divisional Railway Hospital, Ajmer, Beawar Road, Ramganj, Ajmer, Rajasthan- 305001,Divisional Railway Hospital, Ajmer Beawar Road, Ramganj , Ajmer",(NBEMS) ORTHOPAEDICS,SC,SC,Allotted
1150,55239,All India,"JAWAHARLAL NEHRU MEDICAL COLLEGE, ALIGARH MUSLIM UNIVERSITY STATE UTTAR,JAWAHARLAL NEHRU MEDICAL COLLEGE, ALIGARH MUSLIM UNIVERSITY STATE UTTAR, Uttar Pradesh, 202002",M.D. (PREVENTIVE and SOCIAL MEDICINE)/ COMMUNITY MEDICINE,Open,General,Allotted
1151,55251,All India,"Ravindra Nath Tagore Medical College, Udaipur,Ravindra Nath Tagore Medical College, Udaipur, Rajasthan, 313001",M.D. (PREVENTIVE and SOCIAL MEDICINE)/ COMMUNITY MEDICINE,OBC,OBC,Allotted
1152,55298,All India,"Gandhi Medical College, Bhopal,Gandhi Medical College, Bhopal, Madhya Pradesh, 462001",M.D. (PAEDIATRICS),ST,ST,Allotted
1153,55398,All India,"Sawai Man Singh Medical College, JAIPUR,Sawai Man Singh Medical College, JLN Marg, Jaipur-302004, Rajasthan, 302004",M.D. (PHYSICAL MED. and REHABILITATION),SC,SC,Allotted
1154,55402,DNB Quota,"St. Stephen`s Hospital, ,Tis Hazari, Delhi (NCT), 110054",(NBEMS) PATHOLOGY,Open,General,Allotted
1155,55474,DNB Quota,"Kerala Institute of Medical Sciences, ,PB NO.1, ANAYARA PO, TRIVANDRUM, Kerala, 695024",(NBEMS) PATHOLOGY,Open,General,Allotted
1156,55519,DNB Quota,"K.E.M. Hospital, ,489, SARDAR MOODLIAR ROAD, RASTA PETH, PUNE 411011, Maharashtra, 411011",(NBEMS) PATHOLOGY,Open,General,Allotted
1157,55523,All India,"K.A.P.Viswanatham Government Medical College, Tiruchirapalli,PERIYAMILAGUPARAI, TIRUCHIRAPPALLI,, Tamil Nadu, 620001",M.D. (PSYCHIATRY),SC,SC,Allotted
1158,55527,DNB Quota,"Civil Hospital Shillong, Meghalaya,Civil Hospital Shillong Laban Shillong East Khasi Hills Meghalaya 793001, Meghalaya, 793001",(NBEMS-DIPLOMA) ANAESTHESIOLOGY,Open,General,Allotted
1159,55554,All India,"Sardar Patel Medical College, Bikaner,Sardar Patel Medical College, Bikaner, Rajasthan, 334003",M.D. IN TRANSFUSION MEDICINE/ IMMUNO- HAEMATOLOGY and BLOOD TRANSFUSION,Open,General,Allotted
1160,55617,All India,"JAWAHAR LAL NEHRU MEDICAL COLLEGE, AJMER,NEAR PATEL STADIUM, AJMER, Rajasthan, 305001",M.D. (ANAESTHESIOLOGY),SC,SC,Allotted
1161,55641,All India,"B. J. MEDICAL COLLEGE, Ahmedabad,B.J. Medical College, New Civil Hospital Asarwa,Ahmedabad-380016,Gujarat,India, Gujarat, 380016",M.D. (Radiotherapy/ Radiation Oncology),SC,SC,Allotted
1162,55676,DNB Quota,"Adarsha Hospital, ,Near KSRTC Bus Stand, Udupi Taluk and District, Karnataka, Karnataka, 576101",(NBEMS-DIPLOMA) ANAESTHESIOLOGY,Open,General,Allotted
1163,55719,DNB Quota,"Area Hospital, Andhra Pradesh,Area Hospital Amalapuram, East Godavari District, Andhra Pradesh, 533201",(NBEMS-DIPLOMA) ANAESTHESIOLOGY,OBC,OBC,Allotted
1164,55721,All India,"Lala Lajpat Rai Memorial Medical College, MEERUT,Lala Lajpat Rai Memorial Medical College, MEERUT, Uttar Pradesh, 250004",M.D. (ANAESTHESIOLOGY),SC,SC,Allotted
1165,55772,DNB Quota,"Kauvery Hospital Medical Services Pvt Ltd, ,vijay@kauveryhealthcare.com, No 35,Shanthi nagar, Opposite to CSI church,Hosur 635109,Tamil Nadu,",(NBEMS-DIPLOMA) ANAESTHESIOLOGY,Open,OBC,Allotted
1166,55801,All India,"Employees' State Insurance Corporation Medical College & Hospital, Gulbarga,ESIC MEDICAL COLLEGE SEDAM ROAD GULBARGA, Karnataka, 585106",M.S. (OPHTHALMOLOGY),SC,SC,Allotted
1167,55919,All India,"Seth Gordhandas Sunderdas Medical College, MUMBAI,Seth Gordhandas Sunderdas Medical College, Acharya Donde Marg Parel MUMBAI, Maharashtra, 400012",M.D. (FORENSIC MEDICINE),Open,General,Allotted
1168,55946,DNB Quota,"Sub District Hospital Sopore, Jammu and Kashmir ,Sir Syed Colony Kupwara Road Sopore-193201, District Barmulla ,Jammu and Kashmir, Jammu And Kashmir, 193201",(NBEMS-DIPLOMA) PAEDIATRICS,OBC,OBC,Allotted
1169,55968,DNB Quota,"Kauvery Hospital Medical Services Pvt Ltd, ,vijay@kauveryhealthcare.com, No 35,Shanthi nagar, Opposite to CSI church,Hosur 635109,Tamil Nadu,",(NBEMS-DIPLOMA) ANAESTHESIOLOGY,Open,OBC,Allotted
1170,56197,All India,"Pandit Dindayal Upadhyay Medical College, RAJKOT,Pandit Dindayal Upadhyay Medical College, RAJKOT, Gujarat, 360001",M.D. (ANAESTHESIOLOGY),SC,SC,Allotted
1171,56269,DNB Quota,"Maxwell Super Multispeciality Hospital Pvt. Ltd.,Uttar Pradesh,Near Toll Tax Plaza Dafi, Varanasi, Uttar Pradesh, 221011",(NBEMS-DIPLOMA) ANAESTHESIOLOGY,Open,General,Allotted
1172,56328,All India,"Government Medical College Srinagar,Administrative Block Government Medical College Karan Nagar Srinagar, Jammu And Kashmir, 190010",M.S. (OPHTHALMOLOGY),SC,SC,Allotted
1173,56403,All India,"NETAJI SUBHAS NATIONAL INSTITUTE OF SPORTS, PATIALA,NETAJI SUBHAS NATIONAL INSTITUTE OF SPORTS, OLD MOTIBAGH, PATIALA, Punjab, 147001",DIP. IN SPORTS MEDICINE,OBC,OBC,Allotted
1174,56431,DNB Quota,"Midland Healthcare and Research Centre, Uttar Pradesh,B-55 Mandir Marg, Mahanagar,Lucknow., Uttar Pradesh, 226006",(NBEMS-DIPLOMA) Tuberculosis and CHEST DISEASES,Open,EWS,Allotted
1175,56457,All India,"Shri Vasantrao Naik Govt Medical College Yavatmal,Civil lines, Yavatmal, Maharashtra, 445001",M.D. (ANAESTHESIOLOGY),SC,SC,Allotted
1176,56551,All India,"Tirunelveli Medical College,THE DEAN, TIRUNELVELI MEDICAL COLLEGE, HIGHGROUND,TIRUNELVELI-11, Tamil Nadu, 627011",M.D. (PHARMACOLOGY),Open,OBC,Allotted
1177,56667,All India,"KING GEORGES MEDICAL UNIVERSITY,KING GEORGES MEDICAL UNIVERSITY, Shahmeena Road, Chowk, Lucknow-226003, Uttar Pradesh, 226003",M.D. (PHARMACOLOGY),Open,OBC,Allotted
1178,56703,DNB Quota,"Govt. District Civil Hospital, ,DIS GOVT HOSPITAL, SRI GANGANAGAR, Rajasthan, 335001",(NBEMS-DIPLOMA) Tuberculosis and CHEST DISEASES,EWS,EWS,Allotted
1179,56758,DNB Quota,"R P HOSPITAL AND RESEARCH INSTITUTE, PARBHANI, Maharashtra ,Pedgaon, Parbhani- manwat road, Parbhani, Maharashtra, 431537",(NBEMS-DIPLOMA) ANAESTHESIOLOGY,Open,EWS,Allotted
1180,56813,DNB Quota,"V Y Institute of Medical Science, ,Near Kamal Vihar, Dhamtari Road, Raipur, Chhattisgarh, 492001",(NBEMS-DIPLOMA) Tuberculosis and CHEST DISEASES,Open,EWS,Allotted
1181,56898,All India,"Mahatma Gandhi Memorial Medical College, Indore,Mahatma Gandhi Memorial Medical College, Indore, Madhya Pradesh, 452001",M.D. (Radiotherapy/ Radiation Oncology),SC,SC,Allotted
1182,56911,All India,"Indira Gandhi Medical College Shimla,Indira Gandhi Medical College Shimla, Himachal Pradesh, 171001",M.D. (ANAESTHESIOLOGY),SC,SC,Allotted
1183,56912,DNB Quota,"Govt. District Civil Hospital, ,DIS GOVT HOSPITAL, SRI GANGANAGAR, Rajasthan, 335001",(NBEMS-DIPLOMA) FAMILY MEDICINE,Open,General,Allotted
1184,56948,DNB Quota,"BHIMAVARAM HOSPITALS LIMITED, WEST GODAVARI DISTRICT, Andhra Pradesh,J.P. Road, opposite SRKR Engineering College, Bhimavaram, Andhra Pradesh 534204, Andhra Pradesh, 534204",(NBEMS-DIPLOMA) ANAESTHESIOLOGY,Open,OBC,Allotted
1185,56954,All India,"Government Medical College Srinagar,Administrative Block Government Medical College Karan Nagar Srinagar, Jammu And Kashmir, 190010",M.D. (ANAESTHESIOLOGY),SC,SC,Allotted
1186,56977,All India,"Govt. Medical College, Bhavnagar,Near. S.T. Bus Stand,Jail Road, Bhavnagar-364001, Gujarat, 364001",M.D. (PATHOLOGY),Open,General,Allotted
1187,56978,DNB Quota,"Kharagpur Sub-Divisional Hospital , ,At-Chotatengra, P.O.- Kharagpur, P.S.- Kharagpur Town, Pin- 721301, West Bengal, 721301",(NBEMS-DIPLOMA) PAEDIATRICS,OBC,OBC,Allotted
1188,56979,All India,"COIMBATORE MEDICAL COLLEGE,COIMBATORE MEDICAL COLLEGE, CIVIL AERODROME POST, AVINASHI ROAD, PEELAMEDU, COIMBATORE-14, Tamil Nadu, 641014",M.D. (MICROBIOLOGY),Open,OBC,Allotted
1189,57010,All India,"Moti Lal Nehru Medical College,Moti Lal Nehru Medical College, Uttar Pradesh, 211001",M.D. (ANAESTHESIOLOGY),SC,SC,Allotted
1190,57050,All India,"Bangalore Medical College and Research Institute,Bangalore Medical College and Research Institute, Karnataka, 560002",M.D. (BIOCHEMISTRY),SC,SC,Allotted
1191,57109,All India,"Government Mohan Kumaramangalam Medical College, Salem,Government Mohan Kumaramangalam Medical College, Majeera Kollappatti, Steel Plant Road, Salem., Tamil Nadu, 636030",M.D. (PSYCHIATRY),SC,SC,Allotted
1192,57179,DNB Quota,"Naga Hospital Authority, Nagaland-0,NH-29, Hospital Colony, Kohima, Nagaland 797001, Nagaland, 797001",(NBEMS-DIPLOMA) PAEDIATRICS,OBC,OBC,Allotted
1193,57287,All India,"NAMO Medical Education and Research Institute, Dadra & Nagar Haveli & Daman & Diu,Sayli Road, Silvassa, DNH, Dadra And Nagar Haveli, 396230",M.D. (Obst. and Gynae)/MS (Obstetrics and Gynaecology),SC,SC,Allotted
1194,57323,All India,"JAWAHARLAL NEHRU MEDICAL COLLEGE, ALIGARH MUSLIM UNIVERSITY STATE UTTAR,JAWAHARLAL NEHRU MEDICAL COLLEGE, ALIGARH MUSLIM UNIVERSITY STATE UTTAR, Uttar Pradesh, 202002",M.D. (MICROBIOLOGY),Open,General,Allotted
1195,57344,All India,"Rangaraya Medical College,Rangaraya Medical College Beside SP Office , Pithapuram Road, Kakinada, Andhra Pradesh, 533003",M.D. (Hospital Administration),Open,General,Allotted
1196,57395,DNB Quota,"Amardeep Eye Care , Kollam, Kerala,12-694, 2nd MILESTONE, KOLLAM, Kerala, 691004",(NBEMS-DIPLOMA) OPHTHALMOLOGY,Open,General,Allotted
1197,57398,DNB Quota,"Asarfi Hospital, Jharkhand,Baramuri, B Polytechnic, Dhanbad, Jharkhand, 828130",(NBEMS) FAMILY MEDICINE,Open,OBC,Allotted
1198,57464,All India,"Uttar Pradesh University of Medical Sciences, Saifai, Etawah,Uttar Pradesh University of Medical Sciences, Saifai, Etawah, Uttar Pradesh, 206130",M.D. (ANAESTHESIOLOGY),SC,SC,Allotted
1199,57471,DNB Quota,"Sheth Vadilal Sarabhai General Hospital and Sheth Chinai Prasuti Hospital, Gujarat,Ellisbridge, Ahmedabad. Gujarat , Gujarat-380006",(NBEMS-DIPLOMA) Otorhinolaryngology (E.N.T.),Open,General,Allotted
1200,57502,All India,"Moti Lal Nehru Medical College,Moti Lal Nehru Medical College, Uttar Pradesh, 211001",M.D. (Obst. and Gynae)/MS (Obstetrics and Gynaecology),ST,ST,Allotted
1201,57512,All India,"Sher-i-Kashmir Institute of Medical Sciences, Srinagar,J&K ,SKIMS, SOURA, SRINAGAR-190011, Jammu And Kashmir, 190011",M.D. (Hospital Administration),OBC,OBC,Allotted
1202,57686,All India,"BELAGAVI INSTITUTE OF MEDICAL SCIENCES, BELAGAVI,BELAGAVI INSTITUTE OF MEDICAL SCIENCES, BELAGAVI, Karnataka, 590001",M.D. (PATHOLOGY),Open,OBC,Allotted
1203,57719,DNB Quota,"Apex Superspeciality Hospital and IVF Centre,Chhattisgarh,APEX SUPERSPECIALITY HOSPITAL AND IVF CENTER , ATAL CHOWK CHHATAMUDA ,BY PASS ROAD RAIGARH 496001, Chhattisgarh, 496001",(NBEMS-DIPLOMA) ANAESTHESIOLOGY,Open,General,Allotted
1204,57731,DNB Quota,"District Hospital, Sagar, Madhya Pradesh,shivaji ward tilli road sagar, Madhya Pradesh, 470002",(NBEMS-DIPLOMA) ANAESTHESIOLOGY,Open,OBC,Allotted
1205,57736,All India,"Baba Raghav Das Medical College,Baba Raghav Das Medical College, Gorakhpur, Uttar Pradesh, 273013",M.D. (ANAESTHESIOLOGY),SC,SC,Allotted
1206,57767,DNB Quota,"Krishna Institute of Medical Sciences, ,academics@kimshospitals.com, Telangana, 500003",(NBEMS) PATHOLOGY,Open,OBC,Allotted
1207,57901,All India,"Government Medical College, Bhilwara,Sindri ke Balaji Road, Sanganer, Bhilwara, Rajasthan 311001, Rajasthan, 311001",M.D. (ANAESTHESIOLOGY),SC,SC,Allotted
1208,57908,Self-Financed Merit Seat,"SRM MEDICAL COLLEGE HOSPITAL AND RESEARCH CENTRE, SRM INSTITUTE OF SCIENCE AND TECHNOLOGY,SRM MEDICAL COLLEGE HOSPITAL AND RESEARCH CENTRE,SRM IST, KATTANKULATHUR , CHENGALPATTU DIST, Tamil Nadu, 603203",M.D. (GENERAL MEDICINE),Open,General,Allotted
1209,57923,All India,"Karwar Institute of Medical Sciences, Karnataka,MG Road, Karnataka, 581301",M.S. (E.N.T.),SC,SC,Allotted
1210,57999,DNB Quota,"Govt. BDK hospital, govt. ,OPPOSITE ROADWAYS BUS STAND MAAN NAGAR JHUNJHUNU RAJASTHAN, Rajasthan, 333001",(NBEMS-DIPLOMA) Otorhinolaryngology (E.N.T.),Open,General,Allotted
1211,58059,All India,"RAICHUR INSTITUTE OF MEDICAL SCIENCES, kARNATKA,RAICHUR INSTITUTE OF MEDICAL SCIENCES, Karnataka, 584102",M.S. (E.N.T.),SC,SC,Allotted
1212,58112,All India,"R G KAR MEDICAL COLLEGE, West Bengal,R G KAR MEDICAL COLLEGE,1 KHUDIRAM BOSE SARANI,KOLKATA, West Bengal, West Bengal, 700004",M.D. (PATHOLOGY),OBC,OBC,Allotted
1213,58164,All India,"STANLEY MEDICAL COLLEGE,STANLEY MEDICAL COLLEGE NO.1, OLD JAIL ROAD, CHENNAI-600001, Tamil Nadu, 600001",M.D. (MICROBIOLOGY),OBC,OBC,Allotted
1214,58247,All India,"ESIC Medical College & Hospital, Alwar,MIA, DESULA, ALWAR, RAJASTHAN",M.D. (PREVENTIVE and SOCIAL MEDICINE)/ COMMUNITY MEDICINE,Open,OBC,Allotted
1215,58271,Banaras Hindu University,"INSTITUTE OF MEDICAL SCIENCES, BANARAS HINDU UNIVERSITY,INSTITUTE OF MEDICAL SCIENCES, BANARAS HINDU UNIVERSITY, Uttar Pradesh, 221005",M.D. (Tuberculosis and Respiratory diseases)/Pulmonary Medicine /M.D. (Respiratory Medicine),Open,EWS,Allotted
1216,58287,DNB Quota,"Rajiv Gandhi Government General Hospital, Principal Medical Officer General hospital, ,Rajiv Gandhi Government General Hospital, near bijli ghar circle, ALWAR, Rajasthan, 301001",(NBEMS-DIPLOMA) ANAESTHESIOLOGY,Open,OBC,Allotted
1217,58309,All India,"University College of Medical Sciences,University College of Medical Sciences, Delhi (NCT), 110095",M.D. (BIOCHEMISTRY),Open,General,Allotted
1218,58347,DNB Quota,"Vijaya Hospital, ,New No 434, Old No 180, NSK Salai, Vadapalani, Chennai - 600026, Tamil Nadu, 600026",(NBEMS-DIPLOMA) OPHTHALMOLOGY,Open,OBC,Allotted
1219,58357,DNB Quota,"Khan Bahadur Bhabha Hospital, Maharashtra,Khan Bahadur Bhabha Hospital Belgrami road kurla west, Maharashtra, 400070",(NBEMS) Otorhinolaryngology (E.N.T.),SC,SC,Allotted
1220,58397,All India,"Govt. Medical College, Baroda,Govt. Medical College, Baroda, Gujarat, 390001",M.D. (BIOCHEMISTRY),Open,General,Allotted
1221,58431,All India,"B. J. MEDICAL COLLEGE, Ahmedabad,B.J. Medical College, New Civil Hospital Asarwa,Ahmedabad-380016,Gujarat,India, Gujarat, 380016",M.D. (FORENSIC MEDICINE),Open,OBC,Allotted
1222,58442,DNB Quota,"Government District General Hospital, ,O/o. Medical Superintendent, Government District General Hospital, Contonment, Vizianagaram, Andhra Pradesh, 535003",(NBEMS-DIPLOMA) OPHTHALMOLOGY,Open,OBC,Allotted
1223,58593,DNB Quota,"K.G. Hospital and PG Medical Institute ,,No:5, Arts College Road, Coimbatore - 641018, Tamil Nadu, 641018",(NBEMS-DIPLOMA) OPHTHALMOLOGY,Open,General,Allotted
1224,58744,DNB Quota,"SMITA MEMORIAL HOSPTIAL AND RESEARCH CENTRE,Kerala,SMITA MEMORIAL HOSPITAL AND RESEARCH CENTRE, VENGALLOOR, THODUPUZHA, IDUKKI DIST., KERALA - 685608, Kerala, 685608",(NBEMS-DIPLOMA) ANAESTHESIOLOGY,Open,OBC,Allotted
1225,58759,All India,"STANLEY MEDICAL COLLEGE,STANLEY MEDICAL COLLEGE NO.1, OLD JAIL ROAD, CHENNAI-600001, Tamil Nadu, 600001",M.D. (PAEDIATRICS),ST,ST,Allotted
1226,58797,All India,"Dr. Rajendra Prasad Government Medical College, Tanda,Dr. Rajendra Prasad Government Medical College, Tanda, Himachal Pradesh, 176002",M.D. (ANAESTHESIOLOGY),SC,SC,Allotted
1227,58931,All India,"MAHARANI LAXMI BAI MEDICAL COLLEGE JHANSI,MAHARANI LAXMI BAI MEDICAL COLLEGE JHANSI, Uttar Pradesh, 284128",M.D. (ANAESTHESIOLOGY),SC,SC,Allotted
1228,58970,All India,"IPGME&R and SSKM Hospital Kolkata,244, Acharya J. C. Bose Road, Kolkata-700020, West Bengal, 700020",M.D. (PHYSICAL MED. and REHABILITATION),EWS,EWS,Allotted
1229,58974,DNB Quota,"NEOTIA GETWEL HEALTHCARE CENTRE, ,Uttorayon, Behind City Centre, Matigara, Siliguri, West Bengal, 734010",(NBEMS-DIPLOMA) ANAESTHESIOLOGY,Open,General,Allotted
1230,58981,All India,"Midnapore Medical College and Hospital,Midnapore Medical College and Hospital, West Bengal, 721101",M.S. (OPHTHALMOLOGY),SC,SC,Allotted
1231,59007,All India,"Rajmata Shrimati Devendra Kumari Singhdeo Government Medical College, Ambikapur,Kanyaparisar Road Gangapur Ambikapur District Surguja, Chhattisgarh, 497001",M.D. (ANAESTHESIOLOGY),SC,SC,Allotted
1232,59010,All India,"M. P. SHAH GOVERNMENT MEDICAL COLLEGE,M. P. SHAH GOVERNMENT MEDICAL COLLEGE, Gujarat, 361008",M.D. (PATHOLOGY),OBC,OBC,Allotted
1233,59032,All India,"Government Medical College,Theni ,Government Medical College,Theni, Tamil Nadu, 625512",M.D. (GENERAL MEDICINE),ST,ST,Allotted
1234,59039,All India,"Fakhruddin Ali Ahmed Medical College,Fakhruddin Ali Ahmed Medical College, Assam, 781301",M.D. (ANAESTHESIOLOGY),SC,SC,Allotted
1235,59107,DNB Quota,"Daga Memorial Women Government Hospital Nagpur, ,Ganjakhet gandhibagh nagpur, Maharashtra, 440008",(NBEMS-DIPLOMA) PAEDIATRICS,SC,SC,Allotted
1236,59109,DNB Quota,"Choudhury Eye Hospital And Research Centre, Assam,Shyamaprasad Road, Silchar-1, Assam, 788001",(NBEMS-DIPLOMA) OPHTHALMOLOGY,Open,General,Allotted
1237,59154,All India,"NAMO Medical Education and Research Institute, Dadra & Nagar Haveli & Daman & Diu,Sayli Road, Silvassa, DNH, Dadra And Nagar Haveli, 396230",M.S. (ORTHOPAEDICS),SC,SC,Allotted
1238,59212,DNB Quota,"Cachar Cancer Hospital and Research Centre, Assam,Cachar Cancer hospital and research Centre, Meherpur, Silchar, Assam, Assam, 788015",(NBEMS) Palliative Medicine,Open,General,Allotted
1239,59299,All India,"LOKMANYA TILAK MEDICAL COLLEGE MUMBAI,LOKMANYA TILAK MEDICAL COLLEGE MUMBAI, Maharashtra, 400022",DIPLOMA IN CHILD HEALTH/ PAEDIATRICS,SC,SC,Allotted
1240,59338,All India,"DARBHANGA MEDICAL COLLEGE,Sheetal Prasad Marg, Laheriasarai, Darbhanga, Bihar, Bihar, 846003",DIPLOMA IN ANAESTHESIOLOGY,EWS,EWS,Allotted
1241,59450,DNB Quota,"Dhir Hospital, ,DHIR HOSPITAL MEHAM GATE BHIWANI HARYANA 127021, Haryana, 127021",(NBEMS-DIPLOMA) OPHTHALMOLOGY,Open,General,Allotted
1242,59520,DNB Quota,"Anugraha Eye Hospital, ,NAVBHAG MAIN ROAD BEHIND CENTRAL BUS STAND NEAR SECAB COLLEGE VIJAYAPUR 586101, Karnataka, 586101",(NBEMS-DIPLOMA) OPHTHALMOLOGY,Open,OBC,Allotted
1243,59536,All India,"B. J. MEDICAL COLLEGE, Ahmedabad,B.J. Medical College, New Civil Hospital Asarwa,Ahmedabad-380016,Gujarat,India, Gujarat, 380016",M.D. IN TRANSFUSION MEDICINE/ IMMUNO- HAEMATOLOGY and BLOOD TRANSFUSION,OBC,OBC,Allotted
1244,59567,Delhi University Quota,"Maulana Azad Medical College,Maulana Azad Medical College, Delhi (NCT), 110002",M.D. (PREVENTIVE and SOCIAL MEDICINE)/ COMMUNITY MEDICINE,SC,SC,Allotted
1245,59594,All India,"Hinduhridayasamrat Balasaheb Thackeray Medical College and Dr. R. N. Cooper Municipal General Hospital, Maharashtra,HBT Medical College and Dr R N Cooper Municipal General Hospital, Bhaktivedanta Swami Rd, JVPD Schem, Maharashtra, 400056",M.D. (PREVENTIVE and SOCIAL MEDICINE)/ COMMUNITY MEDICINE,Open,OBC,Allotted
1246,59623,DNB Quota,"Aditya Birla Memorial Hospital, Maharashtra,Aditya Birla Hospital Marg, P.O.- Chinchwad, Pune, Maharashtra, 411033",(NBEMS-DIPLOMA) OPHTHALMOLOGY,Open,OBC,Allotted
1247,59813,DNB Quota,"GMERS Medical College and Hospital, Porbandar, (Formerly known as Bhavsinhji and Maharani Rupaliba General Hospital), Gujarat,Near S. T. Bus Stand, Opp. Bhutnath Temple, Hospital Road, Porbandar, Gujarat, 360575",(NBEMS-DIPLOMA) OPHTHALMOLOGY,Open,EWS,Allotted
1248,59829,Self-Financed Merit Seat,"SHRI. B. M. PATIL MEDICAL COLLEGE HOSPITAL AND RESEARCH CENTRE,SHRI. B. M. PATIL MEDICAL COLLEGE HOSPITAL AND RESEARCH CENTRE, SOLAPUR ROAD, VIJAYAPURA, Karnataka, 586103",M.D. (Obst. and Gynae)/MS (Obstetrics and Gynaecology),Open,OBC,Allotted
1249,59842,All India,"Veer Chandra Singh Garhwali Govt. Institute of Medical Science & Research,Veer Chandra Singh Garhwali Govt. Institute of Medical Science and Research, Srinagar Garhwal, Uttarakhand, 246174",M.D. (PATHOLOGY),Open,General,Allotted
1250,59843,All India,"MYSORE MEDICAL COLLEGE AND RESEARCH INSTITUTE,MYSORE MEDICAL COLLEGE AND RESEARCH INSTITUTE, Karnataka, 570001",M.D. (PAEDIATRICS),ST,ST,Allotted
1251,59844,All India,"Bangalore Medical College and Research Institute,Bangalore Medical College and Research Institute, Karnataka, 560002",M.D. (PREVENTIVE and SOCIAL MEDICINE)/ COMMUNITY MEDICINE,Open,General,Allotted
1252,59977,All India,"NIZAMS INSTITUTE OF MEDICAL SCIENCES,NIZAMS INSTITUTE OF MEDICAL SCIENCES PANJAGUTTA HYDERABAD, Telangana, 500082",M.D. IN TRANSFUSION MEDICINE/ IMMUNO- HAEMATOLOGY and BLOOD TRANSFUSION,Open,OBC,Allotted
1253,60048,DNB Quota,"General Hospital, Rajvant Palace Road, Near Rajendra High School, Rajpipla Dist: Narmada, Gujarat-393145,GMERS Medical College Rajpipla, Near Jakatnaka, Vadia Place Road,Rajpipla",(NBEMS) PATHOLOGY,Open,General,Allotted
1254,60098,All India,"JAWAHARLAL NEHRU MEDICAL COLLEGE, ALIGARH MUSLIM UNIVERSITY STATE UTTAR,JAWAHARLAL NEHRU MEDICAL COLLEGE, ALIGARH MUSLIM UNIVERSITY STATE UTTAR, Uttar Pradesh, 202002",M.D. (FORENSIC MEDICINE),Open,General,Allotted
1255,60137,All India,"Pandit Dindayal Upadhyay Medical College, RAJKOT,Pandit Dindayal Upadhyay Medical College, RAJKOT, Gujarat, 360001",M.D. (PATHOLOGY),OBC,OBC,Allotted
1256,60183,DNB Quota,"District Hospital ,DISTRICT HOSPITAL, ALIPURDUAR, HOSPITAL ROAD, WARD NO- XIII, ALIPURDUAR , PIN-736121, West Bengal, 736121",(NBEMS-DIPLOMA) Otorhinolaryngology (E.N.T.),Open,General,Allotted
1257,60187,DNB Quota,"Healthworld Hospital, ,Healthworld Hospitals [A Unit of Parashmani Medical Centre Pvt.Ltd.], C-49,Commercial Area, Opp. ESI, West Bengal, 713216",(NBEMS-DIPLOMA) Otorhinolaryngology (E.N.T.),Open,General,Allotted
1258,60330,Self-Financed Merit Seat,"K S Hegde Medical Academy, Mangaluru,K S Hegde Medical Academy, Nithyanandanagar, Deralakatte, Mangaluru, Karnataka, 575018",M.S. (GENERAL SURGERY),Open,General,Allotted
1259,60351,DNB Quota,"Christian Institute of Health Sciences and Research, ,4th Mile, Central Jail Road, Dimapur, Nagaland, 797115",(NBEMS) FAMILY MEDICINE,Open,OBC,Allotted
1260,60573,All India,"MEDICAL COLLEGE, KOLKATA,MEDICAL COLLEGE, KOLKATA, West Bengal, 700073",DIPLOMA IN OPHTHALMOLOGY/DOM S,Open,OBC,Allotted
1261,60610,DNB Quota,"District Hospital, ,District hospital chitradurga, B D road beside DHO office Chitradurga, Karnataka, 577501",(NBEMS-DIPLOMA) ANAESTHESIOLOGY,OBC,OBC,Allotted
1262,60676,DNB Quota,"UJALA CYGNUS BRIGHTSTAR HOSPITAL, SECTOR-16A, NEW MORADABAD TEHSIL MORADABAD DISTRICT MORADABAD, Uttar Pradesh-244001,Sector 16, New Moradabad, Moradabad, Uttar Pradesh 244102",(NBEMS-DIPLOMA) Otorhinolaryngology (E.N.T.),Open,General,Allotted
1263,60679,DNB Quota,"GMERS MEDICAL AND Hospital, Navsari, Gujarat-396445,M G G General Hospital, Opposite Jahangir Talkies, Station Road Navsari, Gujarat-396445",(NBEMS) ANAESTHESIOLOGY,SC,SC,Allotted
1264,60746,All India,"Sarojini Naidu Medical College, AGRA,Sarojini Naidu Medical College, AGRA, Uttar Pradesh, 282002",M.D. (PATHOLOGY),OBC,OBC,Allotted
1265,60754,All India,"Govt. Medical College, Bhavnagar,Near. S.T. Bus Stand,Jail Road, Bhavnagar-364001, Gujarat, 364001",M.D. (Obst. and Gynae)/MS (Obstetrics and Gynaecology),ST,ST,Allotted
1266,60761,DNB Quota,"Civil Hospital GURDASPUR, Punjab,smodhgsp@gmail.com, Punjab, 143521",(NBEMS-DIPLOMA) Obstetrics and Gynaecology,SC,SC,Allotted
1267,60771,All India,"Silchar Medical College, Silchar,Silchar Medical College, Silchar, Assam, 788014",M.D. (PATHOLOGY),Open,General,Allotted
1268,60826,All India,"Autonomous State Medical College, Shahjahanpur,Dharnipur, Jignera, Jalalabad road, Shahjahanpur, Uttar Pradesh, 242001",M.D. (PATHOLOGY),Open,General,Allotted
1269,60870,DNB Quota,"Government Medical College, Bettiah, West Champaran, Bihar-845438,Government Medical College, Bettiah, West Champaran",(NBEMS) ANAESTHESIOLOGY,SC,SC,Allotted
1270,60935,DNB Quota,"Infinity Care Hospital, 92, 93, Tagore Town, Panchkoshi Road, Orderly Bazaar, Varanasi Uttar Pradesh , Uttar Pradesh-221002,92, 93, Tagore Town, Panchkoshi Road, Orderly Bazaar, Varanasi - 221002",(NBEMS-DIPLOMA) ANAESTHESIOLOGY,Open,OBC,Allotted
1271,60979,DNB Quota,"DR ANIL KUMAR EYE HOSPITAL, SATTUR ROAD, OPP TO PRC BUS DEPOT, SEENIVASA NAGAR, Tamil Nadu-626189,DR ANIL KUMAR EYE HOSPITAL, OPP TO PRC BUS DEPOT, SEENIVASA NAGAR SATTUR ROAD, SIVAKASI",(NBEMS-DIPLOMA) OPHTHALMOLOGY,Open,OBC,Allotted
1272,60983,DNB Quota,"General Hospital, Gujarat,Salaya Char Rasta, Near Reliance Circle, HarsadPur,Ta-Jamkhambhaliya, Dist-DevbhumiDwarka-361305, Gujarat, 361305",(NBEMS-DIPLOMA) ANAESTHESIOLOGY,Open,OBC,Allotted
1273,61029,All India,"RAICHUR INSTITUTE OF MEDICAL SCIENCES, kARNATKA,RAICHUR INSTITUTE OF MEDICAL SCIENCES, Karnataka, 584102",M.D. (PATHOLOGY),Open,OBC,Allotted
1274,61142,DNB Quota,"District Headquarter Hospital, Kalahandi, Bhawanipatna, Odisha-760001,District headquarter hospital kalahandi near sbi bank",(NBEMS-DIPLOMA) PAEDIATRICS,SC,SC,Allotted
1275,61319,DNB Quota,"Government Medical College,Maharashtra,Near civil hospital, Oros, taluka kudal, sindhudurg , Maharashtra, Maharashtra, 416812",(NBEMS-DIPLOMA) ANAESTHESIOLOGY,OBC,OBC,Allotted
1276,61377,All India,"GOA MEDICAL COLLEGE,Bambolim, Goa, Goa, 403202",M.D. (PATHOLOGY),OBC,OBC,Allotted
1277,62039,DNB Quota,"ALL IS WELL MULTI SPECIALITY HOSPITAL,Madhya Pradesh,Near Macro Vision Academy, Mohammadpura, Burhanpur, Madhya Pradesh, 450331",(NBEMS-DIPLOMA) ANAESTHESIOLOGY,Open,OBC,Allotted
1278,62045,All India,"Government Medical College, Latur,Government Medical College, Old Railway station Near Marwadi Rajasthani High-School Latur, Maharashtra, 413512",M.D. (PHARMACOLOGY),OBC,OBC,Allotted
1279,62049,DNB Quota,"Mallige Medical Centre, ,No 31 32 Crescent Road Bangalore 560001, Karnataka, 560001",(NBEMS-DIPLOMA) ANAESTHESIOLOGY,Open,General,Allotted
1280,62106,DNB Quota,"K S HOSPITAL, Karnataka,9-13-1270, M B DIWATAR NAGAR, HOSPET ROAD, KOPPAL, Karnataka, 583231",(NBEMS-DIPLOMA) ANAESTHESIOLOGY,Open,General,Allotted
1281,62149,Armed Forces Medical,"Army Hospital (Research & Referral), Delhi,Dhaula Kuan New Delhi - 110010, Delhi (NCT), 110010",M.D. (MICROBIOLOGY),Open,General,Allotted( AFMS Rank : 16536 )
1282,62228,All India,"GOVERNMENT MEDICAL COLLEGE KADAPA (FORMERLY RAJIV GANDHI INSTITUTE OF MEDICAL SCIENCES, KADAPA),GOVERNMENT MEDICAL COLLEGE KADAPA (FORMERLY RIMS KADAPA), Andhra Pradesh, 516002",M.D. (PATHOLOGY),OBC,OBC,Allotted
1283,62465,DNB Quota,"VCSG Govt Institute of Medical Science and Research and HNB Base Teaching Hospital , ,Srikot Ganganali Srinagar Garhwal Uttarakhand, Uttarakhand, 246174",(NBEMS-DIPLOMA) ANAESTHESIOLOGY,Open,OBC,Allotted
1284,62478,DNB Quota,"District Hospital, Dholpur,Old City Road Dholpur, Rajasthan, 328001",(NBEMS-DIPLOMA) ANAESTHESIOLOGY,OBC,OBC,Allotted
1285,62522,All India,"Tezpur Medical College,Tumuki, Bihaguri, Tezpur, Sonitpur, Assam, Assam, 784010",M.D. (PAEDIATRICS),ST,ST,Allotted
1286,62573,Self-Financed Merit Seat,"SHRI. B. M. PATIL MEDICAL COLLEGE HOSPITAL AND RESEARCH CENTRE,SHRI. B. M. PATIL MEDICAL COLLEGE HOSPITAL AND RESEARCH CENTRE, SOLAPUR ROAD, VIJAYAPURA, Karnataka, 586103",M.D. (Obst. and Gynae)/MS (Obstetrics and Gynaecology),Open,General,Allotted
1287,62609,All India,"GOVT MEDICAL COLLEGE,THRISSUR,GOVT MEDICAL COLLEGE,THRISSUR, Kerala, 680596",M.D. (Obst. and Gynae)/MS (Obstetrics and Gynaecology),ST,ST,Allotted
1288,62659,DNB Quota,"FIMS HOSPITAL(FRANK INSTITUTE OF MEDICAL SCIENCES), Haryana,Sonipat- Bahalgarh Road, Sonipat-NCR, Sonipat, Haryana, 131001",(NBEMS-DIPLOMA) ANAESTHESIOLOGY,Open,General,Allotted
1289,62707,All India,"INSTITUTE OF MEDICAL SCIENCES, BANARAS HINDU UNIVERSITY,INSTITUTE OF MEDICAL SCIENCES, BANARAS HINDU UNIVERSITY, Uttar Pradesh, 221005",M.D. (MICROBIOLOGY),OBC,OBC,Allotted
1290,62790,DNB Quota,"Bhima Bhoi Medical College and Hospital, Balangir,At-Laltikra Po-Rajendra College, Balangir, Odisha, 767002",(NBEMS-DIPLOMA) ANAESTHESIOLOGY,OBC,OBC,Allotted
1291,62791,DNB Quota,"Naga Hospital Authority, Nagaland-0,NH-29, Hospital Colony, Kohima, Nagaland 797001, Nagaland, 797001",(NBEMS-DIPLOMA) Otorhinolaryngology (E.N.T.),Open,General,Allotted
1292,62906,All India,"University College of Medical Sciences,University College of Medical Sciences, Delhi (NCT), 110095",M.D. (PATHOLOGY),EWS,EWS,Allotted
1293,62983,DNB Quota,"Government District General Hospital, ,O/o. Medical Superintendent, Government District General Hospital, Contonment, Vizianagaram, Andhra Pradesh, 535003",(NBEMS-DIPLOMA) Otorhinolaryngology (E.N.T.),OBC,OBC,Allotted
1294,63190,DNB Quota,"Prakash Netralaya and Retina Foundation, HIG 06, Avantika Phase II, Ram Ghat Road, Aligarh , Uttar Pradesh-202001,206 Classic Homes, Marris Road",(NBEMS-DIPLOMA) OPHTHALMOLOGY,Open,General,Allotted
1295,63495,DNB Quota,"R.L. Jalappa Hospital and Research Centre, Sri Devaraj Urs Academy of Higher Education and Research, Tamaka, Kolar , Karnataka-563103,R L Jalappa Hospital & Research Centre, Sri Devaraj Urs Academy of Higher Education & Research, Tamaka",(NBEMS) IMMUNO- HAEMATOLOGY AND BLOOD TRANSFUSION,Open,OBC,Allotted
1296,63589,DNB Quota,"Medivision Eye and Health Care Centre, ,10-3-304/1 to 4, Indira Sadan,Humayun Nagar, Near NMDC, Hyderabad., Telangana, 500028",(NBEMS-DIPLOMA) OPHTHALMOLOGY,Open,OBC,Allotted
1297,63593,All India,"Jorhat Medical College & Hospital,Jorhat Medical College & Hospital, Assam, 785001",M.D. (ANAESTHESIOLOGY),SC,SC,Allotted
1298,63663,DNB Quota,"GMERS Medical College and Hospital, ,GMERS Medical College Valsad,Nanakwada Halar Road,Valsad ,Gujarat, Gujarat, 396001",(NBEMS) ANAESTHESIOLOGY,SC,SC,Allotted
1299,63718,DNB Quota,"Hindu Rao Hospital, ,SUBZI MANDI, MALKA GANJ, DELHI-110007, Delhi (NCT), 110007",(NBEMS) PATHOLOGY,EWS,EWS,Allotted
1300,63880,DNB Quota,"Ranaghat Sub Division Hospital, West Bengal,Jagpur Road, West Bengal, 741255",(NBEMS-DIPLOMA) Obstetrics and Gynaecology,SC,SC,Allotted
1301,64062,DNB Quota,"Bangalore Baptist Hospital, ,Bangalore Baptist Hospital, Bellary Road, Hebbal, Bangalore - 560024, Karnataka, 560024",(NBEMS-DIPLOMA) FAMILY MEDICINE,Open,OBC,Allotted
1302,64148,All India,"Gandhi Medical College, Bhopal,Gandhi Medical College, Bhopal, Madhya Pradesh, 462001",M.D. (PATHOLOGY),SC,SC,Allotted
1303,64152,All India,"Government Medical College Kanth Bagh Baramulla,Kanth Bagh Baramulla",M.D. (PAEDIATRICS),ST,ST,Allotted
1304,64314,DNB Quota,"Government District Hospital,,POOLBAGH ROAD,NEAR FRUIT MARKET,ANAKAPALLI,VISAKHAPATNAM,ANDHRAPRADESH., Andhra Pradesh, 531001",(NBEMS-DIPLOMA) OPHTHALMOLOGY,OBC,OBC,Allotted
1305,64377,DNB Quota,"District Hospital, Ballari,DISTRICT HOSPITAL NEAR SANGAM CIRCLE DR RAJ KUMAR ROAD BALLARI-583101 KARNATAKA, Karnataka, 583101",(NBEMS-DIPLOMA) FAMILY MEDICINE,Open,OBC,Allotted
1306,64538,All India,"KING GEORGES MEDICAL UNIVERSITY,KING GEORGES MEDICAL UNIVERSITY, Shahmeena Road, Chowk, Lucknow-226003, Uttar Pradesh, 226003",M.S. (GENERAL SURGERY),ST,ST,Allotted
1307,64720,DNB Quota,"Tomo Riba Institute of Health and Medical Sciences,,TRIHMS. Old Assembly Block. Near Rajiv Gandhi Stadium. Naharlagun-791110. Arunachal Pradesh, Arunachal Pradesh, 791110",(NBEMS-DIPLOMA) OPHTHALMOLOGY,Open,General,Allotted
1308,64743,All India,"Government Medical College, Vizianagaram,Opp. Central Tribal University, JNTU Junction, Gajularega, Vizianagaram, Andhra Pradesh",M.D. (PAEDIATRICS),ST,ST,Allotted
1309,64752,All India,"VARDHMAN INSTITUTE OF MEDICAL SCIENCES, NALANDA,BMIMS CAMPUS, PAWAPURI, NALANDA, Bihar, 803115",M.D. (PATHOLOGY),Open,General,Allotted
1310,64786,All India,"GOVT. MEDICAL COLLEGE, THIRUVANANTHAPURAM,GOVT. MEDICAL COLLEGE, THIRUVANANTHAPURAM, Kerala, 695011",M.D. (MICROBIOLOGY),Open,General,Allotted
1311,64859,All India,"Thiruvarur Govt.Medical College,Thiruvarur Govt.Medical College, Master Plan Complex, Vilamal, Thiruvarur -610004, Tamil Nadu, 610004",M.D. (GENERAL MEDICINE),ST,ST,Allotted
1312,65003,DNB Quota,"General Hospital, ,SECTOR-6, PANCHKULA, HARYANA-134108, Haryana, 134108",(NBEMS-DIPLOMA) FAMILY MEDICINE,OBC,OBC,Allotted
1313,65044,All India,"Osmania Medical Collge,5-1-876, Turrebaz Khan Rd, Troop Bazaar, Koti, Hyderabad, Telangana, Telangana, 500095",M.D. (Hospital Administration),OBC,OBC,Allotted
1314,65045,DNB Quota,"Asian Vivekanand Super Speciality Hospital, Moradabad, Uttar Pradesh ,Asian Vivekanand Super Specialty Hospital Kanth Road, Moradabad Uttar Pradesh- 244001, Uttar Pradesh, 244001",(NBEMS-DIPLOMA) ANAESTHESIOLOGY,Open,OBC,Allotted
1315,65156,Self-Financed Merit Seat,"Chettinad Hospital and Research Institute,Rajiv Gandhi Salai, Kelambakkam, Chengalpattu District, Tamil Nadu, 603103",M.D. (GENERAL MEDICINE),Open,OBC,Allotted
1316,65321,DNB Quota,"Jai Prakash District Government Hospital, ,Jai Prakash District Goverment Hospital, 1250, Link Road No.2 Tulsi Nagar, Shivaji Nagar, Bhopal,, Madhya Pradesh, 462001",(NBEMS-DIPLOMA) PAEDIATRICS,SC,SC,Allotted
1317,65333,All India,"Osmania Medical Collge,5-1-876, Turrebaz Khan Rd, Troop Bazaar, Koti, Hyderabad, Telangana, Telangana, 500095",M.D. (MICROBIOLOGY),Open,General,Allotted
1318,65433,DNB Quota,"SHRI JAGANNATH MEDICAL COLLEGE AND HOSPITAL, PURI, AT/PO- BALIGUALI, PURI, Odisha-752002,AT/PO- BALIGUALI, PURI",(NBEMS) ANAESTHESIOLOGY,SC,SC,Allotted
1319,65497,DNB Quota,"Government Medical College, Makeshift Campus Bye pass Road. Handwara Distt.: Kupwara, Jammu and Kashmir-193221,Makeshift Campus, Bypass Road, Handwara, Kupwara, J&K",(NBEMS) ANAESTHESIOLOGY,SC,SC,Allotted
1320,65546,All India,"Shaikh-Ul-Hind Maulana Mahmood Hasan Medical College, Saharanpur,Pilkhani Ambala Road, Uttar Pradesh, 247232",M.D. (Obst. and Gynae)/MS (Obstetrics and Gynaecology),ST,ST,Allotted
1321,65609,DNB Quota,"District Hospital, Dholpur,Old City Road Dholpur, Rajasthan, 328001",(NBEMS-DIPLOMA) OPHTHALMOLOGY,Open,EWS,Allotted
1322,65779,Delhi University Quota,"University College of Medical Sciences,University College of Medical Sciences, Delhi (NCT), 110095",M.D. (PREVENTIVE and SOCIAL MEDICINE)/ COMMUNITY MEDICINE,Open,SC,Allotted
1323,65877,DNB Quota,"BASEL MISSION CSI HOSPITAL, Karnataka ,Near Ambabavani Circle, PB Road, Gadag-Betageri, Gadag, Karnataka, Karnataka, 582102",(NBEMS-DIPLOMA) FAMILY MEDICINE,Open,General,Allotted
1324,65998,All India,"Baba Raghav Das Medical College,Baba Raghav Das Medical College, Gorakhpur, Uttar Pradesh, 273013",M.D. (PATHOLOGY),SC,SC,Allotted
1325,66026,DNB Quota,"LINK HOSPITAL, Gwalior, Madhya Pradesh ,Plot No. C-1 Green South Avenue , Shivpuri Link Road Gwalior, Madhya Pradesh, 474001",(NBEMS-DIPLOMA) ANAESTHESIOLOGY,Open,OBC,Allotted
1326,66082,Self-Financed Merit Seat,"Yenepoya Medical College,Yenepoya Medical College, Karnataka, 575018",M.D. (GENERAL MEDICINE),Open,General,Allotted
1327,66132,DNB Quota,"Rao Tula Ram Memorial hospital, GNCTD Jafferpur , Delhi Delhi , Delhi-110043,Rao Tula Ram Memorial Hospital, Jaffarpur",(NBEMS-DIPLOMA) FAMILY MEDICINE,SC,SC,Allotted
1328,66156,DNB Quota,"AUTONOMOUS STATE MEDICAL COLLEGE, ,RAJARSHI DASHRATH AUTONOMOUS STATE MEDICAL COLLEGE VILL- GANJA, POST- DABHA SEMAR, DISTRICT- AYODHYA, Uttar Pradesh, 224133",(NBEMS-DIPLOMA) PAEDIATRICS,SC,SC,Allotted
1329,66198,DNB Quota,"Bhima Bhoi Medical College and Hospital, Balangir,At-Laltikra Po-Rajendra College, Balangir, Odisha, 767002",(NBEMS) ANAESTHESIOLOGY,SC,SC,Allotted
1330,66251,DNB Quota,"Vivekananda Polyclinic and Institute of Medical Sciences, ,Vivekananda Polyclinic and Institute of Medical Sciences, Vivekananda Puram, Lucknow, Uttar Pradesh, 226007",(NBEMS-DIPLOMA) ANAESTHESIOLOGY,Open,OBC,Allotted
1331,66259,All India,"JAWAHARLAL NEHRU MEDICAL COLLEGE, ALIGARH MUSLIM UNIVERSITY STATE UTTAR,JAWAHARLAL NEHRU MEDICAL COLLEGE, ALIGARH MUSLIM UNIVERSITY STATE UTTAR, Uttar Pradesh, 202002",M.D. (PHARMACOLOGY),Open,General,Allotted
1332,66298,All India,"Sarojini Naidu Medical College, AGRA,Sarojini Naidu Medical College, AGRA, Uttar Pradesh, 282002",M.D. (Tuberculosis and Respiratory diseases)/Pulmonary Medicine /M.D. (Respiratory Medicine),ST,ST,Allotted
1333,66446,DNB Quota,"Krishna Institute of Medical Sciences, ,academics@kimshospitals.com, Telangana, 500003",(NBEMS) PATHOLOGY,Open,General,Allotted
1334,66479,All India,"JAWAHARLAL NEHRU MEDICAL COLLEGE, BHAGALPUR,JAWAHARLAL NEHRU MEDICAL COLLEGE, BHAGALPUR, Bihar, 812001",M.D. (PATHOLOGY),Open,OBC,Allotted
1335,66499,All India,"Moti Lal Nehru Medical College,Moti Lal Nehru Medical College, Uttar Pradesh, 211001",M.D. (PATHOLOGY),EWS,EWS,Allotted
1336,66518,DNB Quota,"Govt. District Civil Hospital, ,DIS GOVT HOSPITAL, SRI GANGANAGAR, Rajasthan, 335001",(NBEMS-DIPLOMA) Otorhinolaryngology (E.N.T.),OBC,OBC,Allotted
1337,66520,DNB Quota,"Central Hospital, ,Central Hospital, P.O- Jagjiwan Nagar, Dist- Dhanbad, Pin-826003, Jharkhand, 826003",(NBEMS) ANAESTHESIOLOGY,SC,SC,Allotted
1338,66623,DNB Quota,"Shri Shiv Prasad Gupta Divisional District Hospital, ,Kabir Chaura, Lohatiya, Varanasi, Uttar Pradesh, 221001",(NBEMS-DIPLOMA) OPHTHALMOLOGY,OBC,OBC,Allotted
1339,66653,DNB Quota,"ANUGRAH NARAYAN MAGDH MEDICAL COLLEGE GAYA, SHERGHATI ROAD, GAYA, Bihar-823001,Sherghati Road",(NBEMS) COMMUNITY MEDICINE,OBC,OBC,Allotted
1340,66662,All India,"Government Medical College, Gondia,Nehru Chowk, KTS General Hospital Campus, Govt. Medical College, Gondia. 441601. Maharashtra., Maharashtra, 441601",M.D. (PATHOLOGY),OBC,OBC,Allotted
1341,66678,DNB Quota,"District Hospital, Andhra Pradesh,Yerraguntla By pass Road, Proddatur, YSR Kadapa District, Andhra Pradesh, 516360",(NBEMS-DIPLOMA) OPHTHALMOLOGY,OBC,OBC,Allotted
1342,66868,DNB Quota,"DISTRICT HOSPITAL, MAIN BAZAAR, MOGA, Punjab, Punjab-142001,",(NBEMS-DIPLOMA) PAEDIATRICS,SC,SC,Allotted
1343,66893,DNB Quota,"Autonomous State Medical College and Allied Pandit Ram Prasad Bismil Memorial Hospital, ,ASMC, JIGNERA, kanth road, shahjahanpur, Uttar Pradesh, 242001",(NBEMS-DIPLOMA) FAMILY MEDICINE,Open,General,Allotted
1344,66957,DNB Quota,"BOLPUR SUB DIVISION HOSPITAL , West Benga,NANOOR CHANDIDAS ROAD, BOLPUR, BIRBHUM , West Bengal-731204",(NBEMS-DIPLOMA) Tuberculosis and CHEST DISEASES,SC,SC,Allotted
1345,66962,DNB Quota,"BOLPUR SUB DIVISION HOSPITAL , West Benga,NANOOR CHANDIDAS ROAD, BOLPUR, BIRBHUM , West Bengal-731204",(NBEMS-DIPLOMA) ANAESTHESIOLOGY,Open,General,Allotted
1346,67122,DNB Quota,"Kerudi Hospital and Research Centre, Karnataka,opp axis bank extension area bagalkot, Karnataka, 587101",(NBEMS-DIPLOMA) ANAESTHESIOLOGY,Open,OBC,Allotted
1347,67223,DNB Quota,"Delhi Hospital And Nursing Home, Haryana,METRO PILLAR NO. 812 NEAR SHYAMJI COMPLEX BAHADURGARH DIST JHAJJAR-124507, Haryana, 124507",(NBEMS-DIPLOMA) ANAESTHESIOLOGY,Open,General,Allotted
1348,67247,All India,"BIDAR INSTITUTE OF MEDICAL SCIENCES, BIDAR,BIDAR INSTITUTE OF MEDICAL SCIENCES, BIDAR, Karnataka, 585401",M.D. (PATHOLOGY),OBC,OBC,Allotted
1349,67290,All India,"RUHS COLLEGE OF MEDICAL SCIENCES,RUHS COLLEGE OF MEDICAL SCIENCES, SECTOR-11, KUMBHA MARG, PRATAP NAGAR, TONK ROAD, JAIPUR, Rajasthan, 302033",M.D. (BIOCHEMISTRY),Open,General,Allotted
1350,67298,All India,"MEDICAL COLLEGE, KOLKATA,MEDICAL COLLEGE, KOLKATA, West Bengal, 700073",DIP.IN GYNAE. and OBST.,SC,SC,Allotted
1351,67377,All India,"Osmania Medical Collge,5-1-876, Turrebaz Khan Rd, Troop Bazaar, Koti, Hyderabad, Telangana, Telangana, 500095",DIPLOMA IN OPHTHALMOLOGY/DOM S,SC,SC,Allotted
1352,67478,DNB Quota,"GMERS Medical College and Hospital, ,GMERS Medical College Valsad,Nanakwada Halar Road,Valsad ,Gujarat, Gujarat, 396001",(NBEMS-DIPLOMA) RADIO-DIAGNOSIS,ST,ST,Allotted
1353,67594,All India,"Atal Bihari Vajpayee Government Medical College, Vidisha,NH 86 INFRONT OF KHEL PARISAR SANCHI ROAD VIDISHA MP, Madhya Pradesh, 464001",M.D. (PREVENTIVE and SOCIAL MEDICINE)/ COMMUNITY MEDICINE,Open,OBC,Allotted
1354,67643,DNB Quota,"District Hospital, Sagar, Madhya Pradesh,shivaji ward tilli road sagar, Madhya Pradesh, 470002",(NBEMS-DIPLOMA) PAEDIATRICS,SC,SC,Allotted
1355,67661,All India,"MADURAI MEDICAL COLLEGE,MADURAI MEDICAL COLLEGE, Tamil Nadu, 625020",M.D. (FORENSIC MEDICINE),OBC,OBC,Allotted
1356,67802,All India,"Pandit Dindayal Upadhyay Medical College, RAJKOT,Pandit Dindayal Upadhyay Medical College, RAJKOT, Gujarat, 360001",M.S. (GENERAL SURGERY),ST,ST,Allotted
1357,67848,All India,"Dr. Rajendra Prasad Government Medical College, Tanda,Dr. Rajendra Prasad Government Medical College, Tanda, Himachal Pradesh, 176002",M.D. (Obst. and Gynae)/MS (Obstetrics and Gynaecology),ST,ST,Allotted
1358,67878,All India,"Calcutta School Of Tropical Medicine,Calcutta School of Tropical Medicine 108, C.R.Avenue , Kolkata-700073, West Bengal, 700073",DIPLOMA IN CLINICAL PATHOLOGY,Open,OBC,Allotted
1359,67970,All India,"GOVERNMENT MEDICAL COLLEGE, CHHINDWARA,M.P,MANDHATA COLONY, KHAJRI ROAD,CHHINDWARA,M.P.",M.D. (PATHOLOGY),Open,General,Allotted
1360,68034,DNB Quota,"NETRODAYA THE EYE CITY LLP,Uttar Pradesh,Near Dafi Toll Plaza, NH-2, Varanasi, Uttar Pradesh, 221008",(NBEMS-DIPLOMA) OPHTHALMOLOGY,Open,General,Allotted
1361,68059,All India,"SHIMOGA INSTITUTE OF MEDICAL SCIENCES,SHIMOGA INSTITUTE OF MEDICAL SCIENCES, Karnataka, 577201",M.D. (PATHOLOGY),Open,General,Allotted
1362,68074,All India,"MEDICAL COLLEGE, KOLKATA,MEDICAL COLLEGE, KOLKATA, West Bengal, 700073",M.D. (PREVENTIVE and SOCIAL MEDICINE)/ COMMUNITY MEDICINE,Open,General,Allotted
1363,68104,DNB Quota,"Pushpanjali Hospital and Research Centre, Uttar Pradesh,Pushpanjali Hospital and Research Centre Pvt Ltd Pushpanjali Palace, Delhi Gate, Agra, Uttar Pradesh, 282002",(NBEMS-DIPLOMA) FAMILY MEDICINE,Open,General,Allotted
1364,68132,DNB Quota,"District Hospital, SIROHI,GOVT. HOSPITAL, PLACE ROAD ,SIROHI, Rajasthan, 307001",DIPLOMA IN ANAESTHESIOLOGY,SC,SC,Allotted
1365,68180,DNB Quota,"Trustwell Hospitals Pvt. Ltd, ,NO 5 Chandrika Tower JC Road Bangalore, Karnataka, 560002",(NBEMS-DIPLOMA) FAMILY MEDICINE,Open,OBC,Allotted
1366,68197,DNB Quota,"Dr. P.K. Saha Hospital Pvt. Ltd., Bairagi Dighi By Lane, Cooch Behar, West Bengal- 736101,Dr. P.K. Saha Hospital Pvt. Ltd. Bairagi Dighi By lane, Cooch Behar, West Bengal, PIN- 736101",(NBEMS-DIPLOMA) ANAESTHESIOLOGY,Open,OBC,Allotted
1367,68320,DNB Quota,"General Hospital, ,SECTOR-6, PANCHKULA, HARYANA-134108, Haryana, 134108",(NBEMS) Hospital Administration,Open,General,Allotted
1368,68375,All India,"Government Medical College, Nagpur,Government Medical College, Nagpur, Maharashtra, 440003",M.D. (PHARMACOLOGY),SC,SC,Allotted
1369,68390,DNB Quota,"Mata Kaushalya Governement Hospital, ,NEAR DISTRICT COURT LAHORI GATE PATIALA, Punjab, 147001",(NBEMS-DIPLOMA) ANAESTHESIOLOGY,Open,General,Allotted
1370,68447,DNB Quota,"Christian Institute of Health Sciences and Research, ,4th Mile, Central Jail Road, Dimapur, Nagaland, 797115",(NBEMS-DIPLOMA) ANAESTHESIOLOGY,Open,General,Allotted
1371,68453,DNB Quota,"Yashvedh Healthcare Services, Andhra Pradesh,Gaigolupadu Junction Kakinada, Andhra Pradesh, 533005",(NBEMS-DIPLOMA) OPHTHALMOLOGY,Open,EWS,Allotted
1372,68520,DNB Quota,"Nanjappa Hospital, Karnataka,#660, Kuvempu Road, Shimoga, Karnataka, 577201",(NBEMS-DIPLOMA) ANAESTHESIOLOGY,Open,OBC,Allotted
1373,68597,DNB Quota,"EYE CARE AZAMGARH PVT LTD, SARAY MANDRAJ BHAWARNATH, AZAMGARH, Uttar Pradesh-276001,EYE CARE AZAMGARH PVT LTD,SARAY MANDRAJ BHAWARNATH, AZAMGARH Uttar Pradesh",(NBEMS-DIPLOMA) OPHTHALMOLOGY,Open,General,Allotted
1374,68648,DNB Quota,"Capital Hospital, Orissa,director.chb@gmail.com, Odisha, 751001",(NBEMS-DIPLOMA) OPHTHALMOLOGY,OBC,OBC,Allotted
1375,68726,All India,"BPS Govt. Medical College for Women, Khanpur Kalan Sonepat,BPS Govt. Medical College for Women, Khanpur Kalan Sonepat, Haryana, 131305",M.D. (PHARMACOLOGY),Open,OBC,Allotted
1376,68748,All India,"Government Medical College, Surat,Government Medical College, Majuragate, Surat., Gujarat, 395001",M.D. IN TRANSFUSION MEDICINE/ IMMUNO- HAEMATOLOGY and BLOOD TRANSFUSION,OBC,OBC,Allotted
1377,68763,All India,"MADURAI MEDICAL COLLEGE,MADURAI MEDICAL COLLEGE, Tamil Nadu, 625020",M.D. (PATHOLOGY),SC,SC,Allotted
1378,68800,All India,"Autonomous State Medical College, Firozabad,Autonomous State Medical College Society and S.N.M District Hospital,DAULATTAPUR JALESAR ROAD NARKHI, Uttar Pradesh, 283203",M.D. (PATHOLOGY),Open,General,Allotted
1379,68820,All India,"M. P. SHAH GOVERNMENT MEDICAL COLLEGE,M. P. SHAH GOVERNMENT MEDICAL COLLEGE, Gujarat, 361008",M.D. (PATHOLOGY),EWS,EWS,Allotted
1380,69049,DNB Quota,"Sub Division Hospital, ,Opp Town Police Station Gangavathi Dist Koppal, Karnataka, 583227",(NBEMS-DIPLOMA) FAMILY MEDICINE,Open,General,Allotted
1381,69075,DNB Quota,"District Hospital ,DISTRICT HOSPITAL, ALIPURDUAR, HOSPITAL ROAD, WARD NO- XIII, ALIPURDUAR , PIN-736121, West Bengal, 736121",(NBEMS-DIPLOMA) ANAESTHESIOLOGY,OBC,OBC,Allotted
1382,69478,DNB Quota,"AIG Hospital,Door No: 1-66/AIG/2 to 5 Mindspace Road, Gachibowli,Hyderabad, Telangana, 500032",(NBEMS) Hospital Administration,Open,General,Allotted
1383,69502,All India,"Bankura Sammilani Medical College,Bankura Sammilani Medical College, West Bengal, 722102",M.D. (PREVENTIVE and SOCIAL MEDICINE)/ COMMUNITY MEDICINE,Open,General,Allotted
1384,69624,All India,"GOVERNMENT MEDICAL COLLEGE - KANNUR,GOVERNMENT MEDICAL COLLEGE - KANNUR, Kerala, 670503",M.D. (MICROBIOLOGY),OBC,OBC,Allotted
1385,69699,DNB Quota,"Government Medical College, Makeshift Campus Bye pass Road. Handwara Distt.: Kupwara, Jammu and Kashmir-193221,Makeshift Campus, Bypass Road, Handwara, Kupwara, J&K",(NBEMS) PATHOLOGY,Open,General,Allotted
1386,69763,Self-Financed Merit Seat,"K S Hegde Medical Academy, Mangaluru,K S Hegde Medical Academy, Nithyanandanagar, Deralakatte, Mangaluru, Karnataka, 575018",M.S. (GENERAL SURGERY),Open,EWS,Allotted
1387,69777,Self-Financed Merit Seat,"JSS Medical College, Mysuru,JSS Medical Institutions Campus Sri Shivarathreeshwara Nagar Bannimantap Mysuru, Karnataka, 570015",M.S. (GENERAL SURGERY),Open,General,Allotted
1388,69828,All India,"Seth Gordhandas Sunderdas Medical College, MUMBAI,Seth Gordhandas Sunderdas Medical College, Acharya Donde Marg Parel MUMBAI, Maharashtra, 400012",M.D. (PHYSIOLOGY),OBC,OBC,Allotted
1389,69847,All India,"JAWAHAR LAL NEHRU MEDICAL COLLEGE, AJMER,NEAR PATEL STADIUM, AJMER, Rajasthan, 305001",M.D. (PALLIATIVE MEDICINE),SC,SC,Allotted
1390,69974,Self-Financed Merit Seat,"Datta Meghe Medical College Wanadongri, Nagpur,Datta Meghe Medical College, Wanadongri, Hingna Road, Nagpur, Maharashtra, 441110",M.D. (Obst. and Gynae)/MS (Obstetrics and Gynaecology),Open,General,Allotted
1391,69986,All India,"Autonomous State Medical College, Shahjahanpur,Dharnipur, Jignera, Jalalabad road, Shahjahanpur, Uttar Pradesh, 242001",M.D. (PATHOLOGY),Open,General,Allotted
1392,69998,Self-Financed Merit Seat,"Institute of Medical Sciences and SUM Hospital, Bhubaneswar,Institute of Medical Sciences and SUM Hospital K 8 Kalinga Nagar PO Mahalaxmi Vihar Bhubaneswar, Odisha, 751029",M.S. (ORTHOPAEDICS),Open,General,Allotted
1393,69999,All India,"Gulbarga Institute Of Medical Sciences, Kalaburagi,VEERESH NAGAR SEDAM ROAD KALABURAGI, Karnataka, 585105",M.D. (PHARMACOLOGY),Open,OBC,Allotted
1394,70034,All India,"GOVERNMENT VILLUPURAM MEDICAL COLLEGE, VILLUPURAM,GOVERNMENT VILLUPURAM MEDICAL COLLEGE VILLUPURAM TRICHY TRUNK ROAD MUNDIYAMPAKKAM VILLUPURAM DISTR, Tamil Nadu, 605601",M.D. (PAEDIATRICS),ST,ST,Allotted
1395,70055,DNB Quota,"Apollo Gleneagles Hospital, ,58 Canal Circular Road Kolkata 700054, West Bengal, 700054",(NBEMS) IMMUNO- HAEMATOLOGY AND BLOOD TRANSFUSION,Open,General,Allotted
1396,70193,All India,"IPGME&R and SSKM Hospital Kolkata,244, Acharya J. C. Bose Road, Kolkata-700020, West Bengal, 700020",M.D. (PHYSICAL MED. and REHABILITATION),SC,SC,Allotted
1397,70209,DNB Quota,"Goverment District Hospital Bundi, ,IN FRONT OF COLLECTORATE BUNDI, Rajasthan, 323001",(NBEMS-DIPLOMA) FAMILY MEDICINE,Open,SC,Allotted
1398,70309,All India,"INSTITUTE OF MEDICAL SCIENCES, BANARAS HINDU UNIVERSITY,INSTITUTE OF MEDICAL SCIENCES, BANARAS HINDU UNIVERSITY, Uttar Pradesh, 221005",M.D. (PHYSIOLOGY),Open,General,Allotted
1399,70331,All India,"Govt. Medical College, Jammu,Govt. Medical College, Bakshi Nagar, Jamu, Jammu And Kashmir, 180001",M.D. IN TRANSFUSION MEDICINE/ IMMUNO- HAEMATOLOGY and BLOOD TRANSFUSION,OBC,OBC,Allotted
1400,70545,All India,"NAMO Medical Education and Research Institute, Dadra & Nagar Haveli & Daman & Diu,Sayli Road, Silvassa, DNH, Dadra And Nagar Haveli, 396230",M.D. (PATHOLOGY),Open,General,Allotted
1401,70722,DNB Quota,"BOLPUR SUB DIVISION HOSPITAL , West Benga,NANOOR CHANDIDAS ROAD, BOLPUR, BIRBHUM , West Bengal-731204",(NBEMS-DIPLOMA) OPHTHALMOLOGY,Open,General,Allotted
1402,70882,DNB Quota,"Distt. Hospital Shivpuri, Distt. Hospital Shivpuri Madhya Pradesh, Madhya Pradesh- 473551,Near Pologround shivpuri",(NBEMS-DIPLOMA) ANAESTHESIOLOGY,Open,OBC,Allotted
1403,70887,All India,"Tirunelveli Medical College,THE DEAN, TIRUNELVELI MEDICAL COLLEGE, HIGHGROUND,TIRUNELVELI-11, Tamil Nadu, 627011",M.D. IN TRANSFUSION MEDICINE/ IMMUNO- HAEMATOLOGY and BLOOD TRANSFUSION,SC,SC,Allotted
1404,70911,All India,"Gandhi Medical College, Bhopal,Gandhi Medical College, Bhopal, Madhya Pradesh, 462001",M.D. (PATHOLOGY),OBC,OBC,Allotted
1405,71003,DNB Quota,"SDH KUPWARA, Jammu and Kashmir,IQBAL MARKET KUPWARA, Jammu And Kashmir, 193222",(NBEMS-DIPLOMA) Obstetrics and Gynaecology,SC,SC,Allotted
1406,71076,All India,"Mahatma Gandhi Institute of Medical Sciences, Wardha,Mahatma Gandhi Institute of Medical Sciences, Sevagram, Wardha, Maharashtra, 442102",M.D. (PATHOLOGY),OBC,OBC,Allotted
1407,71104,DNB Quota,"Siddh Multi Specialty Hospital,SIDDH MULTISPECIALTY HOSPITAL HARTHALA INDUSTRIAL ESTATE KANTH ROAD MORADABAD UP, Uttar Pradesh, 244001",(NBEMS-DIPLOMA) ANAESTHESIOLOGY,Open,OBC,Allotted
1408,71105,All India,"Government Medical College, Jalgaon,Jilha Peth, Government Hospital Campus, Jalgaon, Maharashtra, 425001",M.S. (GENERAL SURGERY),ST,ST,Allotted
1409,71191,All India,"Dr. Sampurnanand Medical College (SNMC), JODHPUR,Dr. Sampurnanand Medical College (SNMC), JODHPUR, Rajasthan, 342001",M.D. IN TRANSFUSION MEDICINE/ IMMUNO- HAEMATOLOGY and BLOOD TRANSFUSION,SC,SC,Allotted
1410,71249,All India,"Maulana Azad Medical College,Maulana Azad Medical College, Delhi (NCT), 110002",M.D. (PSYCHIATRY),ST,ST,Allotted
1411,71275,DNB Quota,"Amandeep Hospital, Punjab,Dalhousie Road, Mamoon, Pathankot, Punjab, 145001",(NBEMS-DIPLOMA) FAMILY MEDICINE,Open,General,Allotted
1412,71279,All India,"GADAG INSTITUTE OF MEDICAL SCIENCES GADAG,Gadag Institute of Medical Sciences Mallasamudra Gadag-582103, Karnataka, 582103",M.D. (PATHOLOGY),Open,General,Allotted
1413,71345,DNB Quota,"Siddh Multi Specialty Hospital,SIDDH MULTISPECIALTY HOSPITAL HARTHALA INDUSTRIAL ESTATE KANTH ROAD MORADABAD UP, Uttar Pradesh, 244001",(NBEMS-DIPLOMA) ANAESTHESIOLOGY,Open,OBC,Allotted
1414,71362,DNB Quota,"Government District Hospital, Shopian Kashmir ,Jammu and Kashmir,OFFICE OF THE MEDICAL SUPERINTENDENT DISTRICT HOSPITAL SHOPIAN, Jammu And Kashmir, 192303",(NBEMS-DIPLOMA) ANAESTHESIOLOGY,OBC,OBC,Allotted
1415,71384,DNB Quota,"Kashyap Memorial eye hospital Pvt. Ltd., Jharkhand,PURULIA ROAD, RANCHI, Jharkhand, 834001",(NBEMS-DIPLOMA) OPHTHALMOLOGY,Open,OBC,Allotted
1416,71558,DNB Quota,"Domkal Sub Divisional and Super Speciality Hospital, West Bengal,Vill - Bablabona, P.O - P.T. Rasulpur , P.S - Domkal , Dist - Murshidabad, West Bengal, 742303",(NBEMS-DIPLOMA) PAEDIATRICS,SC,SC,Allotted
1417,71624,All India,"Gulbarga Institute Of Medical Sciences, Kalaburagi,VEERESH NAGAR SEDAM ROAD KALABURAGI, Karnataka, 585105",M.D. (PATHOLOGY),Open,General,Allotted
1418,71829,All India,"Burdwan Medical College, West Bengal,Burdwan Medical College, West Bengal, West Bengal, 713104",DIPLOMA IN OPHTHALMOLOGY/DOM S,OBC,OBC,Allotted
1419,71919,DNB Quota,"HAJI ABDUL MAJID MEMORIAL HOSPITAL and RESEARCH CENTER, Assam,HAJI ABDUL MAJID MEMORIAL HOSPITAL MAIN ROAD HOJAI, Assam, 782435",(NBEMS-DIPLOMA) ANAESTHESIOLOGY,Open,General,Allotted
1420,72059,DNB Quota,"Woodland Hospital, Meghalaya,Dhankheti P.O. Laitumkhrah East Khasi Hills District Shillong, Meghalaya, 793003",(NBEMS-DIPLOMA) ANAESTHESIOLOGY,Open,OBC,Allotted
1421,72070,Self-Financed Merit Seat,"Santosh Medical College and Hospital, Ghaziabad, NCR Delhi,Santosh Medical College and Hospital, Ghaziabad, Delhi NCR, Uttar Pradesh, 201009",M.D. (RADIO- DIAGNOSIS),Open,General,Allotted
1422,72103,All India,"Government Medical College Kota,Government Medical College Kota, Rajasthan, 324005",M.D. (PSYCHIATRY),ST,ST,Allotted
1423,72210,DNB Quota,"Associated Hospital Government Medical College, ,Kanth Bagh Baramulla, Jammu And Kashmir, 193103",(NBEMS-DIPLOMA) ANAESTHESIOLOGY,EWS,EWS,Allotted
1424,72293,All India,"GOVT MEDICAL COLLEGE,THRISSUR,GOVT MEDICAL COLLEGE,THRISSUR, Kerala, 680596",M.D. (PHARMACOLOGY),Open,OBC,Allotted
1425,72312,All India,"AUTONOMOUS STATE MEDICAL COLLEGE, AYODHYA, Uttar Pradesh,RAJARSHI DASHRATH AUTONOMOUS STATE MEDICAL COLLEGE VILL- GANJA, POST- DABHA SEMAR, DISTRICT- AYODHYA, Uttar Pradesh, 224133",M.D. (PATHOLOGY),OBC,OBC,Allotted
1426,72584,All India,"MEDICAL COLLEGE, KOLKATA,MEDICAL COLLEGE, KOLKATA, West Bengal, 700073",DIP.IN GYNAE. and OBST.,SC,SC,Allotted
1427,72935,All India,"BIDAR INSTITUTE OF MEDICAL SCIENCES, BIDAR,BIDAR INSTITUTE OF MEDICAL SCIENCES, BIDAR, Karnataka, 585401",M.D. (MICROBIOLOGY),Open,OBC,Allotted
1428,72972,All India,"NAMO Medical Education and Research Institute, Dadra & Nagar Haveli & Daman & Diu,Sayli Road, Silvassa, DNH, Dadra And Nagar Haveli, 396230",M.D. (PAEDIATRICS),ST,ST,Allotted
1429,73002,DNB Quota,"Asian Vivekanand Super Speciality Hospital, Moradabad, Uttar Pradesh ,Asian Vivekanand Super Specialty Hospital Kanth Road, Moradabad Uttar Pradesh- 244001, Uttar Pradesh, 244001",(NBEMS-DIPLOMA) FAMILY MEDICINE,Open,OBC,Allotted
1430,73012,All India,"Indira Gandhi Medical College Shimla,Indira Gandhi Medical College Shimla, Himachal Pradesh, 171001",M.D. (PATHOLOGY),OBC,OBC,Allotted
1431,73057,All India,"B. J. MEDICAL COLLEGE, Ahmedabad,B.J. Medical College, New Civil Hospital Asarwa,Ahmedabad-380016,Gujarat,India, Gujarat, 380016",M.D. (MICROBIOLOGY),Open,General,Allotted
1432,73159,All India,"Sarojini Naidu Medical College, AGRA,Sarojini Naidu Medical College, AGRA, Uttar Pradesh, 282002",M.D. (PATHOLOGY),SC,SC,Allotted
1433,73334,DNB Quota,"Gautam Hospital, Kicha Road, Near Radha Swami Satsang Bhawan, Udham Singh Nagar, Rudrapur, Bigbara , Uttaranchal-233153,GAUTAM HOSPITAL'KICHHA ROAD NEAR ARDHA SWAMI SATSANG BIGWRA RUDRAPUR UDHAM SINGH NAGAR, UTTARAJGAND-263153",(NBEMS-DIPLOMA) ANAESTHESIOLOGY,Open,General,Allotted
1434,73338,All India,"JAWAHARLAL NEHRU MEDICAL COLLEGE, ALIGARH MUSLIM UNIVERSITY STATE UTTAR,JAWAHARLAL NEHRU MEDICAL COLLEGE, ALIGARH MUSLIM UNIVERSITY STATE UTTAR, Uttar Pradesh, 202002",DIPLOMA IN OPHTHALMOLOGY/DOM S,EWS,EWS,Allotted
1435,73353,DNB Quota,"District Hospital , Jammu and Kashmir ,Court road pulwama, Jammu And Kashmir, 192301",(NBEMS-DIPLOMA) ANAESTHESIOLOGY,OBC,OBC,Allotted
1436,73560,DNB Quota,"Associated Hospital Government Medical College, ,Kanth Bagh Baramulla, Jammu And Kashmir, 193103",(NBEMS-DIPLOMA) OPHTHALMOLOGY,OBC,OBC,Allotted
1437,73603,DNB Quota,"Second Sight Southend Eye Centre Pvt. Ltd., West Bengal,Baruipur Amtola Road. Dhopagachi, Kundarali, PS.Baruipur, Westbengal, Pin - 743610, West Bengal, 743610",(NBEMS-DIPLOMA) OPHTHALMOLOGY,Open,General,Allotted
1438,73673,DNB Quota,"Jangipur S. D. Hospital, West Bengal,Lalgola Maharaja Road PO and PS Raghunathganj Murshidabad, West Bengal, 742225",(NBEMS-DIPLOMA) ANAESTHESIOLOGY,OBC,OBC,Allotted
1439,73675,All India,"GOVT. MEDICAL COLLEGE, AMRITSAR,GOVT. MEDICAL COLLEGE,CIRCULAR ROAD, AMRITSAR, Punjab, 143001",DIPLOMA IN ANAESTHESIOLOGY,EWS,EWS,Allotted
1440,73736,DNB Quota,"District Hospital , ,District Hospital Kumundhan Mohalla Near Police Station Ramanagara Karnataka-562159, Karnataka, 562159",(NBEMS-DIPLOMA) ANAESTHESIOLOGY,SC,SC,Allotted
1441,73753,All India,"Government Medical College Suryapet Telangana,Amaravadi Nagar Thallagadda Suryapet, Telangana, 508213",M.D. (PATHOLOGY),Open,OBC,Allotted
1442,73757,All India,"Koppal Institute of Medical Sciences Koppal, Karnataka,Gangavati Road Kiddidal Gate koppal, Karnataka, 583231",M.D. (PATHOLOGY),Open,General,Allotted
1443,73768,DNB Quota,"Kabra Eye Hospital, Rajasthan,C-59,60 JAMNA NAGAR, SODALA, JAIPUR, Rajasthan, 302006",(NBEMS-DIPLOMA) OPHTHALMOLOGY,Open,OBC,Allotted
1444,73783,Self-Financed Merit Seat,"K S Hegde Medical Academy, Mangaluru,K S Hegde Medical Academy, Nithyanandanagar, Deralakatte, Mangaluru, Karnataka, 575018",M.D. (Tuberculosis and Respiratory diseases)/Pulmonary Medicine /M.D. (Respiratory Medicine),Open,OBC,Allotted
1445,73829,All India,"Burdwan Medical College, West Bengal,Burdwan Medical College, West Bengal, West Bengal, 713104",M.D. (PATHOLOGY),Open,General,Allotted
1446,73854,Self-Financed Merit Seat,"SBKS Medical College and Research Centre, Vadodara,SBKS Medical Institute and Research Centre, Sumandeep Vidyapeeth, Piparia, Waghodia Rd, Vadodara, Gujarat, 391760",M.D. (PATHOLOGY),Open,General,Allotted
1447,73891,DNB Quota,"SNR District Hospital,,SNR DISTRICT HOSPITAL, KOLAR KARNATAKA-563101, Karnataka, 563101",(NBEMS-DIPLOMA) FAMILY MEDICINE,OBC,OBC,Allotted
1448,74049,DNB Quota,"Sai Hospital, Distt Nainital, Uttaranchal,Mukhani Chauraha Haldwani Nainital 263139, Uttarakhand, 263139",(NBEMS-DIPLOMA) ANAESTHESIOLOGY,Open,General,Allotted
1449,74220,All India,"S.V. Medical College, Tirupathi ,S.V. Medical College, Tirupathi, Andhra Pradesh, 517501",M.D. (PATHOLOGY),SC,SC,Allotted
1450,74240,DNB Quota,"District Hospital, Jammu and Kashmir ,DUDERHAMA GANDERBAL, Jammu And Kashmir, 191201",(NBEMS-DIPLOMA) ANAESTHESIOLOGY,OBC,OBC,Allotted
1451,74299,DNB Quota,"Main Hospital , Telangana,MAIN HOSPITAL, THE SINGARENI COLLERIES COMPANY LIMITED, KOTHAGUDEM, BHADRADRI KOTHAGUDEM DISTRICT, T, Telangana, 507101",(NBEMS) PATHOLOGY,Open,OBC,Allotted
1452,74367,DNB Quota,"District Hospital Madhya Pradesh,District hospital campus jail road Ratlam Madhya Pradesh, 457001",(NBEMS-DIPLOMA) FAMILY MEDICINE,Open,OBC,Allotted
1453,74454,All India,"Regional Institute of Medical Sciences, Imphal,Regional Institute of Medical Sciences, Imphal, Lamphelpat, Manipur, 795004",M.D. (PREVENTIVE and SOCIAL MEDICINE)/ COMMUNITY MEDICINE,OBC,OBC,Allotted
1454,74458,All India,"Government Medical College, Cuddalore District,Govt. Medical College and Hospital, Cuddalore District Erstwhile Rajah Muthiah Medical College, Tamil Nadu, 608002",M.D. (PREVENTIVE and SOCIAL MEDICINE)/ COMMUNITY MEDICINE,OBC,OBC,Allotted
1455,74540,Self-Financed Merit Seat,"M.M. Institute of Medical Sciences and Research, Ambala,M.M. Institute of Medical Sciences and Research, Ambala, Haryana, 133207",M.D. (PAEDIATRICS),Open,OBC,Allotted
1456,74550,DNB Quota,"Dr. B.R. Ambedkar State Institute of Medical Sciences,Punjab,Phase-6, Sector 56, SAS Nagar (Mohali) , Punjab-160055",(NBEMS) GENERAL MEDICINE,ST,ST,Allotted
1457,74566,All India,"JAWAHARLAL NEHRU MEDICAL COLLEGE, ALIGARH MUSLIM UNIVERSITY STATE UTTAR,JAWAHARLAL NEHRU MEDICAL COLLEGE, ALIGARH MUSLIM UNIVERSITY STATE UTTAR, Uttar Pradesh, 202002",M.D. (PREVENTIVE and SOCIAL MEDICINE)/ COMMUNITY MEDICINE,SC,SC,Allotted
1458,74806,All India,"Sardar Patel Medical College, Bikaner,Sardar Patel Medical College, Bikaner, Rajasthan, 334003",M.D. IN TRANSFUSION MEDICINE/ IMMUNO- HAEMATOLOGY and BLOOD TRANSFUSION,SC,SC,Allotted
1459,75030,Self-Financed Merit Seat,"Shri Sathya Sai Medical College and Research Institute,Kancheepuram,SBV Chennai Campus, Shri Sathya Sai Nagar, Ammapettai, Chennai, Tamil Nadu, 603108",M.S. (GENERAL SURGERY),Open,General,Allotted
1460,75184,Self-Financed Merit Seat,"K S Hegde Medical Academy, Mangaluru,K S Hegde Medical Academy, Nithyanandanagar, Deralakatte, Mangaluru, Karnataka, 575018",M.D. (ANAESTHESIOLOGY),Open,General,Allotted
1461,75313,All India,"Jorhat Medical College & Hospital,Jorhat Medical College & Hospital, Assam, 785001",M.D. (MICROBIOLOGY),OBC,OBC,Allotted
1462,75382,All India,"GUNTUR MEDICAL COLLEGE,GUNTUR MEDICAL COLLEGE, Andhra Pradesh, 522004",M.D. (FORENSIC MEDICINE),OBC,OBC,Allotted
1463,75403,DNB Quota,"Associated Hospital Government Medical College, ,Kanth Bagh Baramulla, Jammu And Kashmir, 193103",(NBEMS-DIPLOMA) FAMILY MEDICINE,Open,General,Allotted
1464,75408,DNB Quota,"R.L. Jalappa Hospital and Research Centre, Sri Devaraj Urs Academy of Higher Education and Research, Tamaka, Kolar , Karnataka-563103,R L Jalappa Hospital & Research Centre, Sri Devaraj Urs Academy of Higher Education & Research, Tamaka",(NBEMS) IMMUNO- HAEMATOLOGY AND BLOOD TRANSFUSION,Open,General,Allotted
1465,75445,Self-Financed Merit Seat,"Saveetha Medical College Nd Hospital,Saveetha Medical College and Hospital, Tamil Nadu, 602105",M.D. Sports Medicine,Open,General,Allotted
1466,75499,DNB Quota,"Gheesibai Memorial Mittal Hospital and Research Centre,,Gheesi Bai Memorial Mittal Hospital and Research Centre, Pushkar Road, Ajmer, Rajasthan, 305004",(NBEMS-DIPLOMA) FAMILY MEDICINE,Open,General,Allotted
1467,75594,All India,"KURNOOL MEDICAL COLLEGE,KURNOOL MEDICAL COLLEGE, Andhra Pradesh, 518002",M.D. (PATHOLOGY),OBC,OBC,Allotted
1468,75703,DNB Quota,"District Hospital, ,DISTRICT HOSPITAL KULGAM NEAR FRUIT MANDI, Jammu And Kashmir, 192231",(NBEMS-DIPLOMA) ANAESTHESIOLOGY,OBC,OBC,Allotted
1469,75733,All India,"MALDA MEDICAL COLLEGE,MALDA MEDICAL COLLEGE, West Bengal, 732101",M.D. (PAEDIATRICS),ST,ST,Allotted
1470,75734,All India,"Kakatiya Medical College,Kakatiya Medical College, Telangana, 506007",M.D. (PATHOLOGY),OBC,OBC,Allotted
1471,75765,All India,"Govt. Medical College, Baroda,Govt. Medical College, Baroda, Gujarat, 390001",M.D. (MICROBIOLOGY),Open,General,Allotted
1472,75792,All India,"MahaMaya Rajkiya Allopathic Medical College ,Saddarpur, AmbedkarNagar, Uttar Pradesh, 224227",M.D. (PATHOLOGY),Open,SC,Allotted
1473,75796,All India,"North Eastern Indira Gandhi Regional Institute of Health & Medical Sciences, Shillong,North Eastern Indira Gandhi Regional Institute of Health & Medical Sciences, Shillong, Meghalaya, 793018",M.D. (FORENSIC MEDICINE),Open,General,Allotted
1474,75859,All India,"NETAJI SUBHASH CHANDRA BOSE MEDICAL COLLEGE, JABALPUR ,NETAJI SUBHASH CHANDRA BOSE MEDICAL COLLEGE, NAGPUR ROAD JABALPUR, Madhya Pradesh, 482003",M.D. (PATHOLOGY),OBC,OBC,Allotted
1475,75916,All India,"Soban Singh Jeena Government Institute of Medical Sciences & Research, Almora,,Pandeykhola,Near Vikas Bhawan, Almora , Pin - 263601",M.D. (PHARMACOLOGY),Open,General,Allotted
1476,75932,Self-Financed Merit Seat,"SHRI. B. M. PATIL MEDICAL COLLEGE HOSPITAL AND RESEARCH CENTRE,SHRI. B. M. PATIL MEDICAL COLLEGE HOSPITAL AND RESEARCH CENTRE, SOLAPUR ROAD, VIJAYAPURA, Karnataka, 586103",M.D. (Tuberculosis and Respiratory diseases)/Pulmonary Medicine /M.D. (Respiratory Medicine),Open,General,Allotted
1477,75967,All India,"Chamarajanagar Institute of Medical Sciences, Karnataka,CHAMARAJANAGAR INSTITUTE OF MEDICAL SCIENCES, SY. NO 124, YEDAPURA VILLAGE KASABA HOBLI, CHAMARAJANA, Karnataka, 571313",M.D. (MICROBIOLOGY),OBC,OBC,Allotted
1478,75979,DNB Quota,"SBLS Civil Hospital, ,NEAR JYOTI CHOWK JAIL ROAD JALANDHAR, Punjab, 144001",(NBEMS) FAMILY MEDICINE,SC,SC,Allotted
1479,76039,All India,"GANDHI MEDICAL COLLEGE,GANDHI MEDICAL COLLEGE, Telangana, 500003",M.D. (MICROBIOLOGY),Open,OBC,Allotted
1480,76087,All India,"Guru Gobind Singh Medical College,Guru Gobind Singh Medical College, Sadiq Road, Faridkot, Punjab, 151203",M.D. IN TRANSFUSION MEDICINE/ IMMUNO- HAEMATOLOGY and BLOOD TRANSFUSION,SC,SC,Allotted
1481,76111,Self-Financed Merit Seat,"Institute of Medical Sciences and SUM Hospital, Bhubaneswar,Institute of Medical Sciences and SUM Hospital K 8 Kalinga Nagar PO Mahalaxmi Vihar Bhubaneswar, Odisha, 751029",M.D. (ANAESTHESIOLOGY),Open,General,Allotted
1482,76119,All India,"M. P. SHAH GOVERNMENT MEDICAL COLLEGE,M. P. SHAH GOVERNMENT MEDICAL COLLEGE, Gujarat, 361008",M.D. (PATHOLOGY),SC,SC,Allotted
1483,76128,DNB Quota,"KHURANA EYE CENTRE, 139,SUBHASH NAGAR, ROHTAK, Haryana- 124001,139,Subhash Nagar, Rohtak",(NBEMS-DIPLOMA) OPHTHALMOLOGY,Open,General,Allotted
1484,76189,DNB Quota,"Cottage Hospital , Gujarat,Cottage hospital station road Upleta, Gujarat, 360490",(NBEMS-DIPLOMA) OPHTHALMOLOGY,SC,SC,Allotted
1485,76226,DNB Quota,"KHURANA EYE CENTRE, 139,SUBHASH NAGAR, ROHTAK, Haryana- 124001,139,Subhash Nagar, Rohtak",(NBEMS-DIPLOMA) OPHTHALMOLOGY,Open,General,Allotted
1486,76278,Self-Financed Merit Seat,"Shri Sathya Sai Medical College and Research Institute,Kancheepuram,SBV Chennai Campus, Shri Sathya Sai Nagar, Ammapettai, Chennai, Tamil Nadu, 603108",M.D. (RADIO- DIAGNOSIS),Open,General,Allotted
1487,76286,DNB Quota,"GMERS Medical College and Hospital, Porbandar, (Formerly known as Bhavsinhji and Maharani Rupaliba General Hospital), Gujarat,Near S. T. Bus Stand, Opp. Bhutnath Temple, Hospital Road, Porbandar, Gujarat, 360575",(NBEMS) PATHOLOGY,Open,General,Allotted
1488,76368,All India,"Rajendra Institute of Medical Sciences, Ranchi,Rajendra Institute of Medical Sciences, Ranchi, Jharkhand, 834009",M.D. (PATHOLOGY),Open,OBC,Allotted
1489,76479,All India,"Institute of integrated Medical Sciences (Govt.Medical College), Palakkad,East Yakkara Kunnathurmedu",M.D. (PHARMACOLOGY),Open,General,Allotted
1490,76818,All India,"Government Medical College, Latur,Government Medical College, Old Railway station Near Marwadi Rajasthani High-School Latur, Maharashtra, 413512",M.D. (PREVENTIVE and SOCIAL MEDICINE)/ COMMUNITY MEDICINE,Open,OBC,Allotted
1491,76838,DNB Quota,"EYE CARE AZAMGARH PVT LTD, SARAY MANDRAJ BHAWARNATH, AZAMGARH, Uttar Pradesh-276001,EYE CARE AZAMGARH PVT LTD,SARAY MANDRAJ BHAWARNATH, AZAMGARH Uttar Pradesh",(NBEMS-DIPLOMA) OPHTHALMOLOGY,Open,General,Allotted
1492,76854,DNB Quota,"ROURKELA GOVT HOSPITAL , Orissa,ROURKELA GOVT HOSPITAL , RAGHUNATHPALLI ROURKELA , SUNDARGARH ODISAH, Odisha, 769004",(NBEMS-DIPLOMA) OPHTHALMOLOGY,Open,OBC,Allotted
1493,76978,All India,"INDIRA GANDHI MEDICAL COLLEGE AND RESEARCH INSTITUTE, PUDUCHERRY,INDIRA GANDHI MEDICAL COLLEGE AND RESEARCH INSTITUTE, PUDUCHERRY, Puducherry, 605009",M.D. (MICROBIOLOGY),Open,General,Allotted
1494,77057,All India,"MADURAI MEDICAL COLLEGE,MADURAI MEDICAL COLLEGE, Tamil Nadu, 625020",M.D. (BIOCHEMISTRY),Open,SC,Allotted
1495,77258,All India,"CHHATTISGARH INSTITUTE OF MEDICAL SCIENCES,CHHATTISGARH INSTITUTE OF MEDICAL SCIENCES, Chhattisgarh, 495001",M.S. (GENERAL SURGERY),ST,ST,Allotted
1496,77262,All India,"IPGME&R and SSKM Hospital Kolkata,244, Acharya J. C. Bose Road, Kolkata-700020, West Bengal, 700020",M.D. (PHARMACOLOGY),Open,General,Allotted
1497,77275,All India,"PGIMER, DR. RML Hospital, Cannaught Place, New Delhi,ABVIMS, DR. RML Hospital, Baba Kharak Singh Marg, Cannaught Place, New Delhi",M.D. (ANAESTHESIOLOGY),ST,ST,Allotted
1498,77463,All India,"Burdwan Medical College, West Bengal,Burdwan Medical College, West Bengal, West Bengal, 713104",M.S. (ORTHOPAEDICS),ST,ST,Allotted
1499,77565,All India,"MEDICAL COLLEGE, KOLKATA,MEDICAL COLLEGE, KOLKATA, West Bengal, 700073",M.S. (GENERAL SURGERY),ST,ST,Allotted
1500,77589,All India,"Seth Gordhandas Sunderdas Medical College, MUMBAI,Seth Gordhandas Sunderdas Medical College, Acharya Donde Marg Parel MUMBAI, Maharashtra, 400012",M.D. (PREVENTIVE and SOCIAL MEDICINE)/ COMMUNITY MEDICINE,SC,SC,Allotted
1501,77594,DNB Quota,"SETH V. C. GANDHI and M. A. VORA MUNICIPAL GENERAL HOSPITAL (RAJAWADI HOSPITAL),Maharashtra,hospital.rajawadi@gmail.com, Maharashtra, 400077",(NBEMS-DIPLOMA) Otorhinolaryngology (E.N.T.),SC,SC,Allotted
1502,77669,All India,"LOKMANYA TILAK MEDICAL COLLEGE MUMBAI,LOKMANYA TILAK MEDICAL COLLEGE MUMBAI, Maharashtra, 400022",M.D. (ANAESTHESIOLOGY),ST,ST,Allotted
1503,77897,DNB Quota,"KAUSHALYA DEVI EYE INSTITUE, CHAURAHA, Uttar Pradesh ,MOH. NAI BASTI NEAR CHHATRI CHAURAHA, PILIBHIT, UP., Uttar Pradesh, 262001",(NBEMS-DIPLOMA) OPHTHALMOLOGY,Open,General,Allotted
1504,77942,All India,"Grant Medical College, Maharashtra,Grant Medical College, Maharashtra, Maharashtra, 400008",M.D. GERIATRICS,ST,ST,Allotted
1505,77960,All India,"Indira Gandhi Medical College Shimla,Indira Gandhi Medical College Shimla, Himachal Pradesh, 171001",M.D. (PREVENTIVE and SOCIAL MEDICINE)/ COMMUNITY MEDICINE,Open,General,Allotted
1506,77961,All India,"Rani Durgavati Medical College, Banda ,Rani Durgavati Medical College Naraini Road Banda, Uttar Pradesh, 210001",M.S. (GENERAL SURGERY),ST,ST,Allotted
1507,78264,DNB Quota,"Government Medical College, ,Government Medical College, Karan Nagar, Srinagar, Jammu And Kashmir, 190010",(NBEMS) IMMUNO- HAEMATOLOGY AND BLOOD TRANSFUSION,OBC,OBC,Allotted
1508,78330,Self-Financed Merit Seat,"Saveetha Medical College Nd Hospital,Saveetha Medical College and Hospital, Tamil Nadu, 602105",M.D. (RADIO- DIAGNOSIS),Open,SC,Allotted
1509,78354,All India,"Government Medical College, Cuddalore District,Govt. Medical College and Hospital, Cuddalore District Erstwhile Rajah Muthiah Medical College, Tamil Nadu, 608002",M.D. (PHARMACOLOGY),SC,SC,Allotted
1510,78558,Self-Financed Merit Seat,"Saveetha Medical College Nd Hospital,Saveetha Medical College and Hospital, Tamil Nadu, 602105",M.D. (RADIO- DIAGNOSIS),Open,OBC,Allotted
1511,78586,DNB Quota,"Combined Distric Hospital, kannauj,U.P,kannauj,G.T.ROAD, NEAR ESAT BYPASS,U.P",(NBEMS-DIPLOMA) OPHTHALMOLOGY,OBC,OBC,Allotted
1512,78660,All India,"Maulana Azad Medical College,Maulana Azad Medical College, Delhi (NCT), 110002",M.D. (FORENSIC MEDICINE),SC,SC,Allotted
1513,78755,All India,"Dr Ram Manohar Lohia Institute of Medical Sciences, Lucknow,Dr Ram Manohar Lohia Institute of Medical Sciences, Lucknow, Uttar Pradesh, 226010",M.D. (PHARMACOLOGY),SC,SC,Allotted
1514,78771,All India,"Government Medical College, Nagpur,Government Medical College, Nagpur, Maharashtra, 440003",M.D. (FORENSIC MEDICINE),Open,OBC,Allotted
1515,78862,DNB Quota,"Government Hospital, Rajasthan,Near Tilak Nagar Bus Stand, Barmer, Rajasthan- 34400101",(NBEMS-DIPLOMA) FAMILY MEDICINE,Open,General,Allotted
1516,79018,DNB Quota,"Govt. BDK hospital, govt. ,OPPOSITE ROADWAYS BUS STAND MAAN NAGAR JHUNJHUNU RAJASTHAN, Rajasthan, 333001",(NBEMS-DIPLOMA) OPHTHALMOLOGY,Open,OBC,Allotted
1517,79153,IP University Quota,"Vardhman Mahavir Medical College, , New Delhi,Vardhman Mahavir Medical College, , New Delhi, Delhi (NCT), 110029",M.S. (GENERAL SURGERY),ST,ST,Allotted
1518,79195,All India,"Mahatma Gandhi Memorial Medical College, Jamshedpur,Mahatma Gandhi Memorial Medical College, Jamshedpur, Jharkhand, 831020",M.D. (PREVENTIVE and SOCIAL MEDICINE)/ COMMUNITY MEDICINE,Open,OBC,Allotted
1519,79400,DNB Quota,"Rajiv Gandhi Government General Hospital, Principal Medical Officer General hospital, ,Rajiv Gandhi Government General Hospital, near bijli ghar circle, ALWAR, Rajasthan, 301001",(NBEMS-DIPLOMA) FAMILY MEDICINE,OBC,OBC,Allotted
1520,79403,DNB Quota,"Bansal Hospital,,C- Sector Shahpura, Bhopal, Madhya Pradesh, 462016",(NBEMS-DIPLOMA) FAMILY MEDICINE,Open,General,Allotted
1521,79476,Self-Financed Merit Seat,"Chettinad Hospital and Research Institute,Rajiv Gandhi Salai, Kelambakkam, Chengalpattu District, Tamil Nadu, 603103",M.D. (Tuberculosis and Respiratory diseases)/Pulmonary Medicine /M.D. (Respiratory Medicine),Open,General,Allotted
1522,79678,All India,"JAWAHAR LAL NEHRU MEDICAL COLLEGE, AJMER,NEAR PATEL STADIUM, AJMER, Rajasthan, 305001",M.D. (BIOCHEMISTRY),Open,OBC,Allotted
1523,79698,All India,"B. J. MEDICAL COLLEGE, Ahmedabad,B.J. Medical College, New Civil Hospital Asarwa,Ahmedabad-380016,Gujarat,India, Gujarat, 380016",M.D. IN TRANSFUSION MEDICINE/ IMMUNO- HAEMATOLOGY and BLOOD TRANSFUSION,EWS,EWS,Allotted
1524,79712,Self-Financed Merit Seat,"M.M. Institute of Medical Sciences and Research, Ambala,M.M. Institute of Medical Sciences and Research, Ambala, Haryana, 133207",M.D. (PAEDIATRICS),Open,General,Allotted
1525,79754,All India,"The National Institute of Health and Family Welfare,The National Institute of Health and Family Welfare, Delhi (NCT), 110067",DIPLOMA IN HEALTH ADMINISTRATION,Open,General,Allotted
1526,79757,DNB Quota,"Pandurang Ramarao Dongaonkar District Hospital, Chhattisgarh,Pandurang Ramarao Dongaonkar District Hospital Durg G E Road District Durg Chhattisgarh 491001, Chhattisgarh, 491001",(NBEMS-DIPLOMA) Otorhinolaryngology (E.N.T.),OBC,OBC,Allotted
1527,79785,DNB Quota,"District Hospital Faridkot, Civil Hospital Faridkot, Punjab,Railway Road Opposite to DC Office, Punjab, 151203",(NBEMS-DIPLOMA) ANAESTHESIOLOGY,EWS,EWS,Allotted
1528,79924,All India,"Government Medical College, Datia,Near 29 Batallion, National Highway 44, Dist Datia, Madhya Pradesh Pin - 475661, Madhya Pradesh, 475661",M.S. (GENERAL SURGERY),ST,ST,Allotted
1529,79936,DNB Quota,"Government Medical College, Makeshift Campus Bye pass Road. Handwara Distt.: Kupwara, Jammu and Kashmir-193221,Makeshift Campus, Bypass Road, Handwara, Kupwara, J&K",(NBEMS) PAEDIATRICS,ST,ST,Allotted
1530,79951,All India,"Employees' State Insurance Corporation Medical College & Hospital, Gulbarga,ESIC MEDICAL COLLEGE SEDAM ROAD GULBARGA, Karnataka, 585106",M.D. (PHARMACOLOGY),Open,SC,Allotted
1531,79996,Self-Financed Merit Seat,"Santosh Medical College and Hospital, Ghaziabad, NCR Delhi,Santosh Medical College and Hospital, Ghaziabad, Delhi NCR, Uttar Pradesh, 201009",M.D. (Obst. and Gynae)/MS (Obstetrics and Gynaecology),Open,General,Allotted
1532,80114,DNB Quota,"Government Medical College and Associated Hospital,,JANGLAT MANDI ANANTNAG, JAMMU AND KASHMIR 192101, Jammu And Kashmir, 192101",(NBEMS) FAMILY MEDICINE,SC,SC,Allotted
1533,80445,All India,"Dr. B R Ambedkar State Institute of Medical Sciences, SAS Nagar (Mohali),Dr. B.R Ambedkar State Institute of Medical Sciences, Phase 6 Sec 56 S.A.S Nagar Punjab 160055, Punjab, 160055",M.D. (PREVENTIVE and SOCIAL MEDICINE)/ COMMUNITY MEDICINE,Open,General,Allotted
1534,80457,All India,"Veer Chandra Singh Garhwali Govt. Institute of Medical Science & Research,Veer Chandra Singh Garhwali Govt. Institute of Medical Science and Research, Srinagar Garhwal, Uttarakhand, 246174",M.D. (PREVENTIVE and SOCIAL MEDICINE)/ COMMUNITY MEDICINE,Open,General,Allotted
1535,80476,All India,"JAWAHAR LAL NEHRU GOVERNMENT MEDICAL COLLEGE, CHAMBA,AKHAND CHANDI PALACE, NEAR LAXMINARAYAN MANDIR,CHAMBA,HP",M.S. (ORTHOPAEDICS),ST,ST,Allotted
1536,80508,All India,"Govt. Medical College, Bhavnagar,Near. S.T. Bus Stand,Jail Road, Bhavnagar-364001, Gujarat, 364001",M.D. (Tuberculosis and Respiratory diseases)/Pulmonary Medicine /M.D. (Respiratory Medicine),ST,ST,Allotted
1537,80589,DNB Quota,"Rajiv Gandhi Government General Hospital, Principal Medical Officer General hospital, ,Rajiv Gandhi Government General Hospital, near bijli ghar circle, ALWAR, Rajasthan, 301001",(NBEMS-DIPLOMA) OPHTHALMOLOGY,EWS,EWS,Allotted
1538,80627,DNB Quota,"Medical College Kolkata,88 COLLEGE STREET KOLKATA 700073, West Bengal, 700073",(NBEMS) Cardio Vascular and Thoracic Surgery (Direct 6 Years Course),ST,ST,Allotted
1539,80702,DNB Quota,"MGM Govt District Hospital, ,MGM Govt District Hospital,Hanumangarh town, Rajasthan, 335513",(NBEMS-DIPLOMA) ANAESTHESIOLOGY,SC,SC,Allotted
1540,80732,Self-Financed Merit Seat,"A.C.S. Medical College and Hospital,A.C.S. Medical College and Hospital, Tamil Nadu, 600077",M.D. (GENERAL MEDICINE),Open,General,Allotted
1541,80754,All India,"College of Medicine & Sagore Dutta Hospital,College of Medicine & Sagore Dutta Hospital, West Bengal, 700058",M.D. (PATHOLOGY),OBC,OBC,Allotted
1542,80795,All India,"G B Pant Institute of Post Graduate Medical Education and Research,G B Pant Institute of Post Graduate Medical Education and Research 1 JLN Marg, Delhi 110002, Delhi (NCT), 110007",M.D. (BIOCHEMISTRY),Open,General,Allotted
1543,80865,All India,"CHHATTISGARH INSTITUTE OF MEDICAL SCIENCES,CHHATTISGARH INSTITUTE OF MEDICAL SCIENCES, Chhattisgarh, 495001",M.D. (PATHOLOGY),OBC,OBC,Allotted
1544,80930,All India,"Andhra Medical College,Andhra Medical College, Andhra Pradesh, 530002",M.D. (PATHOLOGY),SC,SC,Allotted
1545,80937,Self-Financed Merit Seat,"M.M. Institute of Medical Sciences and Research, Ambala,M.M. Institute of Medical Sciences and Research, Ambala, Haryana, 133207",M.D. (PAEDIATRICS),Open,General,Allotted
1546,81105,All India,"Gauhati Medical College, Guwahati,Gauhati Medical College, Guwahati, Assam, 781032",M.D. (BIOCHEMISTRY),Open,OBC,Allotted
1547,81436,All India,"Dr. Sampurnanand Medical College (SNMC), JODHPUR,Dr. Sampurnanand Medical College (SNMC), JODHPUR, Rajasthan, 342001",M.D. (ANAESTHESIOLOGY),ST,ST,Allotted
1548,81541,DNB Quota,"SSG government district hospital, ,Udaipur road, Senthi, Chittorgarh, Rajasthan, Rajasthan, 312001",(NBEMS-DIPLOMA) FAMILY MEDICINE,OBC,OBC,Allotted
1549,81569,DNB Quota,"Govt Seth Govind Das Victoria District Hospital, Madhya Pradesh,Govt Seth Govind Das Victoria District Hospital Jabalpur, Madhya Pradesh, 482002",(NBEMS-DIPLOMA) OPHTHALMOLOGY,EWS,EWS,Allotted
1550,81629,All India,"The National Institute of Health and Family Welfare,The National Institute of Health and Family Welfare, Delhi (NCT), 110067",DIPLOMA IN HEALTH ADMINISTRATION,Open,EWS,Allotted
1551,81717,DNB Quota,"District Hospital, Sagar, Madhya Pradesh,shivaji ward tilli road sagar, Madhya Pradesh, 470002",(NBEMS-DIPLOMA) FAMILY MEDICINE,OBC,OBC,Allotted
1552,81820,All India,"Lala Lajpat Rai Memorial Medical College, MEERUT,Lala Lajpat Rai Memorial Medical College, MEERUT, Uttar Pradesh, 250004",M.D. (PATHOLOGY),OBC,OBC,Allotted
1553,81832,DNB Quota,"SSG government district hospital, ,Udaipur road, Senthi, Chittorgarh, Rajasthan, Rajasthan, 312001",(NBEMS-DIPLOMA) ANAESTHESIOLOGY,SC,SC,Allotted
1554,81901,All India,"Vardhman Mahavir Medical College, , New Delhi,Vardhman Mahavir Medical College, , New Delhi, Delhi (NCT), 110029",M.D. (MICROBIOLOGY),OBC,OBC,Allotted
1555,81922,DNB Quota,"Central Hospital, ,Central Hospital, P.O- Jagjiwan Nagar, Dist- Dhanbad, Pin-826003, Jharkhand, 826003",(NBEMS-DIPLOMA) FAMILY MEDICINE,Open,General,Allotted
1556,82009,DNB Quota,"IGM Hospital , ,IGM Chowmuhani, Agartala, Tripura West, Tripura, 799001",(NBEMS-DIPLOMA) OPHTHALMOLOGY,OBC,OBC,Allotted
1557,82240,All India,"The National Institute of Health and Family Welfare,The National Institute of Health and Family Welfare, Delhi (NCT), 110067",M.D. (COMMUNITY HEALTH and ADMN.),OBC,OBC,Allotted
1558,82244,All India,"Gandhi Medical College, Bhopal,Gandhi Medical College, Bhopal, Madhya Pradesh, 462001",M.D. (PHARMACOLOGY),Open,General,Allotted
1559,82354,Self-Financed Merit Seat,"Symbiosis Medical College for Women,Lavale, Mulshi, Pune - 412115, Maharashtra, India",M.S. (OPHTHALMOLOGY),Open,General,Allotted
1560,82543,DNB Quota,"AIG Hospital,Door No: 1-66/AIG/2 to 5 Mindspace Road, Gachibowli,Hyderabad, Telangana, 500032",(NBEMS) MICROBIOLOGY,Open,OBC,Allotted
1561,82550,All India,"Atal Bihari Vajpayee Government Medical College, Vidisha,NH 86 INFRONT OF KHEL PARISAR SANCHI ROAD VIDISHA MP, Madhya Pradesh, 464001",M.D. (PREVENTIVE and SOCIAL MEDICINE)/ COMMUNITY MEDICINE,Open,General,Allotted
1562,82574,All India,"Government Medical College, Nizamabad, Telangana State,Government Medical College, Nizamabad, Telangana State, Telangana, 503001",M.D. (PATHOLOGY),SC,SC,Allotted
1563,82576,All India,"Guru Gobind Singh Medical College,Guru Gobind Singh Medical College, Sadiq Road, Faridkot, Punjab, 151203",M.D. (FORENSIC MEDICINE),Open,General,Allotted
1564,82581,Self-Financed Merit Seat,"Vinayaka Missions Kirupananda Variyar Medical College and Hospital, Salem,Sankari Main Road, NH-47, Seeragapadi, Salem, Tamil Nadu, 636308",M.D. (GENERAL MEDICINE),Open,OBC,Allotted
1565,82603,All India,"JAWAHAR LAL NEHRU MEDICAL COLLEGE, AJMER,NEAR PATEL STADIUM, AJMER, Rajasthan, 305001",M.D. (MICROBIOLOGY),Open,OBC,Allotted
1566,82922,Self-Financed Merit Seat,"Meenakshi Medical College Hospital and Research Institute, Kanchipuram,Meenakshi Medical College Hospital and Research Institute, Enathur, Karaipettai Post, Kanchipuram, Tamil Nadu, 631552",M.D. (GENERAL MEDICINE),Open,SC,Allotted
1567,82955,DNB Quota,"Purulia Government Medical College and Hospital,West Benga,Main Road Near SP office PO Purulia Main PS Purulia Town Dist Purulia West Bengal, West Bengal, 723101",(NBEMS-DIPLOMA) OPHTHALMOLOGY,OBC,OBC,Allotted
1568,83052,All India,"BIDAR INSTITUTE OF MEDICAL SCIENCES, BIDAR,BIDAR INSTITUTE OF MEDICAL SCIENCES, BIDAR, Karnataka, 585401",M.S. (GENERAL SURGERY),ST,ST,Allotted
1569,83166,All India,"Shaheed Hasan Khan Mewati Government Medical College,Shaheed Hasan Khan Mewati Government Medical College, Haryana, 122107",M.D. (MICROBIOLOGY),Open,General,Allotted
1570,83234,All India,"Government Medical College, Cuddalore District,Govt. Medical College and Hospital, Cuddalore District Erstwhile Rajah Muthiah Medical College, Tamil Nadu, 608002",M.D. (BIOCHEMISTRY),OBC,OBC,Allotted
1571,83236,All India,"Kalpana Chawla Govt Medical College, Karnal, Haryana,Kalpana Chawla Government Medical College Model Town Karnal 132001 Haryana, Haryana, 132001",M.D. (FORENSIC MEDICINE),Open,General,Allotted
1572,83413,DNB Quota,"District Hospital, ,DISTRICT HOSPITAL KULGAM NEAR FRUIT MANDI, Jammu And Kashmir, 192231",(NBEMS-DIPLOMA) ANAESTHESIOLOGY,SC,SC,Allotted
1573,83488,All India,"MADURAI MEDICAL COLLEGE,MADURAI MEDICAL COLLEGE, Tamil Nadu, 625020",MD/MS (Anatomy),SC,SC,Allotted
1574,83576,All India,"Bangalore Medical College and Research Institute,Bangalore Medical College and Research Institute, Karnataka, 560002",M.D. (PREVENTIVE and SOCIAL MEDICINE)/ COMMUNITY MEDICINE,OBC,OBC,Allotted
1575,83636,DNB Quota,"J.L.N. Main Hospital and Research Centre, ,Bhilai Steel Plant Sector-9, Bhilai, C.G., Chhattisgarh, 490009",(NBEMS) PATHOLOGY,Open,General,Allotted
1576,83681,Muslim Minority Quota,"Yenepoya Medical College,Yenepoya Medical College, Karnataka, 575018",M.D. (Obst. and Gynae)/MS (Obstetrics and Gynaecology),Open,General,Allotted
1577,83686,DNB Quota,"Apollo Gleneagles Hospital, ,58 Canal Circular Road Kolkata 700054, West Bengal, 700054",(NBEMS) PATHOLOGY,Open,General,Allotted
1578,83738,DNB Quota,"Capital Hospital, Orissa,director.chb@gmail.com, Odisha, 751001",(NBEMS-DIPLOMA) FAMILY MEDICINE,OBC,OBC,Allotted
1579,83893,All India,"Seth Gordhandas Sunderdas Medical College, MUMBAI,Seth Gordhandas Sunderdas Medical College, Acharya Donde Marg Parel MUMBAI, Maharashtra, 400012",M.D. (ANAESTHESIOLOGY),ST,ST,Allotted
1580,83979,DNB Quota,"District Hospital, ,DISTRICT HOSPITAL KULGAM NEAR FRUIT MANDI, Jammu And Kashmir, 192231",(NBEMS-DIPLOMA) FAMILY MEDICINE,Open,OBC,Allotted
1581,84467,All India,"NETAJI SUBHASH CHANDRA BOSE MEDICAL COLLEGE, JABALPUR ,NETAJI SUBHASH CHANDRA BOSE MEDICAL COLLEGE, NAGPUR ROAD JABALPUR, Madhya Pradesh, 482003",M.D. (PATHOLOGY),SC,SC,Allotted
1582,84479,DNB Quota,"J.L.N. Main Hospital and Research Centre, ,Bhilai Steel Plant Sector-9, Bhilai, C.G., Chhattisgarh, 490009",(NBEMS) PATHOLOGY,OBC,OBC,Allotted
1583,84564,All India,"MADRAS MEDICAL COLLEGE,EVR PERIYAR SALAI, CHENNAI-03, Tamil Nadu, 600003",M.D. (BIOCHEMISTRY),OBC,OBC,Allotted
1584,84622,All India,"SJP Medical College, Bharatpur,SJP MEDICAL COLLEGE BHARATPUR VILLAGE RAMPURA NH 21, Rajasthan, 321001",M.D. (MICROBIOLOGY),Open,General,Allotted
1585,84629,All India,"JAWAHARLAL NEHRU MEDICAL COLLEGE, ALIGARH MUSLIM UNIVERSITY STATE UTTAR,JAWAHARLAL NEHRU MEDICAL COLLEGE, ALIGARH MUSLIM UNIVERSITY STATE UTTAR, Uttar Pradesh, 202002",M.S. (OPHTHALMOLOGY),ST,ST,Allotted
1586,84630,DNB Quota,"HAJI ABDUL MAJID MEMORIAL HOSPITAL and RESEARCH CENTER, Assam,HAJI ABDUL MAJID MEMORIAL HOSPITAL MAIN ROAD HOJAI, Assam, 782435",(NBEMS-DIPLOMA) FAMILY MEDICINE,Open,General,Allotted
1587,84679,All India,"BELAGAVI INSTITUTE OF MEDICAL SCIENCES, BELAGAVI,BELAGAVI INSTITUTE OF MEDICAL SCIENCES, BELAGAVI, Karnataka, 590001",M.D. (PATHOLOGY),OBC,OBC,Allotted
1588,84701,DNB Quota,"DISHARI HEALTH POINT PRIVATE LIMITED,West Bengal,19 B G ROAD, P.O- MOKDUMPUR, P.S-ENGLISH BAZAR, DIST- MALDA, PIN-732103, West Bengal, 732103",(NBEMS) PATHOLOGY,Open,General,Allotted
1589,84823,DNB Quota,"District Hospital, Jammu and Kashmir ,DUDERHAMA GANDERBAL, Jammu And Kashmir, 191201",(NBEMS-DIPLOMA) Otorhinolaryngology (E.N.T.),SC,SC,Allotted
1590,84905,All India,"THANJAVUR MEDICAL COLLEGE, THANJAVUR,THANJAVUR MEDICAL COLLEGE, THANJAVUR, Tamil Nadu, 613004",M.D. (BIOCHEMISTRY),OBC,OBC,Allotted
1591,84923,DNB Quota,"DISHARI HEALTH POINT PRIVATE LIMITED,West Bengal,19 B G ROAD, P.O- MOKDUMPUR, P.S-ENGLISH BAZAR, DIST- MALDA, PIN-732103, West Bengal, 732103",(NBEMS) PATHOLOGY,Open,General,Allotted
1592,85257,All India,"Chamarajanagar Institute of Medical Sciences, Karnataka,CHAMARAJANAGAR INSTITUTE OF MEDICAL SCIENCES, SY. NO 124, YEDAPURA VILLAGE KASABA HOBLI, CHAMARAJANA, Karnataka, 571313",M.S. (GENERAL SURGERY),ST,ST,Allotted
1593,85276,All India,"Government Medical College, Cuddalore District,Govt. Medical College and Hospital, Cuddalore District Erstwhile Rajah Muthiah Medical College, Tamil Nadu, 608002",M.S. (GENERAL SURGERY),ST,ST,Allotted
1594,85302,All India,"DARBHANGA MEDICAL COLLEGE,Sheetal Prasad Marg, Laheriasarai, Darbhanga, Bihar, Bihar, 846003",M.S. (OPHTHALMOLOGY),ST,ST,Allotted
1595,85602,All India,"Maulana Azad Medical College,Maulana Azad Medical College, Delhi (NCT), 110002",MD/MS (Anatomy),Open,OBC,Allotted
1596,85609,DNB Quota,"Government Medical College, Makeshift Campus Bye pass Road. Handwara Distt.: Kupwara, Jammu and Kashmir-193221,Makeshift Campus, Bypass Road, Handwara, Kupwara, J&K",(NBEMS) PATHOLOGY,Open,General,Allotted
1597,85637,All India,"GOVT. MEDICAL COLLEGE, THIRUVANANTHAPURAM,GOVT. MEDICAL COLLEGE, THIRUVANANTHAPURAM, Kerala, 695011",M.D. (PREVENTIVE and SOCIAL MEDICINE)/ COMMUNITY MEDICINE,SC,SC,Allotted
1598,85649,Self-Financed Merit Seat,"Bharati Vidyapeeth (Deemed to be University) Medical College and Hospital, Sangli,Bharati Vidyapeeth (Deemed to be University) Medical College and Hospital, Sangli, Maharashtra, 416416",M.S. (E.N.T.),Open,OBC,Allotted
1599,85713,All India,"Burdwan Medical College, West Bengal,Burdwan Medical College, West Bengal, West Bengal, 713104",M.D. (PATHOLOGY),OBC,OBC,Allotted
1600,85851,Self-Financed Merit Seat,"VINAYAKA MISSIONS MEDICAL COLLEGE AND HOSPITAL, KARAIKAL,KEEZHAKASAKUDIMEDU, KOTTUCHERRY (POST), KARAIKAL, UT of PUDUCHERRY, Puducherry, 609609",M.D. (Obst. and Gynae)/MS (Obstetrics and Gynaecology),Open,OBC,Allotted
1601,85943,All India,"GADAG INSTITUTE OF MEDICAL SCIENCES GADAG,Gadag Institute of Medical Sciences Mallasamudra Gadag-582103, Karnataka, 582103",M.D. (PATHOLOGY),OBC,OBC,Allotted
1602,86128,Self-Financed Merit Seat,"GITAM Institute of Medical Sciences & Research, Visakhapatnam,GITAM Deemed to be University Rushikonda, Visakhapatnam - 530045 Andhra Pradesh, Andhra Pradesh, 530045",M.S. (ORTHOPAEDICS),Open,General,Allotted
1603,86165,DNB Quota,"District Hospital, ,DISTRICT HOSPITAL KULGAM NEAR FRUIT MANDI, Jammu And Kashmir, 192231",(NBEMS-DIPLOMA) FAMILY MEDICINE,Open,OBC,Allotted
1604,86216,DNB Quota,"HAJI ABDUL MAJID MEMORIAL HOSPITAL and RESEARCH CENTER, Assam,HAJI ABDUL MAJID MEMORIAL HOSPITAL MAIN ROAD HOJAI, Assam, 782435",(NBEMS-DIPLOMA) FAMILY MEDICINE,Open,General,Allotted
1605,86280,DNB Quota,"DIVISIONAL DISTRICT HOSPITAL,Uttar Pradesh,DIVISIONAL DISTRICT HOSPITAL AZAMGARH ,DEEN DAYAL UPADHYAY MARG ,HARRA KI CHUNGI SADAR ,AZAMGARH, Uttar Pradesh, 276001",(NBEMS) GENERAL MEDICINE,ST,ST,Allotted
1606,86544,Self-Financed Merit Seat,"SREE BALAJI MEDICAL COLLEGE AND HOSPITAL, CHENNAI,NO,7 WORKS ROAD,CHROMEPET,CHENNAI, Tamil Nadu, 600044",M.D. (GENERAL MEDICINE),Open,OBC,Allotted
1607,86602,DNB Quota,"Government Medical College, Makeshift Campus Bye pass Road. Handwara Distt.: Kupwara, Jammu and Kashmir-193221,Makeshift Campus, Bypass Road, Handwara, Kupwara, J&K",(NBEMS) PHARMACOLOGY,Open,General,Allotted
1608,86665,Self-Financed Merit Seat,"DR. D. Y. PATIL MEDICAL COLLEGE, PUNE,Dr. D. Y. Patil Medical College, Hospital and Research Centre, Sant Tukaram Nagar, Pimpri, Pune., Maharashtra, 411018",M.D. (PAEDIATRICS),Open,OBC,Allotted
1609,86740,Delhi University Quota,"University College of Medical Sciences,University College of Medical Sciences, Delhi (NCT), 110095",M.D. (ANAESTHESIOLOGY),ST,ST,Allotted
1610,86812,All India,"Government Medical College, Nagpur,Government Medical College, Nagpur, Maharashtra, 440003",M.D. (MICROBIOLOGY),Open,General,Allotted
1611,87128,All India,"Government Medical College, Surat,Government Medical College, Majuragate, Surat., Gujarat, 395001",M.D. (BIOCHEMISTRY),OBC,OBC,Allotted
1612,87367,Self-Financed Merit Seat,"Rajarajeswari Medical College and Hospital,No. 202, Kambipura, Mysore Road, Bengaluru, Karnataka, 560074",M.D. (Obst. and Gynae)/MS (Obstetrics and Gynaecology),Open,General,Allotted
1613,87545,All India,"MahaMaya Rajkiya Allopathic Medical College ,Saddarpur, AmbedkarNagar, Uttar Pradesh, 224227",M.D. (PREVENTIVE and SOCIAL MEDICINE)/ COMMUNITY MEDICINE,Open,General,Allotted
1614,87688,All India,"Govt. Bundelkhand Medical College Sagar M.P.,Govt. Bundelkhand Medical College Sagar M.P., Madhya Pradesh, 470001",M.D. (PATHOLOGY),OBC,OBC,Allotted
1615,87764,All India,"Government Erode Medical College- Formerly IRT-Perundurai Medical College,GOVERNMENT ERODE MEDICAL COLLEGE AND HOSPITAL PERUNDURAI SANATORIUM POST ERODE DISTRICT, Tamil Nadu, 638053",M.S. (E.N.T.),ST,ST,Allotted
1616,88114,All India,"Siddhartha Medical College, Vijayawada,Siddhartha Medical College, Vijayawada, Andhra Pradesh, 520008",M.D. (ANAESTHESIOLOGY),ST,ST,Allotted
1617,88140,All India,"Government Medical College Srinagar,Administrative Block Government Medical College Karan Nagar Srinagar, Jammu And Kashmir, 190010",M.D. (PATHOLOGY),OBC,OBC,Allotted
1618,88144,DNB Quota,"Guru Gobind Singh Govt. Hospital, Delhi,F-Block, Raghubir Nagar, New Delhi, Delhi (NCT), 110027",(NBEMS-DIPLOMA) Obstetrics and Gynaecology,ST,ST,Allotted
1619,88159,All India,"GOA MEDICAL COLLEGE,Bambolim, Goa, Goa, 403202",M.D. (FORENSIC MEDICINE),Open,General,Allotted
1620,88321,DNB Quota,"General Hospital, Rajvant Palace Road, Near Rajendra High School, Rajpipla Dist: Narmada, Gujarat-393145,GMERS Medical College Rajpipla, Near Jakatnaka, Vadia Place Road,Rajpipla",(NBEMS) PATHOLOGY,OBC,OBC,Allotted
1621,88333,All India,"Jawaharlal Institute of Medical Sciences, Manipur,Jawaharlal Nehru Institute of Medical Sciences, Porompat, Imphal -East, Manipur-795005, Manipur, 795005",M.D. (PREVENTIVE and SOCIAL MEDICINE)/ COMMUNITY MEDICINE,Open,SC,Allotted
1622,88380,All India,"Rajendra Institute of Medical Sciences, Ranchi,Rajendra Institute of Medical Sciences, Ranchi, Jharkhand, 834009",M.D. (PATHOLOGY),OBC,OBC,Allotted
1623,88540,Self-Financed Merit Seat,"DR. D. Y. PATIL MEDICAL COLLEGE, PUNE,Dr. D. Y. Patil Medical College, Hospital and Research Centre, Sant Tukaram Nagar, Pimpri, Pune., Maharashtra, 411018",M.D. (PAEDIATRICS),Open,General,Allotted
1624,88559,DNB Quota,"Peerless Hospital and B K Roy Research Centre, ,360, Panchasayar, Kolkata - 700 -094, West Bengal, 700094",(NBEMS) PATHOLOGY,Open,General,Allotted
1625,88740,DNB Quota,"Mata Kaushalya Governement Hospital, ,NEAR DISTRICT COURT LAHORI GATE PATIALA, Punjab, 147001",(NBEMS) PAEDIATRICS,ST,ST,Allotted
1626,88795,All India,"Government Medical College Srinagar,Administrative Block Government Medical College Karan Nagar Srinagar, Jammu And Kashmir, 190010",M.D. (MICROBIOLOGY),SC,SC,Allotted
1627,88984,DNB Quota,"Sadar Hospital, Jharkhand,Opposite Xaviers College, Purlia Road, Ranchi, Jharkhand- 834001",(NBEMS) GENERAL SURGERY,ST,ST,Allotted
1628,89073,All India,"R G KAR MEDICAL COLLEGE, West Bengal,R G KAR MEDICAL COLLEGE,1 KHUDIRAM BOSE SARANI,KOLKATA, West Bengal, West Bengal, 700004",M.D. (PATHOLOGY),SC,SC,Allotted
1629,89101,All India,"Pimpri Chichwad Municipal Corporation Postgraduate Institute Y.C.M.Hospital Pimpri,Pune 18,Dean Office, 2nd Floor, Y.C.M.Hospital, Sant Tukaramnagar Pimpri, Pune, Maharashtra, 411018",M.D. (PREVENTIVE and SOCIAL MEDICINE)/ COMMUNITY MEDICINE,OBC,OBC,Allotted
1630,89195,DNB Quota,"CHITTARANJAN NATIONAL CANCER INSTITUTE DNB,37, S. P. Mukherjee Road, Kolkata, West Bengal, 700026",(NBEMS) PATHOLOGY,SC,SC,Allotted
1631,89624,All India,"Rangaraya Medical College,Rangaraya Medical College Beside SP Office , Pithapuram Road, Kakinada, Andhra Pradesh, 533003",M.D. (Hospital Administration),SC,SC,Allotted
1632,89678,Self-Financed Merit Seat,"Chettinad Hospital and Research Institute,Rajiv Gandhi Salai, Kelambakkam, Chengalpattu District, Tamil Nadu, 603103",M.D. (Obst. and Gynae)/MS (Obstetrics and Gynaecology),Open,OBC,Allotted
1633,89760,DNB Quota,"Suri Sadar Hospital, ,Laldighipara Suri Birbhum, West Bengal, 731101",(NBEMS-DIPLOMA) OPHTHALMOLOGY,EWS,EWS,Allotted
1634,89798,DNB Quota,"Utkal Institute of Medical Sciences and Hospital,Bhubaneswar ,Utkal Institute of Medical sciences and Hospital,A unit of UHPL,C-3,Niladri Vihar,Bhubaneswar, Odisha, 751021",(NBEMS) PATHOLOGY,Open,General,Allotted
1635,89858,DNB Quota,"GMERS Medical College,Gujarat,Morbi Gandhi Choke, Near Town Hall, Morbi, Gujarat- 363641",(NBEMS) PATHOLOGY,OBC,OBC,Allotted
1636,89883,Self-Financed Merit Seat,"Meenakshi Medical College Hospital and Research Institute, Kanchipuram,Meenakshi Medical College Hospital and Research Institute, Enathur, Karaipettai Post, Kanchipuram, Tamil Nadu, 631552",M.D. (GENERAL MEDICINE),Open,General,Allotted( NRI Priority : 2 )
1637,89934,DNB Quota,"District Hospital, Dharwad,Killa Road, Dharwad, Karnataka-580008",(NBEMS) ORTHOPAEDICS,ST,ST,Allotted
1638,90213,All India,"Rajiv Gandhi Institute of Medical Sciences Srikakulam,Government Medical College Srikakulam Balaga Srikakulam Town Srikakulam District, Andhra Pradesh, 532001",M.D. (PATHOLOGY),SC,SC,Allotted
1639,90251,Self-Financed Merit Seat,"A.C.S. Medical College and Hospital,A.C.S. Medical College and Hospital, Tamil Nadu, 600077",M.D. (Obst. and Gynae)/MS (Obstetrics and Gynaecology),Open,General,Allotted
1640,90477,All India,"Indira Gandhi Institute of Medical Sciences, Patna,Indira Gandhi Institute of Medical Sciences, Patna, Bihar, 800014",M.D. (BIOCHEMISTRY),OBC,OBC,Allotted
1641,90610,DNB Quota,"Rainbow Children`s Hospital, ,Rainbow Childrens Hospital, Road No.2, Banjara Hills, Hyderabad, Telangana, 500034",(NBEMS) MICROBIOLOGY,Open,General,Allotted
1642,90753,All India,"LATE SHRI LAKHI RAM AGRAWAL MEMORIAL GOVT.MEDICAL COLLEGE,LATE SHRI LAKHI RAM AGRAWAL MEMORIAL GOVT.MEDICAL COLLEGE, Chhattisgarh, 496001",M.D. (PATHOLOGY),OBC,OBC,Allotted
1643,90777,All India,"The National Institute of Health and Family Welfare,The National Institute of Health and Family Welfare, Delhi (NCT), 110067",DIPLOMA IN HEALTH ADMINISTRATION,Open,General,Allotted
1644,90822,All India,"Rangaraya Medical College,Rangaraya Medical College Beside SP Office , Pithapuram Road, Kakinada, Andhra Pradesh, 533003",M.D. (FORENSIC MEDICINE),Open,General,Allotted
1645,90852,All India,"Government Medical College,Churu,Civil Line, Shekhawat Colony, Churu-331001, Rajasthan, 331001",M.D. (PATHOLOGY),SC,SC,Allotted
1646,90854,All India,"Guru Gobind Singh Medical College,Guru Gobind Singh Medical College, Sadiq Road, Faridkot, Punjab, 151203",M.D. (MICROBIOLOGY),Open,General,Allotted
1647,90915,Self-Financed Merit Seat,"SBKS Medical College and Research Centre, Vadodara,SBKS Medical Institute and Research Centre, Sumandeep Vidyapeeth, Piparia, Waghodia Rd, Vadodara, Gujarat, 391760",M.S. (ORTHOPAEDICS),Open,General,Allotted
1648,90918,All India,"Maulana Azad Medical College,Maulana Azad Medical College, Delhi (NCT), 110002",M.D. (MICROBIOLOGY),OBC,OBC,Allotted
1649,90951,Self-Financed Merit Seat,"Sri Lakshmi narayana institute of medical sciences,puducherry,Sri Lakshmi narayana institute of medical sciences,puducherry, Puducherry, 605502",M.D. (GENERAL MEDICINE),Open,General,Allotted
1650,90955,All India,"Govt Medical college Shivpuri,Near Kattha Mill, Gwalior Bypass Highway Shivpuri MP, Madhya Pradesh, 473551",M.D. (PHARMACOLOGY),Open,General,Allotted
1651,91090,All India,"Lady Hardinge Medical College,Lady Hardinge Medical College, Delhi (NCT), 110001",M.D. (PHYSIOLOGY),Open,OBC,Allotted( NRI Priority : 2 )
1652,91241,All India,"Bangalore Medical College and Research Institute,Bangalore Medical College and Research Institute, Karnataka, 560002",M.S. (OPHTHALMOLOGY),ST,ST,Allotted
1653,91326,All India,"DR. SHANKARRAO CHAVAN GOVERNMENT MEDICAL COLLEGE, NANDED,DR. SHANKARRAO CHAVAN GOVERNMENT MEDICAL COLLEGE, VISHNUPURI, NANDED, Maharashtra, 431606",M.D. (MICROBIOLOGY),Open,General,Allotted
1654,91459,All India,"Govt. Medical College, Jammu,Govt. Medical College, Bakshi Nagar, Jamu, Jammu And Kashmir, 180001",M.D. (PATHOLOGY),OBC,OBC,Allotted
1655,91546,All India,"STANLEY MEDICAL COLLEGE,STANLEY MEDICAL COLLEGE NO.1, OLD JAIL ROAD, CHENNAI-600001, Tamil Nadu, 600001",M.D. (BIOCHEMISTRY),Open,OBC,Allotted
1656,91566,All India,"KING GEORGES MEDICAL UNIVERSITY,KING GEORGES MEDICAL UNIVERSITY, Shahmeena Road, Chowk, Lucknow-226003, Uttar Pradesh, 226003",M.D. (PHYSIOLOGY),Open,General,Allotted
1657,91775,All India,"Regional Institute of Medical Sciences, Imphal,Regional Institute of Medical Sciences, Imphal, Lamphelpat, Manipur, 795004",DIPLOMA IN CLINICAL PATHOLOGY,Open,OBC,Allotted
1658,91821,DNB Quota,"District Hospital Faridkot, Civil Hospital Faridkot, Punjab,Railway Road Opposite to DC Office, Punjab, 151203",(NBEMS) GENERAL MEDICINE,ST,ST,Allotted
1659,91873,All India,"Andhra Medical College,Andhra Medical College, Andhra Pradesh, 530002",M.D. (PREVENTIVE and SOCIAL MEDICINE)/ COMMUNITY MEDICINE,SC,SC,Allotted
1660,91911,All India,"North Eastern Indira Gandhi Regional Institute of Health & Medical Sciences, Shillong,North Eastern Indira Gandhi Regional Institute of Health & Medical Sciences, Shillong, Meghalaya, 793018",M.D. (PHYSIOLOGY),Open,General,Allotted
1661,91974,All India,"Govt. Doon Medical College, Dehradun,Govt. Doon Medical College Dehrakhas, Patel Nagar Dehradun 248001, Uttarakhand, 248001",M.D. (PATHOLOGY),OBC,OBC,Allotted
1662,91986,Self-Financed Merit Seat,"VINAYAKA MISSIONS MEDICAL COLLEGE AND HOSPITAL, KARAIKAL,KEEZHAKASAKUDIMEDU, KOTTUCHERRY (POST), KARAIKAL, UT of PUDUCHERRY, Puducherry, 609609",M.D. (Obst. and Gynae)/MS (Obstetrics and Gynaecology),Open,SC,Allotted
1663,92051,All India,"Osmania Medical Collge,5-1-876, Turrebaz Khan Rd, Troop Bazaar, Koti, Hyderabad, Telangana, Telangana, 500095",M.D. (MICROBIOLOGY),Open,General,Allotted
1664,92077,Self-Financed Merit Seat,"DR. D. Y. PATIL MEDICAL COLLEGE, PUNE,Dr. D. Y. Patil Medical College, Hospital and Research Centre, Sant Tukaram Nagar, Pimpri, Pune., Maharashtra, 411018",M.D. (Tuberculosis and Respiratory diseases)/Pulmonary Medicine /M.D. (Respiratory Medicine),Open,General,Allotted
1665,92159,All India,"All India Institute of Hygiene and Public Health,110, C. R Avenue, Kolkata, West Bengal, 700073",M.P.H. (EPIDEMIOLOGY),OBC,OBC,Allotted
1666,92361,DNB Quota,"IGM Hospital , ,IGM Chowmuhani, Agartala, Tripura West, Tripura, 799001",(NBEMS-DIPLOMA) OPHTHALMOLOGY,SC,SC,Allotted
1667,92697,All India,"Maharashtra Post Graduate Institute of Medical Education and Research, Nashik,Maharashtra Post Graduation Institute of Medical Education and Research Civil Hospital campus Tramba, Maharashtra, 422002",M.D. (PATHOLOGY),SC,SC,Allotted
1668,92717,All India,"Dr Ram Manohar Lohia Institute of Medical Sciences, Lucknow,Dr Ram Manohar Lohia Institute of Medical Sciences, Lucknow, Uttar Pradesh, 226010",M.D. (RADIO- DIAGNOSIS),OBC PwD,OBC PwD,Allotted
1669,92722,Self-Financed Merit Seat,"DR. D. Y. PATIL MEDICAL COLLEGE, PUNE,Dr. D. Y. Patil Medical College, Hospital and Research Centre, Sant Tukaram Nagar, Pimpri, Pune., Maharashtra, 411018",M.D. (PATHOLOGY),Open,General,Allotted
1670,93030,All India,"Dr. Rajendra Prasad Government Medical College, Tanda,Dr. Rajendra Prasad Government Medical College, Tanda, Himachal Pradesh, 176002",M.D. (PREVENTIVE and SOCIAL MEDICINE)/ COMMUNITY MEDICINE,Open,General,Allotted
1671,93173,All India,"Government Medical College, Nizamabad, Telangana State,Government Medical College, Nizamabad, Telangana State, Telangana, 503001",M.D. (Tuberculosis and Respiratory diseases)/Pulmonary Medicine /M.D. (Respiratory Medicine),ST,ST,Allotted
1672,93196,All India,"Bangalore Medical College and Research Institute,Bangalore Medical College and Research Institute, Karnataka, 560002",M.D. (PHYSIOLOGY),Open,General,Allotted
1673,93346,All India,"TOPIWALA NATIONAL MEDICAL COLLEGE,TOPIWALA NATIONAL MEDICAL COLLEGE B Y L Nair Ch Hospital, Dr. A.L. Nair Rd, Mumbai Central, Mumbai, Maharashtra, 400008",M.D. (MICROBIOLOGY),Open,General,Allotted
1674,93497,Self-Financed Merit Seat,"DR D Y PATIL MEDICAL COLLEGE, NAVI MUMBAI,DR D Y PATIL MEDICAL COLLEGE, NAVI MUMBAI, Maharashtra, 400706",M.D. (PAEDIATRICS),Open,General,Allotted
1675,93501,All India,"GANDHI MEDICAL COLLEGE,GANDHI MEDICAL COLLEGE, Telangana, 500003",M.D. (ANAESTHESIOLOGY),ST,ST,Allotted
1676,93611,Self-Financed Merit Seat,"VINAYAKA MISSIONS MEDICAL COLLEGE AND HOSPITAL, KARAIKAL,KEEZHAKASAKUDIMEDU, KOTTUCHERRY (POST), KARAIKAL, UT of PUDUCHERRY, Puducherry, 609609",M.D. (PAEDIATRICS),Open,General,Allotted
1677,93640,All India,"NETAJI SUBHASH CHANDRA BOSE MEDICAL COLLEGE, JABALPUR ,NETAJI SUBHASH CHANDRA BOSE MEDICAL COLLEGE, NAGPUR ROAD JABALPUR, Madhya Pradesh, 482003",M.D. (PHARMACOLOGY),Open,SC,Allotted
1678,93650,DNB Quota,"Contai Sub Divisional Hospital, West Bengal,CONTAI SUB DIVISIONAL HOSPITAL DARUA, West Bengal, 721406",(NBEMS-DIPLOMA) Otorhinolaryngology (E.N.T.),SC,SC,Allotted
1679,93667,All India,"Gulbarga Institute Of Medical Sciences, Kalaburagi,VEERESH NAGAR SEDAM ROAD KALABURAGI, Karnataka, 585105",M.D. (PHARMACOLOGY),SC,SC,Allotted
1680,93929,All India,"GUNTUR MEDICAL COLLEGE,GUNTUR MEDICAL COLLEGE, Andhra Pradesh, 522004",M.D. (MICROBIOLOGY),Open,OBC,Allotted
1681,94073,Self-Financed Merit Seat,"DR D Y PATIL MEDICAL COLLEGE, NAVI MUMBAI,DR D Y PATIL MEDICAL COLLEGE, NAVI MUMBAI, Maharashtra, 400706",M.D. (PAEDIATRICS),Open,General,Allotted
1682,94105,All India,"Gvernment Medical College,Haldwani,Government Medical College, Haldwani, Uttarakhand, 263139",M.D. (PATHOLOGY),OBC,OBC,Allotted
1683,94114,All India,"GOVERNMENT DHARMAPURI MEDICAL COLLEGE, DHARMAPURI, TAMIL NADU,GOVERNMENT DHARMAPURI MEDICAL COLLEGE, NETHAJI BYE PASS ROAD, DHARMAPURI, TAMIL NADU, Tamil Nadu, 636701",M.D. (ANAESTHESIOLOGY),ST,ST,Allotted
1684,94310,Self-Financed Merit Seat,"Mahatma Gandhi Medical College and Research Institute, Pondicherry,SBV Pondicherry Campus, Pillaiyarkuppam, Pondicherry, Puducherry, 607402",M.D. (Obst. and Gynae)/MS (Obstetrics and Gynaecology),Open,OBC,Allotted
1685,94425,All India,"University College of Medical Sciences,University College of Medical Sciences, Delhi (NCT), 110095",M.D. (PHYSIOLOGY),Open,General,Allotted
1686,94471,All India,"CALCUTTA NATIONAL MEDICAL COLLEGE,CALCUTTA NATIONAL MEDICAL COLLEGE 32, Gorachand Road, Kolkata 700014, West Bengal, 700014",M.D. (BIOCHEMISTRY),Open,General,Allotted
1687,94538,DNB Quota,"SVBP HOSPITAL and LLRM MEDICAL COLLEGE, MEERUT GARH ROAD, MEERUT, Uttar Pradesh-250004,LLRM Medical College Garh Road",(NBEMS) IMMUNO- HAEMATOLOGY AND BLOOD TRANSFUSION,SC,SC,Allotted
1688,94638,All India,"Chamarajanagar Institute of Medical Sciences, Karnataka,CHAMARAJANAGAR INSTITUTE OF MEDICAL SCIENCES, SY. NO 124, YEDAPURA VILLAGE KASABA HOBLI, CHAMARAJANA, Karnataka, 571313",M.D. (ANAESTHESIOLOGY),ST,ST,Allotted
1689,94719,All India,"BELAGAVI INSTITUTE OF MEDICAL SCIENCES, BELAGAVI,BELAGAVI INSTITUTE OF MEDICAL SCIENCES, BELAGAVI, Karnataka, 590001",M.D. (PREVENTIVE and SOCIAL MEDICINE)/ COMMUNITY MEDICINE,Open,SC,Allotted
1690,94917,All India,"Govt. Medical College, Bhavnagar,Near. S.T. Bus Stand,Jail Road, Bhavnagar-364001, Gujarat, 364001",M.D. (FORENSIC MEDICINE),Open,General,Allotted
1691,94989,All India,"M. P. SHAH GOVERNMENT MEDICAL COLLEGE,M. P. SHAH GOVERNMENT MEDICAL COLLEGE, Gujarat, 361008",DIP.IN GYNAE. and OBST.,ST,ST,Allotted
1692,94999,Self-Financed Merit Seat,"VINAYAKA MISSIONS MEDICAL COLLEGE AND HOSPITAL, KARAIKAL,KEEZHAKASAKUDIMEDU, KOTTUCHERRY (POST), KARAIKAL, UT of PUDUCHERRY, Puducherry, 609609",M.D. (PATHOLOGY),Open,OBC,Allotted
1693,95020,All India,"Maharaja Krushna Chandra Gajapati Medical College , Brahmapur,Maharaja Krushna Chandra Gajapati Medical College , Brahmapur, Odisha, 760004",M.D. (PATHOLOGY),OBC,OBC,Allotted
1694,95090,All India,"MEDICAL COLLEGE, KOLKATA,MEDICAL COLLEGE, KOLKATA, West Bengal, 700073",M.D. (Radiotherapy/ Radiation Oncology),ST,ST,Allotted
1695,95106,All India,"Fakhruddin Ali Ahmed Medical College,Fakhruddin Ali Ahmed Medical College, Assam, 781301",M.D. (PREVENTIVE and SOCIAL MEDICINE)/ COMMUNITY MEDICINE,Open,General,Allotted
1696,95108,DNB Quota,"Breach Candy Hospital, ,60-A, Bhulabhai Desai Road, Mumbai- 400 026., Maharashtra, 400026",(NBEMS) MICROBIOLOGY,Open,General,Allotted
1697,95131,All India,"Pt. Jawahar Lal Nehru Memorial Medical College, RAIPUR,Pt. Jawahar Lal Nehru Memorial Medical College, RAIPUR, Chhattisgarh, 492001",M.D. (PATHOLOGY),EWS,EWS,Allotted
1698,95151,Self-Financed Merit Seat,"Jawaharlal Nehru Medical College, Belagavi,Jawaharlal Nehru Medical College, Belagavi, Karnataka, 590010",M.S. (E.N.T.),Open,OBC,Allotted
1699,95156,All India,"Government Medical College Srinagar,Administrative Block Government Medical College Karan Nagar Srinagar, Jammu And Kashmir, 190010",M.D. (PSYCHIATRY),ST,ST,Allotted
1700,95268,DNB Quota,"SADAR HOSPITAL, ARA SHIVGANJ, Bihar ,SADAR HOSPITAL BHOJPUR BIHAR802301, Bihar, 802301",(NBEMS-DIPLOMA) ANAESTHESIOLOGY,EWS,EWS,Allotted
1701,95456,DNB Quota,"Rajiv Gandhi Government General Hospital, Principal Medical Officer General hospital, ,Rajiv Gandhi Government General Hospital, near bijli ghar circle, ALWAR, Rajasthan, 301001",(NBEMS-DIPLOMA) Otorhinolaryngology (E.N.T.),EWS,EWS,Allotted
1702,95533,DNB Quota,"GMERS Medical College and Hospital, Porbandar, (Formerly known as Bhavsinhji and Maharani Rupaliba General Hospital), Gujarat,Near S. T. Bus Stand, Opp. Bhutnath Temple, Hospital Road, Porbandar, Gujarat, 360575",(NBEMS) PATHOLOGY,OBC,OBC,Allotted
1703,95579,All India,"Moti Lal Nehru Medical College,Moti Lal Nehru Medical College, Uttar Pradesh, 211001",M.D. (FORENSIC MEDICINE),Open,General,Allotted
1704,95644,All India,"GOVT. MEDICAL COLLEGE, AMRITSAR,GOVT. MEDICAL COLLEGE,CIRCULAR ROAD, AMRITSAR, Punjab, 143001",M.D. (FORENSIC MEDICINE),OBC,OBC,Allotted
1705,95648,All India,"TOPIWALA NATIONAL MEDICAL COLLEGE,TOPIWALA NATIONAL MEDICAL COLLEGE B Y L Nair Ch Hospital, Dr. A.L. Nair Rd, Mumbai Central, Mumbai, Maharashtra, 400008",M.D. (MICROBIOLOGY),Open,General,Allotted
1706,95775,All India,"Dr. Rajendra Prasad Government Medical College, Tanda,Dr. Rajendra Prasad Government Medical College, Tanda, Himachal Pradesh, 176002",M.D. (PREVENTIVE and SOCIAL MEDICINE)/ COMMUNITY MEDICINE,Open,General,Allotted
1707,95890,All India,"NSC Government Medical College, Khandwa (MP),LUV KUSH NAGAR,MUNDI NAGAR, KHANDWA, Madhya Pradesh, 450001",M.D. (PREVENTIVE and SOCIAL MEDICINE)/ COMMUNITY MEDICINE,Open,General,Allotted
1708,95984,DNB Quota,"GMERS MEDICAL AND Hospital, Navsari, Gujarat-396445,M G G General Hospital, Opposite Jahangir Talkies, Station Road Navsari, Gujarat-396445",(NBEMS) PATHOLOGY,OBC,OBC,Allotted
1709,95999,All India,"Govt Medical college Shivpuri,Near Kattha Mill, Gwalior Bypass Highway Shivpuri MP, Madhya Pradesh, 473551",M.D. (PATHOLOGY),SC,SC,Allotted
1710,96018,All India,"Government T D Medical College, Vandanm , Alappuzha,Government T D Medical College, Vandanam , Alappuzha, Kerala, 688005",M.D. (PSYCHIATRY),ST,ST,Allotted
1711,96107,Self-Financed Merit Seat,"MGM Medical College, Aurangabad,MGM Medical College, Aurangabad, Maharashtra, 431003",M.D. (Emergency and Critical Care)/M.D. (Emergency Medicine),Open,OBC,Allotted
1712,96130,All India,"Govt. Medical College, Jammu,Govt. Medical College, Bakshi Nagar, Jamu, Jammu And Kashmir, 180001",M.D. (BIOCHEMISTRY),Open,General,Allotted
1713,96242,All India,"S.V. Medical College, Tirupathi ,S.V. Medical College, Tirupathi, Andhra Pradesh, 517501",M.S. (E.N.T.),ST,ST,Allotted
1714,96396,All India,"Sri Bhausaheb Hire Government Medical College,Sri Bhausaheb Hire Government Medical College,Dhule, Maharashtra, 424311",M.D. (PATHOLOGY),SC,SC,Allotted
1715,96495,All India,"Agartala Government Medical College,Agartala Government Medical College, Tripura, 799006",M.D. (PSYCHIATRY),ST,ST,Allotted
1716,96526,All India,"MADRAS MEDICAL COLLEGE,EVR PERIYAR SALAI, CHENNAI-03, Tamil Nadu, 600003",M.D. (BIOCHEMISTRY),SC,SC,Allotted
1717,96770,All India,"NIL RATAN SIRCAR MEDICAL COLLEGE,NIL RATAN SIRCAR MEDICAL COLLEGE, 138 AJC BOSE ROAD, KOLKATA-700014., West Bengal, 700014",M.S. (OPHTHALMOLOGY),ST,ST,Allotted
1718,96786,All India,"Andhra Medical College,Andhra Medical College, Andhra Pradesh, 530002",M.D. (MICROBIOLOGY),Open,OBC,Allotted
1719,96819,Self-Financed Merit Seat,"Datta Meghe Medical College Wanadongri, Nagpur,Datta Meghe Medical College, Wanadongri, Hingna Road, Nagpur, Maharashtra, 441110",M.D. (PAEDIATRICS),Open,General,Allotted
1720,96841,All India,"MANDYA INSTITUTE OF MEDICAL SCIENCES,MANDYA INSTITUTE OF MEDICAL SCIENCES MANDYA, Karnataka, 571401",M.S. (E.N.T.),ST,ST,Allotted
1721,96900,Self-Financed Merit Seat,"M.M. Institute of Medical Sciences and Research, Ambala,M.M. Institute of Medical Sciences and Research, Ambala, Haryana, 133207",M.S. (GENERAL SURGERY),Open,General,Allotted
1722,96919,All India,"LOKMANYA TILAK MEDICAL COLLEGE MUMBAI,LOKMANYA TILAK MEDICAL COLLEGE MUMBAI, Maharashtra, 400022",DIPLOMA IN PUBLIC HEALTH,Open,General,Allotted
1723,96988,All India,"GOVERNMENT MEDICAL COLLEGE KADAPA (FORMERLY RAJIV GANDHI INSTITUTE OF MEDICAL SCIENCES, KADAPA),GOVERNMENT MEDICAL COLLEGE KADAPA (FORMERLY RIMS KADAPA), Andhra Pradesh, 516002",M.D. (PREVENTIVE and SOCIAL MEDICINE)/ COMMUNITY MEDICINE,Open,OBC,Allotted
1724,97039,DNB Quota,"Government Medical College and Associated Hospital,,JANGLAT MANDI ANANTNAG, JAMMU AND KASHMIR 192101, Jammu And Kashmir, 192101",(NBEMS) MICROBIOLOGY,Open,General,Allotted
1725,97051,All India,"PATNA MEDICAL COLLEGE, PATNA,PATNA MEDICAL COLLEGE, PATNA, Bihar, 800004",DIPLOMA IN BACTERIOLOGY,Open,OBC,Allotted
1726,97151,Self-Financed Merit Seat,"Santosh Medical College and Hospital, Ghaziabad, NCR Delhi,Santosh Medical College and Hospital, Ghaziabad, Delhi NCR, Uttar Pradesh, 201009",M.D. (PAEDIATRICS),Open,General,Allotted
1727,97236,DNB Quota,"JLNM Hospital, ,JLNM Hospital Rainawari Srinagar, Jammu And Kashmir, 190003",(NBEMS) PATHOLOGY,OBC,OBC,Allotted
1728,97452,DNB Quota,"Sir Ganga Ram Hospital, ,Rajinder Nagar, New Delhi, Delhi (NCT), 110060",(NBEMS) BIOCHEMISTRY,Open,General,Allotted
1729,97483,All India,"Kakatiya Medical College,Kakatiya Medical College, Telangana, 506007",M.D. (MICROBIOLOGY),Open,OBC,Allotted
1730,97494,DNB Quota,"Balrampur Hospital, ,Gola Ganj, lucknow, Uttar Pradesh, 226018",(NBEMS) PATHOLOGY,SC,SC,Allotted
1731,97776,All India,"GOVERNMENT VELLORE MEDICAL COLLEGE,GOVERNMENT VELLORE MEDICAL COLLEGE, Tamil Nadu, 632011",M.S. (OPHTHALMOLOGY),ST,ST,Allotted
1732,97864,All India,"GOA MEDICAL COLLEGE,Bambolim, Goa, Goa, 403202",M.D. (PREVENTIVE and SOCIAL MEDICINE)/ COMMUNITY MEDICINE,SC,SC,Allotted
1733,97977,Self-Financed Merit Seat,"M.M. Institute of Medical Sciences and Research, Ambala,M.M. Institute of Medical Sciences and Research, Ambala, Haryana, 133207",M.S. (GENERAL SURGERY),Open,OBC,Allotted
1734,98148,All India,"GADAG INSTITUTE OF MEDICAL SCIENCES GADAG,Gadag Institute of Medical Sciences Mallasamudra Gadag-582103, Karnataka, 582103",M.D. (PREVENTIVE and SOCIAL MEDICINE)/ COMMUNITY MEDICINE,Open,General,Allotted
1735,98389,All India,"Soban Singh Jeena Government Institute of Medical Sciences & Research, Almora,,Pandeykhola,Near Vikas Bhawan, Almora , Pin - 263601",M.D. (FORENSIC MEDICINE),Open,General,Allotted
1736,98492,All India,"Koppal Institute of Medical Sciences Koppal, Karnataka,Gangavati Road Kiddidal Gate koppal, Karnataka, 583231",M.D. (PREVENTIVE and SOCIAL MEDICINE)/ COMMUNITY MEDICINE,OBC,OBC,Allotted
1737,98592,All India,"VARDHMAN INSTITUTE OF MEDICAL SCIENCES, NALANDA,BMIMS CAMPUS, PAWAPURI, NALANDA, Bihar, 803115",M.D. (PHYSIOLOGY),Open,General,Allotted
1738,98668,Self-Financed Merit Seat,"M.M. Institute of Medical Sciences and Research, Ambala,M.M. Institute of Medical Sciences and Research, Ambala, Haryana, 133207",M.S. (GENERAL SURGERY),Open,General,Allotted
1739,98709,Self-Financed Merit Seat,"SRI LALITHAMBIGAI MEDICL COLLEGE AND HOSPITAL,CHENNAI,Service Road, Adayalampattu, Maduravoyal, Chennai, Tamil Nadu",M.D. (GENERAL MEDICINE),Open,General,Allotted
1740,98902,All India,"Government Medical College, Bhilwara,Sindri ke Balaji Road, Sanganer, Bhilwara, Rajasthan 311001, Rajasthan, 311001",M.D. (PATHOLOGY),SC,SC,Allotted
1741,98981,All India,"ESIC Medical College and PGIMSR,ESIC Medical College and Hospital, KK Nagar, Chennai - 600 078, Tamil Nadu, 600078",M.D. (PHYSIOLOGY),Open,General,Allotted
1742,99098,All India,"Sarojini Naidu Medical College, AGRA,Sarojini Naidu Medical College, AGRA, Uttar Pradesh, 282002",M.D. (PREVENTIVE and SOCIAL MEDICINE)/ COMMUNITY MEDICINE,OBC,OBC,Allotted
1743,99229,DNB Quota,"Jawaharlal Nehru Medical College and Hospital Bhagalpur, Mayaganj Bhagalpur, Bihar- 812001,Sukhraj Rai Path, Bhagalpur",(NBEMS) ANAESTHESIOLOGY,ST,ST,Allotted
1744,99345,DNB Quota,"Vishnuprasad Nandrai Desai Municipal General Hospital, Maharashtra,11 TH GOLIBAR ROAD TPS,SANTACRUZ EAST, Maharashtra, 400055",(NBEMS) PATHOLOGY,OBC,OBC,Allotted
1745,99471,Self-Financed Merit Seat,"Jawaharlal Nehru Medical College, Sawangi (Meghe), Wardha-,Jawaharlal Nehru Medical College, Sawangi Meghe Wardha - 442107, Maharashtra State, Maharashtra, 442107",M.D. (PAEDIATRICS),Open,General,Allotted
1746,99517,All India,"Rims Medical College, Ongole, ,GOVERNMENT MEDICAL COLLEGE ONGOLE, Andhra Pradesh, 523001",M.S. (OPHTHALMOLOGY),ST,ST,Allotted
1747,100077,All India,"Government Medical College, Nizamabad, Telangana State,Government Medical College, Nizamabad, Telangana State, Telangana, 503001",M.D. (MICROBIOLOGY),Open,General,Allotted
1748,100085,All India,"Gandhi Medical College, Bhopal,Gandhi Medical College, Bhopal, Madhya Pradesh, 462001",M.D. (BIOCHEMISTRY),Open,General,Allotted
1749,100275,All India,"GOVERNMENT MEDICAL COLLEGE AND ESIC HOSPITAL, COIMBATORE,KAMARAJAR ROAD, VARATHARAJAPURAM, SINGANALLUR, COIMBATORE, Tamil Nadu, 641015",M.D. (Emergency and Critical Care)/M.D. (Emergency Medicine),ST,ST,Allotted
1750,100296,Self-Financed Merit Seat,"Sri Siddhartha Institute of Medical Sciences & Research Centre (SSIMRC),T Begur, Nelamangala, Bangalore rural, Karnataka, 562123",M.D. (GENERAL MEDICINE),Open,OBC,Allotted
1751,100305,All India,"ESI-POST GRADUATE INSTITUTE OF MEDICAL SCIENCES AND RESEARCH, BASAIDARAPUR, NEW DELHI,ESI-POST GRADUATE INSTITUTE OF MEDICAL SCIENCES AND RESEARCH, BASAIDARAPUR, NEW DELHI, Delhi (NCT), 110015",M.D. (PATHOLOGY),ST,ST,Allotted
1752,100337,All India,"Autonomous State Medical College, Shahjahanpur,Dharnipur, Jignera, Jalalabad road, Shahjahanpur, Uttar Pradesh, 242001",M.D. (PHARMACOLOGY),OBC,OBC,Allotted
1753,100365,All India,"KING GEORGES MEDICAL UNIVERSITY,KING GEORGES MEDICAL UNIVERSITY, Shahmeena Road, Chowk, Lucknow-226003, Uttar Pradesh, 226003",M.D. (PREVENTIVE and SOCIAL MEDICINE)/ COMMUNITY MEDICINE,OBC,OBC,Allotted
1754,100739,All India,"Siddhartha Medical College, Vijayawada,Siddhartha Medical College, Vijayawada, Andhra Pradesh, 520008",M.S. (OPHTHALMOLOGY),ST,ST,Allotted
1755,101030,Non-Resident Indian,"Jawaharlal Nehru Medical College, Sawangi (Meghe), Wardha-,Jawaharlal Nehru Medical College, Sawangi Meghe Wardha - 442107, Maharashtra State, Maharashtra, 442107",M.D. (GENERAL MEDICINE),Open,General,Allotted( NRI Priority : 2 )
1756,101342,DNB Quota,"J.L.N. Main Hospital and Research Centre, ,Bhilai Steel Plant Sector-9, Bhilai, C.G., Chhattisgarh, 490009",(NBEMS) Otorhinolaryngology (E.N.T.),ST,ST,Allotted
1757,101499,All India,"College of Medicine & Sagore Dutta Hospital,College of Medicine & Sagore Dutta Hospital, West Bengal, 700058",M.D. (PATHOLOGY),SC,SC,Allotted
1758,101543,All India,"Government Medical College, Surat,Government Medical College, Majuragate, Surat., Gujarat, 395001",M.D. (PHYSIOLOGY),SC,SC,Allotted
1759,101586,All India,"Rims Medical College, Ongole, ,GOVERNMENT MEDICAL COLLEGE ONGOLE, Andhra Pradesh, 523001",M.D. (PREVENTIVE and SOCIAL MEDICINE)/ COMMUNITY MEDICINE,OBC,OBC,Allotted
1760,101719,All India,"Chamarajanagar Institute of Medical Sciences, Karnataka,CHAMARAJANAGAR INSTITUTE OF MEDICAL SCIENCES, SY. NO 124, YEDAPURA VILLAGE KASABA HOBLI, CHAMARAJANA, Karnataka, 571313",M.S. (OPHTHALMOLOGY),ST,ST,Allotted
1761,101822,All India,"B. J. MEDICAL COLLEGE, Ahmedabad,B.J. Medical College, New Civil Hospital Asarwa,Ahmedabad-380016,Gujarat,India, Gujarat, 380016",M.D. IN TRANSFUSION MEDICINE/ IMMUNO- HAEMATOLOGY and BLOOD TRANSFUSION,EWS,EWS,Allotted
1762,101830,All India,"Government Institute of Medical Sciences, Greater Noida, Uttar Pradesh,KASNA GREATER NOIDA GAUTAM BUDDHA NAGAR, Uttar Pradesh, 201310",M.D. (BIOCHEMISTRY),SC,SC,Allotted
1763,102224,All India,"Govt Medical college Shivpuri,Near Kattha Mill, Gwalior Bypass Highway Shivpuri MP, Madhya Pradesh, 473551",M.D. (PREVENTIVE and SOCIAL MEDICINE)/ COMMUNITY MEDICINE,Open,General,Allotted
1764,102355,All India,"BPS Govt. Medical College for Women, Khanpur Kalan Sonepat,BPS Govt. Medical College for Women, Khanpur Kalan Sonepat, Haryana, 131305",M.D. (FORENSIC MEDICINE),SC,SC,Allotted
1765,102444,Self-Financed Merit Seat,"DR. D. Y. PATIL MEDICAL COLLEGE, PUNE,Dr. D. Y. Patil Medical College, Hospital and Research Centre, Sant Tukaram Nagar, Pimpri, Pune., Maharashtra, 411018",M.S. (ORTHOPAEDICS),Open,OBC,Allotted
1766,102469,DNB Quota,"GMERS MEDICAL AND Hospital, Navsari, Gujarat-396445,M G G General Hospital, Opposite Jahangir Talkies, Station Road Navsari, Gujarat-396445",(NBEMS) MICROBIOLOGY,Open,General,Allotted
1767,102627,All India,"Indira Gandhi Medical College Shimla,Indira Gandhi Medical College Shimla, Himachal Pradesh, 171001",M.D. (PATHOLOGY),SC,SC,Allotted
1768,102648,All India,"ESIC MEDICAL COLLEGE, JOKA,ESI-PGIMSR & ESIC MEDICAL COLLEGE, JOKA, KOLKATA, WEST BENGAL, West Bengal, 700104",M.D. (BIOCHEMISTRY),Open,SC,Allotted
1769,102659,All India,"Government medical college patiala.,Government medical college patiala., Punjab, 147001",M.D. (PATHOLOGY),SC,SC,Allotted
1770,102660,All India,"GOA MEDICAL COLLEGE,Bambolim, Goa, Goa, 403202",M.D. (FORENSIC MEDICINE),OBC,OBC,Allotted
1771,102765,Self-Financed Merit Seat,"Jawaharlal Nehru Medical College, Sawangi (Meghe), Wardha-,Jawaharlal Nehru Medical College, Sawangi Meghe Wardha - 442107, Maharashtra State, Maharashtra, 442107",M.D. (PAEDIATRICS),Open,EWS,Allotted
1772,102784,All India,"ANUGRAH NARAYAN MAGADH MEDICAL COLLEGE,ANUGRAH NARAYAN MAGADH MEDICAL COLLEGE, Bihar, 823001",M.D. (PATHOLOGY),SC,SC,Allotted
1773,102906,All India,"Govt Medical college Shivpuri,Near Kattha Mill, Gwalior Bypass Highway Shivpuri MP, Madhya Pradesh, 473551",M.D. (PATHOLOGY),ST,ST,Allotted
1774,103071,All India,"GAJRA RAJA MEDICAL COLLEGE GWALIOR,GAJRA RAJA MEDICAL COLLEGE GWALIOR, Madhya Pradesh, 474009",M.D. (PREVENTIVE and SOCIAL MEDICINE)/ COMMUNITY MEDICINE,OBC,OBC,Allotted
1775,103116,All India,"B. J. MEDICAL COLLEGE, Ahmedabad,B.J. Medical College, New Civil Hospital Asarwa,Ahmedabad-380016,Gujarat,India, Gujarat, 380016",M.D. (PREVENTIVE and SOCIAL MEDICINE)/ COMMUNITY MEDICINE,SC,SC,Allotted
1776,103176,DNB Quota,"District Hospital, Ballari,DISTRICT HOSPITAL NEAR SANGAM CIRCLE DR RAJ KUMAR ROAD BALLARI-583101 KARNATAKA, Karnataka, 583101",(NBEMS-DIPLOMA) FAMILY MEDICINE,SC,SC,Allotted
1777,103375,Self-Financed Merit Seat,"SREE BALAJI MEDICAL COLLEGE AND HOSPITAL, CHENNAI,NO,7 WORKS ROAD,CHROMEPET,CHENNAI, Tamil Nadu, 600044",M.D. (GENERAL MEDICINE),Open,OBC,Allotted
1778,103508,All India,"Govt. Medical College, Jammu,Govt. Medical College, Bakshi Nagar, Jamu, Jammu And Kashmir, 180001",M.D. (PHYSIOLOGY),Open,General,Allotted
1779,103641,All India,"M. P. SHAH GOVERNMENT MEDICAL COLLEGE,M. P. SHAH GOVERNMENT MEDICAL COLLEGE, Gujarat, 361008",M.D. IN TRANSFUSION MEDICINE/ IMMUNO- HAEMATOLOGY and BLOOD TRANSFUSION,EWS,EWS,Allotted
1780,103903,All India,"GOVERNMENT MEDICAL COLLEGE KADAPA (FORMERLY RAJIV GANDHI INSTITUTE OF MEDICAL SCIENCES, KADAPA),GOVERNMENT MEDICAL COLLEGE KADAPA (FORMERLY RIMS KADAPA), Andhra Pradesh, 516002",M.D. (MICROBIOLOGY),EWS,EWS,Allotted
1781,103951,All India,"Government medical college patiala.,Government medical college patiala., Punjab, 147001",M.D. (BIOCHEMISTRY),Open,General,Allotted
1782,104011,All India,"Lady Hardinge Medical College,Lady Hardinge Medical College, Delhi (NCT), 110001",M.D. (BIOCHEMISTRY),OBC,OBC,Allotted
1783,104282,All India,"Govt. Bundelkhand Medical College Sagar M.P.,Govt. Bundelkhand Medical College Sagar M.P., Madhya Pradesh, 470001",M.D. (PHARMACOLOGY),Open,General,Allotted
1784,104283,All India,"Government Medical College Srinagar,Administrative Block Government Medical College Karan Nagar Srinagar, Jammu And Kashmir, 190010",M.D. (MICROBIOLOGY),EWS,EWS,Allotted
1785,104519,All India,"Osmania Medical Collge,5-1-876, Turrebaz Khan Rd, Troop Bazaar, Koti, Hyderabad, Telangana, Telangana, 500095",M.D. (FORENSIC MEDICINE),Open,OBC,Allotted
1786,104678,DNB Quota,"IGM Hospital , ,IGM Chowmuhani, Agartala, Tripura West, Tripura, 799001",(NBEMS-DIPLOMA) FAMILY MEDICINE,SC,SC,Allotted
1787,104725,All India,"B. J. MEDICAL COLLEGE, Ahmedabad,B.J. Medical College, New Civil Hospital Asarwa,Ahmedabad-380016,Gujarat,India, Gujarat, 380016",MD/MS (Anatomy),OBC,OBC,Allotted
1788,104794,All India,"RAJIV GANDHI INSTITUTE OF MEDICAL SCIENCES,RAJIV GANDHI INSTITUTE OF MEDICAL SCIENCES ADILABAD -504001 TELANGANA STATE, Telangana, 504001",M.D. (PATHOLOGY),SC,SC,Allotted
1789,104843,All India,"Maa Vindhyavashini Autonomous State Medical College, Mirzapur,Visundarpur,Pipradar, Mirzapur, Uttar Pradesh -231001",M.D. (PREVENTIVE and SOCIAL MEDICINE)/ COMMUNITY MEDICINE,OBC,OBC,Allotted
1790,104888,Self-Financed Merit Seat,"Malla Reddy Institute of Medical Sciences,Suraram X Roads, Jeedimetla, Hyderabad, Telangana, 500055",M.S. (GENERAL SURGERY),Open,General,Allotted
1791,104898,All India,"Gandhi Medical College, Bhopal,Gandhi Medical College, Bhopal, Madhya Pradesh, 462001",M.D. (FORENSIC MEDICINE),Open,General,Allotted
1792,104982,Delhi University Quota,"University College of Medical Sciences,University College of Medical Sciences, Delhi (NCT), 110095",M.D. (PREVENTIVE and SOCIAL MEDICINE)/ COMMUNITY MEDICINE,SC,SC,Allotted
1793,104985,All India,"Andhra Medical College,Andhra Medical College, Andhra Pradesh, 530002",M.D. (PHYSIOLOGY),Open,General,Allotted
1794,105198,All India,"Govt. Medical College, Baroda,Govt. Medical College, Baroda, Gujarat, 390001",M.D. (PATHOLOGY),SC,SC,Allotted
1795,105319,DNB Quota,"Associated Hospital Government Medical College, ,Government Medical College Chack Sajjan Kathua, Jammu And Kashmir, 184101",(NBEMS) COMMUNITY MEDICINE,Open,General,Allotted
1796,105466,All India,"GADAG INSTITUTE OF MEDICAL SCIENCES GADAG,Gadag Institute of Medical Sciences Mallasamudra Gadag-582103, Karnataka, 582103",M.D. (PSYCHIATRY),ST,ST,Allotted
1797,105565,Self-Financed Merit Seat,"Meenakshi Medical College Hospital and Research Institute, Kanchipuram,Meenakshi Medical College Hospital and Research Institute, Enathur, Karaipettai Post, Kanchipuram, Tamil Nadu, 631552",M.D. (PAEDIATRICS),Open,General,Allotted
1798,105566,All India,"Pt. Jawahar Lal Nehru Memorial Medical College, RAIPUR,Pt. Jawahar Lal Nehru Memorial Medical College, RAIPUR, Chhattisgarh, 492001",M.D. (PREVENTIVE and SOCIAL MEDICINE)/ COMMUNITY MEDICINE,OBC,OBC,Allotted
1799,105624,DNB Quota,"Rajiv Gandhi Government Women and Children Hospital, (Formerly Indira Gandhi. General Hospital) ,100 feet road, Ellaipillaichavady, Puducherry, 605005",(NBEMS-DIPLOMA) Obstetrics and Gynaecology,ST,ST,Allotted
1800,105708,Self-Financed Merit Seat,"Datta Meghe Medical College Wanadongri, Nagpur,Datta Meghe Medical College, Wanadongri, Hingna Road, Nagpur, Maharashtra, 441110",M.D. (Emergency and Critical Care)/M.D. (Emergency Medicine),Open,OBC,Allotted
1801,105768,All India,"Andhra Medical College,Andhra Medical College, Andhra Pradesh, 530002",M.D. (BIOCHEMISTRY),Open,General,Allotted
1802,106288,All India,"Lala Lajpat Rai Memorial Medical College, MEERUT,Lala Lajpat Rai Memorial Medical College, MEERUT, Uttar Pradesh, 250004",M.D. (FORENSIC MEDICINE),OBC,OBC,Allotted
1803,106334,All India,"PATNA MEDICAL COLLEGE, PATNA,PATNA MEDICAL COLLEGE, PATNA, Bihar, 800004",M.D. (MICROBIOLOGY),OBC,OBC,Allotted
1804,106436,Self-Financed Merit Seat,"Bharati Vidyapeeth Deemed to be University Medical College,Pune,Bharati Vidyapeeth Deemed to be University Medical College, Dhankawadi, Pune Satara Road, Pune, Maharashtra, 411043",M.D. (Emergency and Critical Care)/M.D. (Emergency Medicine),Open,General,Allotted
1805,106505,All India,"Seth Gordhandas Sunderdas Medical College, MUMBAI,Seth Gordhandas Sunderdas Medical College, Acharya Donde Marg Parel MUMBAI, Maharashtra, 400012",M.D. (BIOCHEMISTRY),Open,General,Allotted
1806,106594,Self-Financed Merit Seat,"Datta Meghe Medical College Wanadongri, Nagpur,Datta Meghe Medical College, Wanadongri, Hingna Road, Nagpur, Maharashtra, 441110",M.D. (ANAESTHESIOLOGY),Open,General,Allotted
1807,106610,DNB Quota,"JLNM Hospital, ,JLNM Hospital Rainawari Srinagar, Jammu And Kashmir, 190003",(NBEMS) Otorhinolaryngology (E.N.T.),ST,ST,Allotted
1808,106612,Self-Financed Merit Seat,"Mahatma Gandhi Medical College and Research Institute, Pondicherry,SBV Pondicherry Campus, Pillaiyarkuppam, Pondicherry, Puducherry, 607402",M.D. (PATHOLOGY),Open,General,Allotted
1809,106660,DNB Quota,"B.R. Singh Hospital and Centre for Medical Education and Research,,Eastern Railway, Sealdah, Kolkata, West Bengal, 700014",(NBEMS) PATHOLOGY,EWS,EWS,Allotted
1810,106698,All India,"Late Baliram Kashyap Memorial Govt Medical Dimrapal,Late Baliram Kashyap Memorial Govt Medical Dimrapal, Chhattisgarh, 494001",M.D. (PREVENTIVE and SOCIAL MEDICINE)/ COMMUNITY MEDICINE,Open,General,Allotted
1811,106870,All India,"Maulana Azad Medical College,Maulana Azad Medical College, Delhi (NCT), 110002",MD/MS (Anatomy),Open,General,Allotted
1812,106872,All India,"GANDHI MEDICAL COLLEGE,GANDHI MEDICAL COLLEGE, Telangana, 500003",M.D. (PHYSIOLOGY),Open,OBC,Allotted
1813,106962,DNB Quota,"ESIC Model Hospital, ,LAXMI NAGAR AJMER ROAD JAIPUR, Rajasthan, 302006",(NBEMS-DIPLOMA) PAEDIATRICS,ST,ST,Allotted
1814,106996,Self-Financed Merit Seat,"SHRI. B. M. PATIL MEDICAL COLLEGE HOSPITAL AND RESEARCH CENTRE,SHRI. B. M. PATIL MEDICAL COLLEGE HOSPITAL AND RESEARCH CENTRE, SOLAPUR ROAD, VIJAYAPURA, Karnataka, 586103",M.D. (ANAESTHESIOLOGY),Open,General,Allotted
1815,107102,All India,"Andhra Medical College,Andhra Medical College, Andhra Pradesh, 530002",M.D. (PHARMACOLOGY),OBC,OBC,Allotted
1816,107428,All India,"Government Medical College, Nagpur,Government Medical College, Nagpur, Maharashtra, 440003",M.D. (MICROBIOLOGY),Open,General,Allotted
1817,107450,All India,"Chamarajanagar Institute of Medical Sciences, Karnataka,CHAMARAJANAGAR INSTITUTE OF MEDICAL SCIENCES, SY. NO 124, YEDAPURA VILLAGE KASABA HOBLI, CHAMARAJANA, Karnataka, 571313",M.D. (PATHOLOGY),EWS,EWS,Allotted
1818,107669,All India,"GOVERNMENT MEDICAL COLLEGE CHANDRAPUR, MAHARASHTRA,TB Hospital Campus, Ram Nagar, Chandrapur - 442401, Maharashtra, 442401",M.D. (FORENSIC MEDICINE),Open,General,Allotted
1819,107714,All India,"Sawai Man Singh Medical College, JAIPUR,Sawai Man Singh Medical College, JLN Marg, Jaipur-302004, Rajasthan, 302004",M.D. (MICROBIOLOGY),SC,SC,Allotted
1820,107877,Muslim Minority Quota,"Hamdard Institute of Medical Sciences and Research,HIMSR, Jamia Hamdard, Guru Ravidas Marg, Hamdard Nagar, New Delhi, Delhi (NCT), 110062",M.S. (E.N.T.),Open,General,Allotted
1821,108006,All India,"Government Medical College, Surat,Government Medical College, Majuragate, Surat., Gujarat, 395001",M.D. (PREVENTIVE and SOCIAL MEDICINE)/ COMMUNITY MEDICINE,EWS,EWS,Allotted
1822,108031,All India,"Govt. Medical College, Bhavnagar,Near. S.T. Bus Stand,Jail Road, Bhavnagar-364001, Gujarat, 364001",M.D. (PREVENTIVE and SOCIAL MEDICINE)/ COMMUNITY MEDICINE,SC,SC,Allotted
1823,108494,Self-Financed Merit Seat,"Pravara Rural Medical College, Loni,Dr. Balasaheb Vikhe Patil Rural Medical College (Formerly Called As Rural Medical College, Loni), Maharashtra, 413736",M.S. (E.N.T.),Open,General,Allotted
1824,108512,Self-Financed Merit Seat,"SRI SIDDHARTHA MEDICAL COLLEGE, TUMKUR,SRI SIDDHARTHA MEDICAL COLLEGE, TUMKUR, Karnataka, 572107",M.D. (GENERAL MEDICINE),Open,General,Allotted
1825,108675,All India,"Government Medical College, Siddipet,SURVEY NO 54 GOVERNMENT MEDICAL COLLEGE ENSANPALLY SIDDIPET 502114, Telangana, 502114",M.D. (PREVENTIVE and SOCIAL MEDICINE)/ COMMUNITY MEDICINE,OBC,OBC,Allotted
1826,108842,All India,"Lady Hardinge Medical College,Lady Hardinge Medical College, Delhi (NCT), 110001",MD/MS (Anatomy),OBC,OBC,Allotted
1827,109292,All India,"Bangalore Medical College and Research Institute,Bangalore Medical College and Research Institute, Karnataka, 560002",MD/MS (Anatomy),OBC,OBC,Allotted
1828,109587,All India,"MADRAS MEDICAL COLLEGE,EVR PERIYAR SALAI, CHENNAI-03, Tamil Nadu, 600003",MD/MS (Anatomy),SC,SC,Allotted
1829,109890,All India,"Rangaraya Medical College,Rangaraya Medical College Beside SP Office , Pithapuram Road, Kakinada, Andhra Pradesh, 533003",M.D. (BIOCHEMISTRY),Open,General,Allotted
1830,109957,All India,"Government Medical College Srinagar,Administrative Block Government Medical College Karan Nagar Srinagar, Jammu And Kashmir, 190010",M.D. (PREVENTIVE and SOCIAL MEDICINE)/ COMMUNITY MEDICINE,OBC,OBC,Allotted
1831,110168,All India,"BELAGAVI INSTITUTE OF MEDICAL SCIENCES, BELAGAVI,BELAGAVI INSTITUTE OF MEDICAL SCIENCES, BELAGAVI, Karnataka, 590001",M.D. (MICROBIOLOGY),Open,General,Allotted
1832,110240,All India,"MAHARSHI VASISHTHA AUTONOMOUS STATE MEDICAL COLLEGE BASTI,Rampur Tahsil Sadar Basti, Uttar Pradesh, 272124",M.D. (MICROBIOLOGY),OBC,OBC,Allotted
1833,110496,All India,"Atal Bihari Vajpayee Government Medical College, Vidisha,NH 86 INFRONT OF KHEL PARISAR SANCHI ROAD VIDISHA MP, Madhya Pradesh, 464001",M.D. (FORENSIC MEDICINE),Open,OBC,Allotted
1834,110573,Muslim Minority Quota,"Hamdard Institute of Medical Sciences and Research,HIMSR, Jamia Hamdard, Guru Ravidas Marg, Hamdard Nagar, New Delhi, Delhi (NCT), 110062",M.D. (ANAESTHESIOLOGY),Open,General,Allotted
1835,110627,All India,"Chamarajanagar Institute of Medical Sciences, Karnataka,CHAMARAJANAGAR INSTITUTE OF MEDICAL SCIENCES, SY. NO 124, YEDAPURA VILLAGE KASABA HOBLI, CHAMARAJANA, Karnataka, 571313",M.D. (PHARMACOLOGY),Open,General,Allotted
1836,110628,All India,"GOVERNMENT MEDICAL COLLEGE SHAHDOL,GRAM CHAMPA KUDRI ROAD NEAR NEW BUS STAND SHAHDOL MP, Madhya Pradesh, 484001",M.D. (MICROBIOLOGY),Open,General,Allotted
1837,110737,Self-Financed Merit Seat,"KRISHNA INSTITUTE OF MEDICAL SCIENCES, KARAD,KRISHNA INSTITUTE OF MEDICAL SCIENCES, KARAD, Maharashtra, 415110",M.S. (OPHTHALMOLOGY),Open,General,Allotted
1838,110988,All India,"NALANDA MEDICAL COLLEGE,PATNA,NALANDA MEDICAL COLLEGE,PATNA, OLD BYPASS ROAD,BHOOTNATH, KANKARBAGH, Bihar, 800026",M.D. (PHARMACOLOGY),Open,General,Allotted
1839,111016,All India,"Rims Medical College, Ongole, ,GOVERNMENT MEDICAL COLLEGE ONGOLE, Andhra Pradesh, 523001",M.D. (PATHOLOGY),SC,SC,Allotted
1840,111187,All India,"Regional Institute of Medical Sciences, Imphal,Regional Institute of Medical Sciences, Imphal, Lamphelpat, Manipur, 795004",MD/MS (Anatomy),Open,General,Allotted
1841,111405,All India,"GOVERNMENT MEDICAL COLLEGE, CHHINDWARA,M.P,MANDHATA COLONY, KHAJRI ROAD,CHHINDWARA,M.P.",M.D. (FORENSIC MEDICINE),SC,SC,Allotted
1842,111415,Self-Financed Merit Seat,"M.M. Institute of Medical Sciences and Research, Ambala,M.M. Institute of Medical Sciences and Research, Ambala, Haryana, 133207",M.S. (E.N.T.),Open,OBC,Allotted
1843,111545,All India,"Andaman & Nicobar Islands Institute of Medical Sciences ,DHS Annexe Building, Atlanta Point, Sri Vijaya Puram, Andaman and Nicobar Islands",M.D. (MICROBIOLOGY),Open,General,Allotted
1844,111561,All India,"GOA MEDICAL COLLEGE,Bambolim, Goa, Goa, 403202",M.D. (PHYSIOLOGY),Open,General,Allotted
1845,111643,Self-Financed Merit Seat,"Malla Reddy Institute of Medical Sciences,Suraram X Roads, Jeedimetla, Hyderabad, Telangana, 500055",M.S. (ORTHOPAEDICS),Open,OBC,Allotted
1846,111644,All India,"Government T D Medical College, Vandanm , Alappuzha,Government T D Medical College, Vandanam , Alappuzha, Kerala, 688005",M.D. (PREVENTIVE and SOCIAL MEDICINE)/ COMMUNITY MEDICINE,SC,SC,Allotted
1847,111672,All India,"Government Medical College, Dungarpur,Government Medical College and Associated Group of Hospital, Village Thana, Dungarpur, Rajasthan, 314001",M.D. (PHARMACOLOGY),OBC,OBC,Allotted
1848,111679,All India,"Government Medical College, Pali Rajasthan.,NH-62,Sumerpur Road,Village Ramasiya,Hemawas,Pali, Rajasthan, Rajasthan, 306401",M.D. (PHYSIOLOGY),Open,General,Allotted
1849,111844,Non-Resident Indian,"Bharati Vidyapeeth (Deemed to be University) Medical College and Hospital, Sangli,Bharati Vidyapeeth (Deemed to be University) Medical College and Hospital, Sangli, Maharashtra, 416416",M.D. (RADIO- DIAGNOSIS),Open,OBC,Allotted( NRI Priority : 2 )
1850,111888,All India,"KING GEORGES MEDICAL UNIVERSITY,KING GEORGES MEDICAL UNIVERSITY, Shahmeena Road, Chowk, Lucknow-226003, Uttar Pradesh, 226003",M.D. (PHARMACOLOGY),OBC,OBC,Allotted
1851,111985,Self-Financed Merit Seat,"VELS Medical College & Hospital, Unit of Vels Institute of Science, Technology & Advanced Studies (VISTAS),No. 12/123, Velan Nagar, Manjankaranai Village, Periyapalayam Road, Uthukottai Taluk, Tiruvallur, Tamil Nadu",M.S. (E.N.T.),Open,General,Allotted
1852,112053,DNB Quota,"District Hospital, Vijayapura, Karnataka,District HospitalNext to Sainik School second gate Athani Road, VijayapuraKarnataka 586103, Karnataka, 586103",(NBEMS) ANAESTHESIOLOGY,ST,ST,Allotted
1853,112096,Self-Financed Merit Seat,"Saveetha Medical College Nd Hospital,Saveetha Medical College and Hospital, Tamil Nadu, 602105",M.D. (MICROBIOLOGY),Open,OBC,Allotted
1854,112179,All India,"Govt. Doon Medical College, Dehradun,Govt. Doon Medical College Dehrakhas, Patel Nagar Dehradun 248001, Uttarakhand, 248001",M.D. (FORENSIC MEDICINE),OBC,OBC,Allotted
1855,112221,All India,"NETAJI SUBHASH CHANDRA BOSE MEDICAL COLLEGE, JABALPUR ,NETAJI SUBHASH CHANDRA BOSE MEDICAL COLLEGE, NAGPUR ROAD JABALPUR, Madhya Pradesh, 482003",M.D. (FORENSIC MEDICINE),Open,General,Allotted
1856,112244,All India,"Burdwan Medical College, West Bengal,Burdwan Medical College, West Bengal, West Bengal, 713104",M.D. (FORENSIC MEDICINE),Open,General,Allotted
1857,112264,DNB Quota,"Medanta The Medicity, ,Medanta The Medicity Sector 38 Gurgoan, Haryana, 122001",(NBEMS) MICROBIOLOGY,Open,General,Allotted
1858,112308,All India,"Atal Bihari Vajpayee Government Medical College, Vidisha,NH 86 INFRONT OF KHEL PARISAR SANCHI ROAD VIDISHA MP, Madhya Pradesh, 464001",M.D. (PREVENTIVE and SOCIAL MEDICINE)/ COMMUNITY MEDICINE,OBC,OBC,Allotted
1859,112424,All India,"Government Medical College, Latur,Government Medical College, Old Railway station Near Marwadi Rajasthani High-School Latur, Maharashtra, 413512",M.D. (PATHOLOGY),SC,SC,Allotted
1860,112494,All India,"DARBHANGA MEDICAL COLLEGE,Sheetal Prasad Marg, Laheriasarai, Darbhanga, Bihar, Bihar, 846003",M.D. (PATHOLOGY),SC,SC,Allotted
1861,112543,All India,"Lala Lajpat Rai Memorial Medical College, MEERUT,Lala Lajpat Rai Memorial Medical College, MEERUT, Uttar Pradesh, 250004",MD/MS (Anatomy),Open,General,Allotted
1862,112634,All India,"BELAGAVI INSTITUTE OF MEDICAL SCIENCES, BELAGAVI,BELAGAVI INSTITUTE OF MEDICAL SCIENCES, BELAGAVI, Karnataka, 590001",M.D. (PHARMACOLOGY),OBC,OBC,Allotted
1863,112645,All India,"Government Medical College Srinagar,Administrative Block Government Medical College Karan Nagar Srinagar, Jammu And Kashmir, 190010",M.D. (PATHOLOGY),SC,SC,Allotted
1864,112646,Self-Financed Merit Seat,"Meenakshi Medical College Hospital and Research Institute, Kanchipuram,Meenakshi Medical College Hospital and Research Institute, Enathur, Karaipettai Post, Kanchipuram, Tamil Nadu, 631552",M.D. (Tuberculosis and Respiratory diseases)/Pulmonary Medicine /M.D. (Respiratory Medicine),Open,OBC,Allotted
1865,112684,All India,"Post Graduate Institute of Child Health, Noida.,Post Graduate Institute of Child Health,SECTOR-30, NOIDA, GAUTAM Buddha Nagar, Uttar Pradesh, 201303",M.D. (MICROBIOLOGY),SC,SC,Allotted
1866,112732,All India,"MADRAS MEDICAL COLLEGE,EVR PERIYAR SALAI, CHENNAI-03, Tamil Nadu, 600003",M.D. (PHYSIOLOGY),Open,OBC,Allotted
1867,112839,All India,"JHALAWAR MEDICAL COLLEGE,JHALAWAR MEDICAL COLLEGE, JHALAWAR, Rajasthan, 326001",MD/MS (Anatomy),Open,General,Allotted
1868,112848,All India,"Government Medical College Kannauj , Uttar Pradesh,Kannaujmedicalcollege@gmail.com, Uttar Pradesh, 209732",M.D. (MICROBIOLOGY),Open,General,Allotted
1869,112872,DNB Quota,"Domkal Sub Divisional and Super Speciality Hospital, West Bengal,Vill - Bablabona, P.O - P.T. Rasulpur , P.S - Domkal , Dist - Murshidabad, West Bengal, 742303",(NBEMS-DIPLOMA) Obstetrics and Gynaecology,ST,ST,Allotted
1870,113039,All India,"GOVERNMENT MEDICAL COLLEGE KADAPA (FORMERLY RAJIV GANDHI INSTITUTE OF MEDICAL SCIENCES, KADAPA),GOVERNMENT MEDICAL COLLEGE KADAPA (FORMERLY RIMS KADAPA), Andhra Pradesh, 516002",M.D. (PREVENTIVE and SOCIAL MEDICINE)/ COMMUNITY MEDICINE,SC,SC,Allotted
1871,113082,All India,"ESIC Medical College, Hyderbad,Sanathnagar, Hyderabad, Telangana, 500038",MD/MS (Anatomy),SC,SC,Allotted
1872,113324,All India,"Soban Singh Jeena Government Institute of Medical Sciences & Research, Almora,,Pandeykhola,Near Vikas Bhawan, Almora , Pin - 263601",M.D. (FORENSIC MEDICINE),Open,General,Allotted
1873,113349,All India,"Uttar Pradesh University of Medical Sciences, Saifai, Etawah,Uttar Pradesh University of Medical Sciences, Saifai, Etawah, Uttar Pradesh, 206130",M.D. (BIOCHEMISTRY),Open,General,Allotted
1874,113448,All India,"Dr Ram Manohar Lohia Institute of Medical Sciences, Lucknow,Dr Ram Manohar Lohia Institute of Medical Sciences, Lucknow, Uttar Pradesh, 226010",MD/MS (Anatomy),Open,General,Allotted
1875,113562,All India,"Veer Chandra Singh Garhwali Govt. Institute of Medical Science & Research,Veer Chandra Singh Garhwali Govt. Institute of Medical Science and Research, Srinagar Garhwal, Uttarakhand, 246174",M.D. (FORENSIC MEDICINE),OBC,OBC,Allotted
1876,113574,All India,"Osmania Medical Collge,5-1-876, Turrebaz Khan Rd, Troop Bazaar, Koti, Hyderabad, Telangana, Telangana, 500095",M.D. (FORENSIC MEDICINE),OBC,OBC,Allotted
1877,113833,All India,"NSC Government Medical College, Khandwa (MP),LUV KUSH NAGAR,MUNDI NAGAR, KHANDWA, Madhya Pradesh, 450001",M.D. (FORENSIC MEDICINE),Open,SC,Allotted
1878,113934,Self-Financed Merit Seat,"Datta Meghe Medical College Wanadongri, Nagpur,Datta Meghe Medical College, Wanadongri, Hingna Road, Nagpur, Maharashtra, 441110",M.S. (GENERAL SURGERY),Open,General,Allotted
1879,113960,All India,"GMC Bharat Ratna Late Shri Atal Bihari Vajpayee Memorial Medical College, Chhattisgarh ,BHARAT RATNA LATE SHRI ATAL BIHARI VAJPAYEE MEMORIAL MEDICAL COLLEGE, PENDRI, RAJNANDGAON, CHHATTIS, Chhattisgarh, 491441",M.D. (PREVENTIVE and SOCIAL MEDICINE)/ COMMUNITY MEDICINE,OBC,OBC,Allotted
1880,114135,All India,"Andhra Medical College,Andhra Medical College, Andhra Pradesh, 530002",M.D. (FORENSIC MEDICINE),Open,General,Allotted
1881,114148,All India,"PATNA MEDICAL COLLEGE, PATNA,PATNA MEDICAL COLLEGE, PATNA, Bihar, 800004",M.D. (FORENSIC MEDICINE),Open,OBC,Allotted
1882,114268,All India,"GOVERNMENT MEDICAL COLLEGE, SATNA (M.P),KRIPALPUR, NEAR CENTRAL SCHOOL 2, SATNA MADHYA PRADESH",M.D. (PHARMACOLOGY),Open,General,Allotted
1883,114467,All India,"Agartala Government Medical College,Agartala Government Medical College, Tripura, 799006",M.D. (PREVENTIVE and SOCIAL MEDICINE)/ COMMUNITY MEDICINE,SC,SC,Allotted
1884,114751,Self-Financed Merit Seat,"VINAYAKA MISSIONS MEDICAL COLLEGE AND HOSPITAL, KARAIKAL,KEEZHAKASAKUDIMEDU, KOTTUCHERRY (POST), KARAIKAL, UT of PUDUCHERRY, Puducherry, 609609",M.D. (Obst. and Gynae)/MS (Obstetrics and Gynaecology),Open,OBC,Allotted
1885,114878,Self-Financed Merit Seat,"Saveetha Medical College Nd Hospital,Saveetha Medical College and Hospital, Tamil Nadu, 602105",M.S. (E.N.T.),Open,General,Allotted
1886,114963,All India,"Government T D Medical College, Vandanm , Alappuzha,Government T D Medical College, Vandanam , Alappuzha, Kerala, 688005",M.D. (PHYSIOLOGY),OBC,OBC,Allotted
1887,115052,All India,"BELAGAVI INSTITUTE OF MEDICAL SCIENCES, BELAGAVI,BELAGAVI INSTITUTE OF MEDICAL SCIENCES, BELAGAVI, Karnataka, 590001",M.D. (FORENSIC MEDICINE),Open,General,Allotted
1888,115114,All India,"Lala Lajpat Rai Memorial Medical College, MEERUT,Lala Lajpat Rai Memorial Medical College, MEERUT, Uttar Pradesh, 250004",M.D. (PATHOLOGY),ST,ST,Allotted
1889,115338,Self-Financed Merit Seat,"M.M. Institute of Medical Sciences and Research, Ambala,M.M. Institute of Medical Sciences and Research, Ambala, Haryana, 133207",M.S. (ORTHOPAEDICS),Open,General,Allotted
1890,115392,DNB Quota,"Bhima Bhoi Medical College and Hospital, Balangir,At-Laltikra Po-Rajendra College, Balangir, Odisha, 767002",(NBEMS-DIPLOMA) FAMILY MEDICINE,SC,SC,Allotted
1891,115400,Self-Financed Merit Seat,"SRI SIDDHARTHA MEDICAL COLLEGE, TUMKUR,SRI SIDDHARTHA MEDICAL COLLEGE, TUMKUR, Karnataka, 572107","M.D. (DERM.,VENE. and LEPROSY)/ (DERMATOLOGY)/(SKIN and VENEREAL DISEASES)/(VENEREOL OGY)",Open,OBC,Allotted
1892,115429,Self-Financed Merit Seat,"SRI SIDDHARTHA MEDICAL COLLEGE, TUMKUR,SRI SIDDHARTHA MEDICAL COLLEGE, TUMKUR, Karnataka, 572107",M.D. (GENERAL MEDICINE),Open,General,Allotted
1893,115441,All India,"Gulbarga Institute Of Medical Sciences, Kalaburagi,VEERESH NAGAR SEDAM ROAD KALABURAGI, Karnataka, 585105",M.D. (FORENSIC MEDICINE),Open,General,Allotted
1894,115653,Self-Financed Merit Seat,"Malla Reddy Institute of Medical Sciences,Suraram X Roads, Jeedimetla, Hyderabad, Telangana, 500055",M.D. (ANAESTHESIOLOGY),Open,General,Allotted
1895,115660,Armed Forces Medical,"Armed Forces Medical College,SOLAPUR ROAD NEAR RACE COURSE OPPOSITE OLD COMMAND HOSPITAL, WANOWARI PUNE, Maharashtra, 411040",MD/MS (Anatomy),Open,General,Allotted( AFMS Rank : 21694 )
1896,115759,All India,"Maharaja Krushna Chandra Gajapati Medical College , Brahmapur,Maharaja Krushna Chandra Gajapati Medical College , Brahmapur, Odisha, 760004",M.D. (PREVENTIVE and SOCIAL MEDICINE)/ COMMUNITY MEDICINE,OBC,OBC,Allotted
1897,115830,All India,"Government Medical College, Bettiah,Government Medical College Bettiah West Champaran Bihar, Bihar, 845438",M.D. (MICROBIOLOGY),Open,OBC,Allotted
1898,115873,All India,"Ravindra Nath Tagore Medical College, Udaipur,Ravindra Nath Tagore Medical College, Udaipur, Rajasthan, 313001",MD/MS (Anatomy),OBC,OBC,Allotted
1899,115919,All India,"ESIC Medical College & Hospital, Faridabad,NH3 NIT FARIDABAD, Haryana, 121001",MD/MS (Anatomy),Open,General,Allotted
1900,115942,Self-Financed Merit Seat,"Bharati Vidyapeeth Deemed to be University Medical College,Pune,Bharati Vidyapeeth Deemed to be University Medical College, Dhankawadi, Pune Satara Road, Pune, Maharashtra, 411043",M.D. (Emergency and Critical Care)/M.D. (Emergency Medicine),Open,General,Allotted
1901,115994,All India,"Kodagu Institute of Medical Sciences, Karnataka,Kodagu Institute of Medical Sciences Madikeri Kodagu, Karnataka, 571201",M.D. (FORENSIC MEDICINE),Open,OBC,Allotted
1902,116481,All India,"Srirama Chandra Bhanja Medical College, CUTTACK,Srirama Chandra Bhanja Medical College, CUTTACK, Odisha, 753007",M.D. (FORENSIC MEDICINE),OBC,OBC,Allotted
1903,116489,Self-Financed Merit Seat,"Bharati Vidyapeeth (Deemed to be University) Medical College and Hospital, Sangli,Bharati Vidyapeeth (Deemed to be University) Medical College and Hospital, Sangli, Maharashtra, 416416",M.D. (PATHOLOGY),Open,OBC,Allotted
1904,116493,All India,"CALCUTTA NATIONAL MEDICAL COLLEGE,CALCUTTA NATIONAL MEDICAL COLLEGE 32, Gorachand Road, Kolkata 700014, West Bengal, 700014",M.D. (PREVENTIVE and SOCIAL MEDICINE)/ COMMUNITY MEDICINE,OBC,OBC,Allotted
1905,116501,Self-Financed Merit Seat,"VINAYAKA MISSIONS MEDICAL COLLEGE AND HOSPITAL, KARAIKAL,KEEZHAKASAKUDIMEDU, KOTTUCHERRY (POST), KARAIKAL, UT of PUDUCHERRY, Puducherry, 609609",M.D. (PSYCHIATRY),Open,General,Allotted
1906,116641,All India,"Rajiv Gandhi Institute of Medical Sciences Srikakulam,Government Medical College Srikakulam Balaga Srikakulam Town Srikakulam District, Andhra Pradesh, 532001",M.D. (FORENSIC MEDICINE),Open,OBC,Allotted
1907,116938,All India,"INDIRA GANDHI GOVT.MEDICAL COLLEGE NAGPUR,INDIRA GANDHI GOVT.MEDICAL COLLEGE NAGPUR, Maharashtra, 440018",M.D. (MICROBIOLOGY),OBC,OBC,Allotted
1908,116972,All India,"Government Medical College, Nandurbar,Maharashtra,District Hospital Area, Sakri Road Nandurbar",M.D. (FORENSIC MEDICINE),OBC,OBC,Allotted
1909,117167,All India,"MADURAI MEDICAL COLLEGE,MADURAI MEDICAL COLLEGE, Tamil Nadu, 625020",M.D. (PHYSIOLOGY),Open,General,Allotted
1910,117253,Self-Financed Merit Seat,"SRI DEVARAJ URS MEDICAL COLLEGE, TAMAKA,Tamaka, Kolar, Karnataka, 563103",M.D. (Emergency and Critical Care)/M.D. (Emergency Medicine),Open,General,Allotted
1911,117497,All India,"Pandit Bhagwat Dayal Sharma Post Graduate Institute of Medical Sciences, Rohtak,Pandit Bhagwat Dayal Sharma Post Graduate Institute of Medical Sciences, Rohtak, Haryana, 124001",M.D. (PHYSIOLOGY),Open,General,Allotted
1912,117511,All India,"R G KAR MEDICAL COLLEGE, West Bengal,R G KAR MEDICAL COLLEGE,1 KHUDIRAM BOSE SARANI,KOLKATA, West Bengal, West Bengal, 700004",MD/MS (Anatomy),Open,General,Allotted
1913,117538,All India,"Indira Gandhi Medical College Shimla,Indira Gandhi Medical College Shimla, Himachal Pradesh, 171001",M.D. (MICROBIOLOGY),OBC,OBC,Allotted
1914,117821,All India,"S.V. Medical College, Tirupathi ,S.V. Medical College, Tirupathi, Andhra Pradesh, 517501",M.D. (PATHOLOGY),ST,ST,Allotted
1915,117917,All India,"INSTITUTE OF MEDICAL SCIENCES, BANARAS HINDU UNIVERSITY,INSTITUTE OF MEDICAL SCIENCES, BANARAS HINDU UNIVERSITY, Uttar Pradesh, 221005",MD/MS (Anatomy),Open,General,Allotted
1916,118017,All India,"Shrikrishna Medical College & Hospital, Muzaffarpur,Sri Krishna Medical College and Hospital, Umanagar, Muzaffarpur, Bihar, 842004",M.D. (PHARMACOLOGY),Open,OBC,Allotted
1917,118052,All India,"Silchar Medical College, Silchar,Silchar Medical College, Silchar, Assam, 788014",M.D. (FORENSIC MEDICINE),Open,OBC,Allotted
1918,118060,Self-Financed Merit Seat,"Chettinad Hospital and Research Institute,Rajiv Gandhi Salai, Kelambakkam, Chengalpattu District, Tamil Nadu, 603103",M.D. Sports Medicine,Open,General,Allotted
1919,118146,Self-Financed Merit Seat,"GITAM Institute of Medical Sciences & Research, Visakhapatnam,GITAM Deemed to be University Rushikonda, Visakhapatnam - 530045 Andhra Pradesh, Andhra Pradesh, 530045",M.S. (OPHTHALMOLOGY),Open,General,Allotted
1920,118155,Self-Financed Merit Seat,"M.M. Institute of Medical Sciences and Research, Ambala,M.M. Institute of Medical Sciences and Research, Ambala, Haryana, 133207",M.D. (ANAESTHESIOLOGY),Open,General,Allotted
1921,118166,Self-Financed Merit Seat,"SRM MEDICAL COLLEGE HOSPITAL AND RESEARCH CENTRE, SRM INSTITUTE OF SCIENCE AND TECHNOLOGY,SRM MEDICAL COLLEGE HOSPITAL AND RESEARCH CENTRE,SRM IST, KATTANKULATHUR , CHENGALPATTU DIST, Tamil Nadu, 603203",M.S. (GENERAL SURGERY),Open,General,Allotted
1922,118222,All India,"NAMO Medical Education and Research Institute, Dadra & Nagar Haveli & Daman & Diu,Sayli Road, Silvassa, DNH, Dadra And Nagar Haveli, 396230",M.D. (PREVENTIVE and SOCIAL MEDICINE)/ COMMUNITY MEDICINE,OBC,OBC,Allotted
1923,118225,All India,"Gulbarga Institute Of Medical Sciences, Kalaburagi,VEERESH NAGAR SEDAM ROAD KALABURAGI, Karnataka, 585105",M.D. (MICROBIOLOGY),Open,General,Allotted
1924,118454,All India,"ACSR GOVERNMENT MEDICAL COLLEGE,NELLORE,Opp. AC Subbareddy Stadium Dargamitta Nellore, SPSR Nellore district, Andhra Pradesh., Andhra Pradesh, 524004",M.D. (FORENSIC MEDICINE),SC,SC,Allotted
1925,118465,Muslim Minority Quota,"Hamdard Institute of Medical Sciences and Research,HIMSR, Jamia Hamdard, Guru Ravidas Marg, Hamdard Nagar, New Delhi, Delhi (NCT), 110062",M.S. (GENERAL SURGERY),Open,OBC,Allotted
1926,118954,All India,"Assam Medical College,Assam Medical College, Assam, 786002",M.D. (PATHOLOGY),ST,ST,Allotted
1927,118975,All India,"GOVT MEDICAL COLLEGE KOTTAYAM,GOVT MEDICAL COLLEGE, GANDHINAGAR P O, KOTTAYAM KERALA 686008, Kerala, 686008",M.D. (MICROBIOLOGY),SC,SC,Allotted
1928,119104,Self-Financed Merit Seat,"Datta Meghe Medical College Wanadongri, Nagpur,Datta Meghe Medical College, Wanadongri, Hingna Road, Nagpur, Maharashtra, 441110",M.S. (GENERAL SURGERY),Open,General,Allotted
1929,119115,All India,"Government Medical College, Kollam,Government Medical College Kollam,Parippally, Kerala, 691574",M.D. (PREVENTIVE and SOCIAL MEDICINE)/ COMMUNITY MEDICINE,EWS,EWS,Allotted
1930,119220,All India,"Maulana Azad Medical College,Maulana Azad Medical College, Delhi (NCT), 110002",MD/MS (Anatomy),OBC,OBC,Allotted
1931,119250,DNB Quota,"Government Medical College and Associated Hospital,,JANGLAT MANDI ANANTNAG, JAMMU AND KASHMIR 192101, Jammu And Kashmir, 192101",(NBEMS) FAMILY MEDICINE,ST,ST,Allotted
1932,119391,All India,"Tomo Riba Institute of Health and Medical Sciences,,TRIHMS. Old Assembly Block. Near Rajiv Gandhi Stadium. Naharlagun-791110. Arunachal Pradesh, Arunachal Pradesh, 791110",M.D. (PREVENTIVE and SOCIAL MEDICINE)/ COMMUNITY MEDICINE,Open,General,Allotted
1933,119510,All India,"JAWAHARLAL NEHRU MEDICAL COLLEGE, ALIGARH MUSLIM UNIVERSITY STATE UTTAR,JAWAHARLAL NEHRU MEDICAL COLLEGE, ALIGARH MUSLIM UNIVERSITY STATE UTTAR, Uttar Pradesh, 202002",M.D. (MICROBIOLOGY),SC,SC,Allotted
1934,119517,Self-Financed Merit Seat,"VINAYAKA MISSIONS MEDICAL COLLEGE AND HOSPITAL, KARAIKAL,KEEZHAKASAKUDIMEDU, KOTTUCHERRY (POST), KARAIKAL, UT of PUDUCHERRY, Puducherry, 609609",M.D. (ANAESTHESIOLOGY),Open,OBC,Allotted
1935,119676,DNB Quota,"DISTRICT HEADQUARTER HOSPITAL, KENDRAPARA, AT-SAMAGUDIA, POST- BALADEVJEW, DIST-KENDRAPARA, Odisha-754212,Bhawanipatna, Kalahandi, Odisha - 766001",(NBEMS-DIPLOMA) PAEDIATRICS,ST,ST,Allotted
1936,119693,Self-Financed Merit Seat,"Jawaharlal Nehru Medical College, Belagavi,Jawaharlal Nehru Medical College, Belagavi, Karnataka, 590010",DIPLOMA IN OPHTHALMOLOGY/DOM S,Open,General,Allotted
1937,119907,Self-Financed Merit Seat,"BHAARATH MEDICAL COLLEGE AND HOSPITAL,SELAIYUR,173, AGARAM MAIN ROAD,SELAIYUR,CHENNAI","M.D. (DERM.,VENE. and LEPROSY)/ (DERMATOLOGY)/(SKIN and VENEREAL DISEASES)/(VENEREOL OGY)",Open,General,Allotted
1938,120011,All India,"Gauhati Medical College, Guwahati,Gauhati Medical College, Guwahati, Assam, 781032",M.D. (PHARMACOLOGY),Open,General,Allotted
1939,120039,All India,"Government Medical College, Ratlam,Gram Banjali, Sailana Road, NH927A, Madhya Pradesh 457001, India, Madhya Pradesh, 457001",M.D. (MICROBIOLOGY),Open,General,Allotted
1940,120184,Self-Financed Merit Seat,"Pravara Rural Medical College, Loni,Dr. Balasaheb Vikhe Patil Rural Medical College (Formerly Called As Rural Medical College, Loni), Maharashtra, 413736",M.D. (Radiotherapy/ Radiation Oncology),Open,General,Allotted
1941,120228,All India,"Government Medical College, Surat,Government Medical College, Majuragate, Surat., Gujarat, 395001",DIPLOMA IN CLINICAL PATHOLOGY,SC,SC,Allotted
1942,120310,Self-Financed Merit Seat,"Shri Sathya Sai Medical College and Research Institute,Kancheepuram,SBV Chennai Campus, Shri Sathya Sai Nagar, Ammapettai, Chennai, Tamil Nadu, 603108",M.D. (PAEDIATRICS),Open,General,Allotted
1943,120449,All India,"Sarojini Naidu Medical College, AGRA,Sarojini Naidu Medical College, AGRA, Uttar Pradesh, 282002",M.D. (PHARMACOLOGY),OBC,OBC,Allotted
1944,120876,DNB Quota,"Apollo Hospital, ,Plotno-251,Sainik school Road,Unit-15 Apollo Hospitals , Bhubaneswar, Odisha, 751005",(NBEMS) MICROBIOLOGY,Open,General,Allotted
1945,120929,Self-Financed Merit Seat,"VELS Medical College & Hospital, Unit of Vels Institute of Science, Technology & Advanced Studies (VISTAS),No. 12/123, Velan Nagar, Manjankaranai Village, Periyapalayam Road, Uthukottai Taluk, Tiruvallur, Tamil Nadu",M.D. (RADIO- DIAGNOSIS),Open,OBC,Allotted
1946,120970,All India,"Government Medical College, Pali Rajasthan.,NH-62,Sumerpur Road,Village Ramasiya,Hemawas,Pali, Rajasthan, Rajasthan, 306401",M.D. (MICROBIOLOGY),OBC,OBC,Allotted
1947,121086,All India,"R G KAR MEDICAL COLLEGE, West Bengal,R G KAR MEDICAL COLLEGE,1 KHUDIRAM BOSE SARANI,KOLKATA, West Bengal, West Bengal, 700004",M.D. (FORENSIC MEDICINE),Open,General,Allotted
1948,121123,Self-Financed Merit Seat,"SRI DEVARAJ URS MEDICAL COLLEGE, TAMAKA,Tamaka, Kolar, Karnataka, 563103",M.S. (ORTHOPAEDICS),Open,EWS,Allotted
1949,121146,All India,"Government Medical College, Nizamabad, Telangana State,Government Medical College, Nizamabad, Telangana State, Telangana, 503001",M.D. (FORENSIC MEDICINE),OBC,OBC,Allotted
1950,121205,All India,"SHYAM SHAH MEDICAL COLLEGE,deanmcrewa@rediffmail.com, Madhya Pradesh, 486001",M.D. (MICROBIOLOGY),Open,General,Allotted
1951,121210,All India,"Gvernment Medical College,Haldwani,Government Medical College, Haldwani, Uttarakhand, 263139",M.D. (PHYSIOLOGY),Open,General,Allotted
1952,121258,All India,"Government Medical College, Aurangabad,Government Medical College, Aurangabad, Maharashtra, 431001",MD/MS (Anatomy),Open,EWS,Allotted
1953,121303,Self-Financed Merit Seat,"SRI DEVARAJ URS MEDICAL COLLEGE, TAMAKA,Tamaka, Kolar, Karnataka, 563103",M.S. (E.N.T.),Open,General,Allotted
1954,121359,All India,"Maharashtra Post Graduate Institute of Medical Education and Research, Nashik,Maharashtra Post Graduation Institute of Medical Education and Research Civil Hospital campus Tramba, Maharashtra, 422002",M.D. (MICROBIOLOGY),OBC,OBC,Allotted
1955,121711,Self-Financed Merit Seat,"VELS Medical College & Hospital, Unit of Vels Institute of Science, Technology & Advanced Studies (VISTAS),No. 12/123, Velan Nagar, Manjankaranai Village, Periyapalayam Road, Uthukottai Taluk, Tiruvallur, Tamil Nadu",M.D. (PAEDIATRICS),Open,OBC,Allotted
1956,121765,Self-Financed Merit Seat,"SRI DEVARAJ URS MEDICAL COLLEGE, TAMAKA,Tamaka, Kolar, Karnataka, 563103",M.S. (E.N.T.),Open,General,Allotted
1957,122028,Self-Financed Merit Seat,"SRM MEDICAL COLLEGE HOSPITAL AND RESEARCH CENTRE, SRM INSTITUTE OF SCIENCE AND TECHNOLOGY,SRM MEDICAL COLLEGE HOSPITAL AND RESEARCH CENTRE,SRM IST, KATTANKULATHUR , CHENGALPATTU DIST, Tamil Nadu, 603203",M.S. (OPHTHALMOLOGY),Open,General,Allotted
1958,122044,All India,"NETAJI SUBHASH CHANDRA BOSE MEDICAL COLLEGE, JABALPUR ,NETAJI SUBHASH CHANDRA BOSE MEDICAL COLLEGE, NAGPUR ROAD JABALPUR, Madhya Pradesh, 482003",M.D. (PHARMACOLOGY),SC,SC,Allotted
1959,122103,Self-Financed Merit Seat,"Shri Sathya Sai Medical College and Research Institute,Kancheepuram,SBV Chennai Campus, Shri Sathya Sai Nagar, Ammapettai, Chennai, Tamil Nadu, 603108",M.D. (Obst. and Gynae)/MS (Obstetrics and Gynaecology),Open,General,Allotted
1960,122128,All India,"Assam Medical College,Assam Medical College, Assam, 786002",M.D. (BIOCHEMISTRY),Open,OBC,Allotted
1961,122166,All India,"DARBHANGA MEDICAL COLLEGE,Sheetal Prasad Marg, Laheriasarai, Darbhanga, Bihar, Bihar, 846003",M.D. (PHARMACOLOGY),Open,General,Allotted
1962,122190,All India,"VIJANAGARA INSTITUTE OF MEDICAL SCIENCES BALLARI,Ballari Medical College and Research Centre Ballari formerly VIMS Ballari, Karnataka, 583104",M.D. (PHARMACOLOGY),Open,OBC,Allotted
1963,122195,Self-Financed Merit Seat,"SRI SIDDHARTHA MEDICAL COLLEGE, TUMKUR,SRI SIDDHARTHA MEDICAL COLLEGE, TUMKUR, Karnataka, 572107",M.D. (GENERAL MEDICINE),Open,General,Allotted
1964,122373,Self-Financed Merit Seat,"SBKS Medical College and Research Centre, Vadodara,SBKS Medical Institute and Research Centre, Sumandeep Vidyapeeth, Piparia, Waghodia Rd, Vadodara, Gujarat, 391760",M.S. (OPHTHALMOLOGY),Open,General,Allotted
1965,122468,Self-Financed Merit Seat,"SRM MEDICAL COLLEGE HOSPITAL AND RESEARCH CENTRE, SRM INSTITUTE OF SCIENCE AND TECHNOLOGY,SRM MEDICAL COLLEGE HOSPITAL AND RESEARCH CENTRE,SRM IST, KATTANKULATHUR , CHENGALPATTU DIST, Tamil Nadu, 603203",M.S. (ORTHOPAEDICS),Open,SC,Allotted
1966,122555,DNB Quota,"ESIC Model Hospital, NOIDA, Uttar Pradesh,A-3, TULSI MARG, SECTOR-24, NOIDA, Uttar Pradesh, 201301",(NBEMS) BIOCHEMISTRY,Open,General,Allotted
1967,122582,Self-Financed Merit Seat,"Jawaharlal Nehru Medical College, Belagavi,Jawaharlal Nehru Medical College, Belagavi, Karnataka, 590010",M.D. (ANAESTHESIOLOGY),Open,General,Allotted
1968,122598,All India,"RAJIV GANDHI INSTITUTE OF MEDICAL SCIENCES,RAJIV GANDHI INSTITUTE OF MEDICAL SCIENCES ADILABAD -504001 TELANGANA STATE, Telangana, 504001",M.D. (FORENSIC MEDICINE),OBC,OBC,Allotted
1969,122622,Self-Financed Merit Seat,"SRI SIDDHARTHA MEDICAL COLLEGE, TUMKUR,SRI SIDDHARTHA MEDICAL COLLEGE, TUMKUR, Karnataka, 572107",M.D. (RADIO- DIAGNOSIS),Open,General,Allotted
1970,122671,Self-Financed Merit Seat,"Datta Meghe Medical College Wanadongri, Nagpur,Datta Meghe Medical College, Wanadongri, Hingna Road, Nagpur, Maharashtra, 441110",M.S. (GENERAL SURGERY),Open,General,Allotted
1971,122683,All India,"GUNTUR MEDICAL COLLEGE,GUNTUR MEDICAL COLLEGE, Andhra Pradesh, 522004",M.D. (PHYSIOLOGY),SC,SC,Allotted
1972,122763,Self-Financed Merit Seat,"SRI SIDDHARTHA MEDICAL COLLEGE, TUMKUR,SRI SIDDHARTHA MEDICAL COLLEGE, TUMKUR, Karnataka, 572107",M.D. (RADIO- DIAGNOSIS),Open,General,Allotted
1973,122826,All India,"Maharaja Krushna Chandra Gajapati Medical College , Brahmapur,Maharaja Krushna Chandra Gajapati Medical College , Brahmapur, Odisha, 760004",M.D. (FORENSIC MEDICINE),Open,OBC,Allotted
1974,122918,All India,"Kodagu Institute of Medical Sciences, Karnataka,Kodagu Institute of Medical Sciences Madikeri Kodagu, Karnataka, 571201",M.D. (PREVENTIVE and SOCIAL MEDICINE)/ COMMUNITY MEDICINE,SC,SC,Allotted
1975,123189,All India,"GAJRA RAJA MEDICAL COLLEGE GWALIOR,GAJRA RAJA MEDICAL COLLEGE GWALIOR, Madhya Pradesh, 474009",M.D. (PHARMACOLOGY),OBC,OBC,Allotted
1976,123268,All India,"Andaman & Nicobar Islands Institute of Medical Sciences ,DHS Annexe Building, Atlanta Point, Sri Vijaya Puram, Andaman and Nicobar Islands",MD/MS (Anatomy),OBC,OBC,Allotted
1977,123371,All India,"Late Baliram Kashyap Memorial Govt Medical Dimrapal,Late Baliram Kashyap Memorial Govt Medical Dimrapal, Chhattisgarh, 494001",M.D. (FORENSIC MEDICINE),Open,General,Allotted
1978,123386,All India,"INDIRA GANDHI MEDICAL COLLEGE AND RESEARCH INSTITUTE, PUDUCHERRY,INDIRA GANDHI MEDICAL COLLEGE AND RESEARCH INSTITUTE, PUDUCHERRY, Puducherry, 605009",M.D. (BIOCHEMISTRY),OBC,OBC,Allotted
1979,123404,Self-Financed Merit Seat,"KRISHNA INSTITUTE OF MEDICAL SCIENCES, KARAD,KRISHNA INSTITUTE OF MEDICAL SCIENCES, KARAD, Maharashtra, 415110",M.S. (OPHTHALMOLOGY),Open,SC,Allotted
1980,123438,All India,"BELAGAVI INSTITUTE OF MEDICAL SCIENCES, BELAGAVI,BELAGAVI INSTITUTE OF MEDICAL SCIENCES, BELAGAVI, Karnataka, 590001",M.D. (MICROBIOLOGY),Open,General,Allotted
1981,123457,All India,"CHHATTISGARH INSTITUTE OF MEDICAL SCIENCES,CHHATTISGARH INSTITUTE OF MEDICAL SCIENCES, Chhattisgarh, 495001",M.D. (MICROBIOLOGY),Open,OBC,Allotted
1982,123726,Self-Financed Merit Seat,"Santosh Medical College and Hospital, Ghaziabad, NCR Delhi,Santosh Medical College and Hospital, Ghaziabad, Delhi NCR, Uttar Pradesh, 201009",M.D. (RADIO- DIAGNOSIS),Open,OBC,Allotted
1983,123777,All India,"Assam Medical College,Assam Medical College, Assam, 786002",M.D. (PHYSIOLOGY),Open,General,Allotted
1984,123795,Self-Financed Merit Seat,"Rajarajeswari Medical College and Hospital,No. 202, Kambipura, Mysore Road, Bengaluru, Karnataka, 560074",M.S. (ORTHOPAEDICS),Open,General,Allotted
1985,123839,All India,"University College of Medical Sciences,University College of Medical Sciences, Delhi (NCT), 110095",M.D. (PHYSIOLOGY),OBC,OBC,Allotted
1986,124011,Non-Resident Indian,"SHRI. B. M. PATIL MEDICAL COLLEGE HOSPITAL AND RESEARCH CENTRE,SHRI. B. M. PATIL MEDICAL COLLEGE HOSPITAL AND RESEARCH CENTRE, SOLAPUR ROAD, VIJAYAPURA, Karnataka, 586103","M.D. (DERM.,VENE. and LEPROSY)/ (DERMATOLOGY)/(SKIN and VENEREAL DISEASES)/(VENEREOL OGY)",Open,General,Allotted( NRI Priority : 1 )
1987,124018,All India,"GOVERNMENT MEDICAL COLLEGE, CHHINDWARA,M.P,MANDHATA COLONY, KHAJRI ROAD,CHHINDWARA,M.P.",M.D. (PHARMACOLOGY),Open,General,Allotted
1988,124039,All India,"Government Medical College, Jalgaon,Jilha Peth, Government Hospital Campus, Jalgaon, Maharashtra, 425001",M.D. (MICROBIOLOGY),Open,General,Allotted
1989,124078,All India,"GOVT. MEDICAL COLLEGE, AMRITSAR,GOVT. MEDICAL COLLEGE,CIRCULAR ROAD, AMRITSAR, Punjab, 143001",M.D. (PHYSIOLOGY),Open,General,Allotted
1990,124250,All India,"Karwar Institute of Medical Sciences, Karnataka,MG Road, Karnataka, 581301",M.D. (MICROBIOLOGY),Open,OBC,Allotted
1991,124273,Self-Financed Merit Seat,"SRI SIDDHARTHA MEDICAL COLLEGE, TUMKUR,SRI SIDDHARTHA MEDICAL COLLEGE, TUMKUR, Karnataka, 572107",M.D. (PSYCHIATRY),Open,General,Allotted
1992,124317,Self-Financed Merit Seat,"VINAYAKA MISSIONS MEDICAL COLLEGE AND HOSPITAL, KARAIKAL,KEEZHAKASAKUDIMEDU, KOTTUCHERRY (POST), KARAIKAL, UT of PUDUCHERRY, Puducherry, 609609",M.S. (OPHTHALMOLOGY),Open,General,Allotted
1993,124432,All India,"Karwar Institute of Medical Sciences, Karnataka,MG Road, Karnataka, 581301",M.D. (PHARMACOLOGY),OBC,OBC,Allotted
1994,124629,All India,"Maharaja Suhel Dev Autonomous State Medical College & Mahrishi Balark Hospitals, Bahraich, Uttar Pradesh,K.D.C Road Bahraich-271801, Uttar Pradesh, 271801",M.D. (PREVENTIVE and SOCIAL MEDICINE)/ COMMUNITY MEDICINE,SC,SC,Allotted
1995,124786,Self-Financed Merit Seat,"Jawaharlal Nehru Medical College, Sawangi (Meghe), Wardha-,Jawaharlal Nehru Medical College, Sawangi Meghe Wardha - 442107, Maharashtra State, Maharashtra, 442107",M.D. (ANAESTHESIOLOGY),Open,General,Allotted
1996,124865,All India,"Grant Medical College, Maharashtra,Grant Medical College, Maharashtra, Maharashtra, 400008",M.D. (MICROBIOLOGY),ST,ST,Allotted
1997,124944,Self-Financed Merit Seat,"Saveetha Medical College Nd Hospital,Saveetha Medical College and Hospital, Tamil Nadu, 602105",M.D. (PSYCHIATRY),Open,General,Allotted
1998,125130,Self-Financed Merit Seat,"Kasturba Medical College Mangalore, Manipal Academy of Higher Education, Mangalore,Kasturba Medical College Mangalore, Manipal Academy of Higher Education, Mangalore, Karnataka, 575001",M.D. (BIOCHEMISTRY),Open,General,Allotted
1999,125188,DNB Quota,"Associated Hospital Government Medical College, ,Kanth Bagh Baramulla, Jammu And Kashmir, 193103",(NBEMS) PATHOLOGY,SC,SC,Allotted
2000,125233,All India,"MADURAI MEDICAL COLLEGE,MADURAI MEDICAL COLLEGE, Tamil Nadu, 625020",M.D. (BIOCHEMISTRY),SC,SC,Allotted
2001,125316,Self-Financed Merit Seat,"Vinayaka Missions Kirupananda Variyar Medical College and Hospital, Salem,Sankari Main Road, NH-47, Seeragapadi, Salem, Tamil Nadu, 636308",M.S. (OPHTHALMOLOGY),Open,General,Allotted
2002,125449,All India,"College of Medicine & Sagore Dutta Hospital,College of Medicine & Sagore Dutta Hospital, West Bengal, 700058",M.D. (PREVENTIVE and SOCIAL MEDICINE)/ COMMUNITY MEDICINE,OBC,OBC,Allotted
2003,125467,Self-Financed Merit Seat,"Shri Sathya Sai Medical College and Research Institute,Kancheepuram,SBV Chennai Campus, Shri Sathya Sai Nagar, Ammapettai, Chennai, Tamil Nadu, 603108",M.D. (PAEDIATRICS),Open,OBC,Allotted
2004,125484,Self-Financed Merit Seat,"Datta Meghe Medical College Wanadongri, Nagpur,Datta Meghe Medical College, Wanadongri, Hingna Road, Nagpur, Maharashtra, 441110",M.S. (ORTHOPAEDICS),Open,General,Allotted
2005,125489,Self-Financed Merit Seat,"DR D Y PATIL MEDICAL COLLEGE, NAVI MUMBAI,DR D Y PATIL MEDICAL COLLEGE, NAVI MUMBAI, Maharashtra, 400706",M.D. (ANAESTHESIOLOGY),Open,OBC,Allotted
2006,125647,DNB Quota,"RAJKIYA MEDICAL COLLEGE, ORAI, JALAUN, Uttar Pradesh-285001,Rajkiya Medical College Jalaun, Orai Kalpi Road",(NBEMS) PHYSIOLOGY,Open,OBC,Allotted
2007,125833,Self-Financed Merit Seat,"Jawaharlal Nehru Medical College, Sawangi (Meghe), Wardha-,Jawaharlal Nehru Medical College, Sawangi Meghe Wardha - 442107, Maharashtra State, Maharashtra, 442107",M.S. (ORTHOPAEDICS),Open,General,Allotted
2008,125853,All India,"Chamarajanagar Institute of Medical Sciences, Karnataka,CHAMARAJANAGAR INSTITUTE OF MEDICAL SCIENCES, SY. NO 124, YEDAPURA VILLAGE KASABA HOBLI, CHAMARAJANA, Karnataka, 571313",M.D. (BIOCHEMISTRY),Open,OBC,Allotted
2009,125926,All India,"Gandhi Medical College, Bhopal,Gandhi Medical College, Bhopal, Madhya Pradesh, 462001",M.D. (PHYSIOLOGY),Open,General,Allotted
2010,125979,All India,"Moti Lal Nehru Medical College,Moti Lal Nehru Medical College, Uttar Pradesh, 211001",MD/MS (Anatomy),Open,General,Allotted
2011,125998,All India,"Tirunelveli Medical College,THE DEAN, TIRUNELVELI MEDICAL COLLEGE, HIGHGROUND,TIRUNELVELI-11, Tamil Nadu, 627011",M.D. (PATHOLOGY),ST,ST,Allotted
2012,126130,All India,"Guru Gobind Singh Medical College,Guru Gobind Singh Medical College, Sadiq Road, Faridkot, Punjab, 151203",M.D. (PHARMACOLOGY),OBC,OBC,Allotted
2013,126131,All India,"GOVERNMENT MEDICAL COLLEGE, AZAMGARH,Chakrapanpur, Azamgarh (U.P.), Uttar Pradesh, 276128",M.D. (PHARMACOLOGY),OBC,OBC,Allotted
2014,126188,Self-Financed Merit Seat,"Meenakshi Medical College Hospital and Research Institute, Kanchipuram,Meenakshi Medical College Hospital and Research Institute, Enathur, Karaipettai Post, Kanchipuram, Tamil Nadu, 631552",M.S. (GENERAL SURGERY),Open,OBC,Allotted
2015,126289,All India,"Mahatma Gandhi Institute of Medical Sciences, Wardha,Mahatma Gandhi Institute of Medical Sciences, Sevagram, Wardha, Maharashtra, 442102",M.D. (MICROBIOLOGY),Open,General,Allotted
2016,126305,All India,"Burdwan Medical College, West Bengal,Burdwan Medical College, West Bengal, West Bengal, 713104",M.D. (PREVENTIVE and SOCIAL MEDICINE)/ COMMUNITY MEDICINE,SC,SC,Allotted
2017,126401,Self-Financed Merit Seat,"VELS Medical College & Hospital, Unit of Vels Institute of Science, Technology & Advanced Studies (VISTAS),No. 12/123, Velan Nagar, Manjankaranai Village, Periyapalayam Road, Uthukottai Taluk, Tiruvallur, Tamil Nadu",M.D. (Obst. and Gynae)/MS (Obstetrics and Gynaecology),Open,General,Allotted
2018,126529,All India,"Dr.V.M.Govt.Medical College,Solapur, Maharasthtra,In front of district court civil chowk Dr.V.M.Govt.Medical College,Solapur, Maharasthtra, Maharashtra, 413003",MD/MS (Anatomy),Open,General,Allotted
2019,126595,Self-Financed Merit Seat,"SRI SIDDHARTHA MEDICAL COLLEGE, TUMKUR,SRI SIDDHARTHA MEDICAL COLLEGE, TUMKUR, Karnataka, 572107",M.S. (E.N.T.),Open,General,Allotted
2020,126759,Self-Financed Merit Seat,"Jawaharlal Nehru Medical College, Sawangi (Meghe), Wardha-,Jawaharlal Nehru Medical College, Sawangi Meghe Wardha - 442107, Maharashtra State, Maharashtra, 442107",M.D. (ANAESTHESIOLOGY),Open,General,Allotted
2021,126789,Self-Financed Merit Seat,"Meenakshi Medical College Hospital and Research Institute, Kanchipuram,Meenakshi Medical College Hospital and Research Institute, Enathur, Karaipettai Post, Kanchipuram, Tamil Nadu, 631552",M.S. (OPHTHALMOLOGY),Open,SC,Allotted
2022,126799,All India,"Maa Vindhyavashini Autonomous State Medical College, Mirzapur,Visundarpur,Pipradar, Mirzapur, Uttar Pradesh -231001",M.D. (BIOCHEMISTRY),Open,General,Allotted
2023,127013,Self-Financed Merit Seat,"Malla Reddy Medical College for Women,Suraram X Roads, Jeedimetla, Hyderabad, Telangana, 500055",M.D. (PHARMACOLOGY),Open,General,Allotted
2024,127026,Self-Financed Merit Seat,"SREE BALAJI MEDICAL COLLEGE AND HOSPITAL, CHENNAI,NO,7 WORKS ROAD,CHROMEPET,CHENNAI, Tamil Nadu, 600044",M.S. (GENERAL SURGERY),Open,General,Allotted
2025,127065,All India,"Maharaja Suhel Dev Autonomous State Medical College & Mahrishi Balark Hospitals, Bahraich, Uttar Pradesh,K.D.C Road Bahraich-271801, Uttar Pradesh, 271801",M.D. (BIOCHEMISTRY),Open,General,Allotted
2026,127164,Self-Financed Merit Seat,"SRI SIDDHARTHA MEDICAL COLLEGE, TUMKUR,SRI SIDDHARTHA MEDICAL COLLEGE, TUMKUR, Karnataka, 572107",M.D. (ANAESTHESIOLOGY),Open,General,Allotted
2027,127191,All India,"BELAGAVI INSTITUTE OF MEDICAL SCIENCES, BELAGAVI,BELAGAVI INSTITUTE OF MEDICAL SCIENCES, BELAGAVI, Karnataka, 590001",M.D. (BIOCHEMISTRY),Open,General,Allotted
2028,127192,All India,"Silchar Medical College, Silchar,Silchar Medical College, Silchar, Assam, 788014",M.D. (BIOCHEMISTRY),Open,General,Allotted
2029,127233,Self-Financed Merit Seat,"SRI LALITHAMBIGAI MEDICL COLLEGE AND HOSPITAL,CHENNAI,Service Road, Adayalampattu, Maduravoyal, Chennai, Tamil Nadu",M.D. (Obst. and Gynae)/MS (Obstetrics and Gynaecology),Open,OBC,Allotted
2030,127320,All India,"Rajiv Gandhi Institute of Medical Sciences Srikakulam,Government Medical College Srikakulam Balaga Srikakulam Town Srikakulam District, Andhra Pradesh, 532001",M.D. (PREVENTIVE and SOCIAL MEDICINE)/ COMMUNITY MEDICINE,EWS,EWS,Allotted
2031,127330,Self-Financed Merit Seat,"BHAARATH MEDICAL COLLEGE AND HOSPITAL,SELAIYUR,173, AGARAM MAIN ROAD,SELAIYUR,CHENNAI",M.D. (Obst. and Gynae)/MS (Obstetrics and Gynaecology),Open,General,Allotted
2032,127333,Self-Financed Merit Seat,"AARUPADAI VEEDU MEDICAL COLLEGE AND HOSPITAL,PONDY - CUDDALORE MAIN ROAD, KIRUMAMPAKKAM, BAHOUR COMMUNE PANCHAYAT, PUDUCHERRY, Puducherry, 607402",M.D. (Emergency and Critical Care)/M.D. (Emergency Medicine),Open,General,Allotted
2033,127495,All India,"Kodagu Institute of Medical Sciences, Karnataka,Kodagu Institute of Medical Sciences Madikeri Kodagu, Karnataka, 571201",MD/MS (Anatomy),Open,OBC,Allotted
2034,127804,DNB Quota,"GMERS Medical College,Gujarat,Morbi Gandhi Choke, Near Town Hall, Morbi, Gujarat- 363641",(NBEMS) MICROBIOLOGY,OBC,OBC,Allotted
2035,127831,Self-Financed Merit Seat,"AARUPADAI VEEDU MEDICAL COLLEGE AND HOSPITAL,PONDY - CUDDALORE MAIN ROAD, KIRUMAMPAKKAM, BAHOUR COMMUNE PANCHAYAT, PUDUCHERRY, Puducherry, 607402",M.D. (Tuberculosis and Respiratory diseases)/Pulmonary Medicine /M.D. (Respiratory Medicine),Open,OBC,Allotted
2036,128127,All India,"Assam Medical College,Assam Medical College, Assam, 786002",M.D. (PREVENTIVE and SOCIAL MEDICINE)/ COMMUNITY MEDICINE,SC,SC,Allotted
2037,128154,All India,"Kodagu Institute of Medical Sciences, Karnataka,Kodagu Institute of Medical Sciences Madikeri Kodagu, Karnataka, 571201",M.D. (BIOCHEMISTRY),Open,General,Allotted
2038,128178,Self-Financed Merit Seat,"Mahatma Gandhi Medical College and Research Institute, Pondicherry,SBV Pondicherry Campus, Pillaiyarkuppam, Pondicherry, Puducherry, 607402",M.D. (PSYCHIATRY),Open,OBC,Allotted
2039,128287,All India,"Government Medical College Srinagar,Administrative Block Government Medical College Karan Nagar Srinagar, Jammu And Kashmir, 190010",MD/MS (Anatomy),Open,General,Allotted
2040,128291,All India,"GOVT. MEDICAL COLLEGE, AMRITSAR,GOVT. MEDICAL COLLEGE,CIRCULAR ROAD, AMRITSAR, Punjab, 143001",M.D. (MICROBIOLOGY),SC,SC,Allotted
2041,128312,All India,"Shri Vasantrao Naik Govt Medical College Yavatmal,Civil lines, Yavatmal, Maharashtra, 445001",M.D. (MICROBIOLOGY),Open,General,Allotted
2042,128365,All India,"TOPIWALA NATIONAL MEDICAL COLLEGE,TOPIWALA NATIONAL MEDICAL COLLEGE B Y L Nair Ch Hospital, Dr. A.L. Nair Rd, Mumbai Central, Mumbai, Maharashtra, 400008",M.D. (MICROBIOLOGY),SC,SC,Allotted
2043,128426,Self-Financed Merit Seat,"Sri Lakshmi narayana institute of medical sciences,puducherry,Sri Lakshmi narayana institute of medical sciences,puducherry, Puducherry, 605502",M.D. (RADIO- DIAGNOSIS),Open,General,Allotted
2044,128436,All India,"RAJIV GANDHI MEDICAL COLLEGE KALWA THANE,RAJIV GANDHI MEDICAL COLLEGE,THANE BELAPUR ROAD, KALWA, THANE, Maharashtra, 400605",M.D. (BIOCHEMISTRY),OBC,OBC,Allotted
2045,128649,Self-Financed Merit Seat,"Sri Lakshmi narayana institute of medical sciences,puducherry,Sri Lakshmi narayana institute of medical sciences,puducherry, Puducherry, 605502",M.D. (Obst. and Gynae)/MS (Obstetrics and Gynaecology),Open,OBC,Allotted
2046,128712,Self-Financed Merit Seat,"AARUPADAI VEEDU MEDICAL COLLEGE AND HOSPITAL,PONDY - CUDDALORE MAIN ROAD, KIRUMAMPAKKAM, BAHOUR COMMUNE PANCHAYAT, PUDUCHERRY, Puducherry, 607402",M.S. (E.N.T.),Open,General,Allotted
2047,128998,DNB Quota,"Homi Bhabha Cancer Hospital, Uttar Pradesh,Homi Bhabha Cancer Hospital , Old Loco Colony, Shivpurwa, Lahartara, Varanasi-221002, Uttar Pradesh, Uttar Pradesh, 221002",(NBEMS) BIOCHEMISTRY,Open,SC,Allotted
2048,129004,All India,"Fakhruddin Ali Ahmed Medical College,Fakhruddin Ali Ahmed Medical College, Assam, 781301",M.D. (PREVENTIVE and SOCIAL MEDICINE)/ COMMUNITY MEDICINE,OBC,OBC,Allotted
2049,129031,DNB Quota,"Sri Krishna Medical College and Hospital, ,Uma Nagar Muzaffarpur Bihar 842004, Bihar, 842004",(NBEMS) FORENSIC MEDICINE,OBC,OBC,Allotted
2050,129098,All India,"GADAG INSTITUTE OF MEDICAL SCIENCES GADAG,Gadag Institute of Medical Sciences Mallasamudra Gadag-582103, Karnataka, 582103",M.D. (MICROBIOLOGY),Open,General,Allotted
2051,129121,Self-Financed Merit Seat,"DR. D. Y. PATIL MEDICAL COLLEGE, PUNE,Dr. D. Y. Patil Medical College, Hospital and Research Centre, Sant Tukaram Nagar, Pimpri, Pune., Maharashtra, 411018",M.S. (ORTHOPAEDICS),Open,General,Allotted
2052,129154,Self-Financed Merit Seat,"BHAARATH MEDICAL COLLEGE AND HOSPITAL,SELAIYUR,173, AGARAM MAIN ROAD,SELAIYUR,CHENNAI",M.D. (PAEDIATRICS),Open,General,Allotted
2053,129291,All India,"GOVERNMENT MEDICAL COLLEGE KADAPA (FORMERLY RAJIV GANDHI INSTITUTE OF MEDICAL SCIENCES, KADAPA),GOVERNMENT MEDICAL COLLEGE KADAPA (FORMERLY RIMS KADAPA), Andhra Pradesh, 516002",M.D. (BIOCHEMISTRY),Open,General,Allotted
2054,129294,All India,"Uttar Pradesh University of Medical Sciences, Saifai, Etawah,Uttar Pradesh University of Medical Sciences, Saifai, Etawah, Uttar Pradesh, 206130",M.D. (MICROBIOLOGY),SC,SC,Allotted
2055,129386,Self-Financed Merit Seat,"Shri Sathya Sai Medical College and Research Institute,Kancheepuram,SBV Chennai Campus, Shri Sathya Sai Nagar, Ammapettai, Chennai, Tamil Nadu, 603108",M.D. (PAEDIATRICS),Open,OBC,Allotted
2056,129548,All India,"ESI-POST GRADUATE INSTITUTE OF MEDICAL SCIENCES AND RESEARCH, BASAIDARAPUR, NEW DELHI,ESI-POST GRADUATE INSTITUTE OF MEDICAL SCIENCES AND RESEARCH, BASAIDARAPUR, NEW DELHI, Delhi (NCT), 110015",M.D. (BIOCHEMISTRY),EWS,EWS,Allotted
2057,129622,Self-Financed Merit Seat,"Sri Siddhartha Institute of Medical Sciences & Research Centre (SSIMRC),T Begur, Nelamangala, Bangalore rural, Karnataka, 562123","M.D. (DERM.,VENE. and LEPROSY)/ (DERMATOLOGY)/(SKIN and VENEREAL DISEASES)/(VENEREOL OGY)",Open,General,Allotted
2058,129635,All India,"SHYAM SHAH MEDICAL COLLEGE,deanmcrewa@rediffmail.com, Madhya Pradesh, 486001",M.D. (BIOCHEMISTRY),Open,General,Allotted
2059,129938,IP University Quota,"PGIMER, DR. RML Hospital, Cannaught Place, New Delhi,ABVIMS, DR. RML Hospital, Baba Kharak Singh Marg, Cannaught Place, New Delhi",M.D. (FORENSIC MEDICINE),SC,SC,Allotted
2060,130009,Self-Financed Merit Seat,"VINAYAKA MISSIONS MEDICAL COLLEGE AND HOSPITAL, KARAIKAL,KEEZHAKASAKUDIMEDU, KOTTUCHERRY (POST), KARAIKAL, UT of PUDUCHERRY, Puducherry, 609609",M.S. (OPHTHALMOLOGY),Open,OBC,Allotted( NRI Priority : 2 )
2061,130023,All India,"Guru Gobind Singh Medical College,Guru Gobind Singh Medical College, Sadiq Road, Faridkot, Punjab, 151203",M.D. (PHYSIOLOGY),Open,General,Allotted
2062,130042,All India,"North Bengal Medical College,North Bengal Medical College, West Bengal, 734012",M.D. (PATHOLOGY),ST,ST,Allotted
2063,130211,Self-Financed Merit Seat,"A.C.S. Medical College and Hospital,A.C.S. Medical College and Hospital, Tamil Nadu, 600077",M.D. (ANAESTHESIOLOGY),Open,SC,Allotted
2064,130226,All India,"VIJANAGARA INSTITUTE OF MEDICAL SCIENCES BALLARI,Ballari Medical College and Research Centre Ballari formerly VIMS Ballari, Karnataka, 583104",M.D. (MICROBIOLOGY),Open,General,Allotted
2065,130310,Self-Financed Merit Seat,"Shri Sathya Sai Medical College and Research Institute,Kancheepuram,SBV Chennai Campus, Shri Sathya Sai Nagar, Ammapettai, Chennai, Tamil Nadu, 603108",M.D. (PAEDIATRICS),Open,General,Allotted
2066,130366,DNB Quota,"Homi Bhabha Cancer Hospital, Uttar Pradesh,Homi Bhabha Cancer Hospital , Old Loco Colony, Shivpurwa, Lahartara, Varanasi-221002, Uttar Pradesh, Uttar Pradesh, 221002",(NBEMS) MICROBIOLOGY,Open,General,Allotted
2067,130445,Self-Financed Merit Seat,"BHAARATH MEDICAL COLLEGE AND HOSPITAL,SELAIYUR,173, AGARAM MAIN ROAD,SELAIYUR,CHENNAI",M.D. (PAEDIATRICS),Open,OBC,Allotted
2068,130661,Self-Financed Merit Seat,"SRI SIDDHARTHA MEDICAL COLLEGE, TUMKUR,SRI SIDDHARTHA MEDICAL COLLEGE, TUMKUR, Karnataka, 572107",M.D. (Obst. and Gynae)/MS (Obstetrics and Gynaecology),Open,OBC,Allotted
2069,130701,DNB Quota,"Associated Hospital Govt. Medical College, ,Main Campus Ghat, Ghat, District Doda, UT of Jammu and Kashmir, India, Jammu And Kashmir, 182202",(NBEMS) COMMUNITY MEDICINE,SC,SC,Allotted
2070,130725,All India,"GAJRA RAJA MEDICAL COLLEGE GWALIOR,GAJRA RAJA MEDICAL COLLEGE GWALIOR, Madhya Pradesh, 474009",M.D. (PHYSIOLOGY),ST,ST,Allotted
2071,131082,Self-Financed Merit Seat,"Santosh Medical College and Hospital, Ghaziabad, NCR Delhi,Santosh Medical College and Hospital, Ghaziabad, Delhi NCR, Uttar Pradesh, 201009",M.D. (PATHOLOGY),Open,General,Allotted
2072,131218,All India,"GOVT. MEDICAL COLLEGE, AMRITSAR,GOVT. MEDICAL COLLEGE,CIRCULAR ROAD, AMRITSAR, Punjab, 143001",M.D. (PHARMACOLOGY),OBC,OBC,Allotted
2073,131225,All India,"Govt. Medical College, Jammu,Govt. Medical College, Bakshi Nagar, Jamu, Jammu And Kashmir, 180001",MD/MS (Anatomy),Open,General,Allotted
2074,131234,All India,"Dr Ram Manohar Lohia Institute of Medical Sciences, Lucknow,Dr Ram Manohar Lohia Institute of Medical Sciences, Lucknow, Uttar Pradesh, 226010",M.D. (PHYSIOLOGY),OBC,OBC,Allotted
2075,131657,Self-Financed Merit Seat,"AARUPADAI VEEDU MEDICAL COLLEGE AND HOSPITAL,PONDY - CUDDALORE MAIN ROAD, KIRUMAMPAKKAM, BAHOUR COMMUNE PANCHAYAT, PUDUCHERRY, Puducherry, 607402",M.D. (PSYCHIATRY),Open,General,Allotted
2076,131699,Self-Financed Merit Seat,"SRI LALITHAMBIGAI MEDICL COLLEGE AND HOSPITAL,CHENNAI,Service Road, Adayalampattu, Maduravoyal, Chennai, Tamil Nadu",M.D. (PAEDIATRICS),Open,OBC,Allotted
2077,131728,Self-Financed Merit Seat,"AARUPADAI VEEDU MEDICAL COLLEGE AND HOSPITAL,PONDY - CUDDALORE MAIN ROAD, KIRUMAMPAKKAM, BAHOUR COMMUNE PANCHAYAT, PUDUCHERRY, Puducherry, 607402",M.S. (GENERAL SURGERY),Open,General,Allotted
2078,131744,All India,"Dr. Rajendra Prasad Government Medical College, Tanda,Dr. Rajendra Prasad Government Medical College, Tanda, Himachal Pradesh, 176002",M.D. (PHARMACOLOGY),OBC,OBC,Allotted
2079,131794,Self-Financed Merit Seat,"AARUPADAI VEEDU MEDICAL COLLEGE AND HOSPITAL,PONDY - CUDDALORE MAIN ROAD, KIRUMAMPAKKAM, BAHOUR COMMUNE PANCHAYAT, PUDUCHERRY, Puducherry, 607402",M.S. (GENERAL SURGERY),Open,OBC,Allotted
2080,131804,Self-Financed Merit Seat,"Datta Meghe Medical College Wanadongri, Nagpur,Datta Meghe Medical College, Wanadongri, Hingna Road, Nagpur, Maharashtra, 441110",M.D. (ANAESTHESIOLOGY),Open,General,Allotted
2081,131841,All India,"GOVT. MEDICAL COLLEGE, AMRITSAR,GOVT. MEDICAL COLLEGE,CIRCULAR ROAD, AMRITSAR, Punjab, 143001",M.D. (PHARMACOLOGY),SC,SC,Allotted
2082,131947,Self-Financed Merit Seat,"Shri Sathya Sai Medical College and Research Institute,Kancheepuram,SBV Chennai Campus, Shri Sathya Sai Nagar, Ammapettai, Chennai, Tamil Nadu, 603108",M.S. (ORTHOPAEDICS),Open,OBC,Allotted
2083,132162,Self-Financed Merit Seat,"Jawaharlal Nehru Medical College, Sawangi (Meghe), Wardha-,Jawaharlal Nehru Medical College, Sawangi Meghe Wardha - 442107, Maharashtra State, Maharashtra, 442107",M.D. (ANAESTHESIOLOGY),Open,General,Allotted
2084,132347,All India,"GOVT MEDICAL COLLEGE, ERNAKULAM,GOVT MEDICAL COLLEGE, ERNAKULAM, Kerala, 683503",M.D. (PATHOLOGY),EWS,EWS,Allotted
2085,132407,Self-Financed Merit Seat,"Santosh Medical College and Hospital, Ghaziabad, NCR Delhi,Santosh Medical College and Hospital, Ghaziabad, Delhi NCR, Uttar Pradesh, 201009",M.D. (ANAESTHESIOLOGY),Open,General,Allotted
2086,132533,Self-Financed Merit Seat,"Sri Lakshmi narayana institute of medical sciences,puducherry,Sri Lakshmi narayana institute of medical sciences,puducherry, Puducherry, 605502","M.D. (DERM.,VENE. and LEPROSY)/ (DERMATOLOGY)/(SKIN and VENEREAL DISEASES)/(VENEREOL OGY)",Open,OBC,Allotted
2087,132556,All India,"INSTITUTE OF MEDICAL SCIENCES, BANARAS HINDU UNIVERSITY,INSTITUTE OF MEDICAL SCIENCES, BANARAS HINDU UNIVERSITY, Uttar Pradesh, 221005",MD/MS (Anatomy),OBC,OBC,Allotted
2088,132634,DNB Quota,"SDH KUPWARA, Jammu and Kashmir,IQBAL MARKET KUPWARA, Jammu And Kashmir, 193222",(NBEMS-DIPLOMA) PAEDIATRICS,ST,ST,Allotted
2089,132676,All India,"Maharashtra Post Graduate Institute of Medical Education and Research, Nashik,Maharashtra Post Graduation Institute of Medical Education and Research Civil Hospital campus Tramba, Maharashtra, 422002",M.D. (PHARMACOLOGY),SC,SC,Allotted
2090,132736,Self-Financed Merit Seat,"SRI LALITHAMBIGAI MEDICL COLLEGE AND HOSPITAL,CHENNAI,Service Road, Adayalampattu, Maduravoyal, Chennai, Tamil Nadu",M.S. (GENERAL SURGERY),Open,General,Allotted
2091,132865,Self-Financed Merit Seat,"Chettinad Hospital and Research Institute,Rajiv Gandhi Salai, Kelambakkam, Chengalpattu District, Tamil Nadu, 603103",M.D. (ANAESTHESIOLOGY),Open,General,Allotted
2092,132942,Self-Financed Merit Seat,"BHAARATH MEDICAL COLLEGE AND HOSPITAL,SELAIYUR,173, AGARAM MAIN ROAD,SELAIYUR,CHENNAI",M.D. (RADIO- DIAGNOSIS),Open,General,Allotted
2093,132973,Self-Financed Merit Seat,"Meenakshi Medical College Hospital and Research Institute, Kanchipuram,Meenakshi Medical College Hospital and Research Institute, Enathur, Karaipettai Post, Kanchipuram, Tamil Nadu, 631552",M.D. (PATHOLOGY),Open,OBC,Allotted
2094,133027,All India,"Sawai Man Singh Medical College, JAIPUR,Sawai Man Singh Medical College, JLN Marg, Jaipur-302004, Rajasthan, 302004",M.D. (MICROBIOLOGY),ST,ST,Allotted
2095,133167,Self-Financed Merit Seat,"Jawaharlal Nehru Medical College, Sawangi (Meghe), Wardha-,Jawaharlal Nehru Medical College, Sawangi Meghe Wardha - 442107, Maharashtra State, Maharashtra, 442107",M.D. (ANAESTHESIOLOGY),Open,OBC,Allotted
2096,133231,DNB Quota,"Government Medical College and Associated Hospital,,JANGLAT MANDI ANANTNAG, JAMMU AND KASHMIR 192101, Jammu And Kashmir, 192101",(NBEMS) PATHOLOGY,SC,SC,Allotted
2097,133286,DNB Quota,"GMERS Medical College and General Hospital, ,GMERS Medical College and General hospital,Old TB Campus, gotri road, Vadodara, Gujarat, 390021",(NBEMS) MICROBIOLOGY,Open,OBC,Allotted
2098,133326,Self-Financed Merit Seat,"SRI LALITHAMBIGAI MEDICL COLLEGE AND HOSPITAL,CHENNAI,Service Road, Adayalampattu, Maduravoyal, Chennai, Tamil Nadu",M.S. (OPHTHALMOLOGY),Open,General,Allotted
2099,133338,DNB Quota,"GMERS Medical College and General Hospital, ,GMERS Medical College and General hospital,Old TB Campus, gotri road, Vadodara, Gujarat, 390021",(NBEMS) MICROBIOLOGY,Open,OBC,Allotted
2100,133394,All India,"CHHATTISGARH INSTITUTE OF MEDICAL SCIENCES,CHHATTISGARH INSTITUTE OF MEDICAL SCIENCES, Chhattisgarh, 495001",M.D. (MICROBIOLOGY),Open,General,Allotted
2101,133400,All India,"CHHATTISGARH INSTITUTE OF MEDICAL SCIENCES,CHHATTISGARH INSTITUTE OF MEDICAL SCIENCES, Chhattisgarh, 495001",M.D. (BIOCHEMISTRY),Open,General,Allotted
2102,133549,Self-Financed Merit Seat,"DR D Y PATIL MEDICAL COLLEGE, NAVI MUMBAI,DR D Y PATIL MEDICAL COLLEGE, NAVI MUMBAI, Maharashtra, 400706",M.S. (ORTHOPAEDICS),Open,General,Allotted
2103,133557,All India,"Lakhimpur Medical College,Chowkham, Saboti,Post Office – Saboti, Police Station – North Lakhimpur",M.D. (PREVENTIVE and SOCIAL MEDICINE)/ COMMUNITY MEDICINE,OBC,OBC,Allotted
2104,133646,All India,"B. J. MEDICAL COLLEGE, Ahmedabad,B.J. Medical College, New Civil Hospital Asarwa,Ahmedabad-380016,Gujarat,India, Gujarat, 380016",M.D. (MICROBIOLOGY),SC,SC,Allotted
2105,133647,Self-Financed Merit Seat,"AARUPADAI VEEDU MEDICAL COLLEGE AND HOSPITAL,PONDY - CUDDALORE MAIN ROAD, KIRUMAMPAKKAM, BAHOUR COMMUNE PANCHAYAT, PUDUCHERRY, Puducherry, 607402",M.S. (GENERAL SURGERY),Open,OBC,Allotted
2106,133694,Non-Resident Indian,"Rajarajeswari Medical College and Hospital,No. 202, Kambipura, Mysore Road, Bengaluru, Karnataka, 560074",M.D. (Obst. and Gynae)/MS (Obstetrics and Gynaecology),Open,General,Allotted( NRI Priority : 2 )
2107,133781,All India,"Dr.V.M.Govt.Medical College,Solapur, Maharasthtra,In front of district court civil chowk Dr.V.M.Govt.Medical College,Solapur, Maharasthtra, Maharashtra, 413003",M.D. (MICROBIOLOGY),Open,OBC,Allotted
2108,133803,All India,"Assam Medical College,Assam Medical College, Assam, 786002",M.D. (BIOCHEMISTRY),Open,General,Allotted
2109,133958,All India,"Silchar Medical College, Silchar,Silchar Medical College, Silchar, Assam, 788014",M.D. (PHARMACOLOGY),ST,ST,Allotted
2110,134014,All India,"Maharaja Suhel Dev Autonomous State Medical College & Mahrishi Balark Hospitals, Bahraich, Uttar Pradesh,K.D.C Road Bahraich-271801, Uttar Pradesh, 271801",M.D. (PHYSIOLOGY),OBC,OBC,Allotted
2111,134066,Self-Financed Merit Seat,"A.C.S. Medical College and Hospital,A.C.S. Medical College and Hospital, Tamil Nadu, 600077",M.S. (ORTHOPAEDICS),Open,General,Allotted
2112,134121,Self-Financed Merit Seat,"Shri Sathya Sai Medical College and Research Institute,Kancheepuram,SBV Chennai Campus, Shri Sathya Sai Nagar, Ammapettai, Chennai, Tamil Nadu, 603108",M.D. (Obst. and Gynae)/MS (Obstetrics and Gynaecology),Open,General,Allotted
2113,134127,All India,"Government Medical College, Ratlam,Gram Banjali, Sailana Road, NH927A, Madhya Pradesh 457001, India, Madhya Pradesh, 457001",MD/MS (Anatomy),Open,General,Allotted
2114,134517,All India,"Dr. Rajendra Prasad Government Medical College, Tanda,Dr. Rajendra Prasad Government Medical College, Tanda, Himachal Pradesh, 176002",MD/MS (Anatomy),Open,General,Allotted
2115,134576,All India,"MALDA MEDICAL COLLEGE,MALDA MEDICAL COLLEGE, West Bengal, 732101",M.D. (BIOCHEMISTRY),Open,General,Allotted
2116,134618,All India,"Government Medical College, Miraj,Government Medical College, Miraj, Maharashtra, 416410",M.D. (MICROBIOLOGY),Open,General,Allotted
2117,134666,Non-Resident Indian,"Malla Reddy Institute of Medical Sciences,Suraram X Roads, Jeedimetla, Hyderabad, Telangana, 500055",M.D. (Obst. and Gynae)/MS (Obstetrics and Gynaecology),Open,General,Allotted( NRI Priority : 2 )
2118,134682,All India,"BIDAR INSTITUTE OF MEDICAL SCIENCES, BIDAR,BIDAR INSTITUTE OF MEDICAL SCIENCES, BIDAR, Karnataka, 585401",M.D. (PREVENTIVE and SOCIAL MEDICINE)/ COMMUNITY MEDICINE,SC,SC,Allotted
2119,134690,All India,"Rajendra Institute of Medical Sciences, Ranchi,Rajendra Institute of Medical Sciences, Ranchi, Jharkhand, 834009",MD/MS (Anatomy),SC,SC,Allotted
2120,134770,All India,"Government Medical College Kota,Government Medical College Kota, Rajasthan, 324005",M.D. IN TRANSFUSION MEDICINE/ IMMUNO- HAEMATOLOGY and BLOOD TRANSFUSION,EWS,EWS,Allotted
2121,134901,DNB Quota,"Government Medical College, Makeshift Campus Bye pass Road. Handwara Distt.: Kupwara, Jammu and Kashmir-193221,Makeshift Campus, Bypass Road, Handwara, Kupwara, J&K",(NBEMS) PATHOLOGY,SC,SC,Allotted
2122,134914,Non-Resident Indian,"MGM Medical College, Navi Mumbai,MGM Medical College, Sector1, Plot 1, Kamothe, Navi Mumbai- 410209, Maharashtra, 410209",M.S. (GENERAL SURGERY),Open,General,Allotted( NRI Priority : 1 )
2123,135017,Self-Financed Merit Seat,"Sri Siddhartha Institute of Medical Sciences & Research Centre (SSIMRC),T Begur, Nelamangala, Bangalore rural, Karnataka, 562123",M.D. (Obst. and Gynae)/MS (Obstetrics and Gynaecology),Open,SC,Allotted
2124,135176,All India,"Burdwan Medical College, West Bengal,Burdwan Medical College, West Bengal, West Bengal, 713104",M.D. (PATHOLOGY),EWS,EWS,Allotted
2125,135247,Self-Financed Merit Seat,"Sri Lakshmi narayana institute of medical sciences,puducherry,Sri Lakshmi narayana institute of medical sciences,puducherry, Puducherry, 605502",M.D. (Obst. and Gynae)/MS (Obstetrics and Gynaecology),Open,OBC,Allotted
2126,135253,All India,"Government Medical College, Cuddalore District,Govt. Medical College and Hospital, Cuddalore District Erstwhile Rajah Muthiah Medical College, Tamil Nadu, 608002",M.D. (BIOCHEMISTRY),SC,SC,Allotted
2127,135291,All India,"Guru Gobind Singh Medical College,Guru Gobind Singh Medical College, Sadiq Road, Faridkot, Punjab, 151203",M.D. IN TRANSFUSION MEDICINE/ IMMUNO- HAEMATOLOGY and BLOOD TRANSFUSION,EWS,EWS,Allotted
2128,135324,All India,"Karwar Institute of Medical Sciences, Karnataka,MG Road, Karnataka, 581301",M.D. (MICROBIOLOGY),Open,General,Allotted
2129,135369,DNB Quota,"Government Medical College and Associated Hospital,,JANGLAT MANDI ANANTNAG, JAMMU AND KASHMIR 192101, Jammu And Kashmir, 192101",(NBEMS) COMMUNITY MEDICINE,SC,SC,Allotted
2130,135376,All India,"Govt Medical college Shivpuri,Near Kattha Mill, Gwalior Bypass Highway Shivpuri MP, Madhya Pradesh, 473551",M.D. (MICROBIOLOGY),Open,General,Allotted
2131,135379,Self-Financed Merit Seat,"Sri Siddhartha Institute of Medical Sciences & Research Centre (SSIMRC),T Begur, Nelamangala, Bangalore rural, Karnataka, 562123",M.D. (RADIO- DIAGNOSIS),Open,General,Allotted
2132,135393,Self-Financed Merit Seat,"VINAYAKA MISSIONS MEDICAL COLLEGE AND HOSPITAL, KARAIKAL,KEEZHAKASAKUDIMEDU, KOTTUCHERRY (POST), KARAIKAL, UT of PUDUCHERRY, Puducherry, 609609",M.S. (E.N.T.),Open,OBC,Allotted
2133,135527,All India,"Soban Singh Jeena Government Institute of Medical Sciences & Research, Almora,,Pandeykhola,Near Vikas Bhawan, Almora , Pin - 263601",MD/MS (Anatomy),Open,General,Allotted
2134,135568,All India,"KING GEORGES MEDICAL UNIVERSITY,KING GEORGES MEDICAL UNIVERSITY, Shahmeena Road, Chowk, Lucknow-226003, Uttar Pradesh, 226003",MD/MS (Anatomy),OBC,OBC,Allotted
2135,135580,All India,"Lady Hardinge Medical College,Lady Hardinge Medical College, Delhi (NCT), 110001",M.D. (GENERAL MEDICINE),OBC PwD,OBC PwD,Allotted
2136,135629,All India,"S.V. Medical College, Tirupathi ,S.V. Medical College, Tirupathi, Andhra Pradesh, 517501",MD/MS (Anatomy),Open,OBC,Allotted
2137,135691,All India,"Government Medical College, Latur,Government Medical College, Old Railway station Near Marwadi Rajasthani High-School Latur, Maharashtra, 413512",MD/MS (Anatomy),Open,EWS,Allotted
2138,135791,Non-Resident Indian,"M.M. Institute of Medical Sciences and Research, Ambala,M.M. Institute of Medical Sciences and Research, Ambala, Haryana, 133207",M.D. (Tuberculosis and Respiratory diseases)/Pulmonary Medicine /M.D. (Respiratory Medicine),Open,General,Allotted( NRI Priority : 2 )
2139,135802,Self-Financed Merit Seat,"Sri Siddhartha Institute of Medical Sciences & Research Centre (SSIMRC),T Begur, Nelamangala, Bangalore rural, Karnataka, 562123",M.D. (Tuberculosis and Respiratory diseases)/Pulmonary Medicine /M.D. (Respiratory Medicine),Open,General,Allotted
2140,135820,All India,"Government Medical College, Nalgonda,Office of the Principal, Government Medical College Nalgonda, Near RTC Bus Stand, Gollaguda, Nalgon, Telangana, 508001",M.D. (BIOCHEMISTRY),Open,General,Allotted
2141,135879,All India,"Agartala Government Medical College,Agartala Government Medical College, Tripura, 799006",M.D. (MICROBIOLOGY),Open,General,Allotted
2142,135920,Self-Financed Merit Seat,"Vinayaka Missions Kirupananda Variyar Medical College and Hospital, Salem,Sankari Main Road, NH-47, Seeragapadi, Salem, Tamil Nadu, 636308",M.S. (E.N.T.),Open,General,Allotted
2143,136165,Self-Financed Merit Seat,"Datta Meghe Medical College Wanadongri, Nagpur,Datta Meghe Medical College, Wanadongri, Hingna Road, Nagpur, Maharashtra, 441110",M.D. (PATHOLOGY),Open,General,Allotted
2144,136324,Self-Financed Merit Seat,"Meenakshi Medical College Hospital and Research Institute, Kanchipuram,Meenakshi Medical College Hospital and Research Institute, Enathur, Karaipettai Post, Kanchipuram, Tamil Nadu, 631552",M.S. (GENERAL SURGERY),Open,General,Allotted
2145,136598,All India,"Government Medical College, Gondia,Nehru Chowk, KTS General Hospital Campus, Govt. Medical College, Gondia. 441601. Maharashtra., Maharashtra, 441601",M.D. (PHARMACOLOGY),SC,SC,Allotted
2146,136712,All India,"GOVT. MEDICAL COLLEGE AND HOSPITAL, CHANDIGARH,GOVT. MEDICAL COLLEGE AND HOSPITAL, CHANDIGARH, Chandigarh, 160030",M.D. (MICROBIOLOGY),SC,SC,Allotted
2147,136899,All India,"Government Medical College, Datia,Near 29 Batallion, National Highway 44, Dist Datia, Madhya Pradesh Pin - 475661, Madhya Pradesh, 475661",M.D. (BIOCHEMISTRY),Open,OBC,Allotted
2148,137019,All India,"MEDICAL COLLEGE, KOLKATA,MEDICAL COLLEGE, KOLKATA, West Bengal, 700073",M.D. (PHARMACOLOGY),OBC,OBC,Allotted
2149,137090,All India,"KURNOOL MEDICAL COLLEGE,KURNOOL MEDICAL COLLEGE, Andhra Pradesh, 518002",M.D. (BIOCHEMISTRY),OBC,OBC,Allotted
2150,137145,All India,"NALANDA MEDICAL COLLEGE,PATNA,NALANDA MEDICAL COLLEGE,PATNA, OLD BYPASS ROAD,BHOOTNATH, KANKARBAGH, Bihar, 800026",M.D. (FORENSIC MEDICINE),SC,SC,Allotted
2151,137213,All India,"Bankura Sammilani Medical College,Bankura Sammilani Medical College, West Bengal, 722102",M.D. (PATHOLOGY),ST,ST,Allotted
2152,137324,Self-Financed Merit Seat,"SREE BALAJI MEDICAL COLLEGE AND HOSPITAL, CHENNAI,NO,7 WORKS ROAD,CHROMEPET,CHENNAI, Tamil Nadu, 600044",M.D. (Tuberculosis and Respiratory diseases)/Pulmonary Medicine /M.D. (Respiratory Medicine),Open,OBC,Allotted
2153,137432,All India,"Gauhati Medical College, Guwahati,Gauhati Medical College, Guwahati, Assam, 781032",DIP. IN FORENSIC MEDICINE,Open,General,Allotted
2154,137454,All India,"Govt. Medical College Akola,Govt. Medical College Akola, Maharashtra, 444001",M.D. (PREVENTIVE and SOCIAL MEDICINE)/ COMMUNITY MEDICINE,ST,ST,Allotted
2155,137562,All India,"Shri Atal Bihari Vajpayee Medical College & Research Institute, Bengaluru,Opposite to Shivajinagar Bus stop, Shivajinagar, Bengaluru., Karnataka, 560001",M.D. (PREVENTIVE and SOCIAL MEDICINE)/ COMMUNITY MEDICINE,ST,ST,Allotted
2156,137648,Self-Financed Merit Seat,"Sri Lakshmi narayana institute of medical sciences,puducherry,Sri Lakshmi narayana institute of medical sciences,puducherry, Puducherry, 605502",M.D. (PSYCHIATRY),Open,General,Allotted
2157,137703,All India,"GOVERNMENT MEDICAL COLLEGE, CHHINDWARA,M.P,MANDHATA COLONY, KHAJRI ROAD,CHHINDWARA,M.P.",M.D. (BIOCHEMISTRY),Open,General,Allotted
2158,137843,All India,"CHIKKAMAGALURU INSTITUTE OF MEDICAL SCIENCE,KARNATA,TEGUR, CHIKKAMAGALURU TALUK AND DISTRICT, KARNA???? -577133",M.D. (BIOCHEMISTRY),Open,OBC,Allotted
2159,137853,All India,"Agartala Government Medical College,Agartala Government Medical College, Tripura, 799006",M.D. (BIOCHEMISTRY),Open,ST,Allotted
2160,137896,Self-Financed Merit Seat,"DR D Y PATIL MEDICAL COLLEGE, NAVI MUMBAI,DR D Y PATIL MEDICAL COLLEGE, NAVI MUMBAI, Maharashtra, 400706",M.S. (ORTHOPAEDICS),Open,General,Allotted
2161,137918,Self-Financed Merit Seat,"Meenakshi Medical College Hospital and Research Institute, Kanchipuram,Meenakshi Medical College Hospital and Research Institute, Enathur, Karaipettai Post, Kanchipuram, Tamil Nadu, 631552",M.D. (ANAESTHESIOLOGY),Open,OBC,Allotted
2162,138137,Self-Financed Merit Seat,"Shri Sathya Sai Medical College and Research Institute,Kancheepuram,SBV Chennai Campus, Shri Sathya Sai Nagar, Ammapettai, Chennai, Tamil Nadu, 603108",M.D. (Obst. and Gynae)/MS (Obstetrics and Gynaecology),Open,General,Allotted
2163,138387,Self-Financed Merit Seat,"Sri Siddhartha Institute of Medical Sciences & Research Centre (SSIMRC),T Begur, Nelamangala, Bangalore rural, Karnataka, 562123",M.D. (Obst. and Gynae)/MS (Obstetrics and Gynaecology),Open,General,Allotted
2164,138457,All India,"Govt. Medical College, Bhavnagar,Near. S.T. Bus Stand,Jail Road, Bhavnagar-364001, Gujarat, 364001",M.D. (FORENSIC MEDICINE),EWS,EWS,Allotted
2165,138633,All India,"PGIMER, DR. RML Hospital, Cannaught Place, New Delhi,ABVIMS, DR. RML Hospital, Baba Kharak Singh Marg, Cannaught Place, New Delhi",M.D. (FORENSIC MEDICINE),ST,ST,Allotted
2166,138763,All India,"PATNA MEDICAL COLLEGE, PATNA,PATNA MEDICAL COLLEGE, PATNA, Bihar, 800004",M.D. (PREVENTIVE and SOCIAL MEDICINE)/ COMMUNITY MEDICINE,SC,SC,Allotted
2167,138992,All India,"TOPIWALA NATIONAL MEDICAL COLLEGE,TOPIWALA NATIONAL MEDICAL COLLEGE B Y L Nair Ch Hospital, Dr. A.L. Nair Rd, Mumbai Central, Mumbai, Maharashtra, 400008",M.D. (PHARMACOLOGY),EWS,EWS,Allotted
2168,139042,Self-Financed Merit Seat,"Mahatma Gandhi Medical College and Research Institute, Pondicherry,SBV Pondicherry Campus, Pillaiyarkuppam, Pondicherry, Puducherry, 607402",M.D. (Tuberculosis and Respiratory diseases)/Pulmonary Medicine /M.D. (Respiratory Medicine),Open,OBC,Allotted
2169,139092,Self-Financed Merit Seat,"Meenakshi Medical College Hospital and Research Institute, Kanchipuram,Meenakshi Medical College Hospital and Research Institute, Enathur, Karaipettai Post, Kanchipuram, Tamil Nadu, 631552",M.S. (ORTHOPAEDICS),Open,General,Allotted
2170,139101,DNB Quota,"Sri Krishna Medical College and Hospital, ,Uma Nagar Muzaffarpur Bihar 842004, Bihar, 842004",(NBEMS) MICROBIOLOGY,Open,General,Allotted
2171,139152,All India,"MADURAI MEDICAL COLLEGE,MADURAI MEDICAL COLLEGE, Tamil Nadu, 625020",M.D. IN TRANSFUSION MEDICINE/ IMMUNO- HAEMATOLOGY and BLOOD TRANSFUSION,EWS,EWS,Allotted
2172,139169,Self-Financed Merit Seat,"Shri Sathya Sai Medical College and Research Institute,Kancheepuram,SBV Chennai Campus, Shri Sathya Sai Nagar, Ammapettai, Chennai, Tamil Nadu, 603108",M.D. (Tuberculosis and Respiratory diseases)/Pulmonary Medicine /M.D. (Respiratory Medicine),Open,OBC,Allotted
2173,139348,Self-Financed Merit Seat,"Sri Lakshmi narayana institute of medical sciences,puducherry,Sri Lakshmi narayana institute of medical sciences,puducherry, Puducherry, 605502","M.D. (DERM.,VENE. and LEPROSY)/ (DERMATOLOGY)/(SKIN and VENEREAL DISEASES)/(VENEREOL OGY)",Open,General,Allotted
2174,139353,Self-Financed Merit Seat,"SRI SIDDHARTHA MEDICAL COLLEGE, TUMKUR,SRI SIDDHARTHA MEDICAL COLLEGE, TUMKUR, Karnataka, 572107",M.D. (Emergency and Critical Care)/M.D. (Emergency Medicine),Open,General,Allotted
2175,139429,All India,"Atal Bihari Vajpayee Government Medical College, Vidisha,NH 86 INFRONT OF KHEL PARISAR SANCHI ROAD VIDISHA MP, Madhya Pradesh, 464001",M.D. (PHYSIOLOGY),OBC,OBC,Allotted
2176,139580,All India,"Kidwai Memorial Institute of Oncolgy,Kidwai Memorial Institute of Oncolgy, Karnataka, 560029",M.D. (BIOCHEMISTRY),SC,SC,Allotted
2177,139614,All India,"Government Medical College Srinagar,Administrative Block Government Medical College Karan Nagar Srinagar, Jammu And Kashmir, 190010",M.D. (PHARMACOLOGY),OBC,OBC,Allotted
2178,139901,Self-Financed Merit Seat,"AARUPADAI VEEDU MEDICAL COLLEGE AND HOSPITAL,PONDY - CUDDALORE MAIN ROAD, KIRUMAMPAKKAM, BAHOUR COMMUNE PANCHAYAT, PUDUCHERRY, Puducherry, 607402",M.D. (ANAESTHESIOLOGY),Open,OBC,Allotted
2179,139932,Self-Financed Merit Seat,"SREE BALAJI MEDICAL COLLEGE AND HOSPITAL, CHENNAI,NO,7 WORKS ROAD,CHROMEPET,CHENNAI, Tamil Nadu, 600044",M.S. (GENERAL SURGERY),Open,General,Allotted
2180,139966,Self-Financed Merit Seat,"Sri Siddhartha Institute of Medical Sciences & Research Centre (SSIMRC),T Begur, Nelamangala, Bangalore rural, Karnataka, 562123",M.D. (RADIO- DIAGNOSIS),Open,General,Allotted
2181,140043,Self-Financed Merit Seat,"Mahatma Gandhi Medical College and Research Institute, Pondicherry,SBV Pondicherry Campus, Pillaiyarkuppam, Pondicherry, Puducherry, 607402",M.D. (Tuberculosis and Respiratory diseases)/Pulmonary Medicine /M.D. (Respiratory Medicine),Open,General,Allotted
2182,140048,All India,"EMPLOYEES STATE INSURANCE CORPORATION MEDICAL COLLEGE AND PGIMSR,EMPLOYEES STATE INSURANCE CORPORATION MEDICAL COLLEGE AND PGIMSR, Karnataka, 560010",M.D. (PREVENTIVE and SOCIAL MEDICINE)/ COMMUNITY MEDICINE,ST,ST,Allotted
2183,140064,DNB Quota,"Associated Hospital Government Medical College, ,Government Medical College Chack Sajjan Kathua, Jammu And Kashmir, 184101",(NBEMS) COMMUNITY MEDICINE,OBC,OBC,Allotted
2184,140209,All India,"NAMO Medical Education and Research Institute, Dadra & Nagar Haveli & Daman & Diu,Sayli Road, Silvassa, DNH, Dadra And Nagar Haveli, 396230",M.D. (MICROBIOLOGY),Open,General,Allotted
2185,140255,All India,"Government Medical College, Jalgaon,Jilha Peth, Government Hospital Campus, Jalgaon, Maharashtra, 425001",M.D. (PREVENTIVE and SOCIAL MEDICINE)/ COMMUNITY MEDICINE,SC,SC,Allotted
2186,140266,Delhi University Quota,"University College of Medical Sciences,University College of Medical Sciences, Delhi (NCT), 110095",M.D. (FORENSIC MEDICINE),Open,SC,Allotted
2187,140407,All India,"Govt. Doon Medical College, Dehradun,Govt. Doon Medical College Dehrakhas, Patel Nagar Dehradun 248001, Uttarakhand, 248001",M.D. (MICROBIOLOGY),OBC,OBC,Allotted
2188,140576,All India,"Hinduhridayasamrat Balasaheb Thackeray Medical College and Dr. R. N. Cooper Municipal General Hospital, Maharashtra,HBT Medical College and Dr R N Cooper Municipal General Hospital, Bhaktivedanta Swami Rd, JVPD Schem, Maharashtra, 400056",M.D. (PREVENTIVE and SOCIAL MEDICINE)/ COMMUNITY MEDICINE,Open PwD,GNYes,Allotted
2189,140637,Self-Financed Merit Seat,"VINAYAKA MISSIONS MEDICAL COLLEGE AND HOSPITAL, KARAIKAL,KEEZHAKASAKUDIMEDU, KOTTUCHERRY (POST), KARAIKAL, UT of PUDUCHERRY, Puducherry, 609609",M.S. (E.N.T.),Open,OBC,Allotted
2190,140677,Non-Resident Indian,"DR D Y PATIL MEDICAL COLLEGE, NAVI MUMBAI,DR D Y PATIL MEDICAL COLLEGE, NAVI MUMBAI, Maharashtra, 400706",M.D. (GENERAL MEDICINE),Open,General,Allotted( NRI Priority : 2 )
2191,140830,All India,"Government Medical College, Datia,Near 29 Batallion, National Highway 44, Dist Datia, Madhya Pradesh Pin - 475661, Madhya Pradesh, 475661",M.D. (PHARMACOLOGY),OBC,OBC,Allotted
2192,140955,All India,"Gvernment Medical College,Haldwani,Government Medical College, Haldwani, Uttarakhand, 263139",MD/MS (Anatomy),Open,General,Allotted
2193,141196,All India,"KING GEORGES MEDICAL UNIVERSITY,KING GEORGES MEDICAL UNIVERSITY, Shahmeena Road, Chowk, Lucknow-226003, Uttar Pradesh, 226003",M.D. (PHYSIOLOGY),SC,SC,Allotted
2194,141335,Self-Financed Merit Seat,"SREE BALAJI MEDICAL COLLEGE AND HOSPITAL, CHENNAI,NO,7 WORKS ROAD,CHROMEPET,CHENNAI, Tamil Nadu, 600044",M.S. (GENERAL SURGERY),Open,OBC,Allotted
2195,141349,All India,"Sri Bhausaheb Hire Government Medical College,Sri Bhausaheb Hire Government Medical College,Dhule, Maharashtra, 424311",M.D. (BIOCHEMISTRY),Open,General,Allotted
2196,141477,Self-Financed Merit Seat,"Jawaharlal Nehru Medical College, Sawangi (Meghe), Wardha-,Jawaharlal Nehru Medical College, Sawangi Meghe Wardha - 442107, Maharashtra State, Maharashtra, 442107",M.D. (PREVENTIVE and SOCIAL MEDICINE)/ COMMUNITY MEDICINE,Open,OBC,Allotted
2197,141686,All India,"HASSAN INSTITUTE OF MEDICAL SCIENCES, HASSAN,HASSAN INSTITUTE OF MEDICAL SCIENCES, HASSAN, Karnataka, 573201",M.D. (PATHOLOGY),ST,ST,Allotted
2198,141823,All India,"Agartala Government Medical College,Agartala Government Medical College, Tripura, 799006",M.D. (PHARMACOLOGY),Open,General,Allotted
2199,141936,All India,"GOA MEDICAL COLLEGE,Bambolim, Goa, Goa, 403202",M.D. (PREVENTIVE and SOCIAL MEDICINE)/ COMMUNITY MEDICINE,EWS,EWS,Allotted
2200,142005,All India,"Shri Lal Bahadur Shastri Government Medical College and Hospital , ,VPO- Bhangrotu, MC- Ner Chowk, District- Mandi, Himachal Pradesh, 175021",M.D. (MICROBIOLOGY),OBC,OBC,Allotted
2201,142164,Self-Financed Merit Seat,"DR D Y PATIL MEDICAL COLLEGE, NAVI MUMBAI,DR D Y PATIL MEDICAL COLLEGE, NAVI MUMBAI, Maharashtra, 400706",M.S. (ORTHOPAEDICS),Open,OBC,Allotted
2202,142180,Self-Financed Merit Seat,"Sri Lakshmi narayana institute of medical sciences,puducherry,Sri Lakshmi narayana institute of medical sciences,puducherry, Puducherry, 605502",M.S. (ORTHOPAEDICS),Open,OBC,Allotted
2203,142203,All India,"Government Medical College, Kollam,Government Medical College Kollam,Parippally, Kerala, 691574",M.D. (FORENSIC MEDICINE),SC,SC,Allotted
2204,142289,All India,"Bankura Sammilani Medical College,Bankura Sammilani Medical College, West Bengal, 722102",M.D. (PHYSIOLOGY),Open,General,Allotted
2205,142504,All India,"Seth Gordhandas Sunderdas Medical College, MUMBAI,Seth Gordhandas Sunderdas Medical College, Acharya Donde Marg Parel MUMBAI, Maharashtra, 400012",M.D. (PSYCHIATRY),Open PwD,GNYes,Allotted
2206,142548,Self-Financed Merit Seat,"Meenakshi Medical College Hospital and Research Institute, Kanchipuram,Meenakshi Medical College Hospital and Research Institute, Enathur, Karaipettai Post, Kanchipuram, Tamil Nadu, 631552",M.S. (ORTHOPAEDICS),Open,General,Allotted
2207,142562,Self-Financed Merit Seat,"Shri Sathya Sai Medical College and Research Institute,Kancheepuram,SBV Chennai Campus, Shri Sathya Sai Nagar, Ammapettai, Chennai, Tamil Nadu, 603108",M.S. (ORTHOPAEDICS),Open,General,Allotted
2208,142721,Self-Financed Merit Seat,"DR. D. Y. PATIL MEDICAL COLLEGE, PUNE,Dr. D. Y. Patil Medical College, Hospital and Research Centre, Sant Tukaram Nagar, Pimpri, Pune., Maharashtra, 411018",M.D. (MICROBIOLOGY),Open,General,Allotted
2209,142733,All India,"LATE SHRI LAKHI RAM AGRAWAL MEMORIAL GOVT.MEDICAL COLLEGE,LATE SHRI LAKHI RAM AGRAWAL MEMORIAL GOVT.MEDICAL COLLEGE, Chhattisgarh, 496001",M.D. (PHYSIOLOGY),Open,OBC,Allotted
2210,142749,All India,"PATNA MEDICAL COLLEGE, PATNA,PATNA MEDICAL COLLEGE, PATNA, Bihar, 800004",MD/MS (Anatomy),Open,OBC,Allotted
2211,142780,All India,"Chamarajanagar Institute of Medical Sciences, Karnataka,CHAMARAJANAGAR INSTITUTE OF MEDICAL SCIENCES, SY. NO 124, YEDAPURA VILLAGE KASABA HOBLI, CHAMARAJANA, Karnataka, 571313",M.D. (FORENSIC MEDICINE),SC,SC,Allotted
2212,142918,All India,"Govt Medical college Shivpuri,Near Kattha Mill, Gwalior Bypass Highway Shivpuri MP, Madhya Pradesh, 473551",M.D. (MICROBIOLOGY),Open,General,Allotted
2213,142957,All India,"IPGME&R and SSKM Hospital Kolkata,244, Acharya J. C. Bose Road, Kolkata-700020, West Bengal, 700020",M.D. (PATHOLOGY),ST,ST,Allotted
2214,143162,Self-Financed Merit Seat,"SRI SIDDHARTHA MEDICAL COLLEGE, TUMKUR,SRI SIDDHARTHA MEDICAL COLLEGE, TUMKUR, Karnataka, 572107",M.D. (PAEDIATRICS),Open,EWS,Allotted
2215,143167,All India,"GOVT MEDICAL COLLEGE, ANANTAPURAMU,GOVT MEDICAL COLLEGE, ANANTAPURAMU, Andhra Pradesh, 515001",M.D. (PHYSIOLOGY),Open,SC,Allotted
2216,143190,DNB Quota,"GMERS Medical College and General Hospital, ,GMERS Medical College and General hospital,Old TB Campus, gotri road, Vadodara, Gujarat, 390021",(NBEMS) MICROBIOLOGY,OBC,OBC,Allotted
2217,143217,Non-Resident Indian,"AARUPADAI VEEDU MEDICAL COLLEGE AND HOSPITAL,PONDY - CUDDALORE MAIN ROAD, KIRUMAMPAKKAM, BAHOUR COMMUNE PANCHAYAT, PUDUCHERRY, Puducherry, 607402",M.D. (GENERAL MEDICINE),Open,OBC,Allotted( NRI Priority : 2 )
2218,143224,All India,"Government Medical College, Baramati,Plot No P-107 Opposite Women Hospital Baramati MIDC Area Baramati Tehsil Baramati Dist Pune, Maharashtra, 413133",M.D. (PHYSIOLOGY),Open,General,Allotted
2219,143552,All India,"BIDAR INSTITUTE OF MEDICAL SCIENCES, BIDAR,BIDAR INSTITUTE OF MEDICAL SCIENCES, BIDAR, Karnataka, 585401",M.D. (PHYSIOLOGY),Open,General,Allotted
2220,143601,Self-Financed Merit Seat,"BHAARATH MEDICAL COLLEGE AND HOSPITAL,SELAIYUR,173, AGARAM MAIN ROAD,SELAIYUR,CHENNAI",M.S. (OPHTHALMOLOGY),Open,OBC,Allotted
2221,143603,DNB Quota,"GMERS Medical College,Gujarat,Morbi Gandhi Choke, Near Town Hall, Morbi, Gujarat- 363641",(NBEMS) BIOCHEMISTRY,OBC,OBC,Allotted
2222,143612,All India,"Gulbarga Institute Of Medical Sciences, Kalaburagi,VEERESH NAGAR SEDAM ROAD KALABURAGI, Karnataka, 585105",M.D. (PREVENTIVE and SOCIAL MEDICINE)/ COMMUNITY MEDICINE,SC,SC,Allotted
2223,143664,All India,"Sri Bhausaheb Hire Government Medical College,Sri Bhausaheb Hire Government Medical College,Dhule, Maharashtra, 424311",M.D. (MICROBIOLOGY),Open,General,Allotted
2224,143706,Self-Financed Merit Seat,"Sri Siddhartha Institute of Medical Sciences & Research Centre (SSIMRC),T Begur, Nelamangala, Bangalore rural, Karnataka, 562123",M.D. (PAEDIATRICS),Open,OBC,Allotted
2225,143728,All India,"Govt. Medical College Akola,Govt. Medical College Akola, Maharashtra, 444001","M.D. (DERM.,VENE. and LEPROSY)/ (DERMATOLOGY)/(SKIN and VENEREAL DISEASES)/(VENEREOL OGY)",Open PwD,GNYes,Allotted
2226,143770,Non-Resident Indian,"SHRI. B. M. PATIL MEDICAL COLLEGE HOSPITAL AND RESEARCH CENTRE,SHRI. B. M. PATIL MEDICAL COLLEGE HOSPITAL AND RESEARCH CENTRE, SOLAPUR ROAD, VIJAYAPURA, Karnataka, 586103",M.S. (GENERAL SURGERY),Open,General,Allotted( NRI Priority : 1 )
2227,143990,All India,"Government Medical College, Nizamabad, Telangana State,Government Medical College, Nizamabad, Telangana State, Telangana, 503001",M.D. (PHYSIOLOGY),Open,General,Allotted
2228,144189,Self-Financed Merit Seat,"A.C.S. Medical College and Hospital,A.C.S. Medical College and Hospital, Tamil Nadu, 600077",M.D. (PSYCHIATRY),Open,OBC,Allotted
2229,144196,All India,"B.J.Government Medical College, Pune,B.J.Government Medical College, Pune, Maharashtra, 411001",M.D. (PHYSIOLOGY),SC,SC,Allotted
2230,144277,Self-Financed Merit Seat,"Sri Lakshmi narayana institute of medical sciences,puducherry,Sri Lakshmi narayana institute of medical sciences,puducherry, Puducherry, 605502",M.D. (ANAESTHESIOLOGY),Open,General,Allotted
2231,144280,All India,"JAWAHAR LAL NEHRU MEDICAL COLLEGE, AJMER,NEAR PATEL STADIUM, AJMER, Rajasthan, 305001",M.D. (PHYSIOLOGY),ST,ST,Allotted
2232,144288,All India,"CHHATTISGARH INSTITUTE OF MEDICAL SCIENCES,CHHATTISGARH INSTITUTE OF MEDICAL SCIENCES, Chhattisgarh, 495001",M.D. (PATHOLOGY),ST,ST,Allotted
2233,144311,All India,"Maharaja Suhel Dev Autonomous State Medical College & Mahrishi Balark Hospitals, Bahraich, Uttar Pradesh,K.D.C Road Bahraich-271801, Uttar Pradesh, 271801",M.D. (PREVENTIVE and SOCIAL MEDICINE)/ COMMUNITY MEDICINE,EWS,EWS,Allotted
2234,144427,Self-Financed Merit Seat,"Sri Lakshmi narayana institute of medical sciences,puducherry,Sri Lakshmi narayana institute of medical sciences,puducherry, Puducherry, 605502",M.S. (GENERAL SURGERY),Open,OBC,Allotted
2235,144710,Self-Financed Merit Seat,"Sri Siddhartha Institute of Medical Sciences & Research Centre (SSIMRC),T Begur, Nelamangala, Bangalore rural, Karnataka, 562123",M.S. (OPHTHALMOLOGY),Open,General,Allotted
2236,144845,All India,"DARBHANGA MEDICAL COLLEGE,Sheetal Prasad Marg, Laheriasarai, Darbhanga, Bihar, Bihar, 846003",M.D. (PREVENTIVE and SOCIAL MEDICINE)/ COMMUNITY MEDICINE,SC,SC,Allotted
2237,145208,All India,"CHHATTISGARH INSTITUTE OF MEDICAL SCIENCES,CHHATTISGARH INSTITUTE OF MEDICAL SCIENCES, Chhattisgarh, 495001",M.D. (PREVENTIVE and SOCIAL MEDICINE)/ COMMUNITY MEDICINE,SC,SC,Allotted
2238,145251,Non-Resident Indian,"DR. D. Y. PATIL MEDICAL COLLEGE, PUNE,Dr. D. Y. Patil Medical College, Hospital and Research Centre, Sant Tukaram Nagar, Pimpri, Pune., Maharashtra, 411018",M.D. (RADIO- DIAGNOSIS),Open,General,Allotted( NRI Priority : 2 )
2239,145269,Self-Financed Merit Seat,"A.C.S. Medical College and Hospital,A.C.S. Medical College and Hospital, Tamil Nadu, 600077",M.D. (ANAESTHESIOLOGY),Open,General,Allotted
2240,145317,Self-Financed Merit Seat,"Shri Sathya Sai Medical College and Research Institute,Kancheepuram,SBV Chennai Campus, Shri Sathya Sai Nagar, Ammapettai, Chennai, Tamil Nadu, 603108",M.S. (ORTHOPAEDICS),Open,OBC,Allotted
2241,145535,Self-Financed Merit Seat,"AARUPADAI VEEDU MEDICAL COLLEGE AND HOSPITAL,PONDY - CUDDALORE MAIN ROAD, KIRUMAMPAKKAM, BAHOUR COMMUNE PANCHAYAT, PUDUCHERRY, Puducherry, 607402",M.S. (E.N.T.),Open,OBC,Allotted
2242,145581,DNB Quota,"ESI Hospital,West Bengal,Manicktala 54, Bagmari Road, Kolkata , West Bengal-700054",(NBEMS) PATHOLOGY,EWS,EWS,Allotted
2243,145735,All India,"SHYAM SHAH MEDICAL COLLEGE,deanmcrewa@rediffmail.com, Madhya Pradesh, 486001",M.D. (MICROBIOLOGY),SC,SC,Allotted
2244,145739,All India,"Maharaja Krushna Chandra Gajapati Medical College , Brahmapur,Maharaja Krushna Chandra Gajapati Medical College , Brahmapur, Odisha, 760004",M.D. IN TRANSFUSION MEDICINE/ IMMUNO- HAEMATOLOGY and BLOOD TRANSFUSION,EWS,EWS,Allotted
2245,145770,Self-Financed Merit Seat,"BHAARATH MEDICAL COLLEGE AND HOSPITAL,SELAIYUR,173, AGARAM MAIN ROAD,SELAIYUR,CHENNAI",M.S. (GENERAL SURGERY),Open,General,Allotted
2246,145811,Self-Financed Merit Seat,"Sri Siddhartha Institute of Medical Sciences & Research Centre (SSIMRC),T Begur, Nelamangala, Bangalore rural, Karnataka, 562123",M.D. (PSYCHIATRY),Open,General,Allotted
2247,146001,All India,"Karwar Institute of Medical Sciences, Karnataka,MG Road, Karnataka, 581301",M.D. (BIOCHEMISTRY),Open,General,Allotted
2248,146014,Self-Financed Merit Seat,"Shri Sathya Sai Medical College and Research Institute,Kancheepuram,SBV Chennai Campus, Shri Sathya Sai Nagar, Ammapettai, Chennai, Tamil Nadu, 603108",M.D. (ANAESTHESIOLOGY),Open,General,Allotted
2249,146061,Self-Financed Merit Seat,"AARUPADAI VEEDU MEDICAL COLLEGE AND HOSPITAL,PONDY - CUDDALORE MAIN ROAD, KIRUMAMPAKKAM, BAHOUR COMMUNE PANCHAYAT, PUDUCHERRY, Puducherry, 607402",M.S. (E.N.T.),Open,General,Allotted
2250,146233,All India,"DR. SHANKARRAO CHAVAN GOVERNMENT MEDICAL COLLEGE, NANDED,DR. SHANKARRAO CHAVAN GOVERNMENT MEDICAL COLLEGE, VISHNUPURI, NANDED, Maharashtra, 431606",M.D. (BIOCHEMISTRY),OBC,OBC,Allotted
2251,146579,All India,"Indira Gandhi Medical College Shimla,Indira Gandhi Medical College Shimla, Himachal Pradesh, 171001",M.D. (PHYSIOLOGY),Open,General,Allotted
2252,146642,DNB Quota,"JBMM District Hospital , ,JBMM DISTRICT HOSPITAL RAM BAGH PHATAK NANDAN CINEMA CHOWK AMRITSAR AMRITSAR AMRITSAR IN 143001, Punjab, 143001",(NBEMS-DIPLOMA) ANAESTHESIOLOGY,ST,ST,Allotted
2253,146838,Self-Financed Merit Seat,"Shri Sathya Sai Medical College and Research Institute,Kancheepuram,SBV Chennai Campus, Shri Sathya Sai Nagar, Ammapettai, Chennai, Tamil Nadu, 603108",M.D. (ANAESTHESIOLOGY),Open,General,Allotted
2254,146930,Self-Financed Merit Seat,"Jawaharlal Nehru Medical College, Belagavi,Jawaharlal Nehru Medical College, Belagavi, Karnataka, 590010",M.D. (PATHOLOGY),Open,General,Allotted
2255,147014,All India,"Indira Gandhi Medical College Shimla,Indira Gandhi Medical College Shimla, Himachal Pradesh, 171001",M.D. (PHYSIOLOGY),Open,General,Allotted
2256,147023,Self-Financed Merit Seat,"SRI SIDDHARTHA MEDICAL COLLEGE, TUMKUR,SRI SIDDHARTHA MEDICAL COLLEGE, TUMKUR, Karnataka, 572107",M.D. (PAEDIATRICS),Open,OBC,Allotted
2257,147103,All India,"Soban Singh Jeena Government Institute of Medical Sciences & Research, Almora,,Pandeykhola,Near Vikas Bhawan, Almora , Pin - 263601",M.D. (MICROBIOLOGY),OBC,OBC,Allotted
2258,147133,Self-Financed Merit Seat,"A.C.S. Medical College and Hospital,A.C.S. Medical College and Hospital, Tamil Nadu, 600077",M.S. (E.N.T.),Open,General,Allotted
2259,147486,DNB Quota,"Government Medical College and Associated Hospital,,JANGLAT MANDI ANANTNAG, JAMMU AND KASHMIR 192101, Jammu And Kashmir, 192101",(NBEMS) COMMUNITY MEDICINE,OBC,OBC,Allotted
2260,147510,Self-Financed Merit Seat,"VELS Medical College & Hospital, Unit of Vels Institute of Science, Technology & Advanced Studies (VISTAS),No. 12/123, Velan Nagar, Manjankaranai Village, Periyapalayam Road, Uthukottai Taluk, Tiruvallur, Tamil Nadu",M.D. (ANAESTHESIOLOGY),Open,SC,Allotted
2261,147728,All India,"SHYAM SHAH MEDICAL COLLEGE,deanmcrewa@rediffmail.com, Madhya Pradesh, 486001",MD/MS (Anatomy),Open,General,Allotted
2262,147887,All India,"Govt. Medical College, Jammu,Govt. Medical College, Bakshi Nagar, Jamu, Jammu And Kashmir, 180001",MD/MS (Anatomy),Open,General,Allotted
2263,147917,All India,"Government Medical College Kannauj , Uttar Pradesh,Kannaujmedicalcollege@gmail.com, Uttar Pradesh, 209732",MD/MS (Anatomy),Open,General,Allotted
2264,148275,All India,"Autonomous State Medical College, Shahjahanpur,Dharnipur, Jignera, Jalalabad road, Shahjahanpur, Uttar Pradesh, 242001",MD/MS (Anatomy),Open,General,Allotted
2265,148508,All India,"Autonomous State Medical College Society, Etah, Uttar Pradesh.,112 Nagla Padihar, Sirao Mahrara Link road Sakeet, Etah Uttar Pradesh 207001 Etah, Uttar Pradesh,",MD/MS (Anatomy),Open,OBC,Allotted
2266,148551,Self-Financed Merit Seat,"Sri Lakshmi narayana institute of medical sciences,puducherry,Sri Lakshmi narayana institute of medical sciences,puducherry, Puducherry, 605502",M.S. (ORTHOPAEDICS),Open,SC,Allotted
2267,148685,All India,"Mahatma Gandhi Memorial Medical College, Indore,Mahatma Gandhi Memorial Medical College, Indore, Madhya Pradesh, 452001",MD/MS (Anatomy),Open,General,Allotted
2268,148752,All India,"DARBHANGA MEDICAL COLLEGE,Sheetal Prasad Marg, Laheriasarai, Darbhanga, Bihar, Bihar, 846003",M.D. (MICROBIOLOGY),SC,SC,Allotted
2269,148982,All India,"NALANDA MEDICAL COLLEGE,PATNA,NALANDA MEDICAL COLLEGE,PATNA, OLD BYPASS ROAD,BHOOTNATH, KANKARBAGH, Bihar, 800026",MD/MS (Anatomy),Open,EWS,Allotted
2270,149126,Self-Financed Merit Seat,"Meenakshi Medical College Hospital and Research Institute, Kanchipuram,Meenakshi Medical College Hospital and Research Institute, Enathur, Karaipettai Post, Kanchipuram, Tamil Nadu, 631552",M.D. (ANAESTHESIOLOGY),Open,General,Allotted
2271,149214,Self-Financed Merit Seat,"SRI SIDDHARTHA MEDICAL COLLEGE, TUMKUR,SRI SIDDHARTHA MEDICAL COLLEGE, TUMKUR, Karnataka, 572107",M.S. (ORTHOPAEDICS),Open,General,Allotted
2272,149222,Self-Financed Merit Seat,"Shri Sathya Sai Medical College and Research Institute,Kancheepuram,SBV Chennai Campus, Shri Sathya Sai Nagar, Ammapettai, Chennai, Tamil Nadu, 603108",M.S. (E.N.T.),Open,General,Allotted
2273,149302,Non-Resident Indian,"KRISHNA INSTITUTE OF MEDICAL SCIENCES, KARAD,KRISHNA INSTITUTE OF MEDICAL SCIENCES, KARAD, Maharashtra, 415110",M.D. (RADIO- DIAGNOSIS),Open,General,Allotted( NRI Priority : 2 )
2274,149326,Self-Financed Merit Seat,"Sri Lakshmi narayana institute of medical sciences,puducherry,Sri Lakshmi narayana institute of medical sciences,puducherry, Puducherry, 605502",M.S. (GENERAL SURGERY),Open,General,Allotted
2275,149404,All India,"Soban Singh Jeena Government Institute of Medical Sciences & Research, Almora,,Pandeykhola,Near Vikas Bhawan, Almora , Pin - 263601",M.D. (PHYSIOLOGY),Open,General,Allotted
2276,149575,Self-Financed Merit Seat,"AARUPADAI VEEDU MEDICAL COLLEGE AND HOSPITAL,PONDY - CUDDALORE MAIN ROAD, KIRUMAMPAKKAM, BAHOUR COMMUNE PANCHAYAT, PUDUCHERRY, Puducherry, 607402",M.S. (E.N.T.),Open,General,Allotted
2277,149745,Self-Financed Merit Seat,"Sri Lakshmi narayana institute of medical sciences,puducherry,Sri Lakshmi narayana institute of medical sciences,puducherry, Puducherry, 605502",M.S. (E.N.T.),Open,General,Allotted
2278,149762,DNB Quota,"General Hospital, Rajvant Palace Road, Near Rajendra High School, Rajpipla Dist: Narmada, Gujarat-393145,GMERS Medical College Rajpipla, Near Jakatnaka, Vadia Place Road,Rajpipla",(NBEMS) BIOCHEMISTRY,Open,OBC,Allotted
2279,149917,Delhi University Quota,"The National Institute of Health and Family Welfare,The National Institute of Health and Family Welfare, Delhi (NCT), 110067",M.D. (COMMUNITY HEALTH and ADMN.),Open,OBC,Allotted
2280,149920,DNB Quota,"Bhima Bhoi Medical College and Hospital, Balangir,At-Laltikra Po-Rajendra College, Balangir, Odisha, 767002",(NBEMS-DIPLOMA) ANAESTHESIOLOGY,ST,ST,Allotted
2281,150249,All India,"SHYAM SHAH MEDICAL COLLEGE,deanmcrewa@rediffmail.com, Madhya Pradesh, 486001",M.D. (PHYSIOLOGY),Open,EWS,Allotted
2282,150369,All India,"Maharshi Vishwamitra Autonomous State Medical College, Ghazipurr,Maharshi Vishwamitra Autonomous State Medical College, R.T.I. Ground, Ghazipur, Uttar Pradesh",M.D. (BIOCHEMISTRY),EWS,EWS,Allotted
2283,150637,All India,"MahaMaya Rajkiya Allopathic Medical College ,Saddarpur, AmbedkarNagar, Uttar Pradesh, 224227",M.D. (FORENSIC MEDICINE),SC,SC,Allotted
2284,150671,All India,"Agartala Government Medical College,Agartala Government Medical College, Tripura, 799006",M.D. (PHYSIOLOGY),Open,General,Allotted
2285,150978,All India,"Government Medical College Kota,Government Medical College Kota, Rajasthan, 324005",M.D. (MICROBIOLOGY),EWS,EWS,Allotted
2286,151137,All India,"Mahatma Gandhi Memorial Medical College, Jamshedpur,Mahatma Gandhi Memorial Medical College, Jamshedpur, Jharkhand, 831020",M.D. (PATHOLOGY),ST,ST,Allotted
2287,151148,All India,"Government Medical College, Nizamabad, Telangana State,Government Medical College, Nizamabad, Telangana State, Telangana, 503001",MD/MS (Anatomy),Open,OBC,Allotted
2288,151293,All India,"CHHATTISGARH INSTITUTE OF MEDICAL SCIENCES,CHHATTISGARH INSTITUTE OF MEDICAL SCIENCES, Chhattisgarh, 495001",M.D. (PREVENTIVE and SOCIAL MEDICINE)/ COMMUNITY MEDICINE,ST,ST,Allotted
2289,151372,Non-Resident Indian,"Santosh Medical College and Hospital, Ghaziabad, NCR Delhi,Santosh Medical College and Hospital, Ghaziabad, Delhi NCR, Uttar Pradesh, 201009",M.D. (PSYCHIATRY),Open,General,Allotted( NRI Priority : 1 )
2290,151378,Non-Resident Indian,"SHRI. B. M. PATIL MEDICAL COLLEGE HOSPITAL AND RESEARCH CENTRE,SHRI. B. M. PATIL MEDICAL COLLEGE HOSPITAL AND RESEARCH CENTRE, SOLAPUR ROAD, VIJAYAPURA, Karnataka, 586103",M.D. (RADIO- DIAGNOSIS),Open,ST,Allotted( NRI Priority : 2 )
2291,151417,Self-Financed Merit Seat,"BHAARATH MEDICAL COLLEGE AND HOSPITAL,SELAIYUR,173, AGARAM MAIN ROAD,SELAIYUR,CHENNAI",M.S. (E.N.T.),Open,OBC,Allotted
2292,151511,Self-Financed Merit Seat,"BHAARATH MEDICAL COLLEGE AND HOSPITAL,SELAIYUR,173, AGARAM MAIN ROAD,SELAIYUR,CHENNAI",M.S. (GENERAL SURGERY),Open,General,Allotted
2293,151549,All India,"NAMO Medical Education and Research Institute, Dadra & Nagar Haveli & Daman & Diu,Sayli Road, Silvassa, DNH, Dadra And Nagar Haveli, 396230",M.D. (MICROBIOLOGY),OBC,OBC,Allotted
2294,151567,All India,"Rajendra Institute of Medical Sciences, Ranchi,Rajendra Institute of Medical Sciences, Ranchi, Jharkhand, 834009",M.D. (PHYSIOLOGY),Open,General,Allotted
2295,152077,All India,"Mahatma Gandhi Memorial Medical College, Indore,Mahatma Gandhi Memorial Medical College, Indore, Madhya Pradesh, 452001",MD/MS (Anatomy),Open,General,Allotted
2296,152270,All India,"Bankura Sammilani Medical College,Bankura Sammilani Medical College, West Bengal, 722102",M.D. (BIOCHEMISTRY),Open,OBC,Allotted
2297,152662,Self-Financed Merit Seat,"Sri Siddhartha Institute of Medical Sciences & Research Centre (SSIMRC),T Begur, Nelamangala, Bangalore rural, Karnataka, 562123",M.S. (OPHTHALMOLOGY),Open,General,Allotted
2298,152810,Self-Financed Merit Seat,"GITAM Institute of Medical Sciences & Research, Visakhapatnam,GITAM Deemed to be University Rushikonda, Visakhapatnam - 530045 Andhra Pradesh, Andhra Pradesh, 530045",M.D. (PREVENTIVE and SOCIAL MEDICINE)/ COMMUNITY MEDICINE,Open,SC,Allotted
2299,153285,Self-Financed Merit Seat,"Jawaharlal Nehru Medical College, Belagavi,Jawaharlal Nehru Medical College, Belagavi, Karnataka, 590010",M.D. (PATHOLOGY),Open,OBC,Allotted
2300,153355,All India,"R G KAR MEDICAL COLLEGE, West Bengal,R G KAR MEDICAL COLLEGE,1 KHUDIRAM BOSE SARANI,KOLKATA, West Bengal, West Bengal, 700004",M.D. (PHYSIOLOGY),Open,General,Allotted
2301,153529,All India,"Midnapore Medical College and Hospital,Midnapore Medical College and Hospital, West Bengal, 721101",M.D. (FORENSIC MEDICINE),SC,SC,Allotted
2302,153544,All India,"Maharaja Suhel Dev Autonomous State Medical College & Mahrishi Balark Hospitals, Bahraich, Uttar Pradesh,K.D.C Road Bahraich-271801, Uttar Pradesh, 271801",MD/MS (Anatomy),OBC,OBC,Allotted
2303,153862,Non-Resident Indian,"Malla Reddy Institute of Medical Sciences,Suraram X Roads, Jeedimetla, Hyderabad, Telangana, 500055",M.D. (RADIO- DIAGNOSIS),Open,General,Allotted( NRI Priority : 2 )
2304,154138,All India,"Government Medical College Kozhikode,Government Medical College Kozhikode principalmcc@gmail.com, Kerala, 673008",M.D. (BIOCHEMISTRY),SC,SC,Allotted
2305,154253,All India,"GOVERNMENT MEDICAL COLLEGE CHANDRAPUR, MAHARASHTRA,TB Hospital Campus, Ram Nagar, Chandrapur - 442401, Maharashtra, 442401",MD/MS (Anatomy),Open,General,Allotted
2306,154282,DNB Quota,"SETH V. C. GANDHI and M. A. VORA MUNICIPAL GENERAL HOSPITAL (RAJAWADI HOSPITAL),Maharashtra,hospital.rajawadi@gmail.com, Maharashtra, 400077",(NBEMS-DIPLOMA) Otorhinolaryngology (E.N.T.),ST,ST,Allotted
2307,154301,All India,"Gauhati Medical College, Guwahati,Gauhati Medical College, Guwahati, Assam, 781032",M.D. (PHYSIOLOGY),Open,General,Allotted
2308,154314,DNB Quota,"Associated Hospital Government Medical College, ,Government Medical College Chack Sajjan Kathua, Jammu And Kashmir, 184101",(NBEMS) PHYSIOLOGY,Open,General,Allotted
2309,154341,DNB Quota,"INFECTIOUS DISEASES AND BELIAGHATA GENERAL HOSPITAL,West Bengal,57 BELIAGHATA MAIN ROAD,KOLKATA, West Bengal, 700010",(NBEMS) MICROBIOLOGY,OBC,OBC,Allotted
2310,155032,All India,"Andhra Medical College,Andhra Medical College, Andhra Pradesh, 530002",MD/MS (Anatomy),SC,SC,Allotted
2311,155199,All India,"Rajmata Shrimati Devendra Kumari Singhdeo Government Medical College, Ambikapur,Kanyaparisar Road Gangapur Ambikapur District Surguja, Chhattisgarh, 497001",M.D. (PREVENTIVE and SOCIAL MEDICINE)/ COMMUNITY MEDICINE,SC,SC,Allotted
2312,155365,All India,"Kakatiya Medical College,Kakatiya Medical College, Telangana, 506007",DIPLOMA IN PUBLIC HEALTH,EWS,EWS,Allotted
2313,155447,Self-Financed Merit Seat,"BHAARATH MEDICAL COLLEGE AND HOSPITAL,SELAIYUR,173, AGARAM MAIN ROAD,SELAIYUR,CHENNAI",M.S. (GENERAL SURGERY),Open,OBC,Allotted
2314,155483,All India,"Maharaja Krushna Chandra Gajapati Medical College , Brahmapur,Maharaja Krushna Chandra Gajapati Medical College , Brahmapur, Odisha, 760004",M.D. (FORENSIC MEDICINE),SC,SC,Allotted
2315,155852,All India,"GOVT. MEDICAL COLLEGE, AMRITSAR,GOVT. MEDICAL COLLEGE,CIRCULAR ROAD, AMRITSAR, Punjab, 143001",MD/MS (Anatomy),Open,General,Allotted
2316,155937,All India,"NIL RATAN SIRCAR MEDICAL COLLEGE,NIL RATAN SIRCAR MEDICAL COLLEGE, 138 AJC BOSE ROAD, KOLKATA-700014., West Bengal, 700014",M.D. (PHARMACOLOGY),OBC,OBC,Allotted
2317,156124,All India,"GOVT MEDICAL COLLEGE, ERNAKULAM,GOVT MEDICAL COLLEGE, ERNAKULAM, Kerala, 683503",M.D. (MICROBIOLOGY),SC,SC,Allotted
2318,156224,Self-Financed Merit Seat,"Sri Siddhartha Institute of Medical Sciences & Research Centre (SSIMRC),T Begur, Nelamangala, Bangalore rural, Karnataka, 562123",M.S. (OPHTHALMOLOGY),Open,OBC,Allotted
2319,156227,Non-Resident Indian,"MGM Medical College, Navi Mumbai,MGM Medical College, Sector1, Plot 1, Kamothe, Navi Mumbai- 410209, Maharashtra, 410209",M.S. (ORTHOPAEDICS),Open,OBC,Allotted( NRI Priority : 2 )
2320,156332,All India,"Kakatiya Medical College,Kakatiya Medical College, Telangana, 506007",M.D. (PHARMACOLOGY),SC,SC,Allotted
2321,156361,All India,"Government Medical College, Siddipet,SURVEY NO 54 GOVERNMENT MEDICAL COLLEGE ENSANPALLY SIDDIPET 502114, Telangana, 502114",M.D. (MICROBIOLOGY),SC,SC,Allotted
2322,156411,All India,"Sri Venkateswara Institute of Medical Sciences (SVIMS), A State University estd. by Govt. of A.P.,Sri Venkateswara Institute of Medical Sciences, SVIMS, Alipiri Road, Tirupati, Andhra Pradesh, 517507",M.D. (PHARMACOLOGY),ST,ST,Allotted
2323,156434,Self-Financed Merit Seat,"Meenakshi Medical College Hospital and Research Institute, Kanchipuram,Meenakshi Medical College Hospital and Research Institute, Enathur, Karaipettai Post, Kanchipuram, Tamil Nadu, 631552",M.D. (PATHOLOGY),Open,OBC,Allotted
2324,156484,All India,"LATE SHRI LAKHI RAM AGRAWAL MEMORIAL GOVT.MEDICAL COLLEGE,LATE SHRI LAKHI RAM AGRAWAL MEMORIAL GOVT.MEDICAL COLLEGE, Chhattisgarh, 496001",M.D. (BIOCHEMISTRY),Open,General,Allotted
2325,156615,Self-Financed Merit Seat,"SREE BALAJI MEDICAL COLLEGE AND HOSPITAL, CHENNAI,NO,7 WORKS ROAD,CHROMEPET,CHENNAI, Tamil Nadu, 600044",M.D. (PATHOLOGY),Open,General,Allotted
2326,156725,All India,"Govt. Medical College, Jammu,Govt. Medical College, Bakshi Nagar, Jamu, Jammu And Kashmir, 180001",M.D. (MICROBIOLOGY),OBC,OBC,Allotted
2327,156882,All India,"GOA MEDICAL COLLEGE,Bambolim, Goa, Goa, 403202",MD/MS (Anatomy),Open,General,Allotted
2328,156942,DNB Quota,"ESIC MEDICAL COLLEGE AND HOSPITAL, Bihar,SIKANDARPUR, BIHTA, PATNA, BIHAR, Bihar-801103Sikandarpur, Bihta, Patna, Bihar, 801103",(NBEMS) PHYSIOLOGY,Open,OBC,Allotted
2329,157005,Self-Financed Merit Seat,"SRI SIDDHARTHA MEDICAL COLLEGE, TUMKUR,SRI SIDDHARTHA MEDICAL COLLEGE, TUMKUR, Karnataka, 572107",M.S. (ORTHOPAEDICS),Open,General,Allotted
2330,157046,All India,"GAJRA RAJA MEDICAL COLLEGE GWALIOR,GAJRA RAJA MEDICAL COLLEGE GWALIOR, Madhya Pradesh, 474009",M.D. (PREVENTIVE and SOCIAL MEDICINE)/ COMMUNITY MEDICINE,SC,SC,Allotted
2331,157119,All India,"RAICHUR INSTITUTE OF MEDICAL SCIENCES, kARNATKA,RAICHUR INSTITUTE OF MEDICAL SCIENCES, Karnataka, 584102",M.D. (BIOCHEMISTRY),Open,General,Allotted
2332,157131,All India,"Diphu Medical College & Hospital,Thana Road, Diphu, Assam 782462",M.D. (PATHOLOGY),EWS,EWS,Allotted
2333,157326,All India,"VSS INSTITUTE OF MEDICAL SCIENCES AND RESEARCH,BURLA,VSS INSTITUTE OF MEDICAL SCIENCES AND RESEARCH,BURLA, Odisha, 768017",M.D. (PHYSIOLOGY),Open,General,Allotted
2334,157442,All India,"Government Medical College, Baramati,Plot No P-107 Opposite Women Hospital Baramati MIDC Area Baramati Tehsil Baramati Dist Pune, Maharashtra, 413133",MD/MS (Anatomy),Open,General,Allotted
2335,157643,Non-Resident Indian,"DR D Y PATIL MEDICAL COLLEGE, NAVI MUMBAI,DR D Y PATIL MEDICAL COLLEGE, NAVI MUMBAI, Maharashtra, 400706","M.D. (DERM.,VENE. and LEPROSY)/ (DERMATOLOGY)/(SKIN and VENEREAL DISEASES)/(VENEREOL OGY)",Open,General,Allotted( NRI Priority : 1 )
2336,157697,All India,"Government Medical College, Nagpur,Government Medical College, Nagpur, Maharashtra, 440003",M.D. (MICROBIOLOGY),SC,SC,Allotted
2337,157714,All India,"Osmania Medical Collge,5-1-876, Turrebaz Khan Rd, Troop Bazaar, Koti, Hyderabad, Telangana, Telangana, 500095",M.S. (GENERAL SURGERY),Open PwD,GNYes,Allotted
2338,157778,All India,"Govt. Medical College Akola,Govt. Medical College Akola, Maharashtra, 444001",MD/MS (Anatomy),Open,General,Allotted
2339,157816,All India,"Assam Medical College,Assam Medical College, Assam, 786002",MD/MS (Anatomy),Open,General,Allotted
2340,158024,All India,"AUTONOMOUS STATE MEDICAL COLLEGE, AYODHYA, Uttar Pradesh,RAJARSHI DASHRATH AUTONOMOUS STATE MEDICAL COLLEGE VILL- GANJA, POST- DABHA SEMAR, DISTRICT- AYODHYA, Uttar Pradesh, 224133",MD/MS (Anatomy),Open,General,Allotted
2341,158084,All India,"Gandhi Medical College, Bhopal,Gandhi Medical College, Bhopal, Madhya Pradesh, 462001",M.D. (PHYSIOLOGY),OBC,OBC,Allotted
2342,158340,All India,"GOVT. MEDICAL COLLEGE, AMRITSAR,GOVT. MEDICAL COLLEGE,CIRCULAR ROAD, AMRITSAR, Punjab, 143001",MD/MS (Anatomy),Open,General,Allotted
2343,158389,Self-Financed Merit Seat,"SREE BALAJI MEDICAL COLLEGE AND HOSPITAL, CHENNAI,NO,7 WORKS ROAD,CHROMEPET,CHENNAI, Tamil Nadu, 600044",M.D. (PREVENTIVE and SOCIAL MEDICINE)/ COMMUNITY MEDICINE,Open,OBC,Allotted
2344,158601,All India,"College of Medicine & Sagore Dutta Hospital,College of Medicine & Sagore Dutta Hospital, West Bengal, 700058",M.D. (MICROBIOLOGY),OBC,OBC,Allotted
2345,158894,All India,"Regional Institute of Medical Sciences, Imphal,Regional Institute of Medical Sciences, Imphal, Lamphelpat, Manipur, 795004",M.D. (PREVENTIVE and SOCIAL MEDICINE)/ COMMUNITY MEDICINE,ST,ST,Allotted
2346,159007,All India,"NAMO Medical Education and Research Institute, Dadra & Nagar Haveli & Daman & Diu,Sayli Road, Silvassa, DNH, Dadra And Nagar Haveli, 396230",M.D. (PREVENTIVE and SOCIAL MEDICINE)/ COMMUNITY MEDICINE,SC,SC,Allotted
2347,159051,All India,"HASSAN INSTITUTE OF MEDICAL SCIENCES, HASSAN,HASSAN INSTITUTE OF MEDICAL SCIENCES, HASSAN, Karnataka, 573201",MD/MS (Anatomy),Open,General,Allotted
2348,159068,All India,"Agartala Government Medical College,Agartala Government Medical College, Tripura, 799006",M.D. (PHARMACOLOGY),OBC,OBC,Allotted
2349,159296,All India,"Tezpur Medical College,Tumuki, Bihaguri, Tezpur, Sonitpur, Assam, Assam, 784010",M.D. (PHARMACOLOGY),OBC,OBC,Allotted
2350,159325,All India,"Rajiv Gandhi Institute of Medical Sciences Srikakulam,Government Medical College Srikakulam Balaga Srikakulam Town Srikakulam District, Andhra Pradesh, 532001",MD/MS (Anatomy),Open,General,Allotted
2351,159455,Self-Financed Merit Seat,"Sri Siddhartha Institute of Medical Sciences & Research Centre (SSIMRC),T Begur, Nelamangala, Bangalore rural, Karnataka, 562123",M.S. (ORTHOPAEDICS),Open,OBC,Allotted
2352,159618,Self-Financed Merit Seat,"Sri Siddhartha Institute of Medical Sciences & Research Centre (SSIMRC),T Begur, Nelamangala, Bangalore rural, Karnataka, 562123",M.S. (GENERAL SURGERY),Open,SC,Allotted
2353,159698,Self-Financed Merit Seat,"Sri Siddhartha Institute of Medical Sciences & Research Centre (SSIMRC),T Begur, Nelamangala, Bangalore rural, Karnataka, 562123",M.S. (GENERAL SURGERY),Open,General,Allotted
2354,160028,All India,"Pandit Dindayal Upadhyay Medical College, RAJKOT,Pandit Dindayal Upadhyay Medical College, RAJKOT, Gujarat, 360001",MD/MS (Anatomy),OBC,OBC,Allotted
2355,160147,All India,"Soban Singh Jeena Government Institute of Medical Sciences & Research, Almora,,Pandeykhola,Near Vikas Bhawan, Almora , Pin - 263601",M.D. (MICROBIOLOGY),SC,SC,Allotted
2356,160268,All India,"Andhra Medical College,Andhra Medical College, Andhra Pradesh, 530002",M.D. (PHYSIOLOGY),OBC,OBC,Allotted
2357,160295,All India,"ANUGRAH NARAYAN MAGADH MEDICAL COLLEGE,ANUGRAH NARAYAN MAGADH MEDICAL COLLEGE, Bihar, 823001",MD/MS (Anatomy),OBC,OBC,Allotted
2358,160643,Self-Financed Merit Seat,"Kasturba Medical College Mangalore, Manipal Academy of Higher Education, Mangalore,Kasturba Medical College Mangalore, Manipal Academy of Higher Education, Mangalore, Karnataka, 575001",M.D. (MICROBIOLOGY),Open,OBC,Allotted
2359,160772,All India,"North Bengal Medical College,North Bengal Medical College, West Bengal, 734012",M.D. (MICROBIOLOGY),OBC,OBC,Allotted
2360,161020,All India,"GOVERNMENT MEDICAL COLLEGE, SATNA (M.P),KRIPALPUR, NEAR CENTRAL SCHOOL 2, SATNA MADHYA PRADESH",M.D. (PHYSIOLOGY),Open,General,Allotted
2361,161078,DNB Quota,"Civil Hospital, Gurugram , Haryana,Civil Hospital Sector-10, Gurugram, Haryana, Haryana, 122001",(NBEMS-DIPLOMA) FAMILY MEDICINE,ST,ST,Allotted
2362,161102,DNB Quota,"Jannyak Karpoori Thakur Medical College and Hospital Madhepura, At- Jajhat sabaila Singheswar road NH106 Madhepura, Bihar-852128,AT-JAJHAT SABAILA, SINGHESHWAR ROAD, NH-106, MADHEPURA BIHAR",(NBEMS) Anatomy,Open,OBC,Allotted
2363,161135,Self-Financed Merit Seat,"Sri Siddhartha Institute of Medical Sciences & Research Centre (SSIMRC),T Begur, Nelamangala, Bangalore rural, Karnataka, 562123",M.S. (E.N.T.),Open,OBC,Allotted
2364,161144,All India,"Tomo Riba Institute of Health and Medical Sciences,,TRIHMS. Old Assembly Block. Near Rajiv Gandhi Stadium. Naharlagun-791110. Arunachal Pradesh, Arunachal Pradesh, 791110",M.D. (PHARMACOLOGY),OBC,OBC,Allotted
2365,161480,DNB Quota,"Pandit Madan Mohan Malaviya Shatabdi Hospital, Maharashtra,Pandit Madan Mohan Malaviya Shatabdi Hospital Waman Tukaram Patil Marg Govandi Mumbai 400088, Maharashtra, 400088",(NBEMS-DIPLOMA) Otorhinolaryngology (E.N.T.),ST,ST,Allotted
2366,161496,DNB Quota,"VCSG Govt Institute of Medical Science and Research and HNB Base Teaching Hospital , ,Srikot Ganganali Srinagar Garhwal Uttarakhand, Uttarakhand, 246174",(NBEMS-DIPLOMA) ANAESTHESIOLOGY,ST,ST,Allotted
2367,161537,All India,"Gandhi Medical College, Bhopal,Gandhi Medical College, Bhopal, Madhya Pradesh, 462001",MD/MS (Anatomy),Open,OBC,Allotted
2368,161601,All India,"Rangaraya Medical College,Rangaraya Medical College Beside SP Office , Pithapuram Road, Kakinada, Andhra Pradesh, 533003",M.D. (Obst. and Gynae)/MS (Obstetrics and Gynaecology),Open PwD,GNYes,Allotted
2369,161694,All India,"GUNTUR MEDICAL COLLEGE,GUNTUR MEDICAL COLLEGE, Andhra Pradesh, 522004",M.D. (MICROBIOLOGY),SC,SC,Allotted
2370,161805,All India,"Government Medical College, Gondia,Nehru Chowk, KTS General Hospital Campus, Govt. Medical College, Gondia. 441601. Maharashtra., Maharashtra, 441601",M.D. (BIOCHEMISTRY),OBC,OBC,Allotted
2371,161869,All India,"Chamarajanagar Institute of Medical Sciences, Karnataka,CHAMARAJANAGAR INSTITUTE OF MEDICAL SCIENCES, SY. NO 124, YEDAPURA VILLAGE KASABA HOBLI, CHAMARAJANA, Karnataka, 571313",M.D. (PHYSIOLOGY),Open,General,Allotted
2372,162343,All India,"Gauhati Medical College, Guwahati,Gauhati Medical College, Guwahati, Assam, 781032",MD/MS (Anatomy),Open,General,Allotted
2373,162488,All India,"Government Medical College, Kathua,NH1A, Near Kalibari, Kathua",M.D. (PHARMACOLOGY),OBC,OBC,Allotted
2374,162489,All India,"PATNA MEDICAL COLLEGE, PATNA,PATNA MEDICAL COLLEGE, PATNA, Bihar, 800004",M.D. (MICROBIOLOGY),SC,SC,Allotted
2375,162599,Non-Resident Indian,"Santosh Medical College and Hospital, Ghaziabad, NCR Delhi,Santosh Medical College and Hospital, Ghaziabad, Delhi NCR, Uttar Pradesh, 201009",M.D. (PAEDIATRICS),Open,General,Allotted( NRI Priority : 2 )
2376,162647,All India,"Karwar Institute of Medical Sciences, Karnataka,MG Road, Karnataka, 581301",M.D. (PHYSIOLOGY),Open,General,Allotted
2377,162764,Self-Financed Merit Seat,"SRI SIDDHARTHA MEDICAL COLLEGE, TUMKUR,SRI SIDDHARTHA MEDICAL COLLEGE, TUMKUR, Karnataka, 572107",M.S. (GENERAL SURGERY),Open,General,Allotted
2378,162843,All India,"Seth Gordhandas Sunderdas Medical College, MUMBAI,Seth Gordhandas Sunderdas Medical College, Acharya Donde Marg Parel MUMBAI, Maharashtra, 400012",MD/MS (Anatomy),OBC,OBC,Allotted
2379,163108,All India,"Shaheed Hasan Khan Mewati Government Medical College,Shaheed Hasan Khan Mewati Government Medical College, Haryana, 122107",M.D. (FORENSIC MEDICINE),ST,ST,Allotted
2380,163304,All India,"Govt. Medical College, Bhavnagar,Near. S.T. Bus Stand,Jail Road, Bhavnagar-364001, Gujarat, 364001",M.D. (GENERAL MEDICINE),Open PwD,GNYes,Allotted
2381,163360,Self-Financed Merit Seat,"Sri Siddhartha Institute of Medical Sciences & Research Centre (SSIMRC),T Begur, Nelamangala, Bangalore rural, Karnataka, 562123",M.S. (GENERAL SURGERY),Open,OBC,Allotted
2382,163739,Non-Resident Indian,"SRI LALITHAMBIGAI MEDICL COLLEGE AND HOSPITAL,CHENNAI,Service Road, Adayalampattu, Maduravoyal, Chennai, Tamil Nadu","M.D. (DERM.,VENE. and LEPROSY)/ (DERMATOLOGY)/(SKIN and VENEREAL DISEASES)/(VENEREOL OGY)",Open,OBC,Allotted( NRI Priority : 2 )
2383,163803,All India,"Assam Medical College,Assam Medical College, Assam, 786002",MD/MS (Anatomy),Open,General,Allotted
2384,163894,Self-Financed Merit Seat,"Sri Ramachandra Medical College and Research Institute,Sri Ramachandra Medical College and Research Institute, Tamil Nadu, 600116",M.D.Laboratory Medicine Course,Open,OBC,Allotted
2385,163923,Self-Financed Merit Seat,"DR D Y PATIL MEDICAL COLLEGE, NAVI MUMBAI,DR D Y PATIL MEDICAL COLLEGE, NAVI MUMBAI, Maharashtra, 400706",M.D. (FORENSIC MEDICINE),Open,General,Allotted
2386,164417,All India,"Andhra Medical College,Andhra Medical College, Andhra Pradesh, 530002",M.D. (PHYSIOLOGY),SC,SC,Allotted
2387,164489,All India,"Gandhi Medical College, Bhopal,Gandhi Medical College, Bhopal, Madhya Pradesh, 462001",MD/MS (Anatomy),Open,General,Allotted
2388,164948,All India,"JAWAHARLAL NEHRU MEDICAL COLLEGE, BHAGALPUR,JAWAHARLAL NEHRU MEDICAL COLLEGE, BHAGALPUR, Bihar, 812001",M.D. (PHARMACOLOGY),SC,SC,Allotted
2389,165273,Non-Resident Indian,"M.M. Institute of Medical Sciences and Research, Ambala,M.M. Institute of Medical Sciences and Research, Ambala, Haryana, 133207","M.D. (DERM.,VENE. and LEPROSY)/ (DERMATOLOGY)/(SKIN and VENEREAL DISEASES)/(VENEREOL OGY)",Open,General,Allotted( NRI Priority : 2 )
2390,165618,All India,"NSC Government Medical College, Khandwa (MP),LUV KUSH NAGAR,MUNDI NAGAR, KHANDWA, Madhya Pradesh, 450001",M.D. (PHYSIOLOGY),Open,General,Allotted
2391,165740,Self-Financed Merit Seat,"SHRI. B. M. PATIL MEDICAL COLLEGE HOSPITAL AND RESEARCH CENTRE,SHRI. B. M. PATIL MEDICAL COLLEGE HOSPITAL AND RESEARCH CENTRE, SOLAPUR ROAD, VIJAYAPURA, Karnataka, 586103",M.D. (PATHOLOGY),Open,General,Allotted
2392,165756,Self-Financed Merit Seat,"SRI SIDDHARTHA MEDICAL COLLEGE, TUMKUR,SRI SIDDHARTHA MEDICAL COLLEGE, TUMKUR, Karnataka, 572107",M.D. (PATHOLOGY),Open,General,Allotted
2393,165844,Self-Financed Merit Seat,"Sri Lakshmi narayana institute of medical sciences,puducherry,Sri Lakshmi narayana institute of medical sciences,puducherry, Puducherry, 605502",M.D. (PREVENTIVE and SOCIAL MEDICINE)/ COMMUNITY MEDICINE,Open,OBC,Allotted
2394,165943,All India,"Government medical college patiala.,Government medical college patiala., Punjab, 147001",M.D. (PHYSIOLOGY),OBC,OBC,Allotted
2395,165965,All India,"Maharaja Suhel Dev Autonomous State Medical College & Mahrishi Balark Hospitals, Bahraich, Uttar Pradesh,K.D.C Road Bahraich-271801, Uttar Pradesh, 271801",M.D. (BIOCHEMISTRY),SC,SC,Allotted
2396,166047,All India,"Lala Lajpat Rai Memorial Medical College, MEERUT,Lala Lajpat Rai Memorial Medical College, MEERUT, Uttar Pradesh, 250004",MD/MS (Anatomy),SC,SC,Allotted
2397,166086,All India,"CHHATTISGARH INSTITUTE OF MEDICAL SCIENCES,CHHATTISGARH INSTITUTE OF MEDICAL SCIENCES, Chhattisgarh, 495001",M.D. (PHARMACOLOGY),SC,SC,Allotted
2398,166154,Non-Resident Indian,"Santosh Medical College and Hospital, Ghaziabad, NCR Delhi,Santosh Medical College and Hospital, Ghaziabad, Delhi NCR, Uttar Pradesh, 201009",M.S. (GENERAL SURGERY),Open,General,Allotted( NRI Priority : 2 )
2399,166293,Self-Financed Merit Seat,"SRI SIDDHARTHA MEDICAL COLLEGE, TUMKUR,SRI SIDDHARTHA MEDICAL COLLEGE, TUMKUR, Karnataka, 572107",M.S. (GENERAL SURGERY),Open,OBC,Allotted
2400,166395,Self-Financed Merit Seat,"SRI SIDDHARTHA MEDICAL COLLEGE, TUMKUR,SRI SIDDHARTHA MEDICAL COLLEGE, TUMKUR, Karnataka, 572107",M.S. (GENERAL SURGERY),Open,SC,Allotted
2401,166641,All India,"Pt. Jawahar Lal Nehru Memorial Medical College, RAIPUR,Pt. Jawahar Lal Nehru Memorial Medical College, RAIPUR, Chhattisgarh, 492001",M.D. (PHYSIOLOGY),SC,SC,Allotted
2402,166712,All India,"Burdwan Medical College, West Bengal,Burdwan Medical College, West Bengal, West Bengal, 713104",MD/MS (Anatomy),Open,General,Allotted
2403,166802,All India,"Government Medical College, Nagpur,Government Medical College, Nagpur, Maharashtra, 440003",M.D. (MICROBIOLOGY),ST,ST,Allotted
2404,166893,Self-Financed Merit Seat,"Santosh Medical College and Hospital, Ghaziabad, NCR Delhi,Santosh Medical College and Hospital, Ghaziabad, Delhi NCR, Uttar Pradesh, 201009",M.D. (PHARMACOLOGY),Open,OBC,Allotted
2405,167041,All India,"NETAJI SUBHASH CHANDRA BOSE MEDICAL COLLEGE, JABALPUR ,NETAJI SUBHASH CHANDRA BOSE MEDICAL COLLEGE, NAGPUR ROAD JABALPUR, Madhya Pradesh, 482003",MD/MS (Anatomy),Open,General,Allotted
2406,167245,All India,"Uttar Pradesh University of Medical Sciences, Saifai, Etawah,Uttar Pradesh University of Medical Sciences, Saifai, Etawah, Uttar Pradesh, 206130",M.D. (PHYSIOLOGY),OBC,OBC,Allotted
2407,167287,All India,"GOVT MEDICAL COLLEGE, ANANTAPURAMU,GOVT MEDICAL COLLEGE, ANANTAPURAMU, Andhra Pradesh, 515001",MD/MS (Anatomy),Open,OBC,Allotted
2408,167347,All India,"Govt. Bundelkhand Medical College Sagar M.P.,Govt. Bundelkhand Medical College Sagar M.P., Madhya Pradesh, 470001",M.D. (PHYSIOLOGY),OBC,OBC,Allotted
2409,167508,DNB Quota,"General Hospital, Rajvant Palace Road, Near Rajendra High School, Rajpipla Dist: Narmada, Gujarat-393145,GMERS Medical College Rajpipla, Near Jakatnaka, Vadia Place Road,Rajpipla",(NBEMS) BIOCHEMISTRY,Open,General,Allotted
2410,167611,Self-Financed Merit Seat,"JSS Medical College, Mysuru,JSS Medical Institutions Campus Sri Shivarathreeshwara Nagar Bannimantap Mysuru, Karnataka, 570015",M.D. (MICROBIOLOGY),Open,General,Allotted
2411,167755,All India,"Autonomous State Medical College, Firozabad,Autonomous State Medical College Society and S.N.M District Hospital,DAULATTAPUR JALESAR ROAD NARKHI, Uttar Pradesh, 283203",M.D. (PREVENTIVE and SOCIAL MEDICINE)/ COMMUNITY MEDICINE,ST,ST,Allotted
2412,167796,Self-Financed Merit Seat,"SRI SIDDHARTHA MEDICAL COLLEGE, TUMKUR,SRI SIDDHARTHA MEDICAL COLLEGE, TUMKUR, Karnataka, 572107",M.S. (GENERAL SURGERY),Open,OBC,Allotted
2413,167864,All India,"MEDICAL COLLEGE, KOLKATA,MEDICAL COLLEGE, KOLKATA, West Bengal, 700073",MD/MS (Anatomy),Open,General,Allotted
2414,168132,All India,"Maharashtra Post Graduate Institute of Medical Education and Research, Nashik,Maharashtra Post Graduation Institute of Medical Education and Research Civil Hospital campus Tramba, Maharashtra, 422002",M.D. (MICROBIOLOGY),SC,SC,Allotted
2415,168164,All India,"NETAJI SUBHASH CHANDRA BOSE MEDICAL COLLEGE, JABALPUR ,NETAJI SUBHASH CHANDRA BOSE MEDICAL COLLEGE, NAGPUR ROAD JABALPUR, Madhya Pradesh, 482003",M.D. (Obst. and Gynae)/MS (Obstetrics and Gynaecology),Open PwD,GNYes,Allotted
2416,168544,Armed Forces Medical,"Army Hospital (Research & Referral), Delhi,Dhaula Kuan New Delhi - 110010, Delhi (NCT), 110010",M.S. (OPHTHALMOLOGY),Open,General,Allotted( AFMS Rank : 64 )
2417,168549,Self-Financed Merit Seat,"SRI SIDDHARTHA MEDICAL COLLEGE, TUMKUR,SRI SIDDHARTHA MEDICAL COLLEGE, TUMKUR, Karnataka, 572107",M.S. (E.N.T.),Open,OBC,Allotted
2418,169039,Self-Financed Merit Seat,"Rajarajeswari Medical College and Hospital,No. 202, Kambipura, Mysore Road, Bengaluru, Karnataka, 560074",M.D. (PHARMACOLOGY),Open,General,Allotted
2419,169137,Self-Financed Merit Seat,"M.M. Institute of Medical Sciences and Research, Ambala,M.M. Institute of Medical Sciences and Research, Ambala, Haryana, 133207",M.D. (PATHOLOGY),Open,General,Allotted
2420,169172,All India,"ESIC Medical College & Hospital, Alwar,MIA, DESULA, ALWAR, RAJASTHAN",MD/MS (Anatomy),SC,SC,Allotted
2421,169338,All India,"Kodagu Institute of Medical Sciences, Karnataka,Kodagu Institute of Medical Sciences Madikeri Kodagu, Karnataka, 571201",M.D. (PHYSIOLOGY),Open,General,Allotted
2422,169537,All India,"Assam Medical College,Assam Medical College, Assam, 786002",M.D. (PHYSIOLOGY),OBC,OBC,Allotted
2423,169858,Self-Financed Merit Seat,"SRI LALITHAMBIGAI MEDICL COLLEGE AND HOSPITAL,CHENNAI,Service Road, Adayalampattu, Maduravoyal, Chennai, Tamil Nadu",M.D. (PATHOLOGY),Open,SC,Allotted
2424,169993,All India,"Rajendra Institute of Medical Sciences, Ranchi,Rajendra Institute of Medical Sciences, Ranchi, Jharkhand, 834009",M.D. (PREVENTIVE and SOCIAL MEDICINE)/ COMMUNITY MEDICINE,EWS,EWS,Allotted
2425,170034,All India,"GOVT. MEDICAL COLLEGE, AMRITSAR,GOVT. MEDICAL COLLEGE,CIRCULAR ROAD, AMRITSAR, Punjab, 143001",M.D. (FORENSIC MEDICINE),ST,ST,Allotted
2426,170043,All India,"Gauhati Medical College, Guwahati,Gauhati Medical College, Guwahati, Assam, 781032",MD/MS (Anatomy),OBC,OBC,Allotted
2427,170102,Self-Financed Merit Seat,"Sri Siddhartha Institute of Medical Sciences & Research Centre (SSIMRC),T Begur, Nelamangala, Bangalore rural, Karnataka, 562123",M.S. (E.N.T.),Open,General,Allotted
2428,170302,All India,"Fakhruddin Ali Ahmed Medical College,Fakhruddin Ali Ahmed Medical College, Assam, 781301",M.D. (BIOCHEMISTRY),OBC,OBC,Allotted
2429,170432,All India,"Institute of integrated Medical Sciences (Govt.Medical College), Palakkad,East Yakkara Kunnathurmedu",M.D. (PATHOLOGY),ST,ST,Allotted
2430,170706,Non-Resident Indian,"Meenakshi Medical College Hospital and Research Institute, Kanchipuram,Meenakshi Medical College Hospital and Research Institute, Enathur, Karaipettai Post, Kanchipuram, Tamil Nadu, 631552",M.D. (GENERAL MEDICINE),Open,General,Allotted( NRI Priority : 2 )
2431,170751,All India,"Autonomous State Medical College, Pratapgarh U.P,Dr Sonelal Patel, Autonomous State Medical College, Pratapgarh U.P",MD/MS (Anatomy),OBC,OBC,Allotted
2432,170753,All India,"GOVERNMENT MEDICAL COLLEGE KADAPA (FORMERLY RAJIV GANDHI INSTITUTE OF MEDICAL SCIENCES, KADAPA),GOVERNMENT MEDICAL COLLEGE KADAPA (FORMERLY RIMS KADAPA), Andhra Pradesh, 516002",MD/MS (Anatomy),Open,General,Allotted
2433,170828,All India,"Maharaja Suhel Dev Autonomous State Medical College & Mahrishi Balark Hospitals, Bahraich, Uttar Pradesh,K.D.C Road Bahraich-271801, Uttar Pradesh, 271801",MD/MS (Anatomy),OBC,OBC,Allotted
2434,171054,All India,"Government Medical College, Nalgonda,Office of the Principal, Government Medical College Nalgonda, Near RTC Bus Stand, Gollaguda, Nalgon, Telangana, 508001",MD/MS (Anatomy),Open,General,Allotted
2435,171576,All India,"NANDI MEDICAL COLLEGE AND REASERCH INSTITUTEE ,AROOR VILLAGE, PERESANDRA POST, CHIKKABALLAPURA",M.D. (PHYSIOLOGY),Open,General,Allotted
2436,171668,All India,"Gulbarga Institute Of Medical Sciences, Kalaburagi,VEERESH NAGAR SEDAM ROAD KALABURAGI, Karnataka, 585105",M.D. (BIOCHEMISTRY),OBC,OBC,Allotted
2437,172011,Self-Financed Merit Seat,"Sri Lakshmi narayana institute of medical sciences,puducherry,Sri Lakshmi narayana institute of medical sciences,puducherry, Puducherry, 605502",M.D. (PREVENTIVE and SOCIAL MEDICINE)/ COMMUNITY MEDICINE,Open,OBC,Allotted
2438,172093,Non-Resident Indian,"D. Y. Patil Medical College, Kolhapur,869 E D. Y. PatilVidyanagar Kolhapur 416 006, Maharashtra, 416006",M.S. (ORTHOPAEDICS),Open,General,Allotted( NRI Priority : 2 )
2439,172185,All India,"Government Medical College, Datia,Near 29 Batallion, National Highway 44, Dist Datia, Madhya Pradesh Pin - 475661, Madhya Pradesh, 475661",M.D. (PHYSIOLOGY),SC,SC,Allotted
2440,172432,DNB Quota,"DISTRICT HOSPITAL, Andhra Pradesh, TANUKU RP ROAD, TANUKU, WEST GODAVARI , Andhra Pradesh-534211",(NBEMS-DIPLOMA) FAMILY MEDICINE,ST,ST,Allotted
2441,172959,DNB Quota,"District Hospital, Dholpur,Old City Road Dholpur, Rajasthan, 328001",(NBEMS-DIPLOMA) FAMILY MEDICINE,ST,ST,Allotted
2442,173000,All India,"GOVERNMENT MEDICAL COLLEGE, CHHINDWARA,M.P,MANDHATA COLONY, KHAJRI ROAD,CHHINDWARA,M.P.",M.D. (PREVENTIVE and SOCIAL MEDICINE)/ COMMUNITY MEDICINE,ST,ST,Allotted
2443,173094,All India,"Government Medical College, Datia,Near 29 Batallion, National Highway 44, Dist Datia, Madhya Pradesh Pin - 475661, Madhya Pradesh, 475661",M.D. (MICROBIOLOGY),EWS,EWS,Allotted
2444,173153,All India,"JAWAHARLAL NEHRU MEDICAL COLLEGE, ALIGARH MUSLIM UNIVERSITY STATE UTTAR,JAWAHARLAL NEHRU MEDICAL COLLEGE, ALIGARH MUSLIM UNIVERSITY STATE UTTAR, Uttar Pradesh, 202002",M.D. (MICROBIOLOGY),ST,ST,Allotted
2445,173183,Self-Financed Merit Seat,"KALINGA INSTITUTE OF MEDICAL SCIENCES,KALINGA INSTITUTE OF MEDICAL SCIENCES, Odisha, 751024",M.D. (PREVENTIVE and SOCIAL MEDICINE)/ COMMUNITY MEDICINE,Open,OBC,Allotted
2446,173190,DNB Quota,"District Hospital, SIROHI,GOVT. HOSPITAL, PLACE ROAD ,SIROHI, Rajasthan, 307001",DIPLOMA IN ANAESTHESIOLOGY,ST,ST,Allotted
2447,173279,All India,"SHIMOGA INSTITUTE OF MEDICAL SCIENCES,SHIMOGA INSTITUTE OF MEDICAL SCIENCES, Karnataka, 577201",MD/MS (Anatomy),Open,OBC,Allotted
2448,173465,Non-Resident Indian,"Santosh Medical College and Hospital, Ghaziabad, NCR Delhi,Santosh Medical College and Hospital, Ghaziabad, Delhi NCR, Uttar Pradesh, 201009",M.S. (GENERAL SURGERY),Open,General,Allotted( NRI Priority : 2 )
2449,173518,All India,"Rajmata Shrimati Devendra Kumari Singhdeo Government Medical College, Ambikapur,Kanyaparisar Road Gangapur Ambikapur District Surguja, Chhattisgarh, 497001",M.D. (PHARMACOLOGY),OBC,OBC,Allotted
2450,174272,All India,"Government Medical College, Siddipet,SURVEY NO 54 GOVERNMENT MEDICAL COLLEGE ENSANPALLY SIDDIPET 502114, Telangana, 502114",MD/MS (Anatomy),Open,General,Allotted
2451,174277,All India,"CALCUTTA NATIONAL MEDICAL COLLEGE,CALCUTTA NATIONAL MEDICAL COLLEGE 32, Gorachand Road, Kolkata 700014, West Bengal, 700014",M.D. (MICROBIOLOGY),SC,SC,Allotted
2452,174356,Self-Financed Merit Seat,"Mahatma Gandhi Medical College and Research Institute, Pondicherry,SBV Pondicherry Campus, Pillaiyarkuppam, Pondicherry, Puducherry, 607402",M.D. (PATHOLOGY),Open,SC,Allotted
2453,174487,All India,"GOVERNMENT MEDICAL COLLEGE, SATNA (M.P),KRIPALPUR, NEAR CENTRAL SCHOOL 2, SATNA MADHYA PRADESH",M.D. (FORENSIC MEDICINE),ST,ST,Allotted
2454,174713,All India,"JAWAHARLAL NEHRU MEDICAL COLLEGE, BHAGALPUR,JAWAHARLAL NEHRU MEDICAL COLLEGE, BHAGALPUR, Bihar, 812001",M.D. (MICROBIOLOGY),SC,SC,Allotted
2455,174771,All India,"Government Medical College, Nalgonda,Office of the Principal, Government Medical College Nalgonda, Near RTC Bus Stand, Gollaguda, Nalgon, Telangana, 508001",M.D. (PHARMACOLOGY),SC,SC,Allotted
2456,174995,All India,"GMC Bharat Ratna Late Shri Atal Bihari Vajpayee Memorial Medical College, Chhattisgarh ,BHARAT RATNA LATE SHRI ATAL BIHARI VAJPAYEE MEMORIAL MEDICAL COLLEGE, PENDRI, RAJNANDGAON, CHHATTIS, Chhattisgarh, 491441",M.D. (PREVENTIVE and SOCIAL MEDICINE)/ COMMUNITY MEDICINE,ST,ST,Allotted
2457,175059,Self-Financed Merit Seat,"M.M. Institute of Medical Sciences and Research, Ambala,M.M. Institute of Medical Sciences and Research, Ambala, Haryana, 133207",M.D. (PATHOLOGY),Open,General,Allotted
2458,175231,All India,"PATNA MEDICAL COLLEGE, PATNA,PATNA MEDICAL COLLEGE, PATNA, Bihar, 800004",M.D. (BIOCHEMISTRY),SC,SC,Allotted
2459,175420,All India,"Siddhartha Medical College, Vijayawada,Siddhartha Medical College, Vijayawada, Andhra Pradesh, 520008",MD/MS (Anatomy),Open,General,Allotted
2460,175523,All India,"VSS INSTITUTE OF MEDICAL SCIENCES AND RESEARCH,BURLA,VSS INSTITUTE OF MEDICAL SCIENCES AND RESEARCH,BURLA, Odisha, 768017",MD/MS (Anatomy),Open,General,Allotted
2461,175529,All India,"Govt. Medical College, Baroda,Govt. Medical College, Baroda, Gujarat, 390001",M.D. (MICROBIOLOGY),SC,SC,Allotted
2462,175665,All India,"Maharshi Vishwamitra Autonomous State Medical College, Ghazipurr,Maharshi Vishwamitra Autonomous State Medical College, R.T.I. Ground, Ghazipur, Uttar Pradesh",MD/MS (Anatomy),OBC,OBC,Allotted
2463,175946,DNB Quota,"Asansol District Hospital, ,S. B. GORAI ROAD, P.O.- ASANSOL, DIST.- PASCHIM BARDHAMAN, West Bengal, 713301",(NBEMS-DIPLOMA) OPHTHALMOLOGY,ST,ST,Allotted
2464,176054,DNB Quota,"Associated Hospital Government Medical College, ,Government Medical College Chack Sajjan Kathua, Jammu And Kashmir, 184101",(NBEMS) Anatomy,Open,General,Allotted
2465,176576,Self-Financed Merit Seat,"Malla Reddy Medical College for Women,Suraram X Roads, Jeedimetla, Hyderabad, Telangana, 500055",M.D. (PHARMACOLOGY),Open,OBC,Allotted
2466,176691,All India,"GOVERNMENT MEDICAL COLLEGE, CHHINDWARA,M.P,MANDHATA COLONY, KHAJRI ROAD,CHHINDWARA,M.P.",MD/MS (Anatomy),Open,General,Allotted
2467,176729,All India,"Karwar Institute of Medical Sciences, Karnataka,MG Road, Karnataka, 581301",MD/MS (Anatomy),Open,General,Allotted
2468,176767,All India,"Sarojini Naidu Medical College, AGRA,Sarojini Naidu Medical College, AGRA, Uttar Pradesh, 282002",M.D. (PHYSIOLOGY),ST,ST,Allotted
2469,176768,Self-Financed Merit Seat,"Meenakshi Medical College Hospital and Research Institute, Kanchipuram,Meenakshi Medical College Hospital and Research Institute, Enathur, Karaipettai Post, Kanchipuram, Tamil Nadu, 631552",M.D. (PATHOLOGY),Open,OBC,Allotted
2470,176780,All India,"Autonomous State Medical College, Shahjahanpur,Dharnipur, Jignera, Jalalabad road, Shahjahanpur, Uttar Pradesh, 242001",M.D. (PREVENTIVE and SOCIAL MEDICINE)/ COMMUNITY MEDICINE,ST,ST,Allotted
2471,176783,All India,"Govt. Medical College, Jammu,Govt. Medical College, Bakshi Nagar, Jamu, Jammu And Kashmir, 180001",M.D. (PHARMACOLOGY),ST,ST,Allotted
2472,177196,Non-Resident Indian,"AARUPADAI VEEDU MEDICAL COLLEGE AND HOSPITAL,PONDY - CUDDALORE MAIN ROAD, KIRUMAMPAKKAM, BAHOUR COMMUNE PANCHAYAT, PUDUCHERRY, Puducherry, 607402",M.D. (Obst. and Gynae)/MS (Obstetrics and Gynaecology),Open,General,Allotted( NRI Priority : 2 )
2473,177293,Non-Resident Indian,"Pravara Rural Medical College, Loni,Dr. Balasaheb Vikhe Patil Rural Medical College (Formerly Called As Rural Medical College, Loni), Maharashtra, 413736",M.S. (ORTHOPAEDICS),Open,General,Allotted( NRI Priority : 2 )
2474,177442,All India,"Rajkiya Medical College, Jalaun,kalpi Road orai Jalaun, Uttar Pradesh, 285001",MD/MS (Anatomy),EWS,EWS,Allotted
2475,177549,DNB Quota,"Government Medical College and Associated Hospital,,JANGLAT MANDI ANANTNAG, JAMMU AND KASHMIR 192101, Jammu And Kashmir, 192101",(NBEMS) PHARMACOLOGY,SC,SC,Allotted
2476,177588,All India,"CHIKKAMAGALURU INSTITUTE OF MEDICAL SCIENCE,KARNATA,TEGUR, CHIKKAMAGALURU TALUK AND DISTRICT, KARNA???? -577133",MD/MS (Anatomy),Open,General,Allotted
2477,177721,All India,"M. P. SHAH GOVERNMENT MEDICAL COLLEGE,M. P. SHAH GOVERNMENT MEDICAL COLLEGE, Gujarat, 361008",M.D. (PAEDIATRICS),Open PwD,GNYes,Allotted
2478,177848,All India,"Burdwan Medical College, West Bengal,Burdwan Medical College, West Bengal, West Bengal, 713104",M.D. (BIOCHEMISTRY),OBC,OBC,Allotted
2479,178149,All India,"ANUGRAH NARAYAN MAGADH MEDICAL COLLEGE,ANUGRAH NARAYAN MAGADH MEDICAL COLLEGE, Bihar, 823001",M.D. (PHARMACOLOGY),ST,ST,Allotted
2480,178188,Self-Financed Merit Seat,"VELS Medical College & Hospital, Unit of Vels Institute of Science, Technology & Advanced Studies (VISTAS),No. 12/123, Velan Nagar, Manjankaranai Village, Periyapalayam Road, Uthukottai Taluk, Tiruvallur, Tamil Nadu",M.D. (PATHOLOGY),Open,General,Allotted
2481,178206,Non-Resident Indian,"KALINGA INSTITUTE OF MEDICAL SCIENCES,KALINGA INSTITUTE OF MEDICAL SCIENCES, Odisha, 751024",M.D. (ANAESTHESIOLOGY),Open,General,Allotted( NRI Priority : 2 )
2482,178405,All India,"Veer Chandra Singh Garhwali Govt. Institute of Medical Science & Research,Veer Chandra Singh Garhwali Govt. Institute of Medical Science and Research, Srinagar Garhwal, Uttarakhand, 246174",M.D. (PHARMACOLOGY),EWS,EWS,Allotted
2483,178426,Self-Financed Merit Seat,"Santosh Medical College and Hospital, Ghaziabad, NCR Delhi,Santosh Medical College and Hospital, Ghaziabad, Delhi NCR, Uttar Pradesh, 201009",M.D. (PHYSIOLOGY),Open,General,Allotted
2484,178598,All India,"Chamarajanagar Institute of Medical Sciences, Karnataka,CHAMARAJANAGAR INSTITUTE OF MEDICAL SCIENCES, SY. NO 124, YEDAPURA VILLAGE KASABA HOBLI, CHAMARAJANA, Karnataka, 571313",M.D. (PHYSIOLOGY),Open,General,Allotted
2485,178599,DNB Quota,"Vishnuprasad Nandrai Desai Municipal General Hospital, Maharashtra,11 TH GOLIBAR ROAD TPS,SANTACRUZ EAST, Maharashtra, 400055",(NBEMS-DIPLOMA) Otorhinolaryngology (E.N.T.),ST,ST,Allotted
2486,178634,Non-Resident Indian,"Yenepoya Medical College,Yenepoya Medical College, Karnataka, 575018","M.D. (DERM.,VENE. and LEPROSY)/ (DERMATOLOGY)/(SKIN and VENEREAL DISEASES)/(VENEREOL OGY)",Open,SC,Allotted( NRI Priority : 2 )
2487,178942,All India,"VSS INSTITUTE OF MEDICAL SCIENCES AND RESEARCH,BURLA,VSS INSTITUTE OF MEDICAL SCIENCES AND RESEARCH,BURLA, Odisha, 768017",M.D. (BIOCHEMISTRY),OBC,OBC,Allotted
2488,179083,Self-Financed Merit Seat,"Amrita School of Medicine,Faridabad,Amrita School of Medicine, Mata Amritanandmayi Marg, Sec-88, Faridabad, Haryana",M.D. (PREVENTIVE and SOCIAL MEDICINE)/ COMMUNITY MEDICINE,Open,General,Allotted
2489,179121,All India,"Government Medical College, Siddipet,SURVEY NO 54 GOVERNMENT MEDICAL COLLEGE ENSANPALLY SIDDIPET 502114, Telangana, 502114",M.D. (FORENSIC MEDICINE),ST,ST,Allotted
2490,179138,All India,"Dr. B R Ambedkar State Institute of Medical Sciences, SAS Nagar (Mohali),Dr. B.R Ambedkar State Institute of Medical Sciences, Phase 6 Sec 56 S.A.S Nagar Punjab 160055, Punjab, 160055",M.D. (MICROBIOLOGY),SC,SC,Allotted
2491,179339,All India,"Mahatma Gandhi Institute of Medical Sciences, Wardha,Mahatma Gandhi Institute of Medical Sciences, Sevagram, Wardha, Maharashtra, 442102",M.S. (GENERAL SURGERY),Open PwD,GNYes,Allotted
2492,179569,Non-Resident Indian,"Yenepoya Medical College,Yenepoya Medical College, Karnataka, 575018","M.D. (DERM.,VENE. and LEPROSY)/ (DERMATOLOGY)/(SKIN and VENEREAL DISEASES)/(VENEREOL OGY)",Open,General,Allotted( NRI Priority : 2 )
2493,179919,All India,"Government Medical College, Miraj,Government Medical College, Miraj, Maharashtra, 416410",M.D. (PHYSIOLOGY),OBC,OBC,Allotted
2494,179933,Self-Financed Merit Seat,"A.C.S. Medical College and Hospital,A.C.S. Medical College and Hospital, Tamil Nadu, 600077",M.D. (PREVENTIVE and SOCIAL MEDICINE)/ COMMUNITY MEDICINE,Open,General,Allotted
2495,179947,Self-Financed Merit Seat,"Rajarajeswari Medical College and Hospital,No. 202, Kambipura, Mysore Road, Bengaluru, Karnataka, 560074",M.D. (MICROBIOLOGY),Open,OBC,Allotted
2496,179961,All India,"GOVT MEDICAL COLLEGE, ANANTAPURAMU,GOVT MEDICAL COLLEGE, ANANTAPURAMU, Andhra Pradesh, 515001",M.D. (PHYSIOLOGY),OBC,OBC,Allotted
2497,180081,Non-Resident Indian,"SBKS Medical College and Research Centre, Vadodara,SBKS Medical Institute and Research Centre, Sumandeep Vidyapeeth, Piparia, Waghodia Rd, Vadodara, Gujarat, 391760",M.D. (PAEDIATRICS),Open,General,Allotted( NRI Priority : 2 )
2498,180127,Non-Resident Indian,"VINAYAKA MISSIONS MEDICAL COLLEGE AND HOSPITAL, KARAIKAL,KEEZHAKASAKUDIMEDU, KOTTUCHERRY (POST), KARAIKAL, UT of PUDUCHERRY, Puducherry, 609609","M.D. (DERM.,VENE. and LEPROSY)/ (DERMATOLOGY)/(SKIN and VENEREAL DISEASES)/(VENEREOL OGY)",Open,General,Allotted( NRI Priority : 2 )
2499,180167,Self-Financed Merit Seat,"VELS Medical College & Hospital, Unit of Vels Institute of Science, Technology & Advanced Studies (VISTAS),No. 12/123, Velan Nagar, Manjankaranai Village, Periyapalayam Road, Uthukottai Taluk, Tiruvallur, Tamil Nadu",M.D. (PATHOLOGY),Open,OBC,Allotted
2500,180299,DNB Quota,"Associated Hospital Government Medical College, ,Government Medical College Chack Sajjan Kathua, Jammu And Kashmir, 184101",(NBEMS) Anatomy,Open,General,Allotted
2501,180407,All India,"R G KAR MEDICAL COLLEGE, West Bengal,R G KAR MEDICAL COLLEGE,1 KHUDIRAM BOSE SARANI,KOLKATA, West Bengal, West Bengal, 700004",MD/MS (Anatomy),Open,General,Allotted
2502,180503,All India,"Government Medical College, Gondia,Nehru Chowk, KTS General Hospital Campus, Govt. Medical College, Gondia. 441601. Maharashtra., Maharashtra, 441601",MD/MS (Anatomy),Open,General,Allotted
2503,180750,Non-Resident Indian,"M.M. Institute of Medical Sciences and Research, Ambala,M.M. Institute of Medical Sciences and Research, Ambala, Haryana, 133207",M.D. (RADIO- DIAGNOSIS),Open,General,Allotted( NRI Priority : 2 )
2504,180828,All India,"Karnataka Medical College and Research Institute, Hubballi,Karnataka Medical College and Research Institute, Hubballi Karnataka, 580021",MD/MS (Anatomy),Open,General,Allotted
2505,180849,DNB Quota,"College of Medicine and JNM Hospital,,Kalyani, Silpanchal, West Bengal, 741235",(NBEMS) BIOCHEMISTRY,Open,General,Allotted
2506,181011,All India,"NETAJI SUBHASH CHANDRA BOSE MEDICAL COLLEGE, JABALPUR ,NETAJI SUBHASH CHANDRA BOSE MEDICAL COLLEGE, NAGPUR ROAD JABALPUR, Madhya Pradesh, 482003",M.D. (PHYSIOLOGY),OBC,OBC,Allotted
2507,181254,All India,"Assam Medical College,Assam Medical College, Assam, 786002",MD/MS (Anatomy),OBC,OBC,Allotted
2508,181335,Non-Resident Indian,"Vinayaka Missions Kirupananda Variyar Medical College and Hospital, Salem,Sankari Main Road, NH-47, Seeragapadi, Salem, Tamil Nadu, 636308",M.S. (ORTHOPAEDICS),Open,General,Allotted( NRI Priority : 2 )
2509,181413,Non-Resident Indian,"SHRI. B. M. PATIL MEDICAL COLLEGE HOSPITAL AND RESEARCH CENTRE,SHRI. B. M. PATIL MEDICAL COLLEGE HOSPITAL AND RESEARCH CENTRE, SOLAPUR ROAD, VIJAYAPURA, Karnataka, 586103",M.D. (GENERAL MEDICINE),Open,General,Allotted( NRI Priority : 2 )
2510,181443,All India,"Government Medical College, Surat,Government Medical College, Majuragate, Surat., Gujarat, 395001",DIPLOMA IN CLINICAL PATHOLOGY,ST,ST,Allotted
2511,181561,Self-Financed Merit Seat,"A.C.S. Medical College and Hospital,A.C.S. Medical College and Hospital, Tamil Nadu, 600077",M.D. (MICROBIOLOGY),Open,SC,Allotted
2512,181566,All India,"Sawai Man Singh Medical College, JAIPUR,Sawai Man Singh Medical College, JLN Marg, Jaipur-302004, Rajasthan, 302004",MD/MS (Anatomy),EWS,EWS,Allotted
2513,181922,All India,"CALCUTTA NATIONAL MEDICAL COLLEGE,CALCUTTA NATIONAL MEDICAL COLLEGE 32, Gorachand Road, Kolkata 700014, West Bengal, 700014",M.D. (PHYSIOLOGY),OBC,OBC,Allotted
2514,182185,Self-Financed Merit Seat,"A.C.S. Medical College and Hospital,A.C.S. Medical College and Hospital, Tamil Nadu, 600077",M.D. (BIOCHEMISTRY),Open,General,Allotted
2515,182223,Non-Resident Indian,"AARUPADAI VEEDU MEDICAL COLLEGE AND HOSPITAL,PONDY - CUDDALORE MAIN ROAD, KIRUMAMPAKKAM, BAHOUR COMMUNE PANCHAYAT, PUDUCHERRY, Puducherry, 607402","M.D. (DERM.,VENE. and LEPROSY)/ (DERMATOLOGY)/(SKIN and VENEREAL DISEASES)/(VENEREOL OGY)",Open,OBC,Allotted( NRI Priority : 1 )
2516,182396,All India,"RAICHUR INSTITUTE OF MEDICAL SCIENCES, kARNATKA,RAICHUR INSTITUTE OF MEDICAL SCIENCES, Karnataka, 584102",M.D. (PHYSIOLOGY),OBC,OBC,Allotted
2517,182418,All India,"R G KAR MEDICAL COLLEGE, West Bengal,R G KAR MEDICAL COLLEGE,1 KHUDIRAM BOSE SARANI,KOLKATA, West Bengal, West Bengal, 700004",M.D. (BIOCHEMISTRY),OBC,OBC,Allotted
2518,182515,Self-Financed Merit Seat,"DR D Y PATIL MEDICAL COLLEGE, NAVI MUMBAI,DR D Y PATIL MEDICAL COLLEGE, NAVI MUMBAI, Maharashtra, 400706",M.D. (BIOCHEMISTRY),Open,General,Allotted
2519,182596,All India,"NANDI MEDICAL COLLEGE AND REASERCH INSTITUTEE ,AROOR VILLAGE, PERESANDRA POST, CHIKKABALLAPURA",M.D. (PHYSIOLOGY),Open,General,Allotted
2520,182598,All India,"Autonomous State Medical College, Shahjahanpur,Dharnipur, Jignera, Jalalabad road, Shahjahanpur, Uttar Pradesh, 242001",MD/MS (Anatomy),OBC,OBC,Allotted
2521,182704,All India,"Mahatma Gandhi Institute of Medical Sciences, Wardha,Mahatma Gandhi Institute of Medical Sciences, Sevagram, Wardha, Maharashtra, 442102",M.D. (PHYSIOLOGY),OBC,OBC,Allotted
2522,182726,Self-Financed Merit Seat,"Symbiosis Medical College for Women,Lavale, Mulshi, Pune - 412115, Maharashtra, India",M.D. (MICROBIOLOGY),Open,General,Allotted
2523,182941,All India,"Murshidabad Medical College and Hospital,Station Road, Berhampore, Murshidabad, West Bengal, 742101",M.D. (PHYSIOLOGY),Open,General,Allotted
2524,183002,All India,"COIMBATORE MEDICAL COLLEGE,COIMBATORE MEDICAL COLLEGE, CIVIL AERODROME POST, AVINASHI ROAD, PEELAMEDU, COIMBATORE-14, Tamil Nadu, 641014",M.D. (FORENSIC MEDICINE),EWS,EWS,Allotted
2525,183372,Non-Resident Indian,"Symbiosis Medical College for Women,Lavale, Mulshi, Pune - 412115, Maharashtra, India",M.S. (ORTHOPAEDICS),Open,OBC,Allotted( NRI Priority : 2 )
2526,183501,Non-Resident Indian,"Bharati Vidyapeeth Deemed to be University Medical College,Pune,Bharati Vidyapeeth Deemed to be University Medical College, Dhankawadi, Pune Satara Road, Pune, Maharashtra, 411043",M.S. (ORTHOPAEDICS),Open,OBC,Allotted( NRI Priority : 2 )
2527,183535,All India,"Pt. Jawahar Lal Nehru Memorial Medical College, RAIPUR,Pt. Jawahar Lal Nehru Memorial Medical College, RAIPUR, Chhattisgarh, 492001",MD/MS (Anatomy),Open,General,Allotted
2528,183599,Non-Resident Indian,"Meenakshi Medical College Hospital and Research Institute, Kanchipuram,Meenakshi Medical College Hospital and Research Institute, Enathur, Karaipettai Post, Kanchipuram, Tamil Nadu, 631552",M.D. (Obst. and Gynae)/MS (Obstetrics and Gynaecology),Open,General,Allotted( NRI Priority : 2 )
2529,183637,All India,"Shri Vasantrao Naik Govt Medical College Yavatmal,Civil lines, Yavatmal, Maharashtra, 445001",MD/MS (Anatomy),Open,General,Allotted
2530,183762,All India,"NSC Government Medical College, Khandwa (MP),LUV KUSH NAGAR,MUNDI NAGAR, KHANDWA, Madhya Pradesh, 450001",M.D. (PHYSIOLOGY),OBC,OBC,Allotted
2531,183911,All India,"Govt. Medical College, Baroda,Govt. Medical College, Baroda, Gujarat, 390001",MD/MS (Anatomy),SC,SC,Allotted
2532,183999,All India,"Burdwan Medical College, West Bengal,Burdwan Medical College, West Bengal, West Bengal, 713104",M.D. (PHYSIOLOGY),OBC,OBC,Allotted
2533,184479,All India,"IPGME&R and SSKM Hospital Kolkata,244, Acharya J. C. Bose Road, Kolkata-700020, West Bengal, 700020",M.D. (BIOCHEMISTRY),SC,SC,Allotted
2534,184659,All India,"Dr. Sampurnanand Medical College (SNMC), JODHPUR,Dr. Sampurnanand Medical College (SNMC), JODHPUR, Rajasthan, 342001",M.D. (PHYSIOLOGY),EWS,EWS,Allotted
2535,184944,Self-Financed Merit Seat,"Santosh Medical College and Hospital, Ghaziabad, NCR Delhi,Santosh Medical College and Hospital, Ghaziabad, Delhi NCR, Uttar Pradesh, 201009",MD/MS (Anatomy),Open,General,Allotted
2536,185079,Non-Resident Indian,"SRI LALITHAMBIGAI MEDICL COLLEGE AND HOSPITAL,CHENNAI,Service Road, Adayalampattu, Maduravoyal, Chennai, Tamil Nadu",M.D. (Obst. and Gynae)/MS (Obstetrics and Gynaecology),Open,OBC,Allotted( NRI Priority : 1 )
2537,185094,Self-Financed Merit Seat,"A.C.S. Medical College and Hospital,A.C.S. Medical College and Hospital, Tamil Nadu, 600077",M.D. (PREVENTIVE and SOCIAL MEDICINE)/ COMMUNITY MEDICINE,Open,OBC,Allotted
2538,185165,Self-Financed Merit Seat,"Jawaharlal Nehru Medical College, Sawangi (Meghe), Wardha-,Jawaharlal Nehru Medical College, Sawangi Meghe Wardha - 442107, Maharashtra State, Maharashtra, 442107",M.D. (PHYSIOLOGY),Open,OBC,Allotted
2539,185261,Non-Resident Indian,"DR D Y PATIL MEDICAL COLLEGE, NAVI MUMBAI,DR D Y PATIL MEDICAL COLLEGE, NAVI MUMBAI, Maharashtra, 400706",M.D. (GENERAL MEDICINE),Open,General,Allotted( NRI Priority : 2 )
2540,185430,All India,"Government medical college patiala.,Government medical college patiala., Punjab, 147001",MD/MS (Anatomy),OBC,OBC,Allotted
2541,185569,Non-Resident Indian,"DR. D. Y. PATIL MEDICAL COLLEGE, PUNE,Dr. D. Y. Patil Medical College, Hospital and Research Centre, Sant Tukaram Nagar, Pimpri, Pune., Maharashtra, 411018",M.S. (ORTHOPAEDICS),Open,General,Allotted( NRI Priority : 2 )
2542,185715,DNB Quota,"Sher-I-Kashmir Institute of Medical Sciences, ,Principal SKIMS Medical College Hospital Bemina Srinagar, Jammu And Kashmir, 190018",(NBEMS) Hospital Administration,ST,ST,Allotted
2543,185872,All India,"Gulbarga Institute Of Medical Sciences, Kalaburagi,VEERESH NAGAR SEDAM ROAD KALABURAGI, Karnataka, 585105",MD/MS (Anatomy),Open,General,Allotted
2544,185900,Non-Resident Indian,"Sri Siddhartha Institute of Medical Sciences & Research Centre (SSIMRC),T Begur, Nelamangala, Bangalore rural, Karnataka, 562123",M.S. (ORTHOPAEDICS),Open,General,Allotted( NRI Priority : 2 )
2545,185950,Non-Resident Indian,"Mahatma Gandhi Medical College and Research Institute, Pondicherry,SBV Pondicherry Campus, Pillaiyarkuppam, Pondicherry, Puducherry, 607402",M.D. (Tuberculosis and Respiratory diseases)/Pulmonary Medicine /M.D. (Respiratory Medicine),Open,OBC,Allotted( NRI Priority : 2 )
2546,186081,All India,"Karwar Institute of Medical Sciences, Karnataka,MG Road, Karnataka, 581301",MD/MS (Anatomy),OBC,OBC,Allotted
2547,186104,Self-Financed Merit Seat,"DR. D. Y. PATIL MEDICAL COLLEGE, PUNE,Dr. D. Y. Patil Medical College, Hospital and Research Centre, Sant Tukaram Nagar, Pimpri, Pune., Maharashtra, 411018",M.D. (MICROBIOLOGY),Open,General,Allotted
2548,186205,All India,"Moti Lal Nehru Medical College,Moti Lal Nehru Medical College, Uttar Pradesh, 211001",M.D. (PHYSIOLOGY),SC,SC,Allotted
2549,186226,All India,"DARBHANGA MEDICAL COLLEGE,Sheetal Prasad Marg, Laheriasarai, Darbhanga, Bihar, Bihar, 846003",M.D. (MICROBIOLOGY),SC,SC,Allotted
2550,186487,All India,"GOVERNMENT MEDICAL COLLEGE SHAHDOL,GRAM CHAMPA KUDRI ROAD NEAR NEW BUS STAND SHAHDOL MP, Madhya Pradesh, 484001",M.D. (MICROBIOLOGY),SC,SC,Allotted
2551,186729,Non-Resident Indian,"Sri Siddhartha Institute of Medical Sciences & Research Centre (SSIMRC),T Begur, Nelamangala, Bangalore rural, Karnataka, 562123",M.D. (GENERAL MEDICINE),Open,General,Allotted( NRI Priority : 2 )
2552,186750,All India,"Government Medical College, Bettiah,Government Medical College Bettiah West Champaran Bihar, Bihar, 845438",M.D. (BIOCHEMISTRY),SC,SC,Allotted
2553,186760,Self-Financed Merit Seat,"Bharati Vidyapeeth Deemed to be University Medical College,Pune,Bharati Vidyapeeth Deemed to be University Medical College, Dhankawadi, Pune Satara Road, Pune, Maharashtra, 411043",M.D. (BIOCHEMISTRY),Open,General,Allotted
2554,186799,Non-Resident Indian,"KRISHNA INSTITUTE OF MEDICAL SCIENCES, KARAD,KRISHNA INSTITUTE OF MEDICAL SCIENCES, KARAD, Maharashtra, 415110",M.S. (GENERAL SURGERY),Open,OBC,Allotted( NRI Priority : 2 )
2555,186808,Delhi University Quota,"University College of Medical Sciences,University College of Medical Sciences, Delhi (NCT), 110095",M.D. (PATHOLOGY),ST,ST,Allotted
2556,187915,All India,"Koppal Institute of Medical Sciences Koppal, Karnataka,Gangavati Road Kiddidal Gate koppal, Karnataka, 583231",MD/MS (Anatomy),Open,General,Allotted
2557,188145,All India,"Government Medical College Srinagar,Administrative Block Government Medical College Karan Nagar Srinagar, Jammu And Kashmir, 190010",MD/MS (Anatomy),OBC,OBC,Allotted
2558,188334,Self-Financed Merit Seat,"Rajarajeswari Medical College and Hospital,No. 202, Kambipura, Mysore Road, Bengaluru, Karnataka, 560074",M.D. (PHARMACOLOGY),Open,General,Allotted
2559,188615,All India,"HAVERI INSTITUTE OF MEDICAL SCIENCES,DEVAGIRI YELLAPURA, DC OFFICE ROAD,, HAVERI",M.D. (PHYSIOLOGY),OBC,OBC,Allotted
2560,189471,All India,"Government Medical College, Ratlam,Gram Banjali, Sailana Road, NH927A, Madhya Pradesh 457001, India, Madhya Pradesh, 457001",M.D. (PHYSIOLOGY),OBC,OBC,Allotted
2561,189840,Self-Financed Merit Seat,"Sri Ramachandra Medical College and Research Institute,Sri Ramachandra Medical College and Research Institute, Tamil Nadu, 600116",M.D. (PHYSIOLOGY),Open,SC,Allotted
2562,190058,All India,"Karwar Institute of Medical Sciences, Karnataka,MG Road, Karnataka, 581301",M.D. (BIOCHEMISTRY),OBC,OBC,Allotted
2563,190167,All India,"Govt. Doon Medical College, Dehradun,Govt. Doon Medical College Dehrakhas, Patel Nagar Dehradun 248001, Uttarakhand, 248001",M.D. (PHYSIOLOGY),SC,SC,Allotted
2564,190218,All India,"Jorhat Medical College & Hospital,Jorhat Medical College & Hospital, Assam, 785001",M.D. (PHARMACOLOGY),OBC,OBC,Allotted
2565,190318,All India,"IPGME&R and SSKM Hospital Kolkata,244, Acharya J. C. Bose Road, Kolkata-700020, West Bengal, 700020",M.D. (Obst. and Gynae)/MS (Obstetrics and Gynaecology),OBC PwD,OBC PwD,Allotted
2566,190336,All India,"GAJRA RAJA MEDICAL COLLEGE GWALIOR,GAJRA RAJA MEDICAL COLLEGE GWALIOR, Madhya Pradesh, 474009",M.D. (PHYSIOLOGY),SC,SC,Allotted
2567,190352,All India,"VIJANAGARA INSTITUTE OF MEDICAL SCIENCES BALLARI,Ballari Medical College and Research Centre Ballari formerly VIMS Ballari, Karnataka, 583104",M.D. (PREVENTIVE and SOCIAL MEDICINE)/ COMMUNITY MEDICINE,ST,ST,Allotted
2568,190418,Self-Financed Merit Seat,"M.M. Institute of Medical Sciences and Research, Ambala,M.M. Institute of Medical Sciences and Research, Ambala, Haryana, 133207",M.D. (PREVENTIVE and SOCIAL MEDICINE)/ COMMUNITY MEDICINE,Open,OBC,Allotted
2569,190635,All India,"Government Medical College, Gondia,Nehru Chowk, KTS General Hospital Campus, Govt. Medical College, Gondia. 441601. Maharashtra., Maharashtra, 441601",M.D. (MICROBIOLOGY),SC,SC,Allotted
2570,190688,Self-Financed Merit Seat,"Amrita School of Medicine,Faridabad,Amrita School of Medicine, Mata Amritanandmayi Marg, Sec-88, Faridabad, Haryana",M.D. (PHYSIOLOGY),Open,General,Allotted
2571,190792,Non-Resident Indian,"SRI LALITHAMBIGAI MEDICL COLLEGE AND HOSPITAL,CHENNAI,Service Road, Adayalampattu, Maduravoyal, Chennai, Tamil Nadu","M.D. (DERM.,VENE. and LEPROSY)/ (DERMATOLOGY)/(SKIN and VENEREAL DISEASES)/(VENEREOL OGY)",Open,General,Allotted( NRI Priority : 2 )
2572,190881,All India,"ANUGRAH NARAYAN MAGADH MEDICAL COLLEGE,ANUGRAH NARAYAN MAGADH MEDICAL COLLEGE, Bihar, 823001",M.D. (BIOCHEMISTRY),ST,ST,Allotted
2573,190956,All India,"B. J. MEDICAL COLLEGE, Ahmedabad,B.J. Medical College, New Civil Hospital Asarwa,Ahmedabad-380016,Gujarat,India, Gujarat, 380016",MD/MS (Anatomy),EWS,EWS,Allotted
2574,191008,All India,"Gulbarga Institute Of Medical Sciences, Kalaburagi,VEERESH NAGAR SEDAM ROAD KALABURAGI, Karnataka, 585105",M.D. (PHYSIOLOGY),OBC,OBC,Allotted
2575,191100,Self-Financed Merit Seat,"Rajarajeswari Medical College and Hospital,No. 202, Kambipura, Mysore Road, Bengaluru, Karnataka, 560074",M.D. (MICROBIOLOGY),Open,OBC,Allotted
2576,191944,All India,"Gvernment Medical College,Haldwani,Government Medical College, Haldwani, Uttarakhand, 263139",MD/MS (Anatomy),OBC,OBC,Allotted
2577,192166,All India,"Government Medical College, Cuddalore District,Govt. Medical College and Hospital, Cuddalore District Erstwhile Rajah Muthiah Medical College, Tamil Nadu, 608002",M.D. (GENERAL MEDICINE),Open PwD,GNYes,Allotted
2578,192440,All India,"VIJANAGARA INSTITUTE OF MEDICAL SCIENCES BALLARI,Ballari Medical College and Research Centre Ballari formerly VIMS Ballari, Karnataka, 583104",M.D. (PHYSIOLOGY),SC,SC,Allotted
2579,192774,All India,"Kalpana Chawla Govt Medical College, Karnal, Haryana,Kalpana Chawla Government Medical College Model Town Karnal 132001 Haryana, Haryana, 132001",MD/MS (Anatomy),SC,SC,Allotted
2580,192810,All India,"Burdwan Medical College, West Bengal,Burdwan Medical College, West Bengal, West Bengal, 713104",MD/MS (Anatomy),OBC,OBC,Allotted
2581,193043,All India,"Dr.V.M.Govt.Medical College,Solapur, Maharasthtra,In front of district court civil chowk Dr.V.M.Govt.Medical College,Solapur, Maharasthtra, Maharashtra, 413003",M.D. (PHYSIOLOGY),OBC,OBC,Allotted
2582,193187,Non-Resident Indian,"Amrita School of Medicine,Faridabad,Amrita School of Medicine, Mata Amritanandmayi Marg, Sec-88, Faridabad, Haryana",M.S. (GENERAL SURGERY),Open,General,Allotted( NRI Priority : 1 )
2583,193234,Self-Financed Merit Seat,"Mahatma Gandhi Medical College and Research Institute, Pondicherry,SBV Pondicherry Campus, Pillaiyarkuppam, Pondicherry, Puducherry, 607402",M.D. (MICROBIOLOGY),Open,SC,Allotted
2584,193237,All India,"RAJIV GANDHI INSTITUTE OF MEDICAL SCIENCES,RAJIV GANDHI INSTITUTE OF MEDICAL SCIENCES ADILABAD -504001 TELANGANA STATE, Telangana, 504001",M.D. (PHYSIOLOGY),OBC,OBC,Allotted
2585,193552,Delhi University Quota,"University College of Medical Sciences,University College of Medical Sciences, Delhi (NCT), 110095",M.D. (MICROBIOLOGY),Open,General,Allotted
2586,193553,Self-Financed Merit Seat,"Sri Siddhartha Institute of Medical Sciences & Research Centre (SSIMRC),T Begur, Nelamangala, Bangalore rural, Karnataka, 562123",M.D. (PHARMACOLOGY),Open,General,Allotted
2587,194104,DNB Quota,"Dr. Rajendra Prasad Govt. Medical College, ,Dr.Rajendra Prasad Govt.Medical College Kangra at Tanda., Himachal Pradesh, 176002",(NBEMS) PHYSIOLOGY,OBC,OBC,Allotted
2588,194223,Self-Financed Merit Seat,"Symbiosis Medical College for Women,Lavale, Mulshi, Pune - 412115, Maharashtra, India",M.D. (PHYSIOLOGY),Open,General,Allotted
2589,194354,All India,"NETAJI SUBHASH CHANDRA BOSE MEDICAL COLLEGE, JABALPUR ,NETAJI SUBHASH CHANDRA BOSE MEDICAL COLLEGE, NAGPUR ROAD JABALPUR, Madhya Pradesh, 482003",MD/MS (Anatomy),OBC,OBC,Allotted
2590,194489,All India,"NETAJI SUBHASH CHANDRA BOSE MEDICAL COLLEGE, JABALPUR ,NETAJI SUBHASH CHANDRA BOSE MEDICAL COLLEGE, NAGPUR ROAD JABALPUR, Madhya Pradesh, 482003",MD/MS (Anatomy),SC,SC,Allotted
2591,194738,Non-Resident Indian,"SRM MEDICAL COLLEGE HOSPITAL AND RESEARCH CENTRE, SRM INSTITUTE OF SCIENCE AND TECHNOLOGY,SRM MEDICAL COLLEGE HOSPITAL AND RESEARCH CENTRE,SRM IST, KATTANKULATHUR , CHENGALPATTU DIST, Tamil Nadu, 603203",M.S. (GENERAL SURGERY),Open,SC,Allotted( NRI Priority : 2 )
2592,194803,All India,"Shri Vasantrao Naik Govt Medical College Yavatmal,Civil lines, Yavatmal, Maharashtra, 445001",MD/MS (Anatomy),OBC,OBC,Allotted
2593,195138,All India,"M. P. SHAH GOVERNMENT MEDICAL COLLEGE,M. P. SHAH GOVERNMENT MEDICAL COLLEGE, Gujarat, 361008",MD/MS (Anatomy),OBC,OBC,Allotted
2594,195141,Non-Resident Indian,"SRI SIDDHARTHA MEDICAL COLLEGE, TUMKUR,SRI SIDDHARTHA MEDICAL COLLEGE, TUMKUR, Karnataka, 572107",M.D. (RADIO- DIAGNOSIS),Open,OBC,Allotted( NRI Priority : 2 )
2595,195314,Self-Financed Merit Seat,"Institute of Medical Sciences and SUM Hospital, Bhubaneswar,Institute of Medical Sciences and SUM Hospital K 8 Kalinga Nagar PO Mahalaxmi Vihar Bhubaneswar, Odisha, 751029",M.D. (PHYSIOLOGY),Open,OBC,Allotted
2596,195443,All India,"Siddhartha Medical College, Vijayawada,Siddhartha Medical College, Vijayawada, Andhra Pradesh, 520008",M.D. (PHYSIOLOGY),SC,SC,Allotted
2597,195566,Delhi University Quota,"Maulana Azad Medical College,Maulana Azad Medical College, Delhi (NCT), 110002",M.D. (PHARMACOLOGY),Open,General,Allotted
2598,195697,Self-Financed Merit Seat,"Amrita School of Medicine,Faridabad,Amrita School of Medicine, Mata Amritanandmayi Marg, Sec-88, Faridabad, Haryana",M.D. (FORENSIC MEDICINE),Open,General,Allotted
2599,195708,All India,"TOPIWALA NATIONAL MEDICAL COLLEGE,TOPIWALA NATIONAL MEDICAL COLLEGE B Y L Nair Ch Hospital, Dr. A.L. Nair Rd, Mumbai Central, Mumbai, Maharashtra, 400008",MD/MS (Anatomy),SC,SC,Allotted
2600,195715,Non-Resident Indian,"Meenakshi Medical College Hospital and Research Institute, Kanchipuram,Meenakshi Medical College Hospital and Research Institute, Enathur, Karaipettai Post, Kanchipuram, Tamil Nadu, 631552",M.D. (PAEDIATRICS),Open,General,Allotted( NRI Priority : 1 )
2601,195843,All India,"CHIKKAMAGALURU INSTITUTE OF MEDICAL SCIENCE,KARNATA,TEGUR, CHIKKAMAGALURU TALUK AND DISTRICT, KARNA???? -577133",M.D. (BIOCHEMISTRY),OBC,OBC,Allotted
2602,196060,Non-Resident Indian,"A.C.S. Medical College and Hospital,A.C.S. Medical College and Hospital, Tamil Nadu, 600077",M.D. (RADIO- DIAGNOSIS),Open,General,Allotted( NRI Priority : 2 )
2603,196116,DNB Quota,"District Hospital Madhya Pradesh,District hospital campus jail road Ratlam Madhya Pradesh, 457001",(NBEMS-DIPLOMA) OPHTHALMOLOGY,ST,ST,Allotted
2604,196364,All India,"IPGME&R and SSKM Hospital Kolkata,244, Acharya J. C. Bose Road, Kolkata-700020, West Bengal, 700020",M.D. (PHYSIOLOGY),OBC,OBC,Allotted
2605,196594,All India,"Gvernment Medical College,Haldwani,Government Medical College, Haldwani, Uttarakhand, 263139",M.D. (BIOCHEMISTRY),SC,SC,Allotted
2606,196623,All India,"Government Medical College, Bhilwara,Sindri ke Balaji Road, Sanganer, Bhilwara, Rajasthan 311001, Rajasthan, 311001",M.D. (BIOCHEMISTRY),ST,ST,Allotted
2607,196712,All India,"VSS INSTITUTE OF MEDICAL SCIENCES AND RESEARCH,BURLA,VSS INSTITUTE OF MEDICAL SCIENCES AND RESEARCH,BURLA, Odisha, 768017",M.D. (PHARMACOLOGY),ST,ST,Allotted
2608,196757,All India,"Srirama Chandra Bhanja Medical College, CUTTACK,Srirama Chandra Bhanja Medical College, CUTTACK, Odisha, 753007",MD/MS (Anatomy),OBC,OBC,Allotted
2609,196821,Non-Resident Indian,"AARUPADAI VEEDU MEDICAL COLLEGE AND HOSPITAL,PONDY - CUDDALORE MAIN ROAD, KIRUMAMPAKKAM, BAHOUR COMMUNE PANCHAYAT, PUDUCHERRY, Puducherry, 607402",M.D. (PAEDIATRICS),Open,General,Allotted( NRI Priority : 2 )
2610,197025,All India,"IPGME&R and SSKM Hospital Kolkata,244, Acharya J. C. Bose Road, Kolkata-700020, West Bengal, 700020",MD/MS (Anatomy),OBC,OBC,Allotted
2611,197345,All India,"North Bengal Medical College,North Bengal Medical College, West Bengal, 734012",M.D. (BIOCHEMISTRY),SC,SC,Allotted
2612,197430,Self-Financed Merit Seat,"Hamdard Institute of Medical Sciences and Research,HIMSR, Jamia Hamdard, Guru Ravidas Marg, Hamdard Nagar, New Delhi, Delhi (NCT), 110062",M.D. (PHARMACOLOGY),Open,General,Allotted
2613,197691,Non-Resident Indian,"Jawaharlal Nehru Medical College, Belagavi,Jawaharlal Nehru Medical College, Belagavi, Karnataka, 590010",M.D. (ANAESTHESIOLOGY),Open,SC,Allotted( NRI Priority : 2 )
2614,197884,DNB Quota,"ESIC MEDICAL COLLEGE AND HOSPITAL, Bihar,SIKANDARPUR, BIHTA, PATNA, BIHAR, Bihar-801103Sikandarpur, Bihta, Patna, Bihar, 801103",(NBEMS) PHARMACOLOGY,SC,SC,Allotted
2615,197993,Self-Financed Merit Seat,"SBKS Medical College and Research Centre, Vadodara,SBKS Medical Institute and Research Centre, Sumandeep Vidyapeeth, Piparia, Waghodia Rd, Vadodara, Gujarat, 391760",M.D. (PREVENTIVE and SOCIAL MEDICINE)/ COMMUNITY MEDICINE,Open,General,Allotted
2616,198217,Non-Resident Indian,"Hamdard Institute of Medical Sciences and Research,HIMSR, Jamia Hamdard, Guru Ravidas Marg, Hamdard Nagar, New Delhi, Delhi (NCT), 110062",M.S. (ORTHOPAEDICS),Open,General,Allotted( NRI Priority : 1 )
2617,198321,All India,"Koppal Institute of Medical Sciences Koppal, Karnataka,Gangavati Road Kiddidal Gate koppal, Karnataka, 583231",M.D. (BIOCHEMISTRY),OBC,OBC,Allotted
2618,198338,All India,"GOVT. MEDICAL COLLEGE, AMRITSAR,GOVT. MEDICAL COLLEGE,CIRCULAR ROAD, AMRITSAR, Punjab, 143001",M.D. (BIOCHEMISTRY),SC,SC,Allotted
2619,198436,All India,"R G KAR MEDICAL COLLEGE, West Bengal,R G KAR MEDICAL COLLEGE,1 KHUDIRAM BOSE SARANI,KOLKATA, West Bengal, West Bengal, 700004",M.D. (MICROBIOLOGY),SC,SC,Allotted
2620,198438,All India,"Calcutta School Of Tropical Medicine,Calcutta School of Tropical Medicine 108, C.R.Avenue , Kolkata-700073, West Bengal, 700073",DIPLOMA IN CLINICAL PATHOLOGY,ST,ST,Allotted
2621,198458,Self-Financed Merit Seat,"Jawaharlal Nehru Medical College, Belagavi,Jawaharlal Nehru Medical College, Belagavi, Karnataka, 590010",M.D. (BIOCHEMISTRY),Open,General,Allotted
2622,198513,All India,"Karwar Institute of Medical Sciences, Karnataka,MG Road, Karnataka, 581301",M.D. (PHARMACOLOGY),EWS,EWS,Allotted
2623,198678,All India,"JHALAWAR MEDICAL COLLEGE,JHALAWAR MEDICAL COLLEGE, JHALAWAR, Rajasthan, 326001",M.D. (MICROBIOLOGY),ST,ST,Allotted
2624,198906,All India,"EMPLOYEES STATE INSURANCE CORPORATION MEDICAL COLLEGE AND PGIMSR,EMPLOYEES STATE INSURANCE CORPORATION MEDICAL COLLEGE AND PGIMSR, Karnataka, 560010",MD/MS (Anatomy),SC,SC,Allotted
2625,198959,All India,"College of Medicine & Sagore Dutta Hospital,College of Medicine & Sagore Dutta Hospital, West Bengal, 700058",M.D. (BIOCHEMISTRY),OBC,OBC,Allotted
2626,199925,Self-Financed Merit Seat,"Bharati Vidyapeeth Deemed to be University Medical College,Pune,Bharati Vidyapeeth Deemed to be University Medical College, Dhankawadi, Pune Satara Road, Pune, Maharashtra, 411043",M.D. (MICROBIOLOGY),Open,General,Allotted
2627,199970,All India,"Dr. Rajendra Prasad Government Medical College, Tanda,Dr. Rajendra Prasad Government Medical College, Tanda, Himachal Pradesh, 176002",M.D. (GENERAL MEDICINE),OBC PwD,OBC PwD,Allotted
2628,200037,Non-Resident Indian,"KRISHNA INSTITUTE OF MEDICAL SCIENCES, KARAD,KRISHNA INSTITUTE OF MEDICAL SCIENCES, KARAD, Maharashtra, 415110",M.D. (GENERAL MEDICINE),Open,General,Allotted( NRI Priority : 2 )
2629,200039,All India,"Rims Medical College, Ongole, ,GOVERNMENT MEDICAL COLLEGE ONGOLE, Andhra Pradesh, 523001",M.D. (PHYSIOLOGY),EWS,EWS,Allotted
2630,200099,Non-Resident Indian,"AARUPADAI VEEDU MEDICAL COLLEGE AND HOSPITAL,PONDY - CUDDALORE MAIN ROAD, KIRUMAMPAKKAM, BAHOUR COMMUNE PANCHAYAT, PUDUCHERRY, Puducherry, 607402",M.D. (RADIO- DIAGNOSIS),Open,SC,Allotted( NRI Priority : 2 )
2631,200557,All India,"Murshidabad Medical College and Hospital,Station Road, Berhampore, Murshidabad, West Bengal, 742101",M.D. (BIOCHEMISTRY),SC,SC,Allotted
2632,200668,DNB Quota,"Imambara District Hospital,,AKHANBAZAR ROAD, CHINSURA, HOOGHLY, West Bengal, 712101",(NBEMS-DIPLOMA) OPHTHALMOLOGY,ST,ST,Allotted
2633,201093,Non-Resident Indian,"Yenepoya Medical College,Yenepoya Medical College, Karnataka, 575018",M.D. (RADIO- DIAGNOSIS),Open,OBC,Allotted( NRI Priority : 2 )
2634,201304,All India,"Veer Chandra Singh Garhwali Govt. Institute of Medical Science & Research,Veer Chandra Singh Garhwali Govt. Institute of Medical Science and Research, Srinagar Garhwal, Uttarakhand, 246174",M.D. (FORENSIC MEDICINE),ST,ST,Allotted
2635,201350,Self-Financed Merit Seat,"A.C.S. Medical College and Hospital,A.C.S. Medical College and Hospital, Tamil Nadu, 600077",M.D. (PREVENTIVE and SOCIAL MEDICINE)/ COMMUNITY MEDICINE,Open,OBC,Allotted
2636,201476,All India,"Srirama Chandra Bhanja Medical College, CUTTACK,Srirama Chandra Bhanja Medical College, CUTTACK, Odisha, 753007","M.D. (DERM.,VENE. and LEPROSY)/ (DERMATOLOGY)/(SKIN and VENEREAL DISEASES)/(VENEREOL OGY)",SC PwD,SC PwD,Allotted
2637,201556,Self-Financed Merit Seat,"M.M. Institute of Medical Sciences and Research, Ambala,M.M. Institute of Medical Sciences and Research, Ambala, Haryana, 133207",M.D. (MICROBIOLOGY),Open,General,Allotted
2638,201591,All India,"CALCUTTA NATIONAL MEDICAL COLLEGE,CALCUTTA NATIONAL MEDICAL COLLEGE 32, Gorachand Road, Kolkata 700014, West Bengal, 700014",M.D. (PREVENTIVE and SOCIAL MEDICINE)/ COMMUNITY MEDICINE,EWS,EWS,Allotted
2639,201651,All India,"VARDHMAN INSTITUTE OF MEDICAL SCIENCES, NALANDA,BMIMS CAMPUS, PAWAPURI, NALANDA, Bihar, 803115",M.D. (BIOCHEMISTRY),SC,SC,Allotted
2640,201911,All India,"GUNTUR MEDICAL COLLEGE,GUNTUR MEDICAL COLLEGE, Andhra Pradesh, 522004",MD/MS (Anatomy),SC,SC,Allotted
2641,202171,Self-Financed Merit Seat,"Sri Lakshmi narayana institute of medical sciences,puducherry,Sri Lakshmi narayana institute of medical sciences,puducherry, Puducherry, 605502",M.D. (PREVENTIVE and SOCIAL MEDICINE)/ COMMUNITY MEDICINE,Open,OBC,Allotted
2642,202275,Self-Financed Merit Seat,"Bharati Vidyapeeth Deemed to be University Medical College,Pune,Bharati Vidyapeeth Deemed to be University Medical College, Dhankawadi, Pune Satara Road, Pune, Maharashtra, 411043",M.D. (BIOCHEMISTRY),Open,General,Allotted
2643,202827,Self-Financed Merit Seat,"SRI SIDDHARTHA MEDICAL COLLEGE, TUMKUR,SRI SIDDHARTHA MEDICAL COLLEGE, TUMKUR, Karnataka, 572107",M.D. (PHARMACOLOGY),Open,General,Allotted
2644,202989,Self-Financed Merit Seat,"Bharati Vidyapeeth Deemed to be University Medical College,Pune,Bharati Vidyapeeth Deemed to be University Medical College, Dhankawadi, Pune Satara Road, Pune, Maharashtra, 411043",M.D. (MICROBIOLOGY),Open,General,Allotted
2645,203005,All India,"Murshidabad Medical College and Hospital,Station Road, Berhampore, Murshidabad, West Bengal, 742101",M.D. (PREVENTIVE and SOCIAL MEDICINE)/ COMMUNITY MEDICINE,ST,ST,Allotted
2646,203147,Self-Financed Merit Seat,"A.C.S. Medical College and Hospital,A.C.S. Medical College and Hospital, Tamil Nadu, 600077",M.D. (PREVENTIVE and SOCIAL MEDICINE)/ COMMUNITY MEDICINE,Open,OBC,Allotted
2647,203346,Self-Financed Merit Seat,"Meenakshi Medical College Hospital and Research Institute, Kanchipuram,Meenakshi Medical College Hospital and Research Institute, Enathur, Karaipettai Post, Kanchipuram, Tamil Nadu, 631552",MD/MS (Anatomy),Open,General,Allotted
2648,203415,All India,"CHHATTISGARH INSTITUTE OF MEDICAL SCIENCES,CHHATTISGARH INSTITUTE OF MEDICAL SCIENCES, Chhattisgarh, 495001",MD/MS (Anatomy),OBC,OBC,Allotted
2649,203416,Non-Resident Indian,"M.M. Institute of Medical Sciences and Research, Ambala,M.M. Institute of Medical Sciences and Research, Ambala, Haryana, 133207",M.D. (GENERAL MEDICINE),Open,General,Allotted( NRI Priority : 2 )
2650,203766,DNB Quota,"Government Medical College and Associated Hospital,,JANGLAT MANDI ANANTNAG, JAMMU AND KASHMIR 192101, Jammu And Kashmir, 192101",(NBEMS) PHARMACOLOGY,SC,SC,Allotted
2651,203921,DNB Quota,"Government Medical College and Associated Hospital,,JANGLAT MANDI ANANTNAG, JAMMU AND KASHMIR 192101, Jammu And Kashmir, 192101",(NBEMS) PHYSIOLOGY,OBC,OBC,Allotted
2652,203996,Non-Resident Indian,"Sri Lakshmi narayana institute of medical sciences,puducherry,Sri Lakshmi narayana institute of medical sciences,puducherry, Puducherry, 605502","M.D. (DERM.,VENE. and LEPROSY)/ (DERMATOLOGY)/(SKIN and VENEREAL DISEASES)/(VENEREOL OGY)",Open,OBC,Allotted( NRI Priority : 2 )
2653,204008,All India,"NANDI MEDICAL COLLEGE AND REASERCH INSTITUTEE ,AROOR VILLAGE, PERESANDRA POST, CHIKKABALLAPURA",MD/MS (Anatomy),OBC,OBC,Allotted
2654,204121,Self-Financed Merit Seat,"A.C.S. Medical College and Hospital,A.C.S. Medical College and Hospital, Tamil Nadu, 600077",MD/MS (Anatomy),Open,General,Allotted
2655,204590,All India,"Government Medical College, Ratlam,Gram Banjali, Sailana Road, NH927A, Madhya Pradesh 457001, India, Madhya Pradesh, 457001",M.D. (PREVENTIVE and SOCIAL MEDICINE)/ COMMUNITY MEDICINE,ST,ST,Allotted
2656,204953,All India,"Govt. Doon Medical College, Dehradun,Govt. Doon Medical College Dehrakhas, Patel Nagar Dehradun 248001, Uttarakhand, 248001",M.D. (PHYSIOLOGY),ST,ST,Allotted
2657,205020,Self-Financed Merit Seat,"K S Hegde Medical Academy, Mangaluru,K S Hegde Medical Academy, Nithyanandanagar, Deralakatte, Mangaluru, Karnataka, 575018",MD/MS (Anatomy),Open,OBC,Allotted
2658,205105,Armed Forces Medical,"Command Hospital Central Command, Lucknow,Cariappa Road, Cantonment, Uttar Pradesh, 226002",M.D. (PATHOLOGY),Open,General,Allotted( AFMS Rank : 80 )
2659,205119,Self-Financed Merit Seat,"Bharati Vidyapeeth Deemed to be University Medical College,Pune,Bharati Vidyapeeth Deemed to be University Medical College, Dhankawadi, Pune Satara Road, Pune, Maharashtra, 411043",M.D. (MICROBIOLOGY),Open,OBC,Allotted
2660,205176,All India,"Dr.V.M.Govt.Medical College,Solapur, Maharasthtra,In front of district court civil chowk Dr.V.M.Govt.Medical College,Solapur, Maharasthtra, Maharashtra, 413003",MD/MS (Anatomy),OBC,OBC,Allotted
2661,205207,All India,"KING GEORGES MEDICAL UNIVERSITY,KING GEORGES MEDICAL UNIVERSITY, Shahmeena Road, Chowk, Lucknow-226003, Uttar Pradesh, 226003",MD/MS (Anatomy),ST,ST,Allotted
2662,205364,All India,"Government Medical College Srinagar,Administrative Block Government Medical College Karan Nagar Srinagar, Jammu And Kashmir, 190010",MD/MS (Anatomy),OBC,OBC,Allotted
2663,205742,Self-Financed Merit Seat,"Shri Sathya Sai Medical College and Research Institute,Kancheepuram,SBV Chennai Campus, Shri Sathya Sai Nagar, Ammapettai, Chennai, Tamil Nadu, 603108",M.D. (PREVENTIVE and SOCIAL MEDICINE)/ COMMUNITY MEDICINE,Open,OBC,Allotted
2664,205782,All India,"CALCUTTA NATIONAL MEDICAL COLLEGE,CALCUTTA NATIONAL MEDICAL COLLEGE 32, Gorachand Road, Kolkata 700014, West Bengal, 700014",M.D. (PHYSIOLOGY),SC,SC,Allotted
2665,205828,All India,"Kakatiya Medical College,Kakatiya Medical College, Telangana, 506007",MD/MS (Anatomy),SC,SC,Allotted
2666,205869,All India,"GOVT MEDICAL COLLEGE KOTTAYAM,GOVT MEDICAL COLLEGE, GANDHINAGAR P O, KOTTAYAM KERALA 686008, Kerala, 686008",M.D. (BIOCHEMISTRY),SC,SC,Allotted
2667,205923,All India,"B.J.Government Medical College, Pune,B.J.Government Medical College, Pune, Maharashtra, 411001",MD/MS (Anatomy),SC,SC,Allotted
2668,206055,All India,"VSS INSTITUTE OF MEDICAL SCIENCES AND RESEARCH,BURLA,VSS INSTITUTE OF MEDICAL SCIENCES AND RESEARCH,BURLA, Odisha, 768017",M.D. (FORENSIC MEDICINE),ST,ST,Allotted
2669,206092,All India,"MEDICAL COLLEGE, KOLKATA,MEDICAL COLLEGE, KOLKATA, West Bengal, 700073",MD/MS (Anatomy),OBC,OBC,Allotted
2670,206147,All India,"Government Medical College, Mahabubnagar,Government Medical College, Yedira, Mahabubnagar, Telangana state, Telangana, 509002",MD/MS (Anatomy),OBC,OBC,Allotted
2671,206160,All India,"Govt. Medical College, Jammu,Govt. Medical College, Bakshi Nagar, Jamu, Jammu And Kashmir, 180001",MD/MS (Anatomy),OBC,OBC,Allotted
2672,206237,Self-Financed Merit Seat,"Chettinad Hospital and Research Institute,Rajiv Gandhi Salai, Kelambakkam, Chengalpattu District, Tamil Nadu, 603103",M.D. (PHYSIOLOGY),Open,OBC,Allotted
2673,206269,All India,"DARBHANGA MEDICAL COLLEGE,Sheetal Prasad Marg, Laheriasarai, Darbhanga, Bihar, Bihar, 846003",MD/MS (Anatomy),SC,SC,Allotted
2674,206432,All India,"VSS INSTITUTE OF MEDICAL SCIENCES AND RESEARCH,BURLA,VSS INSTITUTE OF MEDICAL SCIENCES AND RESEARCH,BURLA, Odisha, 768017",MD/MS (Anatomy),OBC,OBC,Allotted
2675,206436,All India,"Government Medical College, Nandurbar,Maharashtra,District Hospital Area, Sakri Road Nandurbar",MD/MS (Anatomy),OBC,OBC,Allotted
2676,206484,All India,"KING GEORGES MEDICAL UNIVERSITY,KING GEORGES MEDICAL UNIVERSITY, Shahmeena Road, Chowk, Lucknow-226003, Uttar Pradesh, 226003",M.D. (PHARMACOLOGY),ST,ST,Allotted
2677,206806,Self-Financed Merit Seat,"Saveetha Medical College Nd Hospital,Saveetha Medical College and Hospital, Tamil Nadu, 602105",M.D. (BIOCHEMISTRY),Open,SC,Allotted
2678,207104,All India,"Silchar Medical College, Silchar,Silchar Medical College, Silchar, Assam, 788014",MD/MS (Anatomy),OBC,OBC,Allotted
2679,207299,All India,"Gauhati Medical College, Guwahati,Gauhati Medical College, Guwahati, Assam, 781032",M.D. (PHYSIOLOGY),SC,SC,Allotted
2680,207305,All India,"CALCUTTA NATIONAL MEDICAL COLLEGE,CALCUTTA NATIONAL MEDICAL COLLEGE 32, Gorachand Road, Kolkata 700014, West Bengal, 700014",MD/MS (Anatomy),ST,ST,Allotted
2681,207495,Self-Financed Merit Seat,"Shri Sathya Sai Medical College and Research Institute,Kancheepuram,SBV Chennai Campus, Shri Sathya Sai Nagar, Ammapettai, Chennai, Tamil Nadu, 603108",M.D. (PREVENTIVE and SOCIAL MEDICINE)/ COMMUNITY MEDICINE,Open,General,Allotted
2682,207520,Non-Resident Indian,"SRM MEDICAL COLLEGE HOSPITAL AND RESEARCH CENTRE, SRM INSTITUTE OF SCIENCE AND TECHNOLOGY,SRM MEDICAL COLLEGE HOSPITAL AND RESEARCH CENTRE,SRM IST, KATTANKULATHUR , CHENGALPATTU DIST, Tamil Nadu, 603203",M.D. (RADIO- DIAGNOSIS),Open,OBC,Allotted( NRI Priority : 2 )
2683,207526,Self-Financed Merit Seat,"Hamdard Institute of Medical Sciences and Research,HIMSR, Jamia Hamdard, Guru Ravidas Marg, Hamdard Nagar, New Delhi, Delhi (NCT), 110062",M.D. (MICROBIOLOGY),Open,SC,Allotted
2684,207638,All India,"Murshidabad Medical College and Hospital,Station Road, Berhampore, Murshidabad, West Bengal, 742101",M.D. (PHYSIOLOGY),OBC,OBC,Allotted
2685,207853,All India,"Autonomous State Medical College, Firozabad,Autonomous State Medical College Society and S.N.M District Hospital,DAULATTAPUR JALESAR ROAD NARKHI, Uttar Pradesh, 283203",M.D. (BIOCHEMISTRY),SC,SC,Allotted
2686,207884,DNB Quota,"GMERS Medical College,Gujarat,Morbi Gandhi Choke, Near Town Hall, Morbi, Gujarat- 363641",(NBEMS) BIOCHEMISTRY,SC,SC,Allotted
2687,208103,Non-Resident Indian,"SRI DEVARAJ URS MEDICAL COLLEGE, TAMAKA,Tamaka, Kolar, Karnataka, 563103",M.D. (PAEDIATRICS),Open,OBC,Allotted( NRI Priority : 2 )
2688,208156,DNB Quota,"Sheth Vadilal Sarabhai General Hospital and Sheth Chinai Prasuti Hospital, Gujarat,Ellisbridge, Ahmedabad. Gujarat , Gujarat-380006",(NBEMS) MICROBIOLOGY,SC,SC,Allotted
2689,208270,Non-Resident Indian,"SBKS Medical College and Research Centre, Vadodara,SBKS Medical Institute and Research Centre, Sumandeep Vidyapeeth, Piparia, Waghodia Rd, Vadodara, Gujarat, 391760","M.D. (DERM.,VENE. and LEPROSY)/ (DERMATOLOGY)/(SKIN and VENEREAL DISEASES)/(VENEREOL OGY)",Open,General,Allotted( NRI Priority : 1 )
2690,208317,All India,"Atal Bihari Vajpayee Government Medical College, Vidisha,NH 86 INFRONT OF KHEL PARISAR SANCHI ROAD VIDISHA MP, Madhya Pradesh, 464001",M.D. (BIOCHEMISTRY),SC,SC,Allotted
2691,208406,All India,"Rajendra Institute of Medical Sciences, Ranchi,Rajendra Institute of Medical Sciences, Ranchi, Jharkhand, 834009",M.D. (PHARMACOLOGY),ST,ST,Allotted
2692,208448,Self-Financed Merit Seat,"Jawaharlal Nehru Medical College, Sawangi (Meghe), Wardha-,Jawaharlal Nehru Medical College, Sawangi Meghe Wardha - 442107, Maharashtra State, Maharashtra, 442107",M.D. (MICROBIOLOGY),Open,General,Allotted
2693,208568,DNB Quota,"Associated Hospital Government Medical College, ,Government Medical College Chack Sajjan Kathua, Jammu And Kashmir, 184101",(NBEMS) PHYSIOLOGY,SC,SC,Allotted
2694,209103,All India,"Mahatma Gandhi Memorial Medical College, Indore,Mahatma Gandhi Memorial Medical College, Indore, Madhya Pradesh, 452001",M.D. (PHYSIOLOGY),SC,SC,Allotted
2695,209106,All India,"K.A.P.Viswanatham Government Medical College, Tiruchirapalli,PERIYAMILAGUPARAI, TIRUCHIRAPPALLI,, Tamil Nadu, 620001",M.D. (PAEDIATRICS),Open PwD,GNYes,Allotted
2696,209315,Self-Financed Merit Seat,"M.M. Institute of Medical Sciences and Research, Ambala,M.M. Institute of Medical Sciences and Research, Ambala, Haryana, 133207",M.D. (MICROBIOLOGY),Open,General,Allotted
2697,209357,All India,"Koppal Institute of Medical Sciences Koppal, Karnataka,Gangavati Road Kiddidal Gate koppal, Karnataka, 583231",M.D. (PHYSIOLOGY),SC,SC,Allotted
2698,209586,Non-Resident Indian,"DR. D. Y. PATIL MEDICAL COLLEGE, PUNE,Dr. D. Y. Patil Medical College, Hospital and Research Centre, Sant Tukaram Nagar, Pimpri, Pune., Maharashtra, 411018",M.D. (GENERAL MEDICINE),Open,OBC,Allotted( NRI Priority : 2 )
2699,209677,All India,"Gandhi Medical College, Bhopal,Gandhi Medical College, Bhopal, Madhya Pradesh, 462001",M.D. (BIOCHEMISTRY),SC,SC,Allotted
2700,209749,All India,"Siddhartha Medical College, Vijayawada,Siddhartha Medical College, Vijayawada, Andhra Pradesh, 520008",MD/MS (Anatomy),OBC,OBC,Allotted
2701,209950,DNB Quota,"Sher-I-Kashmir Institute of Medical Sciences, ,Principal SKIMS Medical College Hospital Bemina Srinagar, Jammu And Kashmir, 190018",(NBEMS) Anatomy,OBC,OBC,Allotted
2702,210108,Self-Financed Merit Seat,"SRI DEVARAJ URS MEDICAL COLLEGE, TAMAKA,Tamaka, Kolar, Karnataka, 563103",M.D. (BIOCHEMISTRY),Open,General,Allotted
2703,210148,All India,"Government T D Medical College, Vandanm , Alappuzha,Government T D Medical College, Vandanam , Alappuzha, Kerala, 688005",M.D. (BIOCHEMISTRY),SC,SC,Allotted
2704,210563,All India,"Sawai Man Singh Medical College, JAIPUR,Sawai Man Singh Medical College, JLN Marg, Jaipur-302004, Rajasthan, 302004",M.D. (PHARMACOLOGY),ST,ST,Allotted
2705,210692,All India,"HASSAN INSTITUTE OF MEDICAL SCIENCES, HASSAN,HASSAN INSTITUTE OF MEDICAL SCIENCES, HASSAN, Karnataka, 573201",M.D. (PHYSIOLOGY),SC,SC,Allotted
2706,211289,All India,"GOVT MEDICAL COLLEGE, ANANTAPURAMU,GOVT MEDICAL COLLEGE, ANANTAPURAMU, Andhra Pradesh, 515001",MD/MS (Anatomy),OBC,OBC,Allotted
2707,211373,Self-Financed Merit Seat,"Bharati Vidyapeeth (Deemed to be University) Medical College and Hospital, Sangli,Bharati Vidyapeeth (Deemed to be University) Medical College and Hospital, Sangli, Maharashtra, 416416",M.D. (BIOCHEMISTRY),Open,General,Allotted
2708,211728,Non-Resident Indian,"Bharati Vidyapeeth Deemed to be University Medical College,Pune,Bharati Vidyapeeth Deemed to be University Medical College, Dhankawadi, Pune Satara Road, Pune, Maharashtra, 411043",M.D. (GENERAL MEDICINE),Open,General,Allotted( NRI Priority : 2 )
2709,211751,All India,"Chamarajanagar Institute of Medical Sciences, Karnataka,CHAMARAJANAGAR INSTITUTE OF MEDICAL SCIENCES, SY. NO 124, YEDAPURA VILLAGE KASABA HOBLI, CHAMARAJANA, Karnataka, 571313",MD/MS (Anatomy),SC,SC,Allotted
2710,211880,Self-Financed Merit Seat,"Shri Sathya Sai Medical College and Research Institute,Kancheepuram,SBV Chennai Campus, Shri Sathya Sai Nagar, Ammapettai, Chennai, Tamil Nadu, 603108",M.D. (PREVENTIVE and SOCIAL MEDICINE)/ COMMUNITY MEDICINE,Open,OBC,Allotted
2711,211946,All India,"JAWAHARLAL NEHRU MEDICAL COLLEGE, ALIGARH MUSLIM UNIVERSITY STATE UTTAR,JAWAHARLAL NEHRU MEDICAL COLLEGE, ALIGARH MUSLIM UNIVERSITY STATE UTTAR, Uttar Pradesh, 202002",M.D. (PHARMACOLOGY),ST,ST,Allotted
2712,212120,Self-Financed Merit Seat,"SBKS Medical College and Research Centre, Vadodara,SBKS Medical Institute and Research Centre, Sumandeep Vidyapeeth, Piparia, Waghodia Rd, Vadodara, Gujarat, 391760",M.D. (FORENSIC MEDICINE),Open,OBC,Allotted
2713,212156,Delhi University Quota,"Lady Hardinge Medical College,Lady Hardinge Medical College, Delhi (NCT), 110001",M.D. (FORENSIC MEDICINE),Open,ST,Allotted
2714,212214,Self-Financed Merit Seat,"JSS Medical College, Mysuru,JSS Medical Institutions Campus Sri Shivarathreeshwara Nagar Bannimantap Mysuru, Karnataka, 570015",MD/MS (Anatomy),Open,OBC,Allotted
2715,212397,DNB Quota,"ESIC MEDICAL COLLEGE AND HOSPITAL, DESULA , MIA , ALWAR, Rajasthan- 301030,ESIC Medical College & Hospital, MIA, Desula, Alwar(Rajasthan) 301030",(NBEMS) GENERAL MEDICINE,Open PwD,GNYes,Allotted
2716,212551,All India,"JAWAHARLAL NEHRU MEDICAL COLLEGE, BHAGALPUR,JAWAHARLAL NEHRU MEDICAL COLLEGE, BHAGALPUR, Bihar, 812001",MD/MS (Anatomy),SC,SC,Allotted
2717,212565,All India,"LATE SHRI LAKHI RAM AGRAWAL MEMORIAL GOVT.MEDICAL COLLEGE,LATE SHRI LAKHI RAM AGRAWAL MEMORIAL GOVT.MEDICAL COLLEGE, Chhattisgarh, 496001",MD/MS (Anatomy),SC,SC,Allotted
2718,212761,All India,"Kodagu Institute of Medical Sciences, Karnataka,Kodagu Institute of Medical Sciences Madikeri Kodagu, Karnataka, 571201",M.D. (BIOCHEMISTRY),SC,SC,Allotted
2719,212762,All India,"Gulbarga Institute Of Medical Sciences, Kalaburagi,VEERESH NAGAR SEDAM ROAD KALABURAGI, Karnataka, 585105",MD/MS (Anatomy),OBC,OBC,Allotted
2720,213104,Self-Financed Merit Seat,"Saveetha Medical College Nd Hospital,Saveetha Medical College and Hospital, Tamil Nadu, 602105",MD/MS (Anatomy),Open,General,Allotted
2721,213351,All India,"GOVT. MEDICAL COLLEGE, THIRUVANANTHAPURAM,GOVT. MEDICAL COLLEGE, THIRUVANANTHAPURAM, Kerala, 695011",M.D. (PHARMACOLOGY),ST,ST,Allotted
2722,213510,All India,"R G KAR MEDICAL COLLEGE, West Bengal,R G KAR MEDICAL COLLEGE,1 KHUDIRAM BOSE SARANI,KOLKATA, West Bengal, West Bengal, 700004",M.D. (PHYSIOLOGY),OBC,OBC,Allotted
2723,213592,All India,"Seth Gordhandas Sunderdas Medical College, MUMBAI,Seth Gordhandas Sunderdas Medical College, Acharya Donde Marg Parel MUMBAI, Maharashtra, 400012",MD/MS (Anatomy),ST,ST,Allotted
2724,213875,All India,"Maharaja Krushna Chandra Gajapati Medical College , Brahmapur,Maharaja Krushna Chandra Gajapati Medical College , Brahmapur, Odisha, 760004",M.D. (PHYSIOLOGY),OBC,OBC,Allotted
2725,213914,Self-Financed Merit Seat,"AARUPADAI VEEDU MEDICAL COLLEGE AND HOSPITAL,PONDY - CUDDALORE MAIN ROAD, KIRUMAMPAKKAM, BAHOUR COMMUNE PANCHAYAT, PUDUCHERRY, Puducherry, 607402",MD/MS (Anatomy),Open,General,Allotted
2726,213957,All India,"MAHARSHI VASISHTHA AUTONOMOUS STATE MEDICAL COLLEGE BASTI,Rampur Tahsil Sadar Basti, Uttar Pradesh, 272124",M.D. (PHYSIOLOGY),SC,SC,Allotted
2727,213984,Self-Financed Merit Seat,"Santosh Medical College and Hospital, Ghaziabad, NCR Delhi,Santosh Medical College and Hospital, Ghaziabad, Delhi NCR, Uttar Pradesh, 201009",DIPLOMA IN PUBLIC HEALTH,Open,General,Allotted
2728,214129,All India,"NIL RATAN SIRCAR MEDICAL COLLEGE,NIL RATAN SIRCAR MEDICAL COLLEGE, 138 AJC BOSE ROAD, KOLKATA-700014., West Bengal, 700014",MD/MS (Anatomy),OBC,OBC,Allotted
2729,214232,Self-Financed Merit Seat,"Institute of Medical Sciences and SUM Hospital, Bhubaneswar,Institute of Medical Sciences and SUM Hospital K 8 Kalinga Nagar PO Mahalaxmi Vihar Bhubaneswar, Odisha, 751029",M.D. (PHYSIOLOGY),Open,OBC,Allotted
2730,214436,All India,"College of Medicine and JNM Hospital, WBUHS,Block A, Post Office Kalyani, Near Silpanchal Station, Block A2, District Nadia, West Bengal, West Bengal, 741235",MD/MS (Anatomy),SC,SC,Allotted
2731,214670,All India,"Autonomous State Medical College, Shahjahanpur,Dharnipur, Jignera, Jalalabad road, Shahjahanpur, Uttar Pradesh, 242001",M.D. (PHYSIOLOGY),SC,SC,Allotted
2732,215165,All India,"Tomo Riba Institute of Health and Medical Sciences,,TRIHMS. Old Assembly Block. Near Rajiv Gandhi Stadium. Naharlagun-791110. Arunachal Pradesh, Arunachal Pradesh, 791110",MD/MS (Anatomy),OBC,OBC,Allotted
2733,215336,All India,"DARBHANGA MEDICAL COLLEGE,Sheetal Prasad Marg, Laheriasarai, Darbhanga, Bihar, Bihar, 846003",M.D. (PHYSIOLOGY),SC,SC,Allotted
2734,215532,Non-Resident Indian,"SHRI. B. M. PATIL MEDICAL COLLEGE HOSPITAL AND RESEARCH CENTRE,SHRI. B. M. PATIL MEDICAL COLLEGE HOSPITAL AND RESEARCH CENTRE, SOLAPUR ROAD, VIJAYAPURA, Karnataka, 586103",M.D. (PAEDIATRICS),Open,OBC,Allotted( NRI Priority : 1 )
2735,215674,All India,"BPS Govt. Medical College for Women, Khanpur Kalan Sonepat,BPS Govt. Medical College for Women, Khanpur Kalan Sonepat, Haryana, 131305",M.D. (PHYSIOLOGY),SC,SC,Allotted
2736,215949,All India,"Employees' State Insurance Corporation Medical College & Hospital, Gulbarga,ESIC MEDICAL COLLEGE SEDAM ROAD GULBARGA, Karnataka, 585106",MD/MS (Anatomy),ST,ST,Allotted
2737,216257,Delhi University Quota,"Maulana Azad Medical College,Maulana Azad Medical College, Delhi (NCT), 110002",M.D. (PHYSIOLOGY),OBC,OBC,Allotted
2738,216724,Non-Resident Indian,"DR. D. Y. PATIL MEDICAL COLLEGE, PUNE,Dr. D. Y. Patil Medical College, Hospital and Research Centre, Sant Tukaram Nagar, Pimpri, Pune., Maharashtra, 411018",M.D. (PAEDIATRICS),Open,OBC,Allotted( NRI Priority : 2 )
2739,216972,All India,"Government Medical College Srinagar,Administrative Block Government Medical College Karan Nagar Srinagar, Jammu And Kashmir, 190010",M.D. (PHYSIOLOGY),SC,SC,Allotted
2740,217065,All India,"Employees' State Insurance Corporation Medical College & Hospital, Gulbarga,ESIC MEDICAL COLLEGE SEDAM ROAD GULBARGA, Karnataka, 585106",MD/MS (Anatomy),SC,SC,Allotted
2741,217397,All India,"GANDHI MEDICAL COLLEGE,GANDHI MEDICAL COLLEGE, Telangana, 500003",MD/MS (Anatomy),SC,SC,Allotted
2742,217706,All India,"Autonomous State Medical College, Pratapgarh U.P,Dr Sonelal Patel, Autonomous State Medical College, Pratapgarh U.P",MD/MS (Anatomy),SC,SC,Allotted
2743,217794,All India,"The National Institute of Health and Family Welfare,The National Institute of Health and Family Welfare, Delhi (NCT), 110067",M.D. (COMMUNITY HEALTH and ADMN.),Open PwD,OBC PwD,Allotted
2744,218891,All India,"Government Medical College, Baramati,Plot No P-107 Opposite Women Hospital Baramati MIDC Area Baramati Tehsil Baramati Dist Pune, Maharashtra, 413133",MD/MS (Anatomy),SC,SC,Allotted
2745,218967,All India,"Pt. Jawahar Lal Nehru Memorial Medical College, RAIPUR,Pt. Jawahar Lal Nehru Memorial Medical College, RAIPUR, Chhattisgarh, 492001",M.D. (BIOCHEMISTRY),SC,SC,Allotted
2746,219199,All India,"Mahatma Gandhi Memorial Medical College, Indore,Mahatma Gandhi Memorial Medical College, Indore, Madhya Pradesh, 452001",M.D. (BIOCHEMISTRY),ST,ST,Allotted
2747,219473,All India,"Karwar Institute of Medical Sciences, Karnataka,MG Road, Karnataka, 581301",MD/MS (Anatomy),SC,SC,Allotted
2748,219631,All India,"Sardar Patel Medical College, Bikaner,Sardar Patel Medical College, Bikaner, Rajasthan, 334003",M.D. (BIOCHEMISTRY),ST,ST,Allotted
2749,219879,All India,"Government Medical College, Datia,Near 29 Batallion, National Highway 44, Dist Datia, Madhya Pradesh Pin - 475661, Madhya Pradesh, 475661",M.D. (PHYSIOLOGY),SC,SC,Allotted
2750,220336,All India,"Uttar Pradesh University of Medical Sciences, Saifai, Etawah,Uttar Pradesh University of Medical Sciences, Saifai, Etawah, Uttar Pradesh, 206130",MD/MS (Anatomy),SC,SC,Allotted
2751,221087,Non-Resident Indian,"Meenakshi Medical College Hospital and Research Institute, Kanchipuram,Meenakshi Medical College Hospital and Research Institute, Enathur, Karaipettai Post, Kanchipuram, Tamil Nadu, 631552",M.D. (RADIO- DIAGNOSIS),Open,OBC,Allotted( NRI Priority : 1 )
2752,221333,Self-Financed Merit Seat,"Bharati Vidyapeeth (Deemed to be University) Medical College and Hospital, Sangli,Bharati Vidyapeeth (Deemed to be University) Medical College and Hospital, Sangli, Maharashtra, 416416",M.D. (PHYSIOLOGY),Open,OBC,Allotted
2753,221562,Self-Financed Merit Seat,"DR D Y PATIL MEDICAL COLLEGE, NAVI MUMBAI,DR D Y PATIL MEDICAL COLLEGE, NAVI MUMBAI, Maharashtra, 400706",M.D. (BIOCHEMISTRY),Open,OBC,Allotted
2754,221844,Self-Financed Merit Seat,"A.C.S. Medical College and Hospital,A.C.S. Medical College and Hospital, Tamil Nadu, 600077",M.D. (PHYSIOLOGY),Open,OBC,Allotted
2755,221865,All India,"GOVERNMENT MEDICAL COLLEGE, CHHINDWARA,M.P,MANDHATA COLONY, KHAJRI ROAD,CHHINDWARA,M.P.",M.D. (PHYSIOLOGY),SC,SC,Allotted
2756,222026,Delhi University Quota,"Maulana Azad Medical College,Maulana Azad Medical College, Delhi (NCT), 110002",M.D. (MICROBIOLOGY),OBC,OBC,Allotted
2757,222187,All India,"North Bengal Medical College,North Bengal Medical College, West Bengal, 734012",MD/MS (Anatomy),SC,SC,Allotted
2758,222445,All India,"MAHARSHI VASISHTHA AUTONOMOUS STATE MEDICAL COLLEGE BASTI,Rampur Tahsil Sadar Basti, Uttar Pradesh, 272124",MD/MS (Anatomy),SC,SC,Allotted
2759,222485,Self-Financed Merit Seat,"A.C.S. Medical College and Hospital,A.C.S. Medical College and Hospital, Tamil Nadu, 600077",M.D. (BIOCHEMISTRY),Open,OBC,Allotted
2760,222959,Self-Financed Merit Seat,"A.C.S. Medical College and Hospital,A.C.S. Medical College and Hospital, Tamil Nadu, 600077",M.D. (BIOCHEMISTRY),Open,OBC,Allotted
2761,223327,All India,"Government Medical College Srinagar,Administrative Block Government Medical College Karan Nagar Srinagar, Jammu And Kashmir, 190010",M.D. (PHYSIOLOGY),SC,SC,Allotted
2762,223442,Self-Financed Merit Seat,"Symbiosis Medical College for Women,Lavale, Mulshi, Pune - 412115, Maharashtra, India",M.D. (BIOCHEMISTRY),Open,OBC,Allotted
2763,223606,Self-Financed Merit Seat,"SREE BALAJI MEDICAL COLLEGE AND HOSPITAL, CHENNAI,NO,7 WORKS ROAD,CHROMEPET,CHENNAI, Tamil Nadu, 600044",M.D. (PHYSIOLOGY),Open,SC,Allotted
2764,224130,Non-Resident Indian,"SHRI. B. M. PATIL MEDICAL COLLEGE HOSPITAL AND RESEARCH CENTRE,SHRI. B. M. PATIL MEDICAL COLLEGE HOSPITAL AND RESEARCH CENTRE, SOLAPUR ROAD, VIJAYAPURA, Karnataka, 586103",M.D. (RADIO- DIAGNOSIS),Open,OBC,Allotted( NRI Priority : 2 )
2765,224700,Self-Financed Merit Seat,"Bharati Vidyapeeth (Deemed to be University) Medical College and Hospital, Sangli,Bharati Vidyapeeth (Deemed to be University) Medical College and Hospital, Sangli, Maharashtra, 416416",M.D. (BIOCHEMISTRY),Open,OBC,Allotted
2766,224921,Self-Financed Merit Seat,"Hamdard Institute of Medical Sciences and Research,HIMSR, Jamia Hamdard, Guru Ravidas Marg, Hamdard Nagar, New Delhi, Delhi (NCT), 110062",M.D. (MICROBIOLOGY),Open,OBC,Allotted
2767,224933,Self-Financed Merit Seat,"Kasturba Medical College Manipal, Manipal Academy Of Higher Education, Manipal,Kasturba Medical College Manipal, Manipal Academy Of Higher Education, Manipal, Karnataka, 576104",M.D. (PHYSIOLOGY),Open,OBC,Allotted
2768,224980,Self-Financed Merit Seat,"Meenakshi Medical College Hospital and Research Institute, Kanchipuram,Meenakshi Medical College Hospital and Research Institute, Enathur, Karaipettai Post, Kanchipuram, Tamil Nadu, 631552",M.D. (PHYSIOLOGY),Open,OBC,Allotted
2769,225589,All India,"Srirama Chandra Bhanja Medical College, CUTTACK,Srirama Chandra Bhanja Medical College, CUTTACK, Odisha, 753007",MD/MS (Anatomy),SC,SC,Allotted
2770,225619,Self-Financed Merit Seat,"SREE BALAJI MEDICAL COLLEGE AND HOSPITAL, CHENNAI,NO,7 WORKS ROAD,CHROMEPET,CHENNAI, Tamil Nadu, 600044",M.D. (PHYSIOLOGY),Open,OBC,Allotted
2771,225720,Non-Resident Indian,"SHRI. B. M. PATIL MEDICAL COLLEGE HOSPITAL AND RESEARCH CENTRE,SHRI. B. M. PATIL MEDICAL COLLEGE HOSPITAL AND RESEARCH CENTRE, SOLAPUR ROAD, VIJAYAPURA, Karnataka, 586103",M.D. (RADIO- DIAGNOSIS),Open,OBC,Allotted( NRI Priority : 2 )
2772,226551,All India,"Burdwan Medical College, West Bengal,Burdwan Medical College, West Bengal, West Bengal, 713104",M.D. (PHARMACOLOGY),ST,ST,Allotted
2773,226580,All India,"BELAGAVI INSTITUTE OF MEDICAL SCIENCES, BELAGAVI,BELAGAVI INSTITUTE OF MEDICAL SCIENCES, BELAGAVI, Karnataka, 590001",M.D. (PHYSIOLOGY),SC,SC,Allotted
2774,226865,Self-Financed Merit Seat,"Jawaharlal Nehru Medical College, Belagavi,Jawaharlal Nehru Medical College, Belagavi, Karnataka, 590010",MD/MS (Anatomy),Open,OBC,Allotted
2775,227222,All India,"Govt Medical college Shivpuri,Near Kattha Mill, Gwalior Bypass Highway Shivpuri MP, Madhya Pradesh, 473551",M.D. (PHYSIOLOGY),SC,SC,Allotted
2776,227279,All India,"SWAMI RAMANAND TEERTH RURAL GOVERNMENT MEDICAL COLLEGE AMBAJOGAI,SWAMI RAMANAND TEERTH RURAL GOVERNMENT MEDICAL COLLEGE AMBAJOGAI, Maharashtra, 431517",M.D. (BIOCHEMISTRY),SC,SC,Allotted
2777,227283,All India,"MANDYA INSTITUTE OF MEDICAL SCIENCES,MANDYA INSTITUTE OF MEDICAL SCIENCES MANDYA, Karnataka, 571401",M.D. (MICROBIOLOGY),ST,ST,Allotted
2778,227397,Self-Financed Merit Seat,"Jawaharlal Nehru Medical College, Belagavi,Jawaharlal Nehru Medical College, Belagavi, Karnataka, 590010",M.D. (PHYSIOLOGY),Open,OBC,Allotted
2779,227592,All India,"Maharshi Devraha Baba Autonomous State Medical College, Deoria, Uttar Pradesh,Hospital Road, Saket Nagar, Deoria-274001, Uttar Pradesh, 274001",MD/MS (Anatomy),SC,SC,Allotted
2780,227608,All India,"Jorhat Medical College & Hospital,Jorhat Medical College & Hospital, Assam, 785001",M.D. (PHYSIOLOGY),SC,SC,Allotted
2781,227776,All India,"Atal Bihari Vajpayee Government Medical College, Vidisha,NH 86 INFRONT OF KHEL PARISAR SANCHI ROAD VIDISHA MP, Madhya Pradesh, 464001",M.D. (PHYSIOLOGY),SC,SC,Allotted
2782,227930,All India,"GOVT MEDICAL COLLEGE KOTTAYAM,GOVT MEDICAL COLLEGE, GANDHINAGAR P O, KOTTAYAM KERALA 686008, Kerala, 686008",MD/MS (Anatomy),SC,SC,Allotted
2783,228098,All India,"Soban Singh Jeena Government Institute of Medical Sciences & Research, Almora,,Pandeykhola,Near Vikas Bhawan, Almora , Pin - 263601",MD/MS (Anatomy),SC,SC,Allotted
2784,228324,Self-Financed Merit Seat,"SRI LALITHAMBIGAI MEDICL COLLEGE AND HOSPITAL,CHENNAI,Service Road, Adayalampattu, Maduravoyal, Chennai, Tamil Nadu",M.D. (PHYSIOLOGY),Open,OBC,Allotted
2785,228366,Delhi University Quota,"University College of Medical Sciences,University College of Medical Sciences, Delhi (NCT), 110095",M.D. (MICROBIOLOGY),OBC,OBC,Allotted
2786,228483,Self-Financed Merit Seat,"Chettinad Hospital and Research Institute,Rajiv Gandhi Salai, Kelambakkam, Chengalpattu District, Tamil Nadu, 603103",MD/MS (Anatomy),Open,SC,Allotted
2787,229021,All India,"Veer Chandra Singh Garhwali Govt. Institute of Medical Science & Research,Veer Chandra Singh Garhwali Govt. Institute of Medical Science and Research, Srinagar Garhwal, Uttarakhand, 246174",MD/MS (Anatomy),SC,SC,Allotted
2788,229026,All India,"Burdwan Medical College, West Bengal,Burdwan Medical College, West Bengal, West Bengal, 713104",M.D. (MICROBIOLOGY),ST,ST,Allotted
2789,229144,All India,"North Bengal Medical College,North Bengal Medical College, West Bengal, 734012",M.D. (PHYSIOLOGY),SC,SC,Allotted
2790,229201,Non-Resident Indian,"Chettinad Hospital and Research Institute,Rajiv Gandhi Salai, Kelambakkam, Chengalpattu District, Tamil Nadu, 603103",M.D. (RADIO- DIAGNOSIS),Open,OBC,Allotted( NRI Priority : 1 )
2791,229259,All India,"Agartala Government Medical College,Agartala Government Medical College, Tripura, 799006",M.D. (BIOCHEMISTRY),SC,SC,Allotted
2792,229318,All India,"Andhra Medical College,Andhra Medical College, Andhra Pradesh, 530002",M.D. (PSYCHIATRY),OBC PwD,OBC PwD,Allotted
2793,229540,IP University Quota,"PGIMER, DR. RML Hospital, Cannaught Place, New Delhi,ABVIMS, DR. RML Hospital, Baba Kharak Singh Marg, Cannaught Place, New Delhi",M.D. (MICROBIOLOGY),OBC,OBC,Allotted
2794,229650,All India,"PATNA MEDICAL COLLEGE, PATNA,PATNA MEDICAL COLLEGE, PATNA, Bihar, 800004",M.D. (MICROBIOLOGY),ST,ST,Allotted
2795,229654,Self-Financed Merit Seat,"Amrita School of Medicine,Faridabad,Amrita School of Medicine, Mata Amritanandmayi Marg, Sec-88, Faridabad, Haryana",M.D. (BIOCHEMISTRY),Open,OBC,Allotted
2796,229865,All India,"TOPIWALA NATIONAL MEDICAL COLLEGE,TOPIWALA NATIONAL MEDICAL COLLEGE B Y L Nair Ch Hospital, Dr. A.L. Nair Rd, Mumbai Central, Mumbai, Maharashtra, 400008",MD/MS (Anatomy),SC,SC,Allotted
2797,229875,All India,"Government Medical College Srinagar,Administrative Block Government Medical College Karan Nagar Srinagar, Jammu And Kashmir, 190010",MD/MS (Anatomy),SC,SC,Allotted
2798,230049,All India,"Atal Bihari Vajpayee Government Medical College, Vidisha,NH 86 INFRONT OF KHEL PARISAR SANCHI ROAD VIDISHA MP, Madhya Pradesh, 464001",MD/MS (Anatomy),SC,SC,Allotted
